Номер;Дата;Время;Схема;Широта;Долгота;Номер ДТП;Вид ДТП;Адрес;Дорога;Значение дороги;Категория дороги;Категория улицы;Объекты УДС на месте ДТП;Объекты УДС вблизи места ДТП;Нарушения обязательных требований к эксплуатационному состоянию и обустройству автомобильных дорог общего пользования, улиц и дорог городов и сельских поселений, железнодорожных переездов;Факторы, оказывающие влияние на режим движения;Состояние погоды;Состояние проезжей части;Освещение;Изменения в режиме движения;Количество ТС;Число участников;Число погибших;Число раненых
1.0;30.09.2025;12:27;610.0;51.506071;92.950687;930002158.0;Опрокидывание;Улуг-Хемский район;;Местного значения (дорога местного значения, включая относящиеся к собственности поселений, муниципальных районов, городских округов);;Вне НП;Отсутствие в непосредственной близости объектов УДС и объектов притяжения;Перегон (нет объектов на месте ДТП);Не установлены;Сведения отсутствуют;Пасмурно;Сухое;Светлое время суток;Режим движения не изменялся;1.0;1.0;0.0;1.0
;;;;;;;;;;;;;;;;;;;;;;;;
2.0;30.09.2025;12:19;800.0;51.716115;94.436009;930002156.0;Наезд на пешехода;г.Кызыл;;Местного значения (дорога местного значения, включая относящиеся к собственности поселений, муниципальных районов, городских округов);;Улицы и дороги местного значения в жилой застройке;Административные здания | Жилые дома индивидуальной застройки;Перегон (нет объектов на месте ДТП);Не установлены;Сведения отсутствуют;Пасмурно;Мокрое;Светлое время суток;Режим движения не изменялся;1.0;2.0;0.0;1.0
3.0;30.09.2025;13:17;880.0;50.805556;94.301667;930002159.0;Опрокидывание;Тес-Хемский район;;Местного значения (дорога местного значения, включая относящиеся к собственности поселений, муниципальных районов, городских округов);;Вне НП;Отсутствие в непосредственной близости объектов УДС и объектов притяжения;Перегон (нет объектов на месте ДТП);Не установлены;Сведения отсутствуют;Пасмурно;Мокрое;Светлое время суток;Режим движения не изменялся;1.0;2.0;0.0;1.0
4.0;29.09.2025;19:45;840.0;51.668024;94.300686;930002148.0;Наезд на пешехода;г.Кызыл;;Местного значения (дорога местного значения, включая относящиеся к собственности поселений, муниципальных районов, городских округов);;Улицы и дороги местного значения в жилой застройке;Жилые дома индивидуальной застройки;Перегон (нет объектов на месте ДТП);Неисправное освещение;Сведения отсутствуют;Дождь;Мокрое;В темное время суток, освещение не включено;Режим движения не изменялся;1.0;3.0;0.0;2.0
5.0;29.09.2025;20:40;10.0;52.496355;96.089537;930002151.0;Столкновение;Тоджинский район;Тоора-Хем - Ий;Региональная или межмуниципальная (дорога регионального или межмуниципального значения);7.0;Вне НП;Отсутствие в непосредственной близости объектов УДС и объектов притяжения;Перегон (нет объектов на месте ДТП);Не установлены;Сведения отсутствуют;Дождь;Мокрое;В темное время суток, освещение отсутствует;Движение частично перекрыто;2.0;8.0;1.0;5.0
6.0;29.09.2025;22:35;840.0;51.678743;94.300933;930002152.0;Наезд на пешехода;г.Кызыл;;Местного значения (дорога местного значения, включая относящиеся к собственности поселений, муниципальных районов, городских округов);;Улицы и дороги местного значения в жилой застройке;Жилые дома индивидуальной застройки;Нерегулируемый перекрёсток неравнозначных улиц (дорог);Не установлены;Сведения отсутствуют;Дождь;Мокрое;В темное время суток, освещение включено;Режим движения не изменялся;1.0;2.0;0.0;1.0
7.0;29.09.2025;09:47;300.0;51.709181;94.410163;930002144.0;Столкновение;г.Кызыл;;Местного значения (дорога местного значения, включая относящиеся к собственности поселений, муниципальных районов, городских округов);;Улицы и дороги местного значения научно-производственных промышленных и коммунально-складских районов;Нерегулируемый пешеходный переход | Жилые дома индивидуальной застройки;Нерегулируемый перекрёсток неравнозначных улиц (дорог);Не установлены;Участок, контролируемый стационарными камерами автоматической фотовидеофиксации нарушений ПДД, обозначенный соответствующим предупреждающим знаком;Ясно;Сухое;Светлое время суток;Режим движения не изменялся;2.0;3.0;0.0;2.0
8.0;28.09.2025;20:25;70.0;51.719226;94.438906;930002142.0;Столкновение;г.Кызыл;;Местного значения (дорога местного значения, включая относящиеся к собственности поселений, муниципальных районов, городских округов);;Улицы и дороги местного значения в жилой застройке;Крупный торговый объект (являющийся объектом массового тяготения пешеходов и (или) транспорта) | Административные здания;Регулируемый пешеходный переход | Регулируемый перекресток;Не установлены;Участок, контролируемый стационарными камерами автоматической фотовидеофиксации нарушений ПДД, обозначенный соответствующим предупреждающим знаком;Ясно;Сухое;В темное время суток, освещение включено;Режим движения не изменялся;2.0;3.0;0.0;1.0
9.0;28.09.2025;22:26;610.0;50.626843;95.189602;930002143.0;Съезд с дороги;Тес-Хемский район;Кызыл-Эрзин-граница с Монголией;Региональная или межмуниципальная (дорога регионального или межмуниципального значения);5.0;Вне НП;Отсутствие в непосредственной близости объектов УДС и объектов притяжения;Перегон (нет объектов на месте ДТП);Не установлены;Сведения отсутствуют;Ясно;Сухое;В темное время суток, освещение отсутствует;Движение частично перекрыто;1.0;4.0;0.0;3.0
10.0;28.09.2025;10:22;940.0;51.733733;94.413092;930002137.0;Наезд на препятствие;г.Кызыл;Подъезд к С.КАРА-ХААК;Региональная или межмуниципальная (дорога регионального или межмуниципального значения);5.0;;Зоны отдыха | Жилые дома индивидуальной застройки;Нерегулируемый пешеходный переход | Нерегулируемое пересечение с круговым движением;Иные недостатки;Сведения отсутствуют;Ясно;Сухое;Светлое время суток;Режим движения не изменялся;1.0;2.0;0.0;1.0
11.0;27.09.2025;18:43;500.0;51.42826;92.599061;930002132.0;Столкновение;Улуг-Хемский район;;Местного значения (дорога местного значения, включая относящиеся к собственности поселений, муниципальных районов, городских округов);;Главные улицы;Жилые дома индивидуальной застройки;Нерегулируемый перекрёсток неравнозначных улиц (дорог);Отсутствие дорожных знаков в необходимых местах;Сведения отсутствуют;Ясно;Сухое;Светлое время суток;Режим движения не изменялся;2.0;4.0;0.0;2.0
12.0;27.09.2025;09:09;610.0;51.247142;91.092024;930002127.0;Съезд с дороги;Дзун-Хемчикский район;А162-Г.КЫЗЫЛ - Г.АК-ДОВУРАК;Региональная или межмуниципальная (дорога регионального или межмуниципального значения);6.0;Вне НП;Отсутствие в непосредственной близости объектов УДС и объектов притяжения;Перегон (нет объектов на месте ДТП);Отсутствие дорожных знаков в необходимых местах;Сведения отсутствуют;Ясно;Сухое;Светлое время суток;Режим движения не изменялся;1.0;3.0;0.0;3.0
13.0;27.09.2025;20:42;730.0;51.720282;94.448283;930002133.0;Наезд на пешехода;г.Кызыл;;Местного значения (дорога местного значения, включая относящиеся к собственности поселений, муниципальных районов, городских округов);;Улицы и дороги местного значения научно-производственных промышленных и коммунально-складских районов;Крупный торговый объект (являющийся объектом массового тяготения пешеходов и (или) транспорта) | Административные здания | Жилые дома индивидуальной застройки;Регулируемый пешеходный переход | Регулируемый перекресток;Иные недостатки;Участок, контролируемый стационарными камерами автоматической фотовидеофиксации нарушений ПДД, обозначенный соответствующим предупреждающим знаком;Пасмурно;Сухое;В темное время суток, освещение включено;Режим движения не изменялся;1.0;2.0;0.0;1.0
14.0;27.09.2025;19:35;70.0;51.317672;91.680179;930002135.0;Столкновение;Дзун-Хемчикский район;Р-257 Енисей Красноярск - Абакан - Кызыл - граница с Монголией;Федеральная (дорога федерального значения);5.0;Вне НП;Отсутствие в непосредственной близости объектов УДС и объектов притяжения;Перегон (нет объектов на месте ДТП);Не установлены;Сведения отсутствуют;Ясно;Сухое;В темное время суток, освещение отсутствует;Режим движения не изменялся;2.0;6.0;0.0;6.0
15.0;26.09.2025;20:15;900.0;51.701898;94.755174;930002128.0;Наезд на животное;Каа-Хемский район;КЫЗЫЛ - САРЫГ-СЕП;Региональная или межмуниципальная (дорога регионального или межмуниципального значения);5.0;Вне НП;Отсутствие в непосредственной близости объектов УДС и объектов притяжения;Перегон (нет объектов на месте ДТП);Не установлены;Сведения отсутствуют;Ясно;Сухое;В темное время суток, освещение отсутствует;Режим движения не изменялся;1.0;2.0;0.0;1.0
16.0;26.09.2025;22:57;600.0;51.342563;94.775823;930002124.0;Съезд с дороги;Кызылский район;Кызыл-Эрзин-граница с Монголией;Региональная или межмуниципальная (дорога регионального или межмуниципального значения);5.0;Вне НП;Отсутствие в непосредственной близости объектов УДС и объектов притяжения;Перегон (нет объектов на месте ДТП);Не установлены;Сведения отсутствуют;Ясно;Сухое;В темное время суток, освещение не включено;Режим движения не изменялся;1.0;4.0;0.0;3.0
17.0;26.09.2025;03:45;940.0;51.865715;95.43776;930002115.0;Съезд с дороги;Каа-Хемский район;БОЯРОВКА - ТООРА-ХЕМ;Региональная или межмуниципальная (дорога регионального или межмуниципального значения);5.0;Вне НП;Мост;Перегон (нет объектов на месте ДТП);Не установлены;Сведения отсутствуют;Ясно;Сухое;В темное время суток, освещение отсутствует;Режим движения не изменялся;1.0;2.0;0.0;2.0
18.0;25.09.2025;14:25;500.0;51.705618;94.470277;930002111.0;Столкновение;г.Кызыл;;Местного значения (дорога местного значения, включая относящиеся к собственности поселений, муниципальных районов, городских округов);;Улицы и дороги местного значения в жилой застройке;Жилые дома индивидуальной застройки;Нерегулируемый перекрёсток неравнозначных улиц (дорог);Не установлены;Сведения отсутствуют;Пасмурно;Сухое;Светлое время суток;Режим движения не изменялся;2.0;2.0;0.0;1.0
19.0;25.09.2025;08:33;610.0;51.518891;94.560528;930002109.0;Съезд с дороги;Кызылский район;Кызыл-Эрзин-граница с Монголией;Региональная или межмуниципальная (дорога регионального или межмуниципального значения);5.0;Вне НП;Отсутствие в непосредственной близости объектов УДС и объектов притяжения;Нерегулируемый перекрёсток неравнозначных улиц (дорог);Не установлены;Сведения отсутствуют;Пасмурно;Сухое;Светлое время суток;Режим движения не изменялся;1.0;1.0;0.0;1.0
20.0;24.09.2025;17:02;990.0;51.679501;94.304409;930002106.0;Падение пассажира;г.Кызыл;;Местного значения (дорога местного значения, включая относящиеся к собственности поселений, муниципальных районов, городских округов);;Улицы и дороги местного значения в жилой застройке;Школа либо иная детская (в т.ч. дошкольная) организация | Жилые дома индивидуальной застройки;Перегон (нет объектов на месте ДТП);Не установлены;Сведения отсутствуют;Ясно;Сухое;Светлое время суток;Режим движения не изменялся;1.0;2.0;0.0;1.0
21.0;22.09.2025;18:10;820.0;51.719771;94.403127;930002087.0;Наезд на пешехода;г.Кызыл;;Местного значения (дорога местного значения, включая относящиеся к собственности поселений, муниципальных районов, городских округов);;Улицы и дороги местного значения научно-производственных промышленных и коммунально-складских районов;Жилые дома индивидуальной застройки | Многоквартирные жилые дома;Нерегулируемый перекрёсток неравнозначных улиц (дорог);Не установлены;Сведения отсутствуют;Ясно;Сухое;Светлое время суток;Режим движения не изменялся;1.0;2.0;0.0;1.0
22.0;22.09.2025;17:30;940.0;52.137624;93.923289;930002089.0;Наезд на препятствие;Пий-Хемский район;;Местного значения (дорога местного значения, включая относящиеся к собственности поселений, муниципальных районов, городских округов);;Улицы и дороги местного значения в жилой застройке;Жилые дома индивидуальной застройки;Перегон (нет объектов на месте ДТП);Не установлены;Сведения отсутствуют;Ясно;Сухое;В темное время суток, освещение не включено;Движение частично перекрыто;1.0;1.0;0.0;1.0
23.0;22.09.2025;23:45;70.0;51.738643;94.397385;930002093.0;Столкновение;Пий-Хемский район;ПОДЪЕЗД К Г.КЫЗЫЛУ (9КМ);Региональная или межмуниципальная (дорога регионального или межмуниципального значения);5.0;Вне НП;Зоны отдыха;Выезд с прилегающей территории;Не установлены;Участок, контролируемый стационарными камерами автоматической фотовидеофиксации нарушений ПДД, обозначенный соответствующим предупреждающим знаком;Ясно;Сухое;В темное время суток, освещение включено;Режим движения не изменялся;2.0;2.0;0.0;1.0
24.0;21.09.2025;15:55;600.0;51.015699;90.197411;930002082.0;Опрокидывание;Бай-Тайгинский район;;Местного значения (дорога местного значения, включая относящиеся к собственности поселений, муниципальных районов, городских округов);;Поселковые дороги;Жилые дома индивидуальной застройки;Перегон (нет объектов на месте ДТП);Не установлены;Сведения отсутствуют;Дождь;Мокрое;Светлое время суток;Режим движения не изменялся;1.0;2.0;0.0;1.0
25.0;21.09.2025;19:34;200.0;51.699268;94.40643;930002081.0;Наезд на велосипедиста;г.Кызыл;;Местного значения (дорога местного значения, включая относящиеся к собственности поселений, муниципальных районов, городских округов);;Улицы и дороги местного значения в жилой застройке;Медицинские (лечебные) организации | Многоквартирные жилые дома;Нерегулируемый перекрёсток неравнозначных улиц (дорог);Не установлены;Сведения отсутствуют;Пасмурно;Мокрое;В темное время суток, освещение включено;Режим движения не изменялся;3.0;3.0;0.0;1.0
26.0;20.09.2025;07:31;330.0;51.430822;92.583107;930002068.0;Столкновение;Улуг-Хемский район;Р-257 Енисей Красноярск - Абакан - Кызыл - граница с Монголией;Федеральная (дорога федерального значения);5.0;Вне НП;Отсутствие в непосредственной близости объектов УДС и объектов притяжения;Перегон (нет объектов на месте ДТП);Не установлены;Сведения отсутствуют;Ясно;Сухое;Светлое время суток;Режим движения не изменялся;2.0;3.0;1.0;0.0
27.0;19.09.2025;14:47;500.0;51.687783;94.57837;930002061.0;Столкновение;Кызылский район;;Местного значения (дорога местного значения, включая относящиеся к собственности поселений, муниципальных районов, городских округов);;Основные улицы в жилой застройке;Жилые дома индивидуальной застройки;Нерегулируемый пешеходный переход | Нерегулируемый перекрёсток неравнозначных улиц (дорог);Отсутствие, плохая различимость горизонтальной разметки проезжей части | Отсутствие дорожных знаков в необходимых местах;Сведения отсутствуют;Ясно;Сухое;Светлое время суток;Режим движения не изменялся;2.0;2.0;0.0;1.0
28.0;19.09.2025;22:22;610.0;50.242725;95.152942;930002065.0;Съезд с дороги;Эрзинский район;;Местного значения (дорога местного значения, включая относящиеся к собственности поселений, муниципальных районов, городских округов);;Вне НП;Отсутствие в непосредственной близости объектов УДС и объектов притяжения;Перегон (нет объектов на месте ДТП);Не установлены;Сведения отсутствуют;Ясно;Сухое;В темное время суток, освещение отсутствует;Режим движения не изменялся;1.0;3.0;0.0;2.0
29.0;19.09.2025;20:56;830.0;51.399232;92.228336;930002064.0;Наезд на пешехода;Чаа-Хольский район;Р-257 Енисей Красноярск - Абакан - Кызыл - граница с Монголией;Федеральная (дорога федерального значения);5.0;Вне НП;Отсутствие в непосредственной близости объектов УДС и объектов притяжения;Перегон (нет объектов на месте ДТП);Не установлены;Сведения отсутствуют;Ясно;Сухое;В темное время суток, освещение отсутствует;Движение частично перекрыто;1.0;4.0;1.0;0.0
30.0;17.09.2025;02:08;820.0;51.706981;94.44442;930002045.0;Наезд на пешехода;г.Кызыл;;Местного значения (дорога местного значения, включая относящиеся к собственности поселений, муниципальных районов, городских округов);;Улицы и дороги местного значения в жилой застройке;Крупный торговый объект (являющийся объектом массового тяготения пешеходов и (или) транспорта);Нерегулируемый перекрёсток неравнозначных улиц (дорог);Отсутствие освещения;Сведения отсутствуют;Ясно;Сухое;В темное время суток, освещение отсутствует;Режим движения не изменялся;1.0;2.0;1.0;0.0
31.0;17.09.2025;13:38;810.0;51.837209;94.461222;930002050.0;Наезд на пешехода;г.Кызыл;Подъезд к С.КАРА-ХААК;Региональная или межмуниципальная (дорога регионального или межмуниципального значения);5.0;;Нерегулируемый перекрёсток | Жилые дома индивидуальной застройки;Перегон (нет объектов на месте ДТП);Не установлены;Сведения отсутствуют;Ясно;Сухое;Светлое время суток;Режим движения не изменялся;1.0;2.0;1.0;0.0
32.0;14.09.2025;14:10;880.0;52.465332;96.119288;930002030.0;Наезд на пешехода;Тоджинский район;;Местного значения (дорога местного значения, включая относящиеся к собственности поселений, муниципальных районов, городских округов);;Поселковые дороги;Жилые дома индивидуальной застройки;Перегон (нет объектов на месте ДТП);Не установлены;Сведения отсутствуют;Ясно;Сухое;Светлое время суток;Режим движения не изменялся;1.0;2.0;0.0;1.0
33.0;13.09.2025;15:53;130.0;51.714772;94.437683;930002022.0;Столкновение;г.Кызыл;;Местного значения (дорога местного значения, включая относящиеся к собственности поселений, муниципальных районов, городских округов);;Улицы и дороги местного значения в жилой застройке;Крупный торговый объект (являющийся объектом массового тяготения пешеходов и (или) транспорта) | Жилые дома индивидуальной застройки;Автостоянка (не отделённая от проезжей части);Не установлены;Сведения отсутствуют;Ясно;Сухое;Светлое время суток;Движение частично перекрыто;3.0;3.0;0.0;1.0
34.0;13.09.2025;17:27;210.0;51.662946;94.31782;930002024.0;Столкновение;Кызылский район;Р-257 Енисей Красноярск - Абакан - Кызыл - граница с Монголией;Федеральная (дорога федерального значения);5.0;;Производственное предприятие;Перегон (нет объектов на месте ДТП);Не установлены;Сведения отсутствуют;Ясно;Сухое;Светлое время суток;Движение частично перекрыто;2.0;3.0;2.0;0.0
35.0;13.09.2025;05:30;830.0;51.532989;92.935646;930002015.0;Наезд на пешехода;Улуг-Хемский район;;Местного значения (дорога местного значения, включая относящиеся к собственности поселений, муниципальных районов, городских округов);;Улицы и дороги местного значения в жилой застройке;Жилые дома индивидуальной застройки;Нерегулируемый перекрёсток неравнозначных улиц (дорог);Не установлены;Сведения отсутствуют;Пасмурно;Мокрое;В темное время суток, освещение отсутствует;Режим движения не изменялся;1.0;2.0;1.0;0.0
36.0;12.09.2025;08:52;500.0;51.782272;94.453368;930002007.0;Столкновение;г.Кызыл;Подъезд к С.КАРА-ХААК;Региональная или межмуниципальная (дорога регионального или межмуниципального значения);5.0;;Крупный торговый объект (являющийся объектом массового тяготения пешеходов и (или) транспорта) | Жилые дома индивидуальной застройки;Нерегулируемый перекрёсток неравнозначных улиц (дорог);Не установлены;Сведения отсутствуют;Пасмурно;Сухое;Светлое время суток;Режим движения не изменялся;2.0;3.0;0.0;1.0
37.0;11.09.2025;09:50;720.0;51.716334;94.438691;930002002.0;Наезд на пешехода;г.Кызыл;;Местного значения (дорога местного значения, включая относящиеся к собственности поселений, муниципальных районов, городских округов);;Улицы и дороги местного значения в жилой застройке;Остановка общественного транспорта | Крупный торговый объект (являющийся объектом массового тяготения пешеходов и (или) транспорта) | Многоквартирные жилые дома;Регулируемый пешеходный переход | Регулируемый перекресток;Иные недостатки;Сведения отсутствуют;Ясно;Сухое;Светлое время суток;Режим движения не изменялся;1.0;2.0;0.0;1.0
38.0;10.09.2025;21:09;200.0;51.562208;93.140443;930001996.0;Столкновение;Улуг-Хемский район;;Местного значения (дорога местного значения, включая относящиеся к собственности поселений, муниципальных районов, городских округов);;Поселковые дороги;Жилые дома индивидуальной застройки;Перегон (нет объектов на месте ДТП);Не установлены;Сведения отсутствуют;Ясно;Сухое;В темное время суток, освещение отсутствует;Режим движения не изменялся;2.0;5.0;1.0;2.0
39.0;09.09.2025;20:30;600.0;50.995688;90.183463;930002029.0;Съезд с дороги;Бай-Тайгинский район;ТЭЭЛИ - БАЙ-ТАЛ;Региональная или межмуниципальная (дорога регионального или межмуниципального значения);5.0;Вне НП;Отсутствие в непосредственной близости объектов УДС и объектов притяжения;Перегон (нет объектов на месте ДТП);Не установлены;Сведения отсутствуют;Ясно;Сухое;Сумерки;Режим движения не изменялся;1.0;1.0;0.0;1.0
40.0;08.09.2025;09:42;200.0;51.714413;94.494417;930001977.0;Столкновение;г.Кызыл;;Местного значения (дорога местного значения, включая относящиеся к собственности поселений, муниципальных районов, городских округов);;Магистральные улицы общегородского значения;Жилые дома индивидуальной застройки;Перегон (нет объектов на месте ДТП);Не установлены;Сведения отсутствуют;Ясно;Сухое;Светлое время суток;Режим движения не изменялся;2.0;6.0;0.0;4.0
41.0;08.09.2025;19:40;870.0;51.513944;92.335839;930001983.0;Наезд на велосипедиста;Чаа-Хольский район;;Местного значения (дорога местного значения, включая относящиеся к собственности поселений, муниципальных районов, городских округов);;Основные улицы в жилой застройке;Административные здания | Жилые дома индивидуальной застройки;Нерегулируемый перекрёсток неравнозначных улиц (дорог);Неровное покрытие | Отсутствие дорожных знаков в необходимых местах | Отсутствие освещения | Неправильное применение, плохая видимость дорожных знаков;Сведения отсутствуют;Ясно;Сухое;Светлое время суток;Режим движения не изменялся;2.0;2.0;0.0;1.0
42.0;07.09.2025;21:20;840.0;52.463521;96.121176;930001973.0;Наезд на пешехода;Тоджинский район;;Местного значения (дорога местного значения, включая относящиеся к собственности поселений, муниципальных районов, городских округов);;Поселковые дороги;Жилые дома индивидуальной застройки;Нерегулируемый перекрёсток неравнозначных улиц (дорог);Не установлены;Сведения отсутствуют;Ясно;Сухое;В темное время суток, освещение отсутствует;Режим движения не изменялся;1.0;3.0;1.0;1.0
43.0;06.09.2025;16:30;610.0;51.142835;94.501712;930001963.0;Съезд с дороги;Тандинский район;;Местного значения (дорога местного значения, включая относящиеся к собственности поселений, муниципальных районов, городских округов);;Улицы и дороги местного значения научно-производственных промышленных и коммунально-складских районов;Школа либо иная детская (в т.ч. дошкольная) организация;Нерегулируемый перекрёсток неравнозначных улиц (дорог);Отсутствие дорожных ограждений в необходимых местах;Сведения отсутствуют;Ясно;Сухое;Светлое время суток;Режим движения не изменялся;1.0;2.0;0.0;2.0
44.0;06.09.2025;20:01;810.0;51.712087;94.450665;930001964.0;Наезд на пешехода;г.Кызыл;;Местного значения (дорога местного значения, включая относящиеся к собственности поселений, муниципальных районов, городских округов);;Улицы и дороги местного значения научно-производственных промышленных и коммунально-складских районов;Жилые дома индивидуальной застройки;Нерегулируемый перекрёсток неравнозначных улиц (дорог);Отсутствие освещения;Сведения отсутствуют;Пасмурно;Сухое;В темное время суток, освещение отсутствует;Режим движения не изменялся;1.0;2.0;0.0;1.0
45.0;05.09.2025;18:58;740.0;51.714181;94.432007;930001956.0;Наезд на пешехода;г.Кызыл;;Местного значения (дорога местного значения, включая относящиеся к собственности поселений, муниципальных районов, городских округов);;Улицы и дороги местного значения в жилой застройке;Многоквартирные жилые дома;Регулируемый пешеходный переход | Регулируемый перекресток;Неисправное освещение;Сведения отсутствуют;Ясно;Сухое;Сумерки;Режим движения не изменялся;1.0;2.0;0.0;1.0
46.0;05.09.2025;20:42;850.0;51.538001;92.914574;930001957.0;Наезд на пешехода;Улуг-Хемский район;;Местного значения (дорога местного значения, включая относящиеся к собственности поселений, муниципальных районов, городских округов);;Улицы и дороги местного значения в жилой застройке;Жилые дома индивидуальной застройки;Нерегулируемый перекрёсток неравнозначных улиц (дорог);Отсутствие освещения;Сведения отсутствуют;Пасмурно;Мокрое;В темное время суток, освещение отсутствует;Режим движения не изменялся;1.0;2.0;0.0;1.0
47.0;04.09.2025;03:10;600.0;51.557236;93.736435;930001940.0;Съезд с дороги;Кызылский район;Р-257 Енисей Красноярск - Абакан - Кызыл - граница с Монголией;Федеральная (дорога федерального значения);5.0;Вне НП;Отсутствие в непосредственной близости объектов УДС и объектов притяжения;Перегон (нет объектов на месте ДТП);Не установлены;Сведения отсутствуют;Пасмурно;Мокрое;В темное время суток, освещение отсутствует;Режим движения не изменялся;1.0;3.0;1.0;2.0
48.0;04.09.2025;02:25;610.0;50.620172;94.802356;930001937.0;Съезд с дороги;Тес-Хемский район;САМАГАЛТАЙ - АК-ЧЫРАА;Региональная или межмуниципальная (дорога регионального или межмуниципального значения);5.0;;Отсутствие в непосредственной близости объектов УДС и объектов притяжения;Перегон (нет объектов на месте ДТП);Не установлены;Сведения отсутствуют;Пасмурно;Мокрое;В темное время суток, освещение отсутствует;Режим движения не изменялся;1.0;4.0;0.0;4.0
49.0;04.09.2025;02:25;610.0;51.337744;92.17761;930001938.0;Съезд с дороги;Чаа-Хольский район;Р-257 Енисей Красноярск - Абакан - Кызыл - граница с Монголией;Федеральная (дорога федерального значения);5.0;;Отсутствие в непосредственной близости объектов УДС и объектов притяжения;Перегон (нет объектов на месте ДТП);Не установлены;Сведения отсутствуют;Пасмурно;Мокрое;В темное время суток, освещение отсутствует;Режим движения не изменялся;1.0;1.0;0.0;1.0
50.0;04.09.2025;20:19;200.0;51.221104;91.036878;930001947.0;Столкновение;Дзун-Хемчикский район;А162-Г.КЫЗЫЛ - Г.АК-ДОВУРАК;Региональная или межмуниципальная (дорога регионального или межмуниципального значения);6.0;Вне НП;Отсутствие в непосредственной близости объектов УДС и объектов притяжения;Перегон (нет объектов на месте ДТП);Не установлены;Сведения отсутствуют;Дождь;Мокрое;В темное время суток, освещение отсутствует;Режим движения не изменялся;2.0;5.0;2.0;3.0
51.0;03.09.2025;02:51;590.0;51.168715;90.551312;930001982.0;Съезд с дороги;г.Ак-Довурак;АБАКАН-АК-ДОВУРАК;Региональная или межмуниципальная (дорога регионального или межмуниципального значения);5.0;Вне НП;Отсутствие в непосредственной близости объектов УДС и объектов притяжения;Перегон (нет объектов на месте ДТП);Не установлены;Сведения отсутствуют;Ясно;Сухое;В темное время суток, освещение отсутствует;Режим движения не изменялся;1.0;2.0;0.0;1.0
52.0;03.09.2025;16:04;600.0;50.894385;90.334375;930002044.0;Съезд с дороги;Бай-Тайгинский район;;Местного значения (дорога местного значения, включая относящиеся к собственности поселений, муниципальных районов, городских округов);;Поселковые дороги;Жилые дома индивидуальной застройки;Мост, эстакада, путепровод;Не установлены;Сведения отсутствуют;Ясно;Сухое;Светлое время суток;Режим движения не изменялся;1.0;3.0;0.0;1.0
53.0;01.09.2025;17:03;600.0;51.615765;94.220188;930001927.0;Съезд с дороги;Кызылский район;Р-257 Енисей Красноярск - Абакан - Кызыл - граница с Монголией;Федеральная (дорога федерального значения);5.0;Вне НП;Отсутствие в непосредственной близости объектов УДС и объектов притяжения;Перегон (нет объектов на месте ДТП);Не установлены;Сведения отсутствуют;Пасмурно;Сухое;Светлое время суток;Движение частично перекрыто;1.0;3.0;1.0;2.0
1.0;31.01.2025;06:45;610.0;51.549311;95.358088;930000218.0;Съезд с дороги;Каа-Хемский район;БОЯРОВКА - ТООРА-ХЕМ;Региональная или межмуниципальная (дорога регионального или межмуниципального значения);7.0;Вне НП;Отсутствие в непосредственной близости объектов УДС и объектов притяжения;Перегон (нет объектов на месте ДТП);Не установлены;Сведения отсутствуют;Ясно;Со снежным накатом;Светлое время суток;Режим движения не изменялся;1.0;2.0;0.0;1.0
2.0;30.01.2025;02:17;830.0;51.600387;91.993589;930000212.0;Наезд на пешехода;Чаа-Хольский район;Чаа-Холь - Шанчы;Региональная или межмуниципальная (дорога регионального или межмуниципального значения);7.0;Вне НП;Отсутствие в непосредственной близости объектов УДС и объектов притяжения;Перегон (нет объектов на месте ДТП);Не установлены;Сведения отсутствуют;Пасмурно | Снегопад;Заснеженное;В темное время суток, освещение отсутствует;Режим движения не изменялся;1.0;2.0;0.0;1.0
3.0;29.01.2025;19:05;820.0;51.708869;94.442854;930000207.0;Наезд на пешехода;г.Кызыл;;Местного значения (дорога местного значения, включая относящиеся к собственности поселений, муниципальных районов, городских округов);;Улицы и дороги местного значения в жилой застройке;Крупный торговый объект (являющийся объектом массового тяготения пешеходов и (или) транспорта) | Жилые дома индивидуальной застройки;Перегон (нет объектов на месте ДТП);Не установлены;Сведения отсутствуют;Пасмурно | Снегопад;Со снежным накатом;В темное время суток, освещение включено;Режим движения не изменялся;1.0;2.0;0.0;1.0
4.0;29.01.2025;20:15;900.0;51.579816;95.361371;930000210.0;Наезд на животное;Каа-Хемский район;БОЯРОВКА - ТООРА-ХЕМ;Региональная или межмуниципальная (дорога регионального или межмуниципального значения);7.0;Вне НП;Отсутствие в непосредственной близости объектов УДС и объектов притяжения;Перегон (нет объектов на месте ДТП);Не установлены;Оказание влияния на движение транспортного потока или отдельного транспортного средства, наличия или внезапного появления на проезжей части животных;Пасмурно;Со снежным накатом;В темное время суток, освещение отсутствует;Режим движения не изменялся;1.0;2.0;0.0;1.0
5.0;28.01.2025;18:56;730.0;51.718693;94.434378;930000269.0;Наезд на пешехода;г.Кызыл;;Местного значения (дорога местного значения, включая относящиеся к собственности поселений, муниципальных районов, городских округов);;Улицы и дороги местного значения в жилой застройке;Остановка общественного транспорта | Многоквартирные жилые дома;Регулируемый пешеходный переход;Не установлены;Сведения отсутствуют;Снегопад;Сухое;В темное время суток, освещение включено;Режим движения не изменялся;1.0;2.0;0.0;1.0
6.0;26.01.2025;00:11;500.0;51.697725;94.556075;930000175.0;Столкновение;Кызылский район;;Местного значения (дорога местного значения, включая относящиеся к собственности поселений, муниципальных районов, городских округов);;Улицы и дороги местного значения научно-производственных промышленных и коммунально-складских районов;Административные здания | Медицинские (лечебные) организации | Жилые дома индивидуальной застройки;Нерегулируемый перекрёсток неравнозначных улиц (дорог);Не установлены;Сведения отсутствуют;Пасмурно | Температура ниже -30С;Со снежным накатом;В темное время суток, освещение включено;Режим движения не изменялся;2.0;2.0;0.0;1.0
7.0;26.01.2025;20:38;140.0;51.717803;94.426192;930000180.0;Столкновение;г.Кызыл;;Местного значения (дорога местного значения, включая относящиеся к собственности поселений, муниципальных районов, городских округов);;Улицы и дороги местного значения в жилой застройке;Крупный торговый объект (являющийся объектом массового тяготения пешеходов и (или) транспорта) | Административные здания | Регулируемый пешеходный переход | Регулируемый перекрёсток;Выезд с прилегающей территории;Не установлены;Сведения отсутствуют;Ясно;Со снежным накатом;В темное время суток, освещение включено;Режим движения не изменялся;3.0;3.0;0.0;1.0
8.0;24.01.2025;13:12;730.0;51.711821;94.432554;930000167.0;Наезд на пешехода;г.Кызыл;;Местного значения (дорога местного значения, включая относящиеся к собственности поселений, муниципальных районов, городских округов);;Улицы и дороги местного значения в жилой застройке;Жилые дома индивидуальной застройки;Регулируемый пешеходный переход | Регулируемый перекресток;Не установлены;Участок, контролируемый стационарными камерами автоматической фотовидеофиксации нарушений ПДД, обозначенный соответствующим предупреждающим знаком;Ясно;Со снежным накатом;Светлое время суток;Режим движения не изменялся;1.0;2.0;0.0;1.0
9.0;24.01.2025;15:00;500.0;51.711807;94.432758;930000170.0;Столкновение;г.Кызыл;;Местного значения (дорога местного значения, включая относящиеся к собственности поселений, муниципальных районов, городских округов);;Улицы и дороги местного значения в жилой застройке;Медицинские (лечебные) организации | Регулируемый пешеходный переход | Жилые дома индивидуальной застройки | Кладбище;Регулируемый перекресток;Не установлены;Участок, контролируемый стационарными камерами автоматической фотовидеофиксации нарушений ПДД, обозначенный соответствующим предупреждающим знаком;Ясно;Со снежным накатом;Светлое время суток;Режим движения не изменялся;2.0;3.0;0.0;1.0
10.0;21.01.2025;11:55;90.0;51.719345;94.459033;930000143.0;Столкновение;г.Кызыл;;Местного значения (дорога местного значения, включая относящиеся к собственности поселений, муниципальных районов, городских округов);;Магистральные улицы общегородского значения;Остановка общественного транспорта;Перегон (нет объектов на месте ДТП);Недостатки зимнего содержания;Участок, оборудованный искусственными неровностями;Ясно;Со снежным накатом;Светлое время суток;Режим движения не изменялся;3.0;8.0;0.0;5.0
11.0;21.01.2025;18:40;770.0;51.296035;91.563234;930000148.0;Наезд на пешехода;Дзун-Хемчикский район;;Местного значения (дорога местного значения, включая относящиеся к собственности поселений, муниципальных районов, городских округов);;Главные улицы;Нерегулируемый пешеходный переход | Жилые дома индивидуальной застройки;Нерегулируемый перекрёсток неравнозначных улиц (дорог);Недостатки зимнего содержания | Отсутствие дорожных знаков в необходимых местах;Сведения отсутствуют;Ясно;Со снежным накатом;В темное время суток, освещение включено;Режим движения не изменялся;1.0;2.0;0.0;1.0
12.0;18.01.2025;11:28;390.0;51.71561;94.44603;930000121.0;Столкновение;г.Кызыл;;Местного значения (дорога местного значения, включая относящиеся к собственности поселений, муниципальных районов, городских округов);;Улицы и дороги местного значения в жилой застройке;Крупный торговый объект (являющийся объектом массового тяготения пешеходов и (или) транспорта) | Регулируемый пешеходный переход | Жилые дома индивидуальной застройки;Регулируемый перекресток;Не установлены;Сведения отсутствуют;Ясно;Со снежным накатом;В темное время суток, освещение включено;Режим движения не изменялся;3.0;5.0;0.0;1.0
13.0;17.01.2025;08:20;70.0;51.699022;94.550775;930000114.0;Столкновение;Кызылский район;;Местного значения (дорога местного значения, включая относящиеся к собственности поселений, муниципальных районов, городских округов);;Улицы и дороги местного значения научно-производственных промышленных и коммунально-складских районов;Жилые дома индивидуальной застройки;Нерегулируемый пешеходный переход;Не установлены;Участок, оборудованный искусственными неровностями;Ясно | Температура ниже -30С;Со снежным накатом;Светлое время суток;Режим движения не изменялся;2.0;3.0;0.0;2.0
14.0;16.01.2025;01:42;940.0;51.699906;94.417641;930000108.0;Наезд на препятствие;г.Кызыл;;Местного значения (дорога местного значения, включая относящиеся к собственности поселений, муниципальных районов, городских округов);;Магистральные улицы общегородского значения;Административные здания | Многоквартирные жилые дома;Регулируемый пешеходный переход;Не установлены;Сведения отсутствуют;Пасмурно | Температура ниже -30С;Со снежным накатом;В темное время суток, освещение включено;Режим движения не изменялся;1.0;1.0;0.0;1.0
15.0;15.01.2025;10:00;610.0;51.579963;91.425562;930000105.0;Съезд с дороги;Сут-Хольский район;СУГ-АКСЫ - ИШКИН;Региональная или межмуниципальная (дорога регионального или межмуниципального значения);5.0;Вне НП;Отсутствие в непосредственной близости объектов УДС и объектов притяжения;Перегон (нет объектов на месте ДТП);Не установлены;Сведения отсутствуют;Ясно;Заснеженное;Светлое время суток;Режим движения не изменялся;1.0;2.0;1.0;1.0
16.0;15.01.2025;07:50;760.0;52.142802;93.923051;930000102.0;Наезд на пешехода;Пий-Хемский район;;Местного значения (дорога местного значения, включая относящиеся к собственности поселений, муниципальных районов, городских округов);;Улицы и дороги местного значения в жилой застройке;Административные здания | Нерегулируемый пешеходный переход;Нерегулируемый перекрёсток неравнозначных улиц (дорог);Недостатки зимнего содержания;Сведения отсутствуют;Ясно;Со снежным накатом;В темное время суток, освещение отсутствует;Режим движения не изменялся;1.0;2.0;0.0;1.0
17.0;15.01.2025;09:05;930.0;51.698789;94.420012;930000103.0;Наезд на препятствие;г.Кызыл;;Местного значения (дорога местного значения, включая относящиеся к собственности поселений, муниципальных районов, городских округов);;Иные места;Многоквартирные жилые дома;Внутридворовая территория;Не установлены;Сведения отсутствуют;Ясно;Со снежным накатом;Светлое время суток;Режим движения не изменялся;1.0;2.0;0.0;1.0
18.0;14.01.2025;18:59;300.0;51.697672;94.434646;930000097.0;Столкновение;г.Кызыл;;Местного значения (дорога местного значения, включая относящиеся к собственности поселений, муниципальных районов, городских округов);;Улицы и дороги местного значения в жилой застройке;АЗС | Многоквартирные жилые дома;Регулируемый перекресток;Не установлены;Сведения отсутствуют;Ясно | Температура ниже -30С;Со снежным накатом;В темное время суток, освещение включено;Режим движения не изменялся;2.0;4.0;0.0;1.0
19.0;13.01.2025;14:00;890.0;51.29011;91.575058;930000090.0;Наезд на пешехода;Дзун-Хемчикский район;;Местного значения (дорога местного значения, включая относящиеся к собственности поселений, муниципальных районов, городских округов);;Магистральные улицы районного значения;Жилые дома индивидуальной застройки;Нерегулируемый перекрёсток неравнозначных улиц (дорог);Не установлены;Сведения отсутствуют;Ясно;Сухое;Светлое время суток;Режим движения не изменялся;1.0;2.0;0.0;1.0
20.0;12.01.2025;01:52;70.0;51.802419;94.474461;930000076.0;Столкновение;г.Кызыл;;Местного значения (дорога местного значения, включая относящиеся к собственности поселений, муниципальных районов, городских округов);;Улицы и дороги местного значения в жилой застройке;Жилые дома индивидуальной застройки;Нерегулируемый перекрёсток равнозначных улиц (дорог);Не установлены;Сведения отсутствуют;Снегопад;Заснеженное;В темное время суток, освещение включено;Режим движения не изменялся;2.0;2.0;1.0;0.0
21.0;11.01.2025;17:41;750.0;51.715085;94.489932;930000071.0;Наезд на пешехода;г.Кызыл;;Местного значения (дорога местного значения, включая относящиеся к собственности поселений, муниципальных районов, городских округов);;Магистральные улицы общегородского значения;Остановка общественного транспорта | Жилые дома индивидуальной застройки | Многоквартирные жилые дома;Регулируемый пешеходный переход;Не установлены;Сведения отсутствуют;Снегопад;Заснеженное;В темное время суток, освещение включено;Режим движения не изменялся;1.0;3.0;0.0;2.0
22.0;11.01.2025;15:16;610.0;51.609169;94.200425;930000067.0;Съезд с дороги;Кызылский район;Р-257 Енисей Красноярск - Абакан - Кызыл - граница с Монголией;Федеральная (дорога федерального значения);5.0;Вне НП;Отсутствие в непосредственной близости объектов УДС и объектов притяжения;Перегон (нет объектов на месте ДТП);Не установлены;Сведения отсутствуют;Снегопад;Заснеженное;Светлое время суток;Режим движения не изменялся;1.0;2.0;0.0;1.0
23.0;10.01.2025;23:07;60.0;51.702287;94.412212;930000060.0;Столкновение;г.Кызыл;;Местного значения (дорога местного значения, включая относящиеся к собственности поселений, муниципальных районов, городских округов);;Магистральные улицы общегородского значения;Остановка общественного транспорта | Крупный торговый объект (являющийся объектом массового тяготения пешеходов и (или) транспорта) | Административные здания | Многоквартирные жилые дома;Нерегулируемый пешеходный переход;Не установлены;Участок, оборудованный искусственными неровностями;Пасмурно;Со снежным накатом;В темное время суток, освещение включено;Режим движения не изменялся;2.0;3.0;0.0;2.0
24.0;08.01.2025;16:02;610.0;52.035519;96.008041;930000049.0;Съезд с дороги;Тоджинский район;;Местного значения (дорога местного значения, включая относящиеся к собственности поселений, муниципальных районов, городских округов);;Вне НП;Производственное предприятие;Перегон (нет объектов на месте ДТП);Не установлены;Сведения отсутствуют;Ясно;Со снежным накатом;Светлое время суток;Режим движения не изменялся;1.0;1.0;1.0;0.0
25.0;05.01.2025;23:34;840.0;51.811169;94.457488;930000035.0;Наезд на пешехода;г.Кызыл;Подъезд к С.КАРА-ХААК;Региональная или межмуниципальная (дорога регионального или межмуниципального значения);5.0;;Жилые дома индивидуальной застройки;Перегон (нет объектов на месте ДТП);Отсутствие тротуаров (пешеходных дорожек) | Отсутствие освещения;Сведения отсутствуют;Пасмурно;Со снежным накатом;В темное время суток, освещение отсутствует;Движение частично перекрыто;1.0;2.0;1.0;0.0
26.0;05.01.2025;18:45;930.0;51.233897;93.746456;930000033.0;Наезд на препятствие;Чеди-Хольский район;Подъезд к - с.Хову-Аксы;Региональная или межмуниципальная (дорога регионального или межмуниципального значения);5.0;Вне НП;Отсутствие в непосредственной близости объектов УДС и объектов притяжения;Перегон (нет объектов на месте ДТП);Недостатки зимнего содержания;Сведения отсутствуют;Пасмурно | Температура ниже -30С;Сухое;В темное время суток, освещение отсутствует;Режим движения не изменялся;1.0;4.0;0.0;3.0
27.0;04.01.2025;20:29;300.0;51.703085;94.443777;930000026.0;Столкновение;г.Кызыл;;Местного значения (дорога местного значения, включая относящиеся к собственности поселений, муниципальных районов, городских округов);;Магистральные улицы общегородского значения;Крупный торговый объект (являющийся объектом массового тяготения пешеходов и (или) транспорта);Регулируемый пешеходный переход | Регулируемый перекресток;Не установлены;Сведения отсутствуют;Снегопад;Заснеженное;В темное время суток, освещение включено;Движение частично перекрыто;2.0;5.0;0.0;4.0
28.0;01.01.2025;15:40;390.0;51.162418;90.675788;930000003.0;Столкновение;Барун-Хемчикский район;А162-Г.КЫЗЫЛ - Г.АК-ДОВУРАК;Региональная или межмуниципальная (дорога регионального или межмуниципального значения);6.0;Вне НП;Отсутствие в непосредственной близости объектов УДС и объектов притяжения;Перегон (нет объектов на месте ДТП);Не установлены;Сведения отсутствуют;Ясно;Сухое;Светлое время суток;Режим движения не изменялся;2.0;3.0;0.0;1.0
29.0;01.01.2025;10:01;830.0;52.144524;93.927269;930002909.0;Наезд на пешехода;Пий-Хемский район;;Местного значения (дорога местного значения, включая относящиеся к собственности поселений, муниципальных районов, городских округов);;Улицы и дороги местного значения в жилой застройке;Жилые дома индивидуальной застройки;Нерегулируемый перекрёсток равнозначных улиц (дорог);Не установлены;Сведения отсутствуют;Ясно;Со снежным накатом;Светлое время суток;Режим движения не изменялся;1.0;2.0;0.0;1.0
30.0;01.01.2025;22:00;900.0;51.483334;92.311206;930000001.0;Наезд на животное;Чаа-Хольский район;ПОДЪЕЗД К с. ЧАА-ХОЛЬ;Региональная или межмуниципальная (дорога регионального или межмуниципального значения);5.0;Вне НП;Отсутствие в непосредственной близости объектов УДС и объектов притяжения;Перегон (нет объектов на месте ДТП);Не установлены;Сведения отсутствуют;Пасмурно;Сухое;В темное время суток, освещение отсутствует;Режим движения не изменялся;1.0;3.0;1.0;1.0
31.0;01.01.2025;18:45;930.0;51.799798;94.471886;930002916.0;Наезд на препятствие;г.Кызыл;;Местного значения (дорога местного значения, включая относящиеся к собственности поселений, муниципальных районов, городских округов);;Иные места;Жилые дома индивидуальной застройки;Перегон (нет объектов на месте ДТП);Не установлены;Сведения отсутствуют;Ясно;Со снежным накатом;В темное время суток, освещение включено;Режим движения не изменялся;2.0;2.0;0.0;1.0
1.0;28.02.2025;19:55;820.0;51.700691;94.380165;930000445.0;Наезд на пешехода;г.Кызыл;;Местного значения (дорога местного значения, включая относящиеся к собственности поселений, муниципальных районов, городских округов);;Улицы и дороги местного значения в жилой застройке;Производственное предприятие | Нерегулируемый пешеходный переход | Жилые дома индивидуальной застройки | Одиночный торговый объект, являющийся местом притяжения транспорта и (или) пешеходов;Перегон (нет объектов на месте ДТП);Не установлены;Сведения отсутствуют;Ясно;Сухое;В темное время суток, освещение включено;Режим движения не изменялся;1.0;2.0;0.0;1.0
2.0;28.02.2025;15:25;760.0;51.281501;91.58098;930000443.0;Наезд на пешехода;Дзун-Хемчикский район;;Местного значения (дорога местного значения, включая относящиеся к собственности поселений, муниципальных районов, городских округов);;Улицы и дороги местного значения в жилой застройке;Административные здания | Нерегулируемый пешеходный переход;Нерегулируемый перекрёсток неравнозначных улиц (дорог);Неудовлетворительное состояние обочин;Сведения отсутствуют;Ясно;Сухое;Светлое время суток;Режим движения не изменялся;1.0;2.0;1.0;0.0
3.0;27.02.2025;18:42;300.0;51.655399;94.30207;930000435.0;Столкновение;Кызылский район;Р-257 Енисей Красноярск - Абакан - Кызыл - граница с Монголией;Федеральная (дорога федерального значения);5.0;Вне НП;АЗС;Нерегулируемый перекрёсток неравнозначных улиц (дорог) | Выезд с прилегающей территории;Не установлены;Сведения отсутствуют;Ясно;Сухое;В темное время суток, освещение отсутствует;Движение частично перекрыто;2.0;3.0;0.0;2.0
4.0;25.02.2025;08:58;70.0;51.703244;94.487894;930000429.0;Столкновение;г.Кызыл;;Местного значения (дорога местного значения, включая относящиеся к собственности поселений, муниципальных районов, городских округов);;Магистральные улицы общегородского значения;Жилые дома индивидуальной застройки;Нерегулируемый пешеходный переход;Не установлены;Участок, контролируемый стационарными камерами автоматической фотовидеофиксации нарушений ПДД, обозначенный соответствующим предупреждающим знаком;Ясно;Сухое;Светлое время суток;Режим движения не изменялся;2.0;2.0;0.0;1.0
5.0;25.02.2025;16:00;610.0;51.557743;93.331132;930000421.0;Съезд с дороги;Улуг-Хемский район;Р-257 Енисей Красноярск - Абакан - Кызыл - граница с Монголией;Федеральная (дорога федерального значения);5.0;Вне НП;Отсутствие в непосредственной близости объектов УДС и объектов притяжения;Перегон (нет объектов на месте ДТП);Не установлены;Сведения отсутствуют;Ясно;Сухое;Светлое время суток;Режим движения не изменялся;1.0;1.0;0.0;1.0
6.0;23.02.2025;23:05;300.0;51.709221;94.410163;930000408.0;Столкновение;г.Кызыл;;Местного значения (дорога местного значения, включая относящиеся к собственности поселений, муниципальных районов, городских округов);;Улицы и дороги местного значения научно-производственных промышленных и коммунально-складских районов;Жилые дома индивидуальной застройки;Нерегулируемый пешеходный переход | Нерегулируемый перекрёсток равнозначных улиц (дорог);Не установлены;Участок, контролируемый стационарными камерами автоматической фотовидеофиксации нарушений ПДД, обозначенный соответствующим предупреждающим знаком;Ясно;Сухое;В темное время суток, освещение включено;Режим движения не изменялся;2.0;2.0;0.0;1.0
7.0;22.02.2025;02:20;70.0;51.705897;94.402213;930000392.0;Столкновение;г.Кызыл;;Местного значения (дорога местного значения, включая относящиеся к собственности поселений, муниципальных районов, городских округов);;Улицы и дороги местного значения в жилой застройке;Иная образовательная организация | Административные здания | Многоквартирные жилые дома;Нерегулируемый пешеходный переход;Недостатки зимнего содержания;Участок, оборудованный искусственными неровностями;Ясно;Со снежным накатом;В темное время суток, освещение включено;Движение частично перекрыто;2.0;2.0;1.0;0.0
8.0;21.02.2025;20:48;820.0;51.753802;94.440322;930000390.0;Наезд на пешехода;г.Кызыл;Подъезд к С.КАРА-ХААК;Региональная или межмуниципальная (дорога регионального или межмуниципального значения);5.0;;Административные здания;Перегон (нет объектов на месте ДТП);Не установлены;Сведения отсутствуют;Пасмурно;Сухое;В темное время суток, освещение отсутствует;Движение частично перекрыто;1.0;2.0;0.0;1.0
9.0;18.02.2025;20:35;70.0;51.696934;94.375078;930000371.0;Столкновение;г.Кызыл;;Местного значения (дорога местного значения, включая относящиеся к собственности поселений, муниципальных районов, городских округов);;Магистральные улицы общегородского значения;АЗС;Регулируемый перекресток;Не установлены;Сведения отсутствуют;Пасмурно;Со снежным накатом;В темное время суток, освещение включено;Движение частично перекрыто;3.0;4.0;0.0;1.0
10.0;17.02.2025;17:40;70.0;51.29113;91.552827;930000362.0;Столкновение;Дзун-Хемчикский район;Р-257 Енисей Красноярск - Абакан - Кызыл - граница с Монголией;Федеральная (дорога федерального значения);5.0;;Жилые дома индивидуальной застройки;Нерегулируемый пешеходный переход | Нерегулируемый перекрёсток неравнозначных улиц (дорог);Не установлены;Сведения отсутствуют;Ясно;Сухое;Светлое время суток;Режим движения не изменялся;2.0;4.0;0.0;1.0
11.0;16.02.2025;13:45;930.0;50.731505;92.07912;930000353.0;Наезд на препятствие;Овюрский район;;Местного значения (дорога местного значения, включая относящиеся к собственности поселений, муниципальных районов, городских округов);;Главные улицы;Крупный торговый объект (являющийся объектом массового тяготения пешеходов и (или) транспорта) | Жилые дома индивидуальной застройки;Перегон (нет объектов на месте ДТП);Не установлены;Сведения отсутствуют;Ясно;Сухое;Светлое время суток;Режим движения не изменялся;1.0;2.0;0.0;1.0
12.0;14.02.2025;18:39;790.0;51.284454;91.564929;930000342.0;Наезд на пешехода;Дзун-Хемчикский район;;Местного значения (дорога местного значения, включая относящиеся к собственности поселений, муниципальных районов, городских округов);;Улицы и дороги местного значения научно-производственных промышленных и коммунально-складских районов;Иной объект;Регулируемый перекресток;Недостатки зимнего содержания;Сведения отсутствуют;Ясно;Сухое;В темное время суток, освещение включено;Режим движения не изменялся;1.0;2.0;0.0;1.0
13.0;13.02.2025;00:00;930.0;51.6919;94.59132;930000327.0;Наезд на препятствие;Кызылский район;;Местного значения (дорога местного значения, включая относящиеся к собственности поселений, муниципальных районов, городских округов);;Главные улицы;Административные здания | Жилые дома индивидуальной застройки;Остановка общественного транспорта;Недостатки зимнего содержания;Участок, оборудованный искусственными неровностями | Участок, контролируемый стационарными камерами автоматической фотовидеофиксации нарушений ПДД, обозначенный соответствующим предупреждающим знаком;Ясно;Со снежным накатом;В темное время суток, освещение включено;Режим движения не изменялся;1.0;3.0;1.0;2.0
14.0;12.02.2025;21:38;940.0;50.598555;95.002931;930000326.0;Наезд на препятствие;Тес-Хемский район;;Местного значения (дорога местного значения, включая относящиеся к собственности поселений, муниципальных районов, городских округов);;Основные улицы в жилой застройке;Жилые дома индивидуальной застройки;Нерегулируемый пешеходный переход;Недостатки зимнего содержания;Сведения отсутствуют;Пасмурно;Со снежным накатом;В темное время суток, освещение включено;Режим движения не изменялся;1.0;2.0;0.0;2.0
15.0;12.02.2025;02:15;930.0;51.6971;94.406462;930000319.0;Наезд на препятствие;г.Кызыл;;Местного значения (дорога местного значения, включая относящиеся к собственности поселений, муниципальных районов, городских округов);;Улицы и дороги местного значения в жилой застройке;Остановка общественного транспорта | Крупный торговый объект (являющийся объектом массового тяготения пешеходов и (или) транспорта) | Многоквартирные жилые дома;Регулируемый пешеходный переход;Не установлены;Участок, оборудованный искусственными неровностями;Пасмурно;Со снежным накатом;В темное время суток, освещение включено;Режим движения не изменялся;1.0;2.0;0.0;1.0
16.0;12.02.2025;15:08;500.0;51.708989;94.433455;930000324.0;Столкновение;г.Кызыл;;Местного значения (дорога местного значения, включая относящиеся к собственности поселений, муниципальных районов, городских округов);;Улицы и дороги местного значения в жилой застройке;Остановка общественного транспорта | АЗС | Многоквартирные жилые дома | Кладбище;Регулируемый пешеходный переход | Регулируемый перекресток;Недостатки зимнего содержания;Сведения отсутствуют;Ясно;Со снежным накатом;Светлое время суток;Режим движения не изменялся;3.0;3.0;0.0;1.0
17.0;11.02.2025;19:10;900.0;51.989267;94.281321;930000317.0;Наезд на животное;Пий-Хемский район;Р-257 Енисей Красноярск - Абакан - Кызыл - граница с Монголией;Федеральная (дорога федерального значения);5.0;Вне НП;Отсутствие в непосредственной близости объектов УДС и объектов притяжения;Перегон (нет объектов на месте ДТП);Не установлены;Оказание влияния на движение транспортного потока или отдельного транспортного средства, наличия или внезапного появления на проезжей части животных;Ясно;Сухое;В темное время суток, освещение отсутствует;Режим движения не изменялся;1.0;2.0;0.0;1.0
18.0;11.02.2025;19:09;880.0;51.702872;94.422083;930000315.0;Наезд на пешехода;г.Кызыл;;Местного значения (дорога местного значения, включая относящиеся к собственности поселений, муниципальных районов, городских округов);;Иные места;Крупный торговый объект (являющийся объектом массового тяготения пешеходов и (или) транспорта) | Административные здания | Многоквартирные жилые дома;Автостоянка (не отделённая от проезжей части);Не установлены;Сведения отсутствуют;Ясно;Со снежным накатом;В темное время суток, освещение включено;Режим движения не изменялся;1.0;2.0;0.0;1.0
19.0;10.02.2025;09:30;610.0;50.732435;91.73275;930000303.0;Съезд с дороги;Овюрский район;ХАНДАГАЙТЫ - МУГУР-АКСЫ;Региональная или межмуниципальная (дорога регионального или межмуниципального значения);7.0;Вне НП;Отсутствие в непосредственной близости объектов УДС и объектов притяжения;Перегон (нет объектов на месте ДТП);Не установлены;Сведения отсутствуют;Метель;Заснеженное;Светлое время суток;Режим движения не изменялся;1.0;2.0;0.0;1.0
20.0;09.02.2025;07:39;600.0;51.162323;90.675263;930000295.0;Съезд с дороги;Барун-Хемчикский район;А162-Г.КЫЗЫЛ - Г.АК-ДОВУРАК;Региональная или межмуниципальная (дорога регионального или межмуниципального значения);6.0;Вне НП;Отсутствие в непосредственной близости объектов УДС и объектов притяжения;Нерегулируемый пешеходный переход | Остановка общественного транспорта;Не установлены;Сведения отсутствуют;Пасмурно;Гололедица;Светлое время суток;Режим движения не изменялся;1.0;2.0;0.0;1.0
21.0;08.02.2025;20:02;830.0;51.691314;94.606125;930000292.0;Наезд на пешехода;Кызылский район;КЫЗЫЛ - САРЫГ-СЕП;Региональная или межмуниципальная (дорога регионального или межмуниципального значения);5.0;Вне НП;Отсутствие в непосредственной близости объектов УДС и объектов притяжения;Перегон (нет объектов на месте ДТП);Не установлены;Сведения отсутствуют;Ясно;Сухое;В темное время суток, освещение отсутствует;Режим движения не изменялся;1.0;2.0;0.0;1.0
22.0;06.02.2025;09:36;300.0;51.701894;94.452083;930000274.0;Столкновение;г.Кызыл;;Местного значения (дорога местного значения, включая относящиеся к собственности поселений, муниципальных районов, городских округов);;Улицы и дороги местного значения научно-производственных промышленных и коммунально-складских районов;АЗС | Крупный торговый объект (являющийся объектом массового тяготения пешеходов и (или) транспорта) | Многоквартирные жилые дома;Регулируемый перекресток;Недостатки зимнего содержания;Участок, контролируемый стационарными камерами автоматической фотовидеофиксации нарушений ПДД, обозначенный соответствующим предупреждающим знаком;Ясно;Со снежным накатом;Светлое время суток;Режим движения не изменялся;2.0;3.0;0.0;1.0
23.0;05.02.2025;18:42;830.0;51.146113;90.576664;930000272.0;Наезд на пешехода;Барун-Хемчикский район;;Местного значения (дорога местного значения, включая относящиеся к собственности поселений, муниципальных районов, городских округов);;Поселковые дороги;Административные здания | Нерегулируемый перекрёсток | Жилые дома индивидуальной застройки;Перегон (нет объектов на месте ДТП);Не установлены;Сведения отсутствуют;Ясно;Со снежным накатом;В темное время суток, освещение включено;Режим движения не изменялся;1.0;2.0;0.0;1.0
24.0;05.02.2025;10:33;880.0;51.717817;94.438756;930000266.0;Наезд на пешехода;г.Кызыл;;Местного значения (дорога местного значения, включая относящиеся к собственности поселений, муниципальных районов, городских округов);;Магистральные улицы общегородского значения;Крупный торговый объект (являющийся объектом массового тяготения пешеходов и (или) транспорта) | Административные здания | Нерегулируемый пешеходный переход;Автостоянка (не отделённая от проезжей части);Не установлены;Сведения отсутствуют;Ясно;Со снежным накатом;Светлое время суток;Режим движения не изменялся;1.0;2.0;0.0;1.0
25.0;04.02.2025;11:33;760.0;51.286574;91.563878;930000259.0;Наезд на пешехода;Дзун-Хемчикский район;;Местного значения (дорога местного значения, включая относящиеся к собственности поселений, муниципальных районов, городских округов);;Улицы и дороги местного значения научно-производственных промышленных и коммунально-складских районов;Жилые дома индивидуальной застройки;Нерегулируемый перекрёсток неравнозначных улиц (дорог);Недостатки зимнего содержания;Сведения отсутствуют;Ясно;Заснеженное;Светлое время суток;Режим движения не изменялся;1.0;2.0;0.0;1.0
26.0;03.02.2025;16:25;800.0;51.694247;94.477948;930000248.0;Наезд на пешехода;г.Кызыл;;Местного значения (дорога местного значения, включая относящиеся к собственности поселений, муниципальных районов, городских округов);;Улицы и дороги местного значения научно-производственных промышленных и коммунально-складских районов;Жилые дома индивидуальной застройки;Перегон (нет объектов на месте ДТП);Недостатки зимнего содержания;Сведения отсутствуют;Ясно;Со снежным накатом;Светлое время суток;Режим движения не изменялся;1.0;2.0;0.0;1.0
27.0;02.02.2025;17:25;840.0;51.149118;94.496514;930000240.0;Наезд на пешехода;Тандинский район;;Местного значения (дорога местного значения, включая относящиеся к собственности поселений, муниципальных районов, городских округов);;Поселковые дороги;Жилые дома индивидуальной застройки;Нерегулируемый перекрёсток равнозначных улиц (дорог);Не установлены;Сведения отсутствуют;Ясно;Заснеженное;Светлое время суток;Режим движения не изменялся;1.0;2.0;0.0;1.0
1.0;31.03.2025;11:38;990.0;51.008969;90.190684;930000679.0;Опрокидывание;Бай-Тайгинский район;;Местного значения (дорога местного значения, включая относящиеся к собственности поселений, муниципальных районов, городских округов);;Поселковые дороги;Отсутствие в непосредственной близости объектов УДС и объектов притяжения;Перегон (нет объектов на месте ДТП);Не установлены;Сведения отсутствуют;Ясно;Сухое;Светлое время суток;Режим движения не изменялся;1.0;3.0;0.0;2.0
2.0;31.03.2025;16:08;500.0;51.720256;94.434035;930000681.0;Столкновение;г.Кызыл;;Местного значения (дорога местного значения, включая относящиеся к собственности поселений, муниципальных районов, городских округов);;Улицы и дороги местного значения в жилой застройке;Крупный торговый объект (являющийся объектом массового тяготения пешеходов и (или) транспорта) | Многоквартирные жилые дома;Регулируемый пешеходный переход | Регулируемый перекресток;Отсутствие, плохая различимость горизонтальной разметки проезжей части;Сведения отсутствуют;Ясно;Сухое;Светлое время суток;Режим движения не изменялся;2.0;3.0;0.0;1.0
3.0;31.03.2025;18:45;610.0;51.233722;95.556378;930001080.0;Опрокидывание;Каа-Хемский район;САРЫГ-СЕП-БАЛГАЗЫН;Региональная или межмуниципальная (дорога регионального или межмуниципального значения);6.0;Вне НП;Отсутствие в непосредственной близости объектов УДС и объектов притяжения;Перегон (нет объектов на месте ДТП);Не установлены;Сведения отсутствуют;Ясно;Мокрое;Сумерки;Режим движения не изменялся;1.0;1.0;0.0;1.0
4.0;31.03.2025;17:35;910.0;51.698882;94.473163;930000683.0;Наезд на стоящее ТС;г.Кызыл;;Местного значения (дорога местного значения, включая относящиеся к собственности поселений, муниципальных районов, городских округов);;Иные места;Школа либо иная детская (в т.ч. дошкольная) организация;Иное место;Не установлены;Сведения отсутствуют;Ясно;Мокрое;Светлое время суток;Режим движения не изменялся;2.0;3.0;0.0;1.0
5.0;31.03.2025;08:25;740.0;51.703271;94.513031;930000676.0;Наезд на пешехода;г.Кызыл;;Местного значения (дорога местного значения, включая относящиеся к собственности поселений, муниципальных районов, городских округов);;Магистральные улицы общегородского значения;Остановка общественного транспорта | Жилые дома индивидуальной застройки;Нерегулируемый пешеходный переход | Нерегулируемый перекрёсток неравнозначных улиц (дорог);Не установлены;Сведения отсутствуют;Ясно;Сухое;Светлое время суток;Движение частично перекрыто;1.0;2.0;1.0;0.0
6.0;31.03.2025;23:09;600.0;52.061053;93.603837;930000684.0;Съезд с дороги;Пий-Хемский район;;Местного значения (дорога местного значения, включая относящиеся к собственности поселений, муниципальных районов, городских округов);;Поселковые дороги;Административные здания | Жилые дома индивидуальной застройки;Нерегулируемый перекрёсток неравнозначных улиц (дорог);Отсутствие освещения;Сведения отсутствуют;Ясно;Сухое;В темное время суток, освещение включено;Режим движения не изменялся;1.0;2.0;0.0;1.0
7.0;29.03.2025;12:18;70.0;51.70117;94.542568;930000668.0;Столкновение;г.Кызыл;;Местного значения (дорога местного значения, включая относящиеся к собственности поселений, муниципальных районов, городских округов);;Улицы и дороги местного значения в жилой застройке;Административные здания;Регулируемый пешеходный переход;Отсутствие, плохая различимость горизонтальной разметки проезжей части | Иные недостатки;Сведения отсутствуют;Ясно;Сухое;Светлое время суток;Движение частично перекрыто;3.0;6.0;0.0;1.0
8.0;28.03.2025;08:15;20.0;51.755841;94.441953;930000654.0;Столкновение;г.Кызыл;Подъезд к С.КАРА-ХААК;Региональная или межмуниципальная (дорога регионального или межмуниципального значения);5.0;;Отсутствие в непосредственной близости объектов УДС и объектов притяжения;Перегон (нет объектов на месте ДТП);Не установлены;Сведения отсутствуют;Ясно;Сухое;Светлое время суток;Режим движения не изменялся;2.0;2.0;0.0;1.0
9.0;27.03.2025;20:48;430.0;51.711761;94.429604;930000653.0;Столкновение;г.Кызыл;;Местного значения (дорога местного значения, включая относящиеся к собственности поселений, муниципальных районов, городских округов);;Улицы и дороги местного значения в жилой застройке;Административные здания | Жилые дома индивидуальной застройки;Нерегулируемый перекрёсток неравнозначных улиц (дорог);Не установлены;Сведения отсутствуют;Пасмурно;Гололедица;В темное время суток, освещение включено;Движение частично перекрыто;2.0;2.0;0.0;1.0
10.0;26.03.2025;08:50;720.0;51.707852;94.424025;930000644.0;Наезд на пешехода;г.Кызыл;;Местного значения (дорога местного значения, включая относящиеся к собственности поселений, муниципальных районов, городских округов);;Улицы и дороги местного значения научно-производственных промышленных и коммунально-складских районов;Многоквартирные жилые дома;Регулируемый пешеходный переход | Регулируемый перекресток;Иные недостатки;Сведения отсутствуют;Ясно;Сухое;Светлое время суток;Режим движения не изменялся;1.0;2.0;0.0;1.0
11.0;26.03.2025;14:19;700.0;51.696515;94.406419;930000645.0;Наезд на пешехода;г.Кызыл;;Местного значения (дорога местного значения, включая относящиеся к собственности поселений, муниципальных районов, городских округов);;Улицы и дороги местного значения научно-производственных промышленных и коммунально-складских районов;Многоквартирные жилые дома;Регулируемый пешеходный переход | Регулируемый перекресток;Не установлены;Сведения отсутствуют;Ясно;Сухое;Светлое время суток;Движение частично перекрыто;1.0;2.0;0.0;1.0
12.0;24.03.2025;08:20;730.0;51.720176;94.448433;930000633.0;Наезд на пешехода;г.Кызыл;;Местного значения (дорога местного значения, включая относящиеся к собственности поселений, муниципальных районов, городских округов);;Улицы и дороги местного значения в жилой застройке;Регулируемый перекрёсток;Регулируемый пешеходный переход | Регулируемый перекресток;Иные недостатки;Сведения отсутствуют;Ясно;Сухое;Светлое время суток;Режим движения не изменялся;1.0;2.0;0.0;1.0
13.0;21.03.2025;11:32;820.0;51.708324;94.428231;930000615.0;Наезд на пешехода;г.Кызыл;;Местного значения (дорога местного значения, включая относящиеся к собственности поселений, муниципальных районов, городских округов);;Улицы и дороги местного значения научно-производственных промышленных и коммунально-складских районов;Крупный торговый объект (являющийся объектом массового тяготения пешеходов и (или) транспорта) | Иная образовательная организация | Административные здания | Медицинские (лечебные) организации;Перегон (нет объектов на месте ДТП);Недостатки зимнего содержания;Сведения отсутствуют;Ясно;Гололедица;Светлое время суток;Движение частично перекрыто;1.0;2.0;0.0;1.0
14.0;17.03.2025;23:12;600.0;52.058657;94.158091;930000593.0;Съезд с дороги;Пий-Хемский район;Р-257 Енисей Красноярск - Абакан - Кызыл - граница с Монголией;Федеральная (дорога федерального значения);5.0;Вне НП;Отсутствие в непосредственной близости объектов УДС и объектов притяжения;Перегон (нет объектов на месте ДТП);Не установлены;Сведения отсутствуют;Ясно;Сухое;В темное время суток, освещение отсутствует;Режим движения не изменялся;1.0;2.0;0.0;1.0
15.0;17.03.2025;21:15;800.0;51.131821;93.716801;930000592.0;Наезд на пешехода;Чеди-Хольский район;;Местного значения (дорога местного значения, включая относящиеся к собственности поселений, муниципальных районов, городских округов);;Улицы и дороги местного значения научно-производственных промышленных и коммунально-складских районов;Административные здания | Многоквартирные жилые дома;Нерегулируемый перекрёсток неравнозначных улиц (дорог);Не установлены;Сведения отсутствуют;Ясно;Гололедица;В темное время суток, освещение отсутствует;Режим движения не изменялся;1.0;2.0;0.0;1.0
16.0;17.03.2025;14:54;330.0;51.711309;94.43765;930000586.0;Столкновение;г.Кызыл;;Местного значения (дорога местного значения, включая относящиеся к собственности поселений, муниципальных районов, городских округов);;Улицы и дороги местного значения в жилой застройке;Жилые дома индивидуальной застройки | Кладбище;Нерегулируемое пересечение с круговым движением;Недостатки зимнего содержания | Иные недостатки;Сведения отсутствуют;Ясно;Мокрое;Светлое время суток;Режим движения не изменялся;3.0;3.0;0.0;1.0
17.0;15.03.2025;03:29;200.0;51.73471;94.417062;930000571.0;Столкновение;г.Кызыл;ПОДЪЕЗД К Г.КЫЗЫЛУ (9КМ);Региональная или межмуниципальная (дорога регионального или межмуниципального значения);5.0;;Административные здания;Перегон (нет объектов на месте ДТП);Отсутствие, плохая различимость горизонтальной разметки проезжей части | Отсутствие освещения;Сведения отсутствуют;Пасмурно;Сухое;В темное время суток, освещение отсутствует;Режим движения не изменялся;2.0;3.0;0.0;2.0
18.0;14.03.2025;07:54;740.0;51.14548;90.574358;930000565.0;Наезд на пешехода;Барун-Хемчикский район;;Местного значения (дорога местного значения, включая относящиеся к собственности поселений, муниципальных районов, городских округов);;Поселковые дороги;Административные здания | Жилые дома индивидуальной застройки;Нерегулируемый пешеходный переход;Отсутствие, плохая различимость горизонтальной разметки проезжей части | Отсутствие дорожных знаков в необходимых местах | Неправильное применение, плохая видимость дорожных знаков;Сведения отсутствуют;Ясно;Сухое;Светлое время суток;Режим движения не изменялся;1.0;2.0;0.0;1.0
19.0;14.03.2025;07:29;610.0;51.459763;92.752601;930000566.0;Съезд с дороги;Улуг-Хемский район;Р-257 Енисей Красноярск - Абакан - Кызыл - граница с Монголией;Федеральная (дорога федерального значения);5.0;Вне НП;Отсутствие в непосредственной близости объектов УДС и объектов притяжения;Перегон (нет объектов на месте ДТП);Не установлены;Сведения отсутствуют;Пасмурно;Сухое;Светлое время суток;Режим движения не изменялся;1.0;2.0;0.0;1.0
20.0;13.03.2025;22:30;610.0;51.160884;90.570087;930000563.0;Съезд с дороги;г.Ак-Довурак;А162-Г.КЫЗЫЛ - Г.АК-ДОВУРАК;Региональная или межмуниципальная (дорога регионального или межмуниципального значения);6.0;;АЗС;Нерегулируемое пересечение с круговым движением;Не установлены;Сведения отсутствуют;Ясно;Со снежным накатом;В темное время суток, освещение не включено;Движение частично перекрыто;1.0;2.0;0.0;2.0
21.0;13.03.2025;08:23;740.0;51.696954;94.412395;930000556.0;Наезд на пешехода;г.Кызыл;;Местного значения (дорога местного значения, включая относящиеся к собственности поселений, муниципальных районов, городских округов);;Улицы и дороги местного значения научно-производственных промышленных и коммунально-складских районов;Нерегулируемый перекрёсток | Многоквартирные жилые дома;Регулируемый пешеходный переход | Нерегулируемый перекрёсток неравнозначных улиц (дорог);Отсутствие, плохая различимость горизонтальной разметки проезжей части | Иные недостатки;Сведения отсутствуют;Ясно;Мокрое;Светлое время суток;Режим движения не изменялся;1.0;2.0;0.0;1.0
22.0;13.03.2025;17:24;740.0;51.718195;94.445375;930000559.0;Наезд на пешехода;г.Кызыл;;Местного значения (дорога местного значения, включая относящиеся к собственности поселений, муниципальных районов, городских округов);;Магистральные улицы общегородского значения;Крупный торговый объект (являющийся объектом массового тяготения пешеходов и (или) транспорта) | Административные здания | Медицинские (лечебные) организации | Многоквартирные жилые дома;Нерегулируемый пешеходный переход | Нерегулируемый перекрёсток неравнозначных улиц (дорог);Недостатки зимнего содержания | Отсутствие, плохая различимость горизонтальной разметки проезжей части;Сведения отсутствуют;Ясно;Гололедица;Светлое время суток;Режим движения не изменялся;1.0;2.0;0.0;1.0
23.0;13.03.2025;07:34;490.0;51.697386;94.416794;930000555.0;Столкновение;г.Кызыл;;Местного значения (дорога местного значения, включая относящиеся к собственности поселений, муниципальных районов, городских округов);;Улицы и дороги местного значения научно-производственных промышленных и коммунально-складских районов;АЗС | Школа либо иная детская (в т.ч. дошкольная) организация | Административные здания | Многоквартирные жилые дома;Выезд с прилегающей территории;Иные недостатки;Сведения отсутствуют;Ясно;Мокрое;Светлое время суток;Движение частично перекрыто;2.0;3.0;0.0;1.0
24.0;12.03.2025;00:12;120.0;51.703012;94.530101;930000538.0;Столкновение;г.Кызыл;;Местного значения (дорога местного значения, включая относящиеся к собственности поселений, муниципальных районов, городских округов);;Магистральные улицы общегородского значения;Жилые дома индивидуальной застройки;Нерегулируемый перекрёсток неравнозначных улиц (дорог);Неисправное освещение;Сведения отсутствуют;Пасмурно;Сухое;В темное время суток, освещение включено;Движение частично перекрыто;2.0;3.0;0.0;1.0
25.0;12.03.2025;13:48;70.0;51.70845;94.42896;930000544.0;Столкновение;г.Кызыл;;Местного значения (дорога местного значения, включая относящиеся к собственности поселений, муниципальных районов, городских округов);;Улицы и дороги местного значения научно-производственных промышленных и коммунально-складских районов;Медицинские (лечебные) организации | Многоквартирные жилые дома;Автостоянка (не отделённая от проезжей части);Не установлены;Сведения отсутствуют;Ясно;Гололедица;Светлое время суток;Режим движения не изменялся;2.0;2.0;0.0;1.0
26.0;12.03.2025;18:28;200.0;51.753822;95.41862;930000552.0;Столкновение;Каа-Хемский район;БОЯРОВКА - ТООРА-ХЕМ;Региональная или межмуниципальная (дорога регионального или межмуниципального значения);6.0;Вне НП;Отсутствие в непосредственной близости объектов УДС и объектов притяжения;Перегон (нет объектов на месте ДТП);Не установлены;Сведения отсутствуют;Ясно;Заснеженное;Светлое время суток;Движение частично перекрыто;2.0;2.0;0.0;1.0
27.0;12.03.2025;14:53;140.0;51.729833;94.423263;930000545.0;Столкновение;г.Кызыл;;Местного значения (дорога местного значения, включая относящиеся к собственности поселений, муниципальных районов, городских округов);;Улицы и дороги местного значения в жилой застройке;Административные здания | Жилые дома индивидуальной застройки;Выезд с прилегающей территории;Не установлены;Сведения отсутствуют;Ясно;Мокрое;Светлое время суток;Движение частично перекрыто;2.0;4.0;0.0;2.0
28.0;11.03.2025;19:54;810.0;51.290506;91.540961;930000537.0;Наезд на пешехода;Дзун-Хемчикский район;Р-257 Енисей Красноярск - Абакан - Кызыл - граница с Монголией;Федеральная (дорога федерального значения);5.0;Вне НП;Отсутствие в непосредственной близости объектов УДС и объектов притяжения;Перегон (нет объектов на месте ДТП);Не установлены;Сведения отсутствуют;Ясно;Сухое;В темное время суток, освещение отсутствует;Режим движения не изменялся;1.0;2.0;0.0;1.0
29.0;11.03.2025;16:37;200.0;51.705113;94.447789;930000534.0;Столкновение;г.Кызыл;;Местного значения (дорога местного значения, включая относящиеся к собственности поселений, муниципальных районов, городских округов);;Улицы и дороги местного значения в жилой застройке;Административные здания;Перегон (нет объектов на месте ДТП);Не установлены;Сведения отсутствуют;Ясно;Гололедица;Светлое время суток;Режим движения не изменялся;3.0;4.0;0.0;1.0
30.0;11.03.2025;17:03;810.0;51.70851;94.429743;930000533.0;Наезд на пешехода;г.Кызыл;;Местного значения (дорога местного значения, включая относящиеся к собственности поселений, муниципальных районов, городских округов);;Улицы и дороги местного значения научно-производственных промышленных и коммунально-складских районов;Иная образовательная организация | Административные здания | Многоквартирные жилые дома;Перегон (нет объектов на месте ДТП);Недостатки зимнего содержания;Сужение проезжей части припаркованным транспортом;Ясно;Сухое;Светлое время суток;Режим движения не изменялся;1.0;2.0;0.0;1.0
31.0;11.03.2025;10:23;500.0;51.714925;94.439174;930000530.0;Столкновение;г.Кызыл;;Местного значения (дорога местного значения, включая относящиеся к собственности поселений, муниципальных районов, городских округов);;Магистральные улицы общегородского значения;Жилые дома индивидуальной застройки;Регулируемый пешеходный переход | Регулируемый перекресток;Не установлены;Работа светофора на регулируемом перекрёстке или регулируемом пешеходном переходе в режиме 'жёлтого мигания';Ясно;Сухое;Светлое время суток;Режим движения не изменялся;3.0;4.0;0.0;1.0
32.0;11.03.2025;16:54;850.0;51.715942;94.508632;930000535.0;Наезд на пешехода;г.Кызыл;;Местного значения (дорога местного значения, включая относящиеся к собственности поселений, муниципальных районов, городских округов);;Улицы и дороги местного значения в жилой застройке;Нерегулируемый перекрёсток | Жилые дома индивидуальной застройки;Перегон (нет объектов на месте ДТП);Недостатки зимнего содержания | Отсутствие тротуаров (пешеходных дорожек);Сведения отсутствуют;Ясно;Со снежным накатом;Светлое время суток;Режим движения не изменялся;1.0;2.0;0.0;1.0
33.0;10.03.2025;12:56;880.0;51.708683;94.436653;930000522.0;Наезд на пешехода;г.Кызыл;;Местного значения (дорога местного значения, включая относящиеся к собственности поселений, муниципальных районов, городских округов);;Улицы и дороги местного значения в жилой застройке;Административные здания | Кладбище;Автостоянка (отделенная от проезжей части);Недостатки зимнего содержания;Сведения отсутствуют;Ясно;Со снежным накатом;Светлое время суток;Режим движения не изменялся;1.0;2.0;0.0;1.0
34.0;09.03.2025;18:10;800.0;51.673185;94.308567;930000605.0;Наезд на пешехода;г.Кызыл;;Местного значения (дорога местного значения, включая относящиеся к собственности поселений, муниципальных районов, городских округов);;Улицы и дороги местного значения в жилой застройке;Жилые дома индивидуальной застройки;Перегон (нет объектов на месте ДТП);Не установлены;Сведения отсутствуют;Ясно;Со снежным накатом;Светлое время суток;Режим движения не изменялся;1.0;2.0;0.0;1.0
35.0;07.03.2025;16:43;740.0;51.696901;94.411891;930000500.0;Наезд на пешехода;г.Кызыл;;Местного значения (дорога местного значения, включая относящиеся к собственности поселений, муниципальных районов, городских округов);;Улицы и дороги местного значения научно-производственных промышленных и коммунально-складских районов;Иная образовательная организация | Многоквартирные жилые дома;Регулируемый пешеходный переход | Выезд с прилегающей территории;Недостатки зимнего содержания;Сведения отсутствуют;Ясно;Со снежным накатом;Светлое время суток;Режим движения не изменялся;1.0;2.0;0.0;1.0
36.0;07.03.2025;08:11;300.0;51.701801;94.541763;930000496.0;Столкновение;г.Кызыл;;Местного значения (дорога местного значения, включая относящиеся к собственности поселений, муниципальных районов, городских округов);;Магистральные улицы общегородского значения;Административные здания;Нерегулируемый перекрёсток неравнозначных улиц (дорог);Не установлены;Сведения отсутствуют;Ясно;Со снежным накатом;Светлое время суток;Режим движения не изменялся;2.0;3.0;0.0;1.0
37.0;05.03.2025;14:10;200.0;51.631777;95.241348;930000482.0;Столкновение;Каа-Хемский район;;Местного значения (дорога местного значения, включая относящиеся к собственности поселений, муниципальных районов, городских округов);;Вне НП;Отсутствие в непосредственной близости объектов УДС и объектов притяжения;Перегон (нет объектов на месте ДТП);Не установлены;Сведения отсутствуют;Ясно;Со снежным накатом;Светлое время суток;Режим движения не изменялся;2.0;2.0;0.0;1.0
38.0;05.03.2025;22:38;890.0;51.19247;90.603658;930000489.0;Наезд на пешехода;г.Ак-Довурак;;Местного значения (дорога местного значения, включая относящиеся к собственности поселений, муниципальных районов, городских округов);;Иные места;Многоквартирные жилые дома;Внутридворовая территория;Не установлены;Сведения отсутствуют;Ясно;Сухое;В темное время суток, освещение включено;Режим движения не изменялся;1.0;2.0;0.0;1.0
39.0;04.03.2025;17:16;490.0;51.70347;94.491026;930000473.0;Столкновение;г.Кызыл;;Местного значения (дорога местного значения, включая относящиеся к собственности поселений, муниципальных районов, городских округов);;Магистральные улицы общегородского значения;Жилые дома индивидуальной застройки;Нерегулируемый перекрёсток неравнозначных улиц (дорог);Не установлены;Сведения отсутствуют;Ясно;Со снежным накатом;В темное время суток, освещение включено;Режим движения не изменялся;2.0;3.0;0.0;1.0
40.0;03.03.2025;19:50;900.0;51.110097;91.603403;930000468.0;Наезд на животное;Дзун-Хемчикский район;Р-257 Енисей Красноярск - Абакан - Кызыл - граница с Монголией;Федеральная (дорога федерального значения);5.0;Вне НП;Отсутствие в непосредственной близости объектов УДС и объектов притяжения;Перегон (нет объектов на месте ДТП);Не установлены;Сведения отсутствуют;Ясно;Сухое;В темное время суток, освещение не включено;Режим движения не изменялся;1.0;3.0;0.0;1.0
41.0;02.03.2025;18:23;420.0;51.711794;94.432758;930000459.0;Столкновение;г.Кызыл;;Местного значения (дорога местного значения, включая относящиеся к собственности поселений, муниципальных районов, городских округов);;Улицы и дороги местного значения в жилой застройке;Жилые дома индивидуальной застройки;Регулируемый пешеходный переход | Регулируемый перекресток;Не установлены;Участок, контролируемый стационарными камерами автоматической фотовидеофиксации нарушений ПДД, обозначенный соответствующим предупреждающим знаком;Ясно;Сухое;Светлое время суток;Режим движения не изменялся;2.0;2.0;0.0;1.0
42.0;02.03.2025;14:22;600.0;50.675358;95.324335;930000456.0;Съезд с дороги;Тес-Хемский район;Кызыл-Эрзин-граница с Монголией;Региональная или межмуниципальная (дорога регионального или межмуниципального значения);5.0;Вне НП;Отсутствие в непосредственной близости объектов УДС и объектов притяжения;Перегон (нет объектов на месте ДТП);Не установлены;Сведения отсутствуют;Ясно;Сухое;Светлое время суток;Режим движения не изменялся;1.0;2.0;0.0;2.0
43.0;02.03.2025;16:15;490.0;51.719791;94.399874;930000457.0;Столкновение;г.Кызыл;;Местного значения (дорога местного значения, включая относящиеся к собственности поселений, муниципальных районов, городских округов);;Улицы и дороги местного значения научно-производственных промышленных и коммунально-складских районов;Школа либо иная детская (в т.ч. дошкольная) организация | Медицинские (лечебные) организации | Многоквартирные жилые дома;Внутридворовая территория;Не установлены;Сведения отсутствуют;Ясно;Со снежным накатом;Светлое время суток;Режим движения не изменялся;2.0;2.0;0.0;1.0
44.0;02.03.2025;08:43;860.0;51.670266;94.300761;930000454.0;Наезд на пешехода;г.Кызыл;;Местного значения (дорога местного значения, включая относящиеся к собственности поселений, муниципальных районов, городских округов);;Иные места;Жилые дома индивидуальной застройки;Перегон (нет объектов на месте ДТП);Не установлены;Сведения отсутствуют;Ясно;Сухое;Светлое время суток;Режим движения не изменялся;1.0;2.0;0.0;1.0
45.0;01.03.2025;19:08;740.0;51.696555;94.561311;930000450.0;Наезд на пешехода;Кызылский район;;Местного значения (дорога местного значения, включая относящиеся к собственности поселений, муниципальных районов, городских округов);;Улицы и дороги местного значения научно-производственных промышленных и коммунально-складских районов;Жилые дома индивидуальной застройки;Регулируемый пешеходный переход | Регулируемый перекресток;Недостатки зимнего содержания;Сведения отсутствуют;Ясно;Со снежным накатом;В темное время суток, освещение включено;Режим движения не изменялся;1.0;2.0;0.0;1.0
1.0;30.04.2025;04:43;940.0;51.70849;94.519329;930000903.0;Наезд на препятствие;г.Кызыл;;Местного значения (дорога местного значения, включая относящиеся к собственности поселений, муниципальных районов, городских округов);;Улицы и дороги местного значения в жилой застройке;Остановка общественного транспорта | Школа либо иная детская (в т.ч. дошкольная) организация | Административные здания | Многоквартирные жилые дома;Перегон (нет объектов на месте ДТП);Иные недостатки;Сведения отсутствуют;Пасмурно;Сухое;В темное время суток, освещение включено;Режим движения не изменялся;1.0;4.0;2.0;2.0
2.0;30.04.2025;17:40;830.0;51.704335;94.42189;930000913.0;Наезд на пешехода;г.Кызыл;;Местного значения (дорога местного значения, включая относящиеся к собственности поселений, муниципальных районов, городских округов);;Иные места;Многоквартирные жилые дома;Внутридворовая территория;Не установлены;Сведения отсутствуют;Ясно;Сухое;Светлое время суток;Движение полностью перекрыто;1.0;2.0;0.0;1.0
3.0;30.04.2025;02:24;770.0;51.28036;91.579392;930000902.0;Наезд на пешехода;Дзун-Хемчикский район;;Местного значения (дорога местного значения, включая относящиеся к собственности поселений, муниципальных районов, городских округов);;Улицы и дороги местного значения в жилой застройке;Нерегулируемый пешеходный переход | Жилые дома индивидуальной застройки;Нерегулируемый перекрёсток неравнозначных улиц (дорог);Отсутствие, плохая различимость горизонтальной разметки проезжей части | Отсутствие дорожных знаков в необходимых местах;Сведения отсутствуют;Пасмурно;Мокрое;В темное время суток, освещение включено;Режим движения не изменялся;1.0;2.0;0.0;1.0
4.0;29.04.2025;00:26;950.0;51.730417;94.410721;930000894.0;Опрокидывание;г.Кызыл;;Местного значения (дорога местного значения, включая относящиеся к собственности поселений, муниципальных районов, городских округов);;Парковые дороги;Отсутствие в непосредственной близости объектов УДС и объектов притяжения;Нерегулируемый пешеходный переход | Нерегулируемый перекрёсток неравнозначных улиц (дорог);Не установлены;Сведения отсутствуют;Пасмурно;Сухое;В темное время суток, освещение включено;Режим движения не изменялся;1.0;1.0;0.0;1.0
5.0;28.04.2025;20:39;820.0;51.677079;94.345393;930000892.0;Наезд на пешехода;г.Кызыл;;Местного значения (дорога местного значения, включая относящиеся к собственности поселений, муниципальных районов, городских округов);;Магистральные улицы общегородского значения;АЗС;Перегон (нет объектов на месте ДТП);Отсутствие освещения;Сведения отсутствуют;Пасмурно;Сухое;В темное время суток, освещение включено;Движение частично перекрыто;1.0;2.0;1.0;0.0
6.0;28.04.2025;12:07;830.0;50.996472;90.134239;930000890.0;Наезд на пешехода;Бай-Тайгинский район;ТЭЭЛИ - КЫЗЫЛ-ДАГ;Региональная или межмуниципальная (дорога регионального или межмуниципального значения);5.0;Вне НП;Отсутствие в непосредственной близости объектов УДС и объектов притяжения;Перегон (нет объектов на месте ДТП);Не установлены;Сведения отсутствуют;Пасмурно;Сухое;В темное время суток, освещение отсутствует;Режим движения не изменялся;1.0;3.0;0.0;2.0
7.0;27.04.2025;13:26;500.0;51.665448;94.309108;930000885.0;Наезд на велосипедиста;г.Кызыл;;Местного значения (дорога местного значения, включая относящиеся к собственности поселений, муниципальных районов, городских округов);;Иные места;Жилые дома индивидуальной застройки;Выезд с прилегающей территории;Не установлены;Сведения отсутствуют;Ясно;Пыльное;Светлое время суток;Движение частично перекрыто;2.0;2.0;0.0;1.0
8.0;27.04.2025;04:54;500.0;51.713615;94.425216;930000884.0;Столкновение;г.Кызыл;;Местного значения (дорога местного значения, включая относящиеся к собственности поселений, муниципальных районов, городских округов);;Улицы и дороги местного значения в жилой застройке;Регулируемый пешеходный переход | Жилые дома индивидуальной застройки;Регулируемый перекресток;Не установлены;Сведения отсутствуют;Ясно;Сухое;Светлое время суток;Движение полностью перекрыто;2.0;10.0;2.0;8.0
9.0;26.04.2025;19:46;910.0;51.53683;92.921605;930000879.0;Наезд на велосипедиста;Улуг-Хемский район;;Местного значения (дорога местного значения, включая относящиеся к собственности поселений, муниципальных районов, городских округов);;Иные места;Иная образовательная организация | Многоквартирные жилые дома;Внутридворовая территория;Не установлены;Сведения отсутствуют;Ясно;Сухое;Светлое время суток;Режим движения не изменялся;2.0;2.0;0.0;1.0
10.0;26.04.2025;19:11;820.0;51.564993;94.079479;930000880.0;Наезд на пешехода;Кызылский район;;Местного значения (дорога местного значения, включая относящиеся к собственности поселений, муниципальных районов, городских округов);;Поселковые дороги;Жилые дома индивидуальной застройки;Нерегулируемый перекрёсток неравнозначных улиц (дорог);Не установлены;Сведения отсутствуют;Пасмурно;Сухое;Светлое время суток;Движение частично перекрыто;1.0;2.0;0.0;1.0
11.0;26.04.2025;05:10;930.0;51.306579;94.701869;930000875.0;Наезд на препятствие;Кызылский район;Подъезд к с.Бай-Хаак;Региональная или межмуниципальная (дорога регионального или межмуниципального значения);5.0;Вне НП;Иной объект;Перегон (нет объектов на месте ДТП) | Иное место;Не установлены;Сведения отсутствуют;Ясно;Сухое;Светлое время суток;Режим движения не изменялся;1.0;2.0;0.0;2.0
12.0;26.04.2025;02:08;830.0;51.652098;94.295354;930000874.0;Наезд на пешехода;Кызылский район;Р-257 Енисей Красноярск - Абакан - Кызыл - граница с Монголией;Федеральная (дорога федерального значения);5.0;Вне НП;Отсутствие в непосредственной близости объектов УДС и объектов притяжения;Перегон (нет объектов на месте ДТП);Не установлены;Сведения отсутствуют;Пасмурно;Сухое;В темное время суток, освещение отсутствует;Движение частично перекрыто;1.0;2.0;1.0;0.0
13.0;25.04.2025;09:18;610.0;51.500435;91.397903;930000868.0;Съезд с дороги;Сут-Хольский район;СУГ-АКСЫ - ИШКИН;Региональная или межмуниципальная (дорога регионального или межмуниципального значения);7.0;Вне НП;Отсутствие в непосредственной близости объектов УДС и объектов притяжения;Мост, эстакада, путепровод;Отсутствие дорожных ограждений в необходимых местах;Сведения отсутствуют;Ясно;Сухое;Светлое время суток;Режим движения не изменялся;1.0;2.0;2.0;0.0
14.0;24.04.2025;22:18;690.0;51.537193;92.923157;930000866.0;Наезд на пешехода;Улуг-Хемский район;;Местного значения (дорога местного значения, включая относящиеся к собственности поселений, муниципальных районов, городских округов);;Иные места;Жилые дома индивидуальной застройки | Многоквартирные жилые дома;Перегон (нет объектов на месте ДТП);Не установлены;Сведения отсутствуют;Ясно;Сухое;В темное время суток, освещение отсутствует;Движение частично перекрыто;1.0;3.0;0.0;1.0
15.0;23.04.2025;15:30;740.0;51.718189;94.445343;930000857.0;Наезд на пешехода;г.Кызыл;;Местного значения (дорога местного значения, включая относящиеся к собственности поселений, муниципальных районов, городских округов);;Магистральные улицы общегородского значения;Крупный торговый объект (являющийся объектом массового тяготения пешеходов и (или) транспорта) | Медицинские (лечебные) организации | Нерегулируемый пешеходный переход | Многоквартирные жилые дома;Нерегулируемый пешеходный переход | Нерегулируемый перекрёсток неравнозначных улиц (дорог);Отсутствие, плохая различимость горизонтальной разметки проезжей части;Сведения отсутствуют;Ясно;Сухое;Светлое время суток;Движение частично перекрыто;1.0;2.0;0.0;1.0
16.0;23.04.2025;18:56;880.0;51.540543;92.975278;930000860.0;Наезд на лицо, не являющееся участником дорожного движения, осуществляющее производство работ;Улуг-Хемский район;Р-257 Енисей Красноярск - Абакан - Кызыл - граница с Монголией;Федеральная (дорога федерального значения);5.0;Вне НП;Объект (здание, сооружение) религиозного культа;Перегон (нет объектов на месте ДТП);Не установлены;Сведения отсутствуют;Ясно;Сухое;Светлое время суток;Движение частично перекрыто;1.0;2.0;0.0;1.0
17.0;22.04.2025;08:06;70.0;51.711807;94.472681;930000850.0;Столкновение;г.Кызыл;;Местного значения (дорога местного значения, включая относящиеся к собственности поселений, муниципальных районов, городских округов);;Улицы и дороги местного значения в жилой застройке;Жилые дома индивидуальной застройки;Регулируемый перекресток;Не установлены;Сведения отсутствуют;Ясно;Сухое;Светлое время суток;Движение частично перекрыто;2.0;3.0;0.0;1.0
18.0;21.04.2025;15:13;820.0;51.70341;94.474204;930000842.0;Наезд на пешехода;г.Кызыл;;Местного значения (дорога местного значения, включая относящиеся к собственности поселений, муниципальных районов, городских округов);;Магистральные улицы общегородского значения;АЗС | Регулируемый пешеходный переход | Многоквартирные жилые дома | Объект (здание, сооружение) религиозного культа;Регулируемый перекресток;Отсутствие, плохая различимость горизонтальной разметки проезжей части | Неисправность светофора;Сведения отсутствуют;Пасмурно;Мокрое;Светлое время суток;Движение частично перекрыто;1.0;2.0;0.0;1.0
19.0;21.04.2025;15:07;70.0;51.166293;90.576074;930000848.0;Столкновение;г.Ак-Довурак;;Местного значения (дорога местного значения, включая относящиеся к собственности поселений, муниципальных районов, городских округов);;Магистральные улицы районного значения;Жилые дома индивидуальной застройки;АЗС;Не установлены;Сведения отсутствуют;Пасмурно;Сухое;Светлое время суток;Движение частично перекрыто;2.0;7.0;0.0;2.0
20.0;20.04.2025;17:00;610.0;51.33706;95.941222;930000838.0;Опрокидывание;Каа-Хемский район;Усть-Бурен - Кунгуртуг автозимник;Региональная или межмуниципальная (дорога регионального или межмуниципального значения);5.0;Вне НП;Отсутствие в непосредственной близости объектов УДС и объектов притяжения;Перегон (нет объектов на месте ДТП);Не установлены;Сведения отсутствуют;Ясно;Мокрое;Светлое время суток;Режим движения не изменялся;1.0;1.0;0.0;1.0
21.0;19.04.2025;22:30;70.0;51.401127;91.279027;930000830.0;Столкновение;Сут-Хольский район;;Местного значения (дорога местного значения, включая относящиеся к собственности поселений, муниципальных районов, городских округов);;Улицы и дороги местного значения в жилой застройке;Крупный торговый объект (являющийся объектом массового тяготения пешеходов и (или) транспорта) | Административные здания | Автостоянка (отделенная от проезжей части);Перегон (нет объектов на месте ДТП);Отсутствие, плохая различимость горизонтальной разметки проезжей части | Отсутствие освещения;Сведения отсутствуют;Ясно;Сухое;В темное время суток, освещение включено;Движение частично перекрыто;2.0;3.0;0.0;1.0
22.0;19.04.2025;23:47;70.0;51.691893;94.451565;930000832.0;Столкновение;г.Кызыл;;Местного значения (дорога местного значения, включая относящиеся к собственности поселений, муниципальных районов, городских округов);;Магистральные улицы общегородского значения;Отсутствие в непосредственной близости объектов УДС и объектов притяжения;Нерегулируемый перекрёсток неравнозначных улиц (дорог);Отсутствие дорожных знаков в необходимых местах;Сведения отсутствуют;Пасмурно;Сухое;В темное время суток, освещение включено;Движение частично перекрыто;2.0;4.0;0.0;1.0
23.0;19.04.2025;01:20;70.0;51.698729;94.406408;930000828.0;Столкновение;г.Кызыл;;Местного значения (дорога местного значения, включая относящиеся к собственности поселений, муниципальных районов, городских округов);;Улицы и дороги местного значения в жилой застройке;Остановка общественного транспорта | Остановка маршрутного такси | АЗС | Нерегулируемый пешеходный переход;Нерегулируемый перекрёсток неравнозначных улиц (дорог);Не установлены;Сведения отсутствуют;Пасмурно;Мокрое;В темное время суток, освещение включено;Движение частично перекрыто;2.0;4.0;0.0;1.0
24.0;18.04.2025;20:57;820.0;51.701928;94.386967;930000827.0;Наезд на пешехода;г.Кызыл;;Местного значения (дорога местного значения, включая относящиеся к собственности поселений, муниципальных районов, городских округов);;Улицы и дороги местного значения в жилой застройке;Жилые дома индивидуальной застройки;Нерегулируемый перекрёсток неравнозначных улиц (дорог);Не установлены;Сведения отсутствуют;Пасмурно;Мокрое;В темное время суток, освещение включено;Движение частично перекрыто;1.0;2.0;0.0;1.0
25.0;17.04.2025;16:00;110.0;51.709574;94.42351;930000820.0;Столкновение;г.Кызыл;;Местного значения (дорога местного значения, включая относящиеся к собственности поселений, муниципальных районов, городских округов);;Улицы и дороги местного значения научно-производственных промышленных и коммунально-складских районов;Иная образовательная организация | Медицинские (лечебные) организации | Жилые дома индивидуальной застройки;Перегон (нет объектов на месте ДТП);Не установлены;Сведения отсутствуют;Ясно;Сухое;Светлое время суток;Режим движения не изменялся;2.0;2.0;0.0;1.0
26.0;17.04.2025;16:30;740.0;51.693502;94.577415;930000821.0;Наезд на пешехода;Кызылский район;;Местного значения (дорога местного значения, включая относящиеся к собственности поселений, муниципальных районов, городских округов);;Улицы и дороги местного значения в производственных, промышленных и коммунально-складских зонах;Остановка общественного транспорта | Нерегулируемый пешеходный переход | Жилые дома индивидуальной застройки;Нерегулируемый пешеходный переход;Отсутствие, плохая различимость горизонтальной разметки проезжей части;Сведения отсутствуют;Ясно;Сухое;Светлое время суток;Режим движения не изменялся;1.0;2.0;0.0;1.0
27.0;16.04.2025;08:16;70.0;51.717093;94.419486;930000813.0;Столкновение;г.Кызыл;;Местного значения (дорога местного значения, включая относящиеся к собственности поселений, муниципальных районов, городских округов);;Улицы и дороги местного значения в жилой застройке;Многоквартирные жилые дома;Иное место;Не установлены;Сведения отсутствуют;Ясно;Сухое;Светлое время суток;Движение частично перекрыто;2.0;3.0;0.0;1.0
28.0;16.04.2025;07:51;500.0;51.176848;90.588005;930000809.0;Столкновение;г.Ак-Довурак;;Местного значения (дорога местного значения, включая относящиеся к собственности поселений, муниципальных районов, городских округов);;Улицы и дороги местного значения научно-производственных промышленных и коммунально-складских районов;Жилые дома индивидуальной застройки;Нерегулируемый перекрёсток неравнозначных улиц (дорог);Не установлены;Сведения отсутствуют;Ясно;Сухое;Светлое время суток;Движение частично перекрыто;2.0;3.0;0.0;1.0
29.0;15.04.2025;15:10;610.0;51.667538;94.83554;930000805.0;Съезд с дороги;Каа-Хемский район;КЫЗЫЛ - САРЫГ-СЕП;Региональная или межмуниципальная (дорога регионального или межмуниципального значения);5.0;Вне НП;Отсутствие в непосредственной близости объектов УДС и объектов притяжения;Перегон (нет объектов на месте ДТП);Не установлены;Сведения отсутствуют;Метель;Сухое;Светлое время суток;Режим движения не изменялся;1.0;1.0;0.0;1.0
30.0;15.04.2025;12:09;820.0;51.697366;94.416783;930000802.0;Наезд на пешехода;г.Кызыл;;Местного значения (дорога местного значения, включая относящиеся к собственности поселений, муниципальных районов, городских округов);;Улицы и дороги местного значения научно-производственных промышленных и коммунально-складских районов;АЗС | Иная образовательная организация | Многоквартирные жилые дома;Нерегулируемый перекрёсток неравнозначных улиц (дорог);Не установлены;Сведения отсутствуют;Ясно;Сухое;Светлое время суток;Движение частично перекрыто;1.0;2.0;0.0;1.0
31.0;14.04.2025;04:00;930.0;51.670652;94.301512;930000795.0;Наезд на препятствие;г.Кызыл;;Местного значения (дорога местного значения, включая относящиеся к собственности поселений, муниципальных районов, городских округов);;Улицы и дороги местного значения в жилой застройке;Жилые дома индивидуальной застройки;Нерегулируемый перекрёсток неравнозначных улиц (дорог);Отсутствие, плохая различимость горизонтальной разметки проезжей части;Сведения отсутствуют;Ясно;Сухое;В темное время суток, освещение включено;Режим движения не изменялся;1.0;4.0;0.0;2.0
32.0;14.04.2025;12:33;610.0;50.289257;90.653086;930000799.0;Опрокидывание;Монгун-Тайгинский район;ХАНДАГАЙТЫ - МУГУР-АКСЫ;Региональная или межмуниципальная (дорога регионального или межмуниципального значения);6.0;Вне НП;Отсутствие в непосредственной близости объектов УДС и объектов притяжения;Перегон (нет объектов на месте ДТП);Дефекты покрытия;Сведения отсутствуют;Ясно;Сухое;Светлое время суток;Режим движения не изменялся;1.0;2.0;0.0;1.0
33.0;13.04.2025;10:15;610.0;50.663445;95.325022;930000787.0;Съезд с дороги;Тес-Хемский район;Кызыл-Эрзин-граница с Монголией;Региональная или межмуниципальная (дорога регионального или межмуниципального значения);5.0;Вне НП;Отсутствие в непосредственной близости объектов УДС и объектов притяжения;Перегон (нет объектов на месте ДТП);Не установлены;Сведения отсутствуют;Ясно;Сухое;Светлое время суток;Режим движения не изменялся;1.0;5.0;0.0;3.0
34.0;13.04.2025;16:05;600.0;52.453682;96.180604;930000790.0;Съезд с дороги;Тоджинский район;Тоора-Хем - Адыр-Кежиг;Региональная или межмуниципальная (дорога регионального или межмуниципального значения);7.0;Вне НП;Отсутствие в непосредственной близости объектов УДС и объектов притяжения;Перегон (нет объектов на месте ДТП);Не установлены;Сведения отсутствуют;Ясно;Сухое;Светлое время суток;Режим движения не изменялся;1.0;4.0;0.0;4.0
35.0;13.04.2025;05:45;610.0;51.893391;94.476746;930000785.0;Съезд с дороги;Кызылский район;Кара-Хаак - Черби;Региональная или межмуниципальная (дорога регионального или межмуниципального значения);6.0;Вне НП;Отсутствие в непосредственной близости объектов УДС и объектов притяжения;Мост, эстакада, путепровод;Отсутствие дорожных знаков в необходимых местах;Сведения отсутствуют;Ясно;Сухое;Светлое время суток;Режим движения не изменялся;1.0;2.0;0.0;1.0
36.0;12.04.2025;00:06;130.0;51.79001;94.454398;930000773.0;Столкновение;г.Кызыл;Подъезд к С.КАРА-ХААК;Региональная или межмуниципальная (дорога регионального или межмуниципального значения);5.0;;Жилые дома индивидуальной застройки;Перегон (нет объектов на месте ДТП);Отсутствие, плохая различимость горизонтальной разметки проезжей части | Отсутствие освещения;Сведения отсутствуют;Ясно;Сухое;В темное время суток, освещение отсутствует;Режим движения не изменялся;2.0;3.0;0.0;2.0
37.0;12.04.2025;01:05;610.0;52.05819;93.6551;930000772.0;Съезд с дороги;Пий-Хемский район;Подъезд к с.Хадын;Региональная или межмуниципальная (дорога регионального или межмуниципального значения);5.0;Вне НП;Отсутствие в непосредственной близости объектов УДС и объектов притяжения;Перегон (нет объектов на месте ДТП);Дефекты покрытия;Сведения отсутствуют;Ясно;Сухое;В темное время суток, освещение отсутствует;Режим движения не изменялся;1.0;2.0;0.0;2.0
38.0;12.04.2025;06:09;610.0;52.141653;93.89607;930000774.0;Съезд с дороги;Пий-Хемский район;Р-257 Енисей Красноярск - Абакан - Кызыл - граница с Монголией;Федеральная (дорога федерального значения);5.0;Вне НП;Отсутствие в непосредственной близости объектов УДС и объектов притяжения;Перегон (нет объектов на месте ДТП);Не установлены;Сведения отсутствуют;Ясно;Сухое;Сумерки;Режим движения не изменялся;1.0;4.0;0.0;3.0
39.0;11.04.2025;23:20;830.0;51.133235;93.712671;930000769.0;Наезд на пешехода;Чеди-Хольский район;;Местного значения (дорога местного значения, включая относящиеся к собственности поселений, муниципальных районов, городских округов);;Улицы и дороги местного значения научно-производственных промышленных и коммунально-складских районов;Многоквартирные жилые дома;Нерегулируемый перекрёсток неравнозначных улиц (дорог);Отсутствие, плохая различимость горизонтальной разметки проезжей части | Иные недостатки;Сведения отсутствуют;Ясно;Сухое;В темное время суток, освещение отсутствует;Режим движения не изменялся;1.0;2.0;0.0;1.0
40.0;11.04.2025;23:04;830.0;51.7644;94.445257;930000771.0;Наезд на пешехода;г.Кызыл;Подъезд к С.КАРА-ХААК;Региональная или межмуниципальная (дорога регионального или межмуниципального значения);5.0;;Остановка общественного транспорта;Остановка общественного транспорта;Отсутствие, плохая различимость горизонтальной разметки проезжей части | Отсутствие освещения;Сведения отсутствуют;Ясно;Сухое;В темное время суток, освещение отсутствует;Режим движения не изменялся;1.0;2.0;0.0;1.0
41.0;11.04.2025;17:35;990.0;50.326779;90.434303;930000768.0;Съезд с дороги;Монгун-Тайгинский район;ХАНДАГАЙТЫ - МУГУР-АКСЫ;Региональная или межмуниципальная (дорога регионального или межмуниципального значения);5.0;Вне НП;Отсутствие в непосредственной близости объектов УДС и объектов притяжения;Перегон (нет объектов на месте ДТП);Дефекты покрытия;Сведения отсутствуют;Ясно;Сухое;В темное время суток, освещение отсутствует;Режим движения не изменялся;1.0;2.0;0.0;1.0
42.0;10.04.2025;21:00;910.0;51.705558;94.46252;930000765.0;Наезд на стоящее ТС;г.Кызыл;;Местного значения (дорога местного значения, включая относящиеся к собственности поселений, муниципальных районов, городских округов);;Улицы и дороги местного значения в жилой застройке;Жилые дома индивидуальной застройки | Многоквартирные жилые дома;Перегон (нет объектов на месте ДТП);Не установлены;Сведения отсутствуют;Пасмурно;Сухое;В темное время суток, освещение включено;Движение частично перекрыто;3.0;4.0;0.0;2.0
43.0;10.04.2025;16:36;50.0;51.665848;94.308658;930000757.0;Столкновение;г.Кызыл;;Местного значения (дорога местного значения, включая относящиеся к собственности поселений, муниципальных районов, городских округов);;Улицы и дороги местного значения в жилой застройке;Жилые дома индивидуальной застройки;Нерегулируемый перекрёсток неравнозначных улиц (дорог);Не установлены;Сведения отсутствуют;Ясно;Сухое;Светлое время суток;Режим движения не изменялся;2.0;3.0;0.0;2.0
44.0;10.04.2025;16:37;430.0;51.669329;94.303615;930000758.0;Столкновение;г.Кызыл;;Местного значения (дорога местного значения, включая относящиеся к собственности поселений, муниципальных районов, городских округов);;Улицы и дороги местного значения в жилой застройке;Крупный торговый объект (являющийся объектом массового тяготения пешеходов и (или) транспорта) | Жилые дома индивидуальной застройки;Нерегулируемый перекрёсток неравнозначных улиц (дорог);Не установлены;Сведения отсутствуют;Ясно;Сухое;Светлое время суток;Движение частично перекрыто;4.0;4.0;0.0;1.0
45.0;09.04.2025;09:20;730.0;51.710285;94.423188;930000748.0;Наезд на пешехода;г.Кызыл;;Местного значения (дорога местного значения, включая относящиеся к собственности поселений, муниципальных районов, городских округов);;Улицы и дороги местного значения в жилой застройке;Школа либо иная детская (в т.ч. дошкольная) организация | Административные здания | Медицинские (лечебные) организации | Жилые дома индивидуальной застройки;Нерегулируемый пешеходный переход | Нерегулируемый перекрёсток неравнозначных улиц (дорог);Отсутствие, плохая различимость горизонтальной разметки проезжей части;Сведения отсутствуют;Ясно;Сухое;Светлое время суток;Движение частично перекрыто;1.0;3.0;0.0;2.0
46.0;09.04.2025;13:09;910.0;51.681716;94.32386;930000750.0;Наезд на стоящее ТС;г.Кызыл;;Местного значения (дорога местного значения, включая относящиеся к собственности поселений, муниципальных районов, городских округов);;Улицы и дороги местного значения в жилой застройке;Административные здания | Жилые дома индивидуальной застройки;Перегон (нет объектов на месте ДТП) | Нерегулируемый перекрёсток неравнозначных улиц (дорог);Не установлены;Сведения отсутствуют;Пасмурно;Сухое;Светлое время суток;Движение частично перекрыто;2.0;2.0;0.0;1.0
47.0;09.04.2025;09:10;610.0;51.282494;91.384771;930000749.0;Съезд с дороги;Дзун-Хемчикский район;А162-Г.КЫЗЫЛ - Г.АК-ДОВУРАК;Региональная или межмуниципальная (дорога регионального или межмуниципального значения);6.0;Вне НП;Отсутствие в непосредственной близости объектов УДС и объектов притяжения;Перегон (нет объектов на месте ДТП);Не установлены;Сведения отсутствуют;Ясно;Сухое;Светлое время суток;Режим движения не изменялся;1.0;2.0;0.0;1.0
48.0;08.04.2025;15:41;200.0;51.708896;94.451523;930000743.0;Столкновение;г.Кызыл;;Местного значения (дорога местного значения, включая относящиеся к собственности поселений, муниципальных районов, городских округов);;Улицы и дороги местного значения научно-производственных промышленных и коммунально-складских районов;Жилые дома индивидуальной застройки;Регулируемый перекресток;Не установлены;Сведения отсутствуют;Ясно;Сухое;Светлое время суток;Движение частично перекрыто;2.0;3.0;0.0;1.0
49.0;08.04.2025;23:40;610.0;51.314627;91.932821;930000745.0;Съезд с дороги;Дзун-Хемчикский район;Р-257 Енисей Красноярск - Абакан - Кызыл - граница с Монголией;Федеральная (дорога федерального значения);6.0;Вне НП;Отсутствие в непосредственной близости объектов УДС и объектов притяжения;Перегон (нет объектов на месте ДТП);Не установлены;Сведения отсутствуют;Ясно;Сухое;В темное время суток, освещение отсутствует;Режим движения не изменялся;1.0;4.0;1.0;3.0
50.0;08.04.2025;12:43;610.0;51.469212;92.302074;930000741.0;Съезд с дороги;Чаа-Хольский район;ПОДЪЕЗД К с. ЧАА-ХОЛЬ;Региональная или межмуниципальная (дорога регионального или межмуниципального значения);5.0;Вне НП;Отсутствие в непосредственной близости объектов УДС и объектов притяжения;Перегон (нет объектов на месте ДТП);Не установлены;Сведения отсутствуют;Ясно;Сухое;Светлое время суток;Режим движения не изменялся;1.0;1.0;0.0;1.0
51.0;08.04.2025;07:52;70.0;51.769619;94.45045;930000740.0;Столкновение;г.Кызыл;Подъезд к С.КАРА-ХААК;Региональная или межмуниципальная (дорога регионального или межмуниципального значения);5.0;;Жилые дома индивидуальной застройки;Остановка общественного транспорта;Отсутствие, плохая различимость горизонтальной разметки проезжей части;Сведения отсутствуют;Ясно;Сухое;Светлое время суток;Режим движения не изменялся;2.0;3.0;0.0;3.0
52.0;07.04.2025;21:04;940.0;51.163629;91.556282;930000737.0;Наезд на препятствие;Дзун-Хемчикский район;Р-257 Енисей Красноярск - Абакан - Кызыл - граница с Монголией;Федеральная (дорога федерального значения);5.0;Вне НП;Отсутствие в непосредственной близости объектов УДС и объектов притяжения;Перегон (нет объектов на месте ДТП);Не установлены;Сведения отсутствуют;Ясно;Сухое;В темное время суток, освещение отсутствует;Режим движения не изменялся;1.0;1.0;0.0;1.0
53.0;07.04.2025;21:50;200.0;51.551886;93.793631;930000738.0;Столкновение;Тандинский район;Р-257 Енисей Красноярск - Абакан - Кызыл - граница с Монголией;Федеральная (дорога федерального значения);5.0;Вне НП;Отсутствие в непосредственной близости объектов УДС и объектов притяжения;Перегон (нет объектов на месте ДТП);Не установлены;Сведения отсутствуют;Ясно;Сухое;В темное время суток, освещение отсутствует;Режим движения не изменялся;2.0;3.0;0.0;1.0
54.0;04.04.2025;19:05;600.0;51.529185;95.462716;930000711.0;Съезд с дороги;Каа-Хемский район;КЫЗЫЛ - САРЫГ-СЕП;Региональная или межмуниципальная (дорога регионального или межмуниципального значения);5.0;Вне НП;Отсутствие в непосредственной близости объектов УДС и объектов притяжения;Перегон (нет объектов на месте ДТП);Не установлены;Сведения отсутствуют;Ясно;Сухое;Сумерки;Режим движения не изменялся;1.0;2.0;1.0;1.0
55.0;04.04.2025;19:30;820.0;51.782225;94.453379;930000712.0;Наезд на пешехода;г.Кызыл;Подъезд к С.КАРА-ХААК;Региональная или межмуниципальная (дорога регионального или межмуниципального значения);5.0;;Административные здания | Жилые дома индивидуальной застройки;Нерегулируемый перекрёсток неравнозначных улиц (дорог);Отсутствие освещения;Сведения отсутствуют;Ясно;Сухое;В темное время суток, освещение не включено;Режим движения не изменялся;1.0;3.0;0.0;1.0
56.0;04.04.2025;16:16;780.0;51.708264;94.43603;930000709.0;Наезд на пешехода;г.Кызыл;;Местного значения (дорога местного значения, включая относящиеся к собственности поселений, муниципальных районов, городских округов);;Улицы и дороги местного значения в жилой застройке;АЗС | Административные здания | Регулируемый пешеходный переход | Многоквартирные жилые дома;Регулируемый перекресток;Отсутствие, плохая различимость горизонтальной разметки проезжей части;Сведения отсутствуют;Ясно;Сухое;Светлое время суток;Движение частично перекрыто;1.0;3.0;0.0;2.0
57.0;04.04.2025;16:52;730.0;51.719166;94.438123;930000710.0;Наезд на пешехода;г.Кызыл;;Местного значения (дорога местного значения, включая относящиеся к собственности поселений, муниципальных районов, городских округов);;Улицы и дороги местного значения в жилой застройке;Административные здания;Регулируемый пешеходный переход;Не установлены;Участок, контролируемый стационарными камерами автоматической фотовидеофиксации нарушений ПДД, обозначенный соответствующим предупреждающим знаком;Ясно;Сухое;Светлое время суток;Движение частично перекрыто;1.0;2.0;0.0;1.0
58.0;03.04.2025;13:27;500.0;51.703331;94.469697;930000702.0;Столкновение;г.Кызыл;;Местного значения (дорога местного значения, включая относящиеся к собственности поселений, муниципальных районов, городских округов);;Улицы и дороги местного значения в жилой застройке;АЗС | Жилые дома индивидуальной застройки;Нерегулируемый перекрёсток неравнозначных улиц (дорог);Отсутствие, плохая различимость горизонтальной разметки проезжей части;Сведения отсутствуют;Ясно;Сухое;Светлое время суток;Движение частично перекрыто;3.0;4.0;0.0;2.0
59.0;03.04.2025;13:14;300.0;51.699421;94.388319;930000701.0;Столкновение;г.Кызыл;;Местного значения (дорога местного значения, включая относящиеся к собственности поселений, муниципальных районов, городских округов);;Магистральные улицы общегородского значения;Административные здания;Нерегулируемый перекрёсток неравнозначных улиц (дорог);Иные недостатки;Сведения отсутствуют;Ясно;Сухое;Светлое время суток;Движение частично перекрыто;2.0;2.0;0.0;1.0
60.0;02.04.2025;00:55;930.0;52.142025;93.907115;930000688.0;Наезд на препятствие;Пий-Хемский район;;Местного значения (дорога местного значения, включая относящиеся к собственности поселений, муниципальных районов, городских округов);;Улицы и дороги местного значения в жилой застройке;Жилые дома индивидуальной застройки;Нерегулируемый перекрёсток неравнозначных улиц (дорог);Отсутствие, плохая различимость горизонтальной разметки проезжей части | Неисправное освещение;Сведения отсутствуют;Ясно;Сухое;В темное время суток, освещение отсутствует;Движение частично перекрыто;1.0;3.0;0.0;2.0
61.0;02.04.2025;17:29;70.0;51.18011;90.591921;930000694.0;Столкновение;г.Ак-Довурак;;Местного значения (дорога местного значения, включая относящиеся к собственности поселений, муниципальных районов, городских округов);;Магистральные улицы районного значения;Административные здания | Жилые дома индивидуальной застройки;Нерегулируемый перекрёсток неравнозначных улиц (дорог);Не установлены;Сведения отсутствуют;Ясно;Сухое;Светлое время суток;Режим движения не изменялся;3.0;3.0;0.0;1.0
1.0;31.05.2025;19:12;610.0;50.381884;90.435752;930001158.0;Опрокидывание;Монгун-Тайгинский район;;Местного значения (дорога местного значения, включая относящиеся к собственности поселений, муниципальных районов, городских округов);;Поселковые дороги;Жилые дома индивидуальной застройки;Перегон (нет объектов на месте ДТП);Не установлены;Сведения отсутствуют;Ясно;Пыльное;Светлое время суток;Режим движения не изменялся;1.0;2.0;1.0;1.0
2.0;31.05.2025;18:30;830.0;51.256409;94.323206;930001159.0;Наезд на пешехода;Тандинский район;;Местного значения (дорога местного значения, включая относящиеся к собственности поселений, муниципальных районов, городских округов);;Поселковые дороги;Жилые дома индивидуальной застройки;Перегон (нет объектов на месте ДТП);Не установлены;Сведения отсутствуют;Ясно;Сухое;Светлое время суток;Режим движения не изменялся;1.0;2.0;0.0;1.0
3.0;28.05.2025;14:02;720.0;51.718162;94.427544;930001136.0;Наезд на велосипедиста;г.Кызыл;;Местного значения (дорога местного значения, включая относящиеся к собственности поселений, муниципальных районов, городских округов);;Улицы и дороги местного значения в жилой застройке;Многоквартирные жилые дома;Регулируемый пешеходный переход | Регулируемый перекресток;Не установлены;Сведения отсутствуют;Ясно;Сухое;Светлое время суток;Движение частично перекрыто;2.0;2.0;0.0;1.0
4.0;28.05.2025;15:58;600.0;51.082471;91.014798;930001137.0;Опрокидывание;Дзун-Хемчикский район;ЧЫРАА-БАЖЫ - ЧЫРГАКЫ;Региональная или межмуниципальная (дорога регионального или межмуниципального значения);5.0;Вне НП;Отсутствие в непосредственной близости объектов УДС и объектов притяжения;Перегон (нет объектов на месте ДТП);Не установлены;Сведения отсутствуют;Пасмурно;Пыльное;Светлое время суток;Режим движения не изменялся;1.0;3.0;0.0;3.0
5.0;28.05.2025;11:33;500.0;50.597506;94.997524;930001134.0;Столкновение;Тес-Хемский район;;Местного значения (дорога местного значения, включая относящиеся к собственности поселений, муниципальных районов, городских округов);;Поселковые дороги;Жилые дома индивидуальной застройки;Нерегулируемый перекрёсток неравнозначных улиц (дорог);Отсутствие дорожных знаков в необходимых местах;Сведения отсутствуют;Ясно;Сухое;Светлое время суток;Движение частично перекрыто;2.0;3.0;0.0;1.0
6.0;27.05.2025;09:10;750.0;51.720641;94.405035;930001120.0;Наезд на пешехода;г.Кызыл;;Местного значения (дорога местного значения, включая относящиеся к собственности поселений, муниципальных районов, городских округов);;Улицы и дороги местного значения научно-производственных промышленных и коммунально-складских районов;Нерегулируемый пешеходный переход | Многоквартирные жилые дома;Нерегулируемый пешеходный переход;Отсутствие временных ТСОД в местах проведения работ;Сведения отсутствуют;Ясно;Сухое;Светлое время суток;Движение частично перекрыто;1.0;2.0;0.0;1.0
7.0;26.05.2025;06:57;610.0;50.139395;95.306268;930001106.0;Опрокидывание;Эрзинский район;Кызыл-Эрзин-граница с Монголией;Региональная или межмуниципальная (дорога регионального или межмуниципального значения);5.0;Вне НП;Отсутствие в непосредственной близости объектов УДС и объектов притяжения;Перегон (нет объектов на месте ДТП);Не установлены;Сведения отсутствуют;Ясно;Сухое;Светлое время суток;Режим движения не изменялся;1.0;5.0;1.0;2.0
8.0;26.05.2025;16:28;300.0;51.704015;94.428563;930001116.0;Столкновение;г.Кызыл;;Местного значения (дорога местного значения, включая относящиеся к собственности поселений, муниципальных районов, городских округов);;Магистральные улицы общегородского значения;Регулируемый пешеходный переход | Жилые дома индивидуальной застройки;Регулируемый перекресток;Не установлены;Сведения отсутствуют;Ясно;Сухое;Светлое время суток;Движение частично перекрыто;2.0;2.0;0.0;1.0
9.0;26.05.2025;10:30;610.0;51.291345;94.69363;930001111.0;Опрокидывание;Тандинский район;Подъезд к с.Бай-Хаак;Региональная или межмуниципальная (дорога регионального или межмуниципального значения);5.0;Вне НП;Отсутствие в непосредственной близости объектов УДС и объектов притяжения;Перегон (нет объектов на месте ДТП);Не установлены;Сведения отсутствуют;Ясно;Сухое;Светлое время суток;Режим движения не изменялся;1.0;2.0;0.0;2.0
10.0;26.05.2025;16:25;600.0;51.529278;92.356911;930001117.0;Опрокидывание;Чаа-Хольский район;Чаа-Холь - Шанчы;Региональная или межмуниципальная (дорога регионального или межмуниципального значения);5.0;Вне НП;Отсутствие в непосредственной близости объектов УДС и объектов притяжения;Перегон (нет объектов на месте ДТП);Не установлены;Сведения отсутствуют;Ясно;Сухое;Светлое время суток;Режим движения не изменялся;1.0;1.0;0.0;1.0
11.0;26.05.2025;12:40;880.0;51.146483;90.584486;930001114.0;Наезд на пешехода;Барун-Хемчикский район;;Местного значения (дорога местного значения, включая относящиеся к собственности поселений, муниципальных районов, городских округов);;Иные места;Объект торговли, общественного питания на автодороге вне НП | Жилые дома индивидуальной застройки;Перегон (нет объектов на месте ДТП);Не установлены;Сведения отсутствуют;Ясно;Сухое;Светлое время суток;Режим движения не изменялся;1.0;2.0;0.0;1.0
12.0;26.05.2025;19:20;820.0;51.721446;94.432104;930001118.0;Наезд на пешехода;г.Кызыл;;Местного значения (дорога местного значения, включая относящиеся к собственности поселений, муниципальных районов, городских округов);;Улицы и дороги местного значения научно-производственных промышленных и коммунально-складских районов;Медицинские (лечебные) организации | Жилые дома индивидуальной застройки | Многоквартирные жилые дома;Перегон (нет объектов на месте ДТП);Отсутствие, плохая различимость горизонтальной разметки проезжей части;Сведения отсутствуют;Ясно;Сухое;Светлое время суток;Движение частично перекрыто;1.0;2.0;0.0;1.0
13.0;25.05.2025;23:00;830.0;52.058058;94.142876;930001103.0;Наезд на пешехода;Пий-Хемский район;Р-257 Енисей Красноярск - Абакан - Кызыл - граница с Монголией;Федеральная (дорога федерального значения);5.0;Вне НП;Отсутствие в непосредственной близости объектов УДС и объектов притяжения;Перегон (нет объектов на месте ДТП);Не установлены;Сведения отсутствуют;Ясно;Сухое;В темное время суток, освещение отсутствует;Движение частично перекрыто;1.0;2.0;1.0;0.0
14.0;25.05.2025;12:51;600.0;51.555075;93.060379;930001101.0;Съезд с дороги;Улуг-Хемский район;Р-257 Енисей Красноярск - Абакан - Кызыл - граница с Монголией;Федеральная (дорога федерального значения);5.0;Вне НП;Отсутствие в непосредственной близости объектов УДС и объектов притяжения;Перегон (нет объектов на месте ДТП);Не установлены;Сведения отсутствуют;Ясно;Сухое;Светлое время суток;Режим движения не изменялся;1.0;2.0;0.0;1.0
15.0;24.05.2025;17:13;500.0;51.713483;94.437522;930001095.0;Столкновение;г.Кызыл;;Местного значения (дорога местного значения, включая относящиеся к собственности поселений, муниципальных районов, городских округов);;Улицы и дороги местного значения в жилой застройке;Жилые дома индивидуальной застройки;Нерегулируемый перекрёсток неравнозначных улиц (дорог);Не установлены;Участок, оборудованный искусственными неровностями;Ясно;Сухое;Светлое время суток;Движение частично перекрыто;2.0;8.0;0.0;6.0
16.0;24.05.2025;17:15;610.0;51.644731;94.986939;930001096.0;Опрокидывание;Каа-Хемский район;;Местного значения (дорога местного значения, включая относящиеся к собственности поселений, муниципальных районов, городских округов);;Вне НП;Отсутствие в непосредственной близости объектов УДС и объектов притяжения;Перегон (нет объектов на месте ДТП);Не установлены;Сведения отсутствуют;Ясно;Пыльное;Светлое время суток;Режим движения не изменялся;1.0;1.0;0.0;1.0
17.0;21.05.2025;20:53;70.0;51.685767;94.39923;930001076.0;Столкновение;г.Кызыл;Кызыл-Эрзин-граница с Монголией;Региональная или межмуниципальная (дорога регионального или межмуниципального значения);6.0;;Иная образовательная организация;Перегон (нет объектов на месте ДТП);Не установлены;Сведения отсутствуют;Ясно;Сухое;В темное время суток, освещение отсутствует;Режим движения не изменялся;2.0;3.0;0.0;2.0
18.0;18.05.2025;22:56;70.0;51.731831;94.411608;930001057.0;Столкновение;г.Кызыл;;Местного значения (дорога местного значения, включая относящиеся к собственности поселений, муниципальных районов, городских округов);;Улицы и дороги местного значения в жилой застройке;АЗС;Остановка общественного транспорта;Не установлены;Сведения отсутствуют;Пасмурно;Мокрое;В темное время суток, освещение включено;Движение частично перекрыто;2.0;3.0;0.0;1.0
19.0;18.05.2025;23:42;900.0;51.715789;94.415528;930001058.0;Наезд на животное;г.Кызыл;;Местного значения (дорога местного значения, включая относящиеся к собственности поселений, муниципальных районов, городских округов);;Улицы и дороги местного значения в жилой застройке;Жилые дома индивидуальной застройки | Объект строительства;Перегон (нет объектов на месте ДТП);Дефекты покрытия;Сведения отсутствуют;Пасмурно;Мокрое;В темное время суток, освещение включено;Движение частично перекрыто;1.0;2.0;0.0;1.0
20.0;18.05.2025;22:34;300.0;51.717039;94.445654;930001056.0;Столкновение;г.Кызыл;;Местного значения (дорога местного значения, включая относящиеся к собственности поселений, муниципальных районов, городских округов);;Магистральные улицы общегородского значения;Крупный торговый объект (являющийся объектом массового тяготения пешеходов и (или) транспорта);Нерегулируемый пешеходный переход | Нерегулируемый перекрёсток неравнозначных улиц (дорог);Не установлены;Сведения отсутствуют;Пасмурно;Мокрое;В темное время суток, освещение включено;Движение частично перекрыто;2.0;3.0;0.0;2.0
21.0;18.05.2025;18:00;500.0;51.723067;94.44766;930001053.0;Столкновение;г.Кызыл;;Местного значения (дорога местного значения, включая относящиеся к собственности поселений, муниципальных районов, городских округов);;Улицы и дороги местного значения научно-производственных промышленных и коммунально-складских районов;Крупный торговый объект (являющийся объектом массового тяготения пешеходов и (или) транспорта) | Нерегулируемый перекрёсток;Нерегулируемый пешеходный переход | Нерегулируемый перекрёсток неравнозначных улиц (дорог);Не установлены;Сведения отсутствуют;Ясно;Сухое;Светлое время суток;Движение частично перекрыто;2.0;3.0;1.0;1.0
22.0;18.05.2025;19:44;960.0;51.680958;94.315674;930001054.0;Наезд на велосипедиста;г.Кызыл;;Местного значения (дорога местного значения, включая относящиеся к собственности поселений, муниципальных районов, городских округов);;Иные места;Жилые дома индивидуальной застройки;Перегон (нет объектов на месте ДТП);Не установлены;Сведения отсутствуют;Ясно;Мокрое;Светлое время суток;Режим движения не изменялся;2.0;2.0;0.0;1.0
23.0;17.05.2025;15:19;600.0;51.492994;92.315111;930001045.0;Опрокидывание;Чаа-Хольский район;ПОДЪЕЗД К с. ЧАА-ХОЛЬ;Региональная или межмуниципальная (дорога регионального или межмуниципального значения);5.0;Вне НП;Отсутствие в непосредственной близости объектов УДС и объектов притяжения;Перегон (нет объектов на месте ДТП);Не установлены;Сведения отсутствуют;Ясно;Сухое;Светлое время суток;Режим движения не изменялся;1.0;5.0;2.0;3.0
24.0;17.05.2025;12:44;610.0;51.015672;90.197453;930001047.0;Опрокидывание;Бай-Тайгинский район;;Местного значения (дорога местного значения, включая относящиеся к собственности поселений, муниципальных районов, городских округов);;Поселковые дороги;Объект торговли, общественного питания на автодороге вне НП | Административные здания;Нерегулируемый перекрёсток неравнозначных улиц (дорог);Не установлены;Сведения отсутствуют;Пасмурно;Сухое;Светлое время суток;Режим движения не изменялся;1.0;1.0;0.0;1.0
25.0;17.05.2025;09:19;70.0;51.703118;94.526496;930001042.0;Столкновение;г.Кызыл;;Местного значения (дорога местного значения, включая относящиеся к собственности поселений, муниципальных районов, городских округов);;Улицы и дороги местного значения в жилой застройке;Жилые дома индивидуальной застройки;Нерегулируемый пешеходный переход | Нерегулируемый перекрёсток неравнозначных улиц (дорог);Не установлены;Сведения отсутствуют;Пасмурно;Сухое;Светлое время суток;Движение частично перекрыто;2.0;2.0;0.0;2.0
26.0;16.05.2025;20:50;730.0;51.717876;94.438326;930001039.0;Наезд на пешехода;г.Кызыл;;Местного значения (дорога местного значения, включая относящиеся к собственности поселений, муниципальных районов, городских округов);;Магистральные улицы общегородского значения;Крупный торговый объект (являющийся объектом массового тяготения пешеходов и (или) транспорта);Нерегулируемый пешеходный переход;Не установлены;Сведения отсутствуют;Пасмурно;Сухое;В темное время суток, освещение включено;Режим движения не изменялся;1.0;2.0;0.0;1.0
27.0;16.05.2025;01:18;600.0;51.537147;92.871863;930001030.0;Съезд с дороги;Улуг-Хемский район;Подъезд к арб.Кок-Чыраа;Региональная или межмуниципальная (дорога регионального или межмуниципального значения);5.0;Вне НП;Отсутствие в непосредственной близости объектов УДС и объектов притяжения;Перегон (нет объектов на месте ДТП);Не установлены;Сведения отсутствуют;Ясно;Сухое;В темное время суток, освещение отсутствует;Режим движения не изменялся;1.0;2.0;0.0;2.0
28.0;15.05.2025;12:06;740.0;51.697426;94.557309;930001023.0;Наезд на пешехода;Кызылский район;;Местного значения (дорога местного значения, включая относящиеся к собственности поселений, муниципальных районов, городских округов);;Улицы и дороги местного значения научно-производственных промышленных и коммунально-складских районов;Медицинские (лечебные) организации | Жилые дома индивидуальной застройки;Нерегулируемый пешеходный переход;Не установлены;Сведения отсутствуют;Пасмурно;Сухое;Светлое время суток;Движение частично перекрыто;1.0;3.0;2.0;0.0
29.0;15.05.2025;17:56;740.0;51.716088;94.483151;930001027.0;Наезд на велосипедиста;г.Кызыл;;Местного значения (дорога местного значения, включая относящиеся к собственности поселений, муниципальных районов, городских округов);;Магистральные улицы общегородского значения;Многоквартирные жилые дома;Регулируемый пешеходный переход;Не установлены;Сведения отсутствуют;Ясно;Сухое;Светлое время суток;Движение частично перекрыто;2.0;2.0;0.0;1.0
30.0;15.05.2025;16:40;600.0;51.423999;95.645707;930001026.0;Съезд с дороги;Каа-Хемский район;ПОДЪЕЗД К С.УСТЬ-БУРЕН;Региональная или межмуниципальная (дорога регионального или межмуниципального значения);5.0;Вне НП;Отсутствие в непосредственной близости объектов УДС и объектов притяжения;Перегон (нет объектов на месте ДТП);Не установлены;Сведения отсутствуют;Ясно;Сухое;Светлое время суток;Режим движения не изменялся;1.0;2.0;0.0;2.0
31.0;15.05.2025;22:35;820.0;51.284534;91.585572;930001029.0;Наезд на пешехода;Дзун-Хемчикский район;;Местного значения (дорога местного значения, включая относящиеся к собственности поселений, муниципальных районов, городских округов);;Улицы и дороги местного значения в жилой застройке;Отсутствие в непосредственной близости объектов УДС и объектов притяжения;Перегон (нет объектов на месте ДТП);Не установлены;Сведения отсутствуют;Ясно;Сухое;Светлое время суток;Режим движения не изменялся;1.0;2.0;0.0;1.0
32.0;14.05.2025;07:53;600.0;51.623998;94.449162;930001015.0;Съезд с дороги;Кызылский район;Кызыл-Эрзин-граница с Монголией;Региональная или межмуниципальная (дорога регионального или межмуниципального значения);5.0;Вне НП;Отсутствие в непосредственной близости объектов УДС и объектов притяжения;Перегон (нет объектов на месте ДТП);Не установлены;Сведения отсутствуют;Дождь;Мокрое;Светлое время суток;Режим движения не изменялся;1.0;5.0;1.0;4.0
33.0;14.05.2025;18:05;50.0;51.719006;94.445086;930001019.0;Столкновение;г.Кызыл;;Местного значения (дорога местного значения, включая относящиеся к собственности поселений, муниципальных районов, городских округов);;Магистральные улицы общегородского значения;Крупный торговый объект (являющийся объектом массового тяготения пешеходов и (или) транспорта) | Нерегулируемый пешеходный переход;Перегон (нет объектов на месте ДТП);Не установлены;Сведения отсутствуют;Ясно;Сухое;Светлое время суток;Режим движения не изменялся;3.0;3.0;0.0;1.0
34.0;14.05.2025;21:09;70.0;51.715291;94.488387;930001021.0;Столкновение;г.Кызыл;;Местного значения (дорога местного значения, включая относящиеся к собственности поселений, муниципальных районов, городских округов);;Магистральные улицы общегородского значения;Регулируемый пешеходный переход;Регулируемый перекресток;Не установлены;Сведения отсутствуют;Ясно;Сухое;В темное время суток, освещение включено;Движение частично перекрыто;2.0;3.0;0.0;1.0
35.0;14.05.2025;10:05;500.0;51.495111;95.5489;930001017.0;Столкновение;Каа-Хемский район;;Местного значения (дорога местного значения, включая относящиеся к собственности поселений, муниципальных районов, городских округов);;Главные улицы;Отсутствие в непосредственной близости объектов УДС и объектов притяжения;Нерегулируемый перекрёсток неравнозначных улиц (дорог);Не установлены;Сведения отсутствуют;Пасмурно;Мокрое;Светлое время суток;Движение частично перекрыто;2.0;3.0;0.0;2.0
36.0;13.05.2025;13:50;70.0;51.244537;94.342346;930001011.0;Столкновение;Тандинский район;Подъезд к с.Межегей;Региональная или межмуниципальная (дорога регионального или межмуниципального значения);5.0;Вне НП;Отсутствие в непосредственной близости объектов УДС и объектов притяжения;Перегон (нет объектов на месте ДТП);Не установлены;Сведения отсутствуют;Ясно;Сухое;Светлое время суток;Движение частично перекрыто;2.0;2.0;0.0;2.0
37.0;13.05.2025;16:03;60.0;51.716321;94.452435;930001009.0;Столкновение;г.Кызыл;;Местного значения (дорога местного значения, включая относящиеся к собственности поселений, муниципальных районов, городских округов);;Улицы и дороги местного значения в жилой застройке;Жилые дома индивидуальной застройки;Нерегулируемый перекрёсток неравнозначных улиц (дорог);Не установлены;Сведения отсутствуют;Ясно;Сухое;Светлое время суток;Движение частично перекрыто;2.0;4.0;0.0;2.0
38.0;12.05.2025;03:48;70.0;50.593675;94.99725;930000998.0;Столкновение;Тес-Хемский район;;Местного значения (дорога местного значения, включая относящиеся к собственности поселений, муниципальных районов, городских округов);;Главные улицы;Жилые дома индивидуальной застройки;Перегон (нет объектов на месте ДТП);Не установлены;Сведения отсутствуют;Дождь;Мокрое;В темное время суток, освещение отсутствует;Движение частично перекрыто;2.0;3.0;0.0;1.0
39.0;12.05.2025;08:40;830.0;51.160874;94.466463;930001001.0;Наезд на пешехода;Тандинский район;;Местного значения (дорога местного значения, включая относящиеся к собственности поселений, муниципальных районов, городских округов);;Главные улицы;Нерегулируемый пешеходный переход;Нерегулируемый перекрёсток неравнозначных улиц (дорог);Не установлены;Сведения отсутствуют;Дождь;Мокрое;Светлое время суток;Движение частично перекрыто;1.0;2.0;0.0;1.0
40.0;11.05.2025;15:54;690.0;51.128428;93.717198;930000993.0;Наезд на пешехода;Чеди-Хольский район;;Местного значения (дорога местного значения, включая относящиеся к собственности поселений, муниципальных районов, городских округов);;Иные места;Жилые дома индивидуальной застройки;Внутридворовая территория;Не установлены;Сведения отсутствуют;Ясно;Сухое;Светлое время суток;Режим движения не изменялся;1.0;2.0;0.0;1.0
41.0;11.05.2025;17:01;800.0;51.64831;94.269369;930000994.0;Наезд на пешехода;Кызылский район;;Местного значения (дорога местного значения, включая относящиеся к собственности поселений, муниципальных районов, городских округов);;Поселковые дороги;Иная образовательная организация | Жилые дома индивидуальной застройки;Перегон (нет объектов на месте ДТП);Не установлены;Сведения отсутствуют;Ясно;Сухое;Светлое время суток;Движение частично перекрыто;2.0;2.0;0.0;1.0
42.0;10.05.2025;20:52;740.0;51.702978;94.527762;930000989.0;Наезд на пешехода;г.Кызыл;;Местного значения (дорога местного значения, включая относящиеся к собственности поселений, муниципальных районов, городских округов);;Магистральные улицы общегородского значения;Жилые дома индивидуальной застройки;Нерегулируемый пешеходный переход | Нерегулируемый перекрёсток неравнозначных улиц (дорог);Не установлены;Сведения отсутствуют;Пасмурно;Сухое;В темное время суток, освещение включено;Движение частично перекрыто;1.0;2.0;0.0;1.0
43.0;10.05.2025;21:44;820.0;51.694008;94.37037;930000990.0;Наезд на пешехода;г.Кызыл;;Местного значения (дорога местного значения, включая относящиеся к собственности поселений, муниципальных районов, городских округов);;Магистральные улицы общегородского значения;Административные здания;АЗС;Отсутствие освещения;Сведения отсутствуют;Пасмурно;Сухое;В темное время суток, освещение включено;Движение частично перекрыто;1.0;2.0;0.0;1.0
44.0;07.05.2025;18:10;600.0;51.55789;93.621111;930000961.0;Съезд с дороги;Кызылский район;Р-257 Енисей Красноярск - Абакан - Кызыл - граница с Монголией;Федеральная (дорога федерального значения);5.0;Вне НП;Отсутствие в непосредственной близости объектов УДС и объектов притяжения;Перегон (нет объектов на месте ДТП);Не установлены;Сведения отсутствуют;Ясно;Сухое;Светлое время суток;Режим движения не изменялся;1.0;5.0;0.0;5.0
45.0;07.05.2025;10:00;600.0;50.383089;90.420517;930000965.0;Опрокидывание;Монгун-Тайгинский район;;Местного значения (дорога местного значения, включая относящиеся к собственности поселений, муниципальных районов, городских округов);;Главные улицы;Жилые дома индивидуальной застройки;Перегон (нет объектов на месте ДТП);Не установлены;Сведения отсутствуют;Ясно;Сухое;Светлое время суток;Режим движения не изменялся;1.0;1.0;0.0;1.0
46.0;06.05.2025;08:12;600.0;51.545494;93.821322;930000949.0;Опрокидывание;Тандинский район;Р-257 Енисей Красноярск - Абакан - Кызыл - граница с Монголией;Федеральная (дорога федерального значения);5.0;Вне НП;Отсутствие в непосредственной близости объектов УДС и объектов притяжения;Перегон (нет объектов на месте ДТП);Не установлены;Сведения отсутствуют;Пасмурно;Мокрое;Светлое время суток;Движение частично перекрыто;1.0;5.0;0.0;4.0
47.0;06.05.2025;20:55;790.0;51.703404;94.434571;930000953.0;Наезд на пешехода;г.Кызыл;;Местного значения (дорога местного значения, включая относящиеся к собственности поселений, муниципальных районов, городских округов);;Улицы и дороги местного значения в жилой застройке;Административные здания;Выезд с прилегающей территории;Не установлены;Сведения отсутствуют;Пасмурно;Мокрое;В темное время суток, освещение включено;Режим движения не изменялся;1.0;2.0;0.0;1.0
48.0;06.05.2025;22:54;500.0;51.69013;94.574411;930000955.0;Столкновение;Кызылский район;;Местного значения (дорога местного значения, включая относящиеся к собственности поселений, муниципальных районов, городских округов);;Поселковые дороги;Жилые дома индивидуальной застройки;Нерегулируемый перекрёсток неравнозначных улиц (дорог);Не установлены;Сведения отсутствуют;Пасмурно;Сухое;В темное время суток, освещение включено;Режим движения не изменялся;2.0;2.0;0.0;1.0
49.0;06.05.2025;22:25;600.0;51.897761;94.48137;930000954.0;Съезд с дороги;Кызылский район;Кара-Хаак - Черби;Региональная или межмуниципальная (дорога регионального или межмуниципального значения);5.0;Вне НП;Отсутствие в непосредственной близости объектов УДС и объектов притяжения;Мост, эстакада, путепровод;Не установлены;Сведения отсутствуют;Пасмурно;Сухое;В темное время суток, освещение отсутствует;Режим движения не изменялся;1.0;1.0;0.0;1.0
50.0;05.05.2025;15:11;500.0;51.700904;94.555367;930000946.0;Столкновение;Кызылский район;;Местного значения (дорога местного значения, включая относящиеся к собственности поселений, муниципальных районов, городских округов);;Поселковые дороги;Жилые дома индивидуальной застройки;Нерегулируемый перекрёсток неравнозначных улиц (дорог);Иные недостатки;Сведения отсутствуют;Ясно;Сухое;Светлое время суток;Движение частично перекрыто;2.0;2.0;0.0;1.0
51.0;05.05.2025;10:28;500.0;51.700779;94.560977;930000944.0;Столкновение;Кызылский район;;Местного значения (дорога местного значения, включая относящиеся к собственности поселений, муниципальных районов, городских округов);;Поселковые дороги;Школа либо иная детская (в т.ч. дошкольная) организация | Жилые дома индивидуальной застройки;Нерегулируемый пешеходный переход | Нерегулируемый перекрёсток неравнозначных улиц (дорог);Не установлены;Сведения отсутствуют;Ясно;Сухое;Светлое время суток;Движение частично перекрыто;2.0;5.0;0.0;3.0
52.0;05.05.2025;17:07;200.0;51.711927;94.312778;930000947.0;Столкновение;Пий-Хемский район;Р-257 Енисей Красноярск - Абакан - Кызыл - граница с Монголией;Федеральная (дорога федерального значения);5.0;Вне НП;Отсутствие в непосредственной близости объектов УДС и объектов притяжения;Перегон (нет объектов на месте ДТП);Не установлены;Сведения отсутствуют;Ясно;Сухое;Светлое время суток;Движение частично перекрыто;2.0;3.0;0.0;3.0
53.0;05.05.2025;10:03;200.0;51.696111;94.562745;930000942.0;Столкновение;Кызылский район;;Местного значения (дорога местного значения, включая относящиеся к собственности поселений, муниципальных районов, городских округов);;Улицы и дороги местного значения научно-производственных промышленных и коммунально-складских районов;Жилые дома индивидуальной застройки;Иное место;Не установлены;Сведения отсутствуют;Ясно;Сухое;Светлое время суток;Движение частично перекрыто;2.0;2.0;1.0;1.0
54.0;04.05.2025;11:00;610.0;51.124395;94.558972;930000935.0;Опрокидывание;Тандинский район;Бай-Хаак - Балгазын;Региональная или межмуниципальная (дорога регионального или межмуниципального значения);5.0;Вне НП;Отсутствие в непосредственной близости объектов УДС и объектов притяжения;Перегон (нет объектов на месте ДТП);Не установлены;Сведения отсутствуют;Ясно;Сухое;Светлое время суток;Режим движения не изменялся;1.0;2.0;0.0;2.0
55.0;04.05.2025;10:56;500.0;51.687902;94.573617;930000934.0;Столкновение;Кызылский район;;Местного значения (дорога местного значения, включая относящиеся к собственности поселений, муниципальных районов, городских округов);;Основные улицы в жилой застройке;Нерегулируемый пешеходный переход | Жилые дома индивидуальной застройки;Нерегулируемый перекрёсток неравнозначных улиц (дорог);Отсутствие, плохая различимость горизонтальной разметки проезжей части | Отсутствие дорожных знаков в необходимых местах | Иные недостатки;Сведения отсутствуют;Ясно;Сухое;Светлое время суток;Движение частично перекрыто;2.0;3.0;0.0;1.0
56.0;04.05.2025;17:16;330.0;51.692219;94.584228;930000936.0;Столкновение;Кызылский район;;Местного значения (дорога местного значения, включая относящиеся к собственности поселений, муниципальных районов, городских округов);;Улицы и дороги местного значения в производственных, промышленных и коммунально-складских зонах;Жилые дома индивидуальной застройки;Нерегулируемый перекрёсток неравнозначных улиц (дорог);Не установлены;Сведения отсутствуют;Ясно;Сухое;Светлое время суток;Движение частично перекрыто;2.0;2.0;0.0;1.0
57.0;02.05.2025;21:47;600.0;51.480728;92.283527;930000929.0;Съезд с дороги;Чаа-Хольский район;;Местного значения (дорога местного значения, включая относящиеся к собственности поселений, муниципальных районов, городских округов);;Вне НП;Отсутствие в непосредственной близости объектов УДС и объектов притяжения;Перегон (нет объектов на месте ДТП);Не установлены;Сведения отсутствуют;Пасмурно;Сухое;В темное время суток, освещение отсутствует;Режим движения не изменялся;1.0;4.0;2.0;2.0
58.0;02.05.2025;07:54;600.0;50.714281;95.309744;930000924.0;Съезд с дороги;Тес-Хемский район;Кызыл-Эрзин-граница с Монголией;Региональная или межмуниципальная (дорога регионального или межмуниципального значения);5.0;Вне НП;Отсутствие в непосредственной близости объектов УДС и объектов притяжения;Перегон (нет объектов на месте ДТП);Не установлены;Сведения отсутствуют;Ясно;Сухое;Светлое время суток;Движение частично перекрыто;1.0;4.0;1.0;3.0
59.0;01.05.2025;08:47;500.0;51.687882;94.57366;930000917.0;Столкновение;Кызылский район;;Местного значения (дорога местного значения, включая относящиеся к собственности поселений, муниципальных районов, городских округов);;Основные улицы в жилой застройке;Жилые дома индивидуальной застройки;Нерегулируемый пешеходный переход | Нерегулируемый перекрёсток неравнозначных улиц (дорог);Отсутствие, плохая различимость горизонтальной разметки проезжей части | Отсутствие дорожных знаков в необходимых местах | Иные недостатки;Сведения отсутствуют;Ясно;Сухое;Светлое время суток;Движение частично перекрыто;2.0;2.0;0.0;1.0
1.0;29.06.2025;21:00;600.0;51.098375;94.618635;930001410.0;Съезд с дороги;Тандинский район;Бай-Хаак - Балгазын;Региональная или межмуниципальная (дорога регионального или межмуниципального значения);5.0;Вне НП;Отсутствие в непосредственной близости объектов УДС и объектов притяжения;Перегон (нет объектов на месте ДТП);Не установлены;Сведения отсутствуют;Пасмурно;Мокрое;Сумерки;Режим движения не изменялся;1.0;5.0;0.0;2.0
2.0;28.06.2025;11:15;690.0;51.67159;94.300214;930001401.0;Наезд на пешехода;г.Кызыл;;Местного значения (дорога местного значения, включая относящиеся к собственности поселений, муниципальных районов, городских округов);;Улицы и дороги местного значения в жилой застройке;Жилые дома индивидуальной застройки;Нерегулируемый перекрёсток неравнозначных улиц (дорог);Не установлены;Сведения отсутствуют;Ясно;Сухое;Светлое время суток;Режим движения не изменялся;1.0;2.0;0.0;1.0
3.0;28.06.2025;06:05;300.0;51.728191;94.410131;930001400.0;Столкновение;г.Кызыл;;Местного значения (дорога местного значения, включая относящиеся к собственности поселений, муниципальных районов, городских округов);;Улицы и дороги местного значения в жилой застройке;АЗС | Административные здания | Жилые дома индивидуальной застройки;Регулируемый пешеходный переход | Регулируемый перекресток;Не установлены;Сведения отсутствуют;Ясно;Сухое;Светлое время суток;Режим движения не изменялся;2.0;4.0;1.0;2.0
4.0;27.06.2025;05:22;610.0;51.82867;94.335759;930001392.0;Съезд с дороги;Пий-Хемский район;Р-257 Енисей Красноярск - Абакан - Кызыл - граница с Монголией;Федеральная (дорога федерального значения);4.0;Вне НП;Отсутствие в непосредственной близости объектов УДС и объектов притяжения;Перегон (нет объектов на месте ДТП);Не установлены;Сведения отсутствуют;Ясно;Сухое;Светлое время суток;Режим движения не изменялся;1.0;3.0;0.0;2.0
5.0;26.06.2025;20:50;600.0;51.058745;94.660389;930001387.0;Съезд с дороги;Тандинский район;Бай-Хаак - Балгазын;Региональная или межмуниципальная (дорога регионального или межмуниципального значения);5.0;Вне НП;Отсутствие в непосредственной близости объектов УДС и объектов притяжения;Перегон (нет объектов на месте ДТП);Не установлены;Сведения отсутствуют;Пасмурно;Сухое;Светлое время суток;Режим движения не изменялся;1.0;2.0;0.0;1.0
6.0;26.06.2025;20:46;740.0;51.711468;94.509898;930001388.0;Наезд на велосипедиста;г.Кызыл;;Местного значения (дорога местного значения, включая относящиеся к собственности поселений, муниципальных районов, городских округов);;Улицы и дороги местного значения в жилой застройке;Остановка общественного транспорта;Нерегулируемый пешеходный переход;Не установлены;Сведения отсутствуют;Ясно;Сухое;Светлое время суток;Режим движения не изменялся;2.0;2.0;0.0;1.0
7.0;25.06.2025;19:50;500.0;51.711967;94.450697;930001375.0;Столкновение;г.Кызыл;;Местного значения (дорога местного значения, включая относящиеся к собственности поселений, муниципальных районов, городских округов);;Улицы и дороги местного значения в жилой застройке;Жилые дома индивидуальной застройки;Нерегулируемый перекрёсток неравнозначных улиц (дорог);Не установлены;Сведения отсутствуют;Ясно;Сухое;Светлое время суток;Режим движения не изменялся;2.0;2.0;0.0;2.0
8.0;24.06.2025;13:44;990.0;51.261593;91.118374;930001370.0;Падение пассажира;Дзун-Хемчикский район;А162-Г.КЫЗЫЛ - Г.АК-ДОВУРАК;Региональная или межмуниципальная (дорога регионального или межмуниципального значения);5.0;Вне НП;Отсутствие в непосредственной близости объектов УДС и объектов притяжения;Перегон (нет объектов на месте ДТП);Не установлены;Сведения отсутствуют;Ясно | Температура выше +30С;Сухое;Светлое время суток;Режим движения не изменялся;1.0;3.0;0.0;1.0
9.0;23.06.2025;17:00;600.0;51.060494;90.288734;930001354.0;Съезд с дороги;Бай-Тайгинский район;Подъезд к с.Тээли;Региональная или межмуниципальная (дорога регионального или межмуниципального значения);5.0;Вне НП;Отсутствие в непосредственной близости объектов УДС и объектов притяжения;Перегон (нет объектов на месте ДТП);Не установлены;Сведения отсутствуют;Пасмурно;Сухое;Светлое время суток;Режим движения не изменялся;1.0;2.0;0.0;1.0
10.0;23.06.2025;17:00;740.0;51.70351;94.47342;930001355.0;Наезд на велосипедиста;г.Кызыл;;Местного значения (дорога местного значения, включая относящиеся к собственности поселений, муниципальных районов, городских округов);;Магистральные улицы общегородского значения;Многоквартирные жилые дома;Регулируемый пешеходный переход | Регулируемый перекресток;Не установлены;Сведения отсутствуют;Ясно;Сухое;Светлое время суток;Движение частично перекрыто;2.0;2.0;0.0;1.0
11.0;22.06.2025;17:01;610.0;51.219566;90.639589;930001349.0;Опрокидывание;Барун-Хемчикский район;;Местного значения (дорога местного значения, включая относящиеся к собственности поселений, муниципальных районов, городских округов);;Иные места;Отсутствие в непосредственной близости объектов УДС и объектов притяжения;Перегон (нет объектов на месте ДТП);Не установлены;Сведения отсутствуют;Ясно | Температура выше +30С;Пыльное;Светлое время суток;Режим движения не изменялся;1.0;1.0;0.0;1.0
12.0;22.06.2025;18:45;700.0;51.7031;94.531127;930001348.0;Наезд на пешехода;г.Кызыл;;Местного значения (дорога местного значения, включая относящиеся к собственности поселений, муниципальных районов, городских округов);;Магистральные улицы общегородского значения;Остановка общественного транспорта | Жилые дома индивидуальной застройки;Нерегулируемый пешеходный переход | Нерегулируемый перекрёсток неравнозначных улиц (дорог);Неудовлетворительное состояние обочин;Участок, оборудованный искусственными неровностями;Ясно | Температура выше +30С;Сухое;Светлое время суток;Движение частично перекрыто;1.0;3.0;2.0;0.0
13.0;22.06.2025;10:47;870.0;51.705133;94.428068;930001347.0;Наезд на пешехода;г.Кызыл;;Местного значения (дорога местного значения, включая относящиеся к собственности поселений, муниципальных районов, городских округов);;Магистральные улицы общегородского значения;Многоквартирные жилые дома;Выезд с прилегающей территории;Не установлены;Сведения отсутствуют;Ясно | Температура выше +30С;Сухое;Светлое время суток;Движение частично перекрыто;1.0;2.0;0.0;1.0
14.0;21.06.2025;11:57;610.0;51.071221;94.651991;930001339.0;Съезд с дороги;Тандинский район;Бай-Хаак - Балгазын;Региональная или межмуниципальная (дорога регионального или межмуниципального значения);5.0;Вне НП;Отсутствие в непосредственной близости объектов УДС и объектов притяжения;Перегон (нет объектов на месте ДТП);Не установлены;Сведения отсутствуют;Ясно;Пыльное;Светлое время суток;Режим движения не изменялся;1.0;2.0;1.0;1.0
15.0;20.06.2025;04:10;610.0;51.292331;92.107551;930001323.0;Опрокидывание;Чаа-Хольский район;Р-257 Енисей Красноярск - Абакан - Кызыл - граница с Монголией;Федеральная (дорога федерального значения);5.0;Вне НП;Отсутствие в непосредственной близости объектов УДС и объектов притяжения;Перегон (нет объектов на месте ДТП);Не установлены;Сведения отсутствуют;Ясно;Сухое;Светлое время суток;Режим движения не изменялся;1.0;4.0;0.0;2.0
16.0;20.06.2025;21:54;200.0;51.322962;91.910462;930001334.0;Столкновение;Дзун-Хемчикский район;Р-257 Енисей Красноярск - Абакан - Кызыл - граница с Монголией;Федеральная (дорога федерального значения);5.0;Вне НП;Отсутствие в непосредственной близости объектов УДС и объектов притяжения;Перегон (нет объектов на месте ДТП);Не установлены;Сведения отсутствуют;Пасмурно;Сухое;В темное время суток, освещение отсутствует;Движение частично перекрыто;2.0;6.0;0.0;5.0
17.0;20.06.2025;10:01;940.0;51.161745;94.470341;930001326.0;Наезд на препятствие;Тандинский район;;Местного значения (дорога местного значения, включая относящиеся к собственности поселений, муниципальных районов, городских округов);;Поселковые дороги;Жилые дома индивидуальной застройки;Перегон (нет объектов на месте ДТП);Не установлены;Сведения отсутствуют;Ясно;Сухое;Светлое время суток;Движение частично перекрыто;1.0;2.0;0.0;1.0
18.0;20.06.2025;01:05;930.0;52.472037;96.120887;930001386.0;Опрокидывание;Тоджинский район;;Местного значения (дорога местного значения, включая относящиеся к собственности поселений, муниципальных районов, городских округов);;Поселковые дороги;Отсутствие в непосредственной близости объектов УДС и объектов притяжения;Перегон (нет объектов на месте ДТП);Не установлены;Сведения отсутствуют;Ясно;Сухое;В темное время суток, освещение отсутствует;Режим движения не изменялся;1.0;1.0;0.0;1.0
19.0;19.06.2025;03:20;830.0;51.82739;94.472144;930001329.0;Наезд на пешехода;г.Кызыл;;Местного значения (дорога местного значения, включая относящиеся к собственности поселений, муниципальных районов, городских округов);;Иные места;Жилые дома индивидуальной застройки;Перегон (нет объектов на месте ДТП);Не установлены;Сведения отсутствуют;Пасмурно;Пыльное;В темное время суток, освещение отсутствует;Режим движения не изменялся;1.0;2.0;0.0;1.0
20.0;19.06.2025;23:25;820.0;51.714473;94.494181;930001320.0;Наезд на пешехода;г.Кызыл;;Местного значения (дорога местного значения, включая относящиеся к собственности поселений, муниципальных районов, городских округов);;Магистральные улицы общегородского значения;Жилые дома индивидуальной застройки;Перегон (нет объектов на месте ДТП);Не установлены;Сведения отсутствуют;Ясно;Сухое;В темное время суток, освещение включено;Движение частично перекрыто;1.0;2.0;0.0;1.0
21.0;18.06.2025;12:06;300.0;51.728198;94.410142;930001312.0;Столкновение;г.Кызыл;;Местного значения (дорога местного значения, включая относящиеся к собственности поселений, муниципальных районов, городских округов);;Улицы и дороги местного значения в жилой застройке;АЗС | Административные здания | Жилые дома индивидуальной застройки;Регулируемый пешеходный переход | Регулируемый перекресток;Не установлены;Сведения отсутствуют;Ясно;Сухое;Светлое время суток;Движение частично перекрыто;2.0;8.0;0.0;4.0
22.0;17.06.2025;18:34;600.0;51.446813;94.558253;930001307.0;Съезд с дороги;Кызылский район;Подъезд к оз. Дус-Холь;Региональная или межмуниципальная (дорога регионального или межмуниципального значения);5.0;Вне НП;Отсутствие в непосредственной близости объектов УДС и объектов притяжения;Перегон (нет объектов на месте ДТП);Отсутствие дорожных знаков в необходимых местах | Иные недостатки;Сведения отсутствуют;Ясно;Сухое;Светлое время суток;Режим движения не изменялся;1.0;3.0;2.0;1.0
23.0;16.06.2025;07:27;610.0;51.556289;93.255515;930001290.0;Съезд с дороги;Улуг-Хемский район;Р-257 Енисей Красноярск - Абакан - Кызыл - граница с Монголией;Федеральная (дорога федерального значения);5.0;Вне НП;Отсутствие в непосредственной близости объектов УДС и объектов притяжения;Перегон (нет объектов на месте ДТП);Не установлены;Сведения отсутствуют;Ясно;Сухое;Светлое время суток;Режим движения не изменялся;1.0;2.0;0.0;2.0
24.0;16.06.2025;06:25;610.0;51.457931;92.777642;930001289.0;Съезд с дороги;Улуг-Хемский район;Р-257 Енисей Красноярск - Абакан - Кызыл - граница с Монголией;Федеральная (дорога федерального значения);5.0;Вне НП;Мост;Перегон (нет объектов на месте ДТП);Не установлены;Сведения отсутствуют;Ясно;Сухое;Светлое время суток;Режим движения не изменялся;1.0;3.0;0.0;3.0
25.0;16.06.2025;03:03;600.0;51.678982;94.349749;930001288.0;Съезд с дороги;г.Кызыл;Р-257 Енисей Красноярск - Абакан - Кызыл - граница с Монголией;Федеральная (дорога федерального значения);5.0;;Мост;Мост, эстакада, путепровод;Не установлены;Сведения отсутствуют;Ясно;Сухое;В темное время суток, освещение включено;Режим движения не изменялся;1.0;3.0;1.0;2.0
26.0;16.06.2025;02:13;850.0;51.721153;94.430677;930001287.0;Наезд на пешехода;г.Кызыл;;Местного значения (дорога местного значения, включая относящиеся к собственности поселений, муниципальных районов, городских округов);;Иные места;Многоквартирные жилые дома;Внутридворовая территория;Не установлены;Сведения отсутствуют;Ясно;Сухое;В темное время суток, освещение включено;Режим движения не изменялся;1.0;2.0;0.0;1.0
27.0;16.06.2025;17:49;740.0;51.715065;94.490093;930001294.0;Наезд на пешехода;г.Кызыл;;Местного значения (дорога местного значения, включая относящиеся к собственности поселений, муниципальных районов, городских округов);;Магистральные улицы общегородского значения;Многоквартирные жилые дома;Регулируемый пешеходный переход;Неисправность светофора;Сведения отсутствуют;Пасмурно;Сухое;Светлое время суток;Движение частично перекрыто;1.0;2.0;0.0;1.0
28.0;16.06.2025;13:50;720.0;51.703154;94.418237;930001483.0;Наезд на велосипедиста;г.Кызыл;;Местного значения (дорога местного значения, включая относящиеся к собственности поселений, муниципальных районов, городских округов);;Магистральные улицы общегородского значения;Многоквартирные жилые дома;Регулируемый пешеходный переход | Регулируемый перекресток;Не установлены;Участок, контролируемый стационарными камерами автоматической фотовидеофиксации нарушений ПДД, обозначенный соответствующим предупреждающим знаком;Ясно;Сухое;Светлое время суток;Режим движения не изменялся;2.0;2.0;0.0;1.0
29.0;15.06.2025;07:27;140.0;51.556876;93.43503;930001280.0;Столкновение;Улуг-Хемский район;Р-257 Енисей Красноярск - Абакан - Кызыл - граница с Монголией;Федеральная (дорога федерального значения);5.0;Вне НП;Отсутствие в непосредственной близости объектов УДС и объектов притяжения;Перегон (нет объектов на месте ДТП);Не установлены;Сведения отсутствуют;Ясно;Сухое;Светлое время суток;Режим движения не изменялся;2.0;7.0;1.0;4.0
30.0;15.06.2025;23:38;910.0;51.292056;91.584628;930001286.0;Наезд на стоящее ТС;Дзун-Хемчикский район;Р-257 Енисей Красноярск - Абакан - Кызыл - граница с Монголией;Федеральная (дорога федерального значения);5.0;;АЗС;Нерегулируемый перекрёсток неравнозначных улиц (дорог);Не установлены;Сведения отсутствуют;Пасмурно;Сухое;В темное время суток, освещение включено;Движение частично перекрыто;2.0;2.0;0.0;1.0
31.0;15.06.2025;15:04;830.0;51.690736;94.421815;930001352.0;Наезд на велосипедиста;г.Кызыл;;Местного значения (дорога местного значения, включая относящиеся к собственности поселений, муниципальных районов, городских округов);;Иные места;Многоквартирные жилые дома;Внутридворовая территория;Не установлены;Сведения отсутствуют;Ясно;Сухое;Светлое время суток;Режим движения не изменялся;2.0;2.0;0.0;1.0
32.0;15.06.2025;10:54;800.0;51.275233;91.647391;930001282.0;Наезд на пешехода;Дзун-Хемчикский район;ЧАДАН - БАЖЫН-АЛААК;Региональная или межмуниципальная (дорога регионального или межмуниципального значения);5.0;Вне НП;Отсутствие в непосредственной близости объектов УДС и объектов притяжения;Перегон (нет объектов на месте ДТП);Не установлены;Сведения отсутствуют;Ясно;Сухое;Светлое время суток;Режим движения не изменялся;1.0;4.0;0.0;1.0
33.0;14.06.2025;23:35;610.0;51.131916;91.586323;930001277.0;Опрокидывание;Дзун-Хемчикский район;Р-257 Енисей Красноярск - Абакан - Кызыл - граница с Монголией;Федеральная (дорога федерального значения);5.0;Вне НП;Отсутствие в непосредственной близости объектов УДС и объектов притяжения;Перегон (нет объектов на месте ДТП);Не установлены;Сведения отсутствуют;Пасмурно;Сухое;В темное время суток, освещение отсутствует;Режим движения не изменялся;1.0;1.0;1.0;0.0
34.0;14.06.2025;00:10;910.0;51.716281;94.457134;930001267.0;Наезд на стоящее ТС;г.Кызыл;;Местного значения (дорога местного значения, включая относящиеся к собственности поселений, муниципальных районов, городских округов);;Улицы и дороги местного значения в жилой застройке;Крупный торговый объект (являющийся объектом массового тяготения пешеходов и (или) транспорта) | Школа либо иная детская (в т.ч. дошкольная) организация | Жилые дома индивидуальной застройки;Регулируемый пешеходный переход | Регулируемый перекресток;Плохая видимость светофора | Неисправность светофора | Иные недостатки;Сведения отсутствуют;Пасмурно;Сухое;В темное время суток, освещение включено;Режим движения не изменялся;2.0;2.0;0.0;1.0
35.0;14.06.2025;22:16;830.0;51.651751;94.285119;930001276.0;Наезд на пешехода;Кызылский район;;Местного значения (дорога местного значения, включая относящиеся к собственности поселений, муниципальных районов, городских округов);;Поселковые дороги;Жилые дома индивидуальной застройки;Иное место;Неисправное освещение;Сведения отсутствуют;Пасмурно;Сухое;В темное время суток, освещение не включено;Режим движения не изменялся;1.0;2.0;0.0;1.0
36.0;14.06.2025;22:19;820.0;51.690224;94.584239;930001272.0;Наезд на пешехода;Кызылский район;;Местного значения (дорога местного значения, включая относящиеся к собственности поселений, муниципальных районов, городских округов);;Поселковые дороги;Жилые дома индивидуальной застройки;Нерегулируемый перекрёсток неравнозначных улиц (дорог);Отсутствие тротуаров (пешеходных дорожек) | Отсутствие освещения;Сведения отсутствуют;Пасмурно;Сухое;В темное время суток, освещение не включено;Движение частично перекрыто;1.0;2.0;1.0;0.0
37.0;13.06.2025;12:25;200.0;50.155153;95.127901;930001262.0;Столкновение;Эрзинский район;;Местного значения (дорога местного значения, включая относящиеся к собственности поселений, муниципальных районов, городских округов);;Иные места;Отсутствие в непосредственной близости объектов УДС и объектов притяжения;Перегон (нет объектов на месте ДТП);Не установлены;Сведения отсутствуют;Ясно;Сухое;Светлое время суток;Движение частично перекрыто;2.0;2.0;0.0;1.0
38.0;13.06.2025;09:11;600.0;51.201687;94.28014;930001259.0;Опрокидывание;Тандинский район;Бай-Хаак - Чал-Кежиг;Региональная или межмуниципальная (дорога регионального или межмуниципального значения);5.0;Вне НП;Отсутствие в непосредственной близости объектов УДС и объектов притяжения;Перегон (нет объектов на месте ДТП);Не установлены;Сведения отсутствуют;Ясно;Сухое;Светлое время суток;Режим движения не изменялся;1.0;1.0;0.0;1.0
39.0;12.06.2025;15:30;610.0;50.616496;94.875097;930001251.0;Опрокидывание;Тес-Хемский район;САМАГАЛТАЙ - АК-ЧЫРАА;Региональная или межмуниципальная (дорога регионального или межмуниципального значения);5.0;Вне НП;Отсутствие в непосредственной близости объектов УДС и объектов притяжения;Перегон (нет объектов на месте ДТП);Не установлены;Сведения отсутствуют;Ясно;Сухое;Светлое время суток;Режим движения не изменялся;1.0;3.0;0.0;2.0
40.0;11.06.2025;00:59;830.0;51.688268;94.41233;930001240.0;Наезд на пешехода;г.Кызыл;Кызыл-Эрзин-граница с Монголией;Региональная или межмуниципальная (дорога регионального или межмуниципального значения);5.0;;Жилые дома индивидуальной застройки;Перегон (нет объектов на месте ДТП);Отсутствие освещения;Сведения отсутствуют;Пасмурно;Сухое;В темное время суток, освещение отсутствует;Режим движения не изменялся;1.0;2.0;0.0;1.0
41.0;11.06.2025;22:24;820.0;51.679514;94.312166;930001247.0;Наезд на пешехода;г.Кызыл;;Местного значения (дорога местного значения, включая относящиеся к собственности поселений, муниципальных районов, городских округов);;Улицы и дороги местного значения в жилой застройке;Жилые дома индивидуальной застройки;Нерегулируемый перекрёсток неравнозначных улиц (дорог);Неисправное освещение;Сведения отсутствуют;Пасмурно;Сухое;В темное время суток, освещение не включено;Движение частично перекрыто;1.0;2.0;0.0;1.0
42.0;11.06.2025;18:30;500.0;51.678423;94.301577;930001245.0;Наезд на велосипедиста;г.Кызыл;;Местного значения (дорога местного значения, включая относящиеся к собственности поселений, муниципальных районов, городских округов);;Улицы и дороги местного значения в жилой застройке;Жилые дома индивидуальной застройки;Нерегулируемый перекрёсток неравнозначных улиц (дорог);Не установлены;Сведения отсутствуют;Ясно;Сухое;Светлое время суток;Движение частично перекрыто;2.0;2.0;1.0;0.0
43.0;10.06.2025;10:40;600.0;51.272494;91.289949;930001236.0;Опрокидывание;Дзун-Хемчикский район;А162-Г.КЫЗЫЛ - Г.АК-ДОВУРАК;Региональная или межмуниципальная (дорога регионального или межмуниципального значения);6.0;Вне НП;Отсутствие в непосредственной близости объектов УДС и объектов притяжения;Перегон (нет объектов на месте ДТП);Не установлены;Сведения отсутствуют;Пасмурно;Сухое;Светлое время суток;Режим движения не изменялся;1.0;1.0;0.0;1.0
44.0;08.06.2025;18:30;600.0;50.742824;92.050517;930001225.0;Опрокидывание;Овюрский район;Р-257 Енисей Красноярск - Абакан - Кызыл - граница с Монголией;Федеральная (дорога федерального значения);1.0;;Отсутствие в непосредственной близости объектов УДС и объектов притяжения;Перегон (нет объектов на месте ДТП);Не установлены;Сведения отсутствуют;Ясно;Сухое;Светлое время суток;Режим движения не изменялся;1.0;1.0;0.0;1.0
45.0;08.06.2025;01:46;830.0;51.570835;92.984666;930001217.0;Наезд на пешехода;Улуг-Хемский район;;Местного значения (дорога местного значения, включая относящиеся к собственности поселений, муниципальных районов, городских округов);;Вне НП;Отсутствие в непосредственной близости объектов УДС и объектов притяжения;Перегон (нет объектов на месте ДТП);Не установлены;Сведения отсутствуют;Ясно;Сухое;В темное время суток, освещение не включено;Движение частично перекрыто;1.0;2.0;1.0;0.0
46.0;07.06.2025;11:45;300.0;51.711781;94.432114;930001211.0;Столкновение;г.Кызыл;;Местного значения (дорога местного значения, включая относящиеся к собственности поселений, муниципальных районов, городских округов);;Улицы и дороги местного значения в жилой застройке;Медицинские (лечебные) организации | Жилые дома индивидуальной застройки | Кладбище;Регулируемый пешеходный переход | Регулируемый перекресток;Не установлены;Сведения отсутствуют;Ясно;Сухое;Светлое время суток;Движение частично перекрыто;2.0;4.0;0.0;3.0
47.0;07.06.2025;22:40;900.0;51.538555;93.925724;930001215.0;Наезд на животное;Кызылский район;Р-257 Енисей Красноярск - Абакан - Кызыл - граница с Монголией;Федеральная (дорога федерального значения);5.0;Вне НП;Отсутствие в непосредственной близости объектов УДС и объектов притяжения;Перегон (нет объектов на месте ДТП);Не установлены;Сведения отсутствуют;Пасмурно;Сухое;В темное время суток, освещение отсутствует;Движение частично перекрыто;1.0;4.0;0.0;2.0
48.0;07.06.2025;00:49;130.0;51.703344;94.434593;930001206.0;Столкновение;г.Кызыл;;Местного значения (дорога местного значения, включая относящиеся к собственности поселений, муниципальных районов, городских округов);;Улицы и дороги местного значения в жилой застройке;Административные здания | Многоквартирные жилые дома;Остановка общественного транспорта;Не установлены;Сведения отсутствуют;Пасмурно;Сухое;В темное время суток, освещение включено;Режим движения не изменялся;2.0;3.0;0.0;1.0
49.0;06.06.2025;18:30;420.0;51.699833;94.547868;930001204.0;Столкновение;Кызылский район;;Местного значения (дорога местного значения, включая относящиеся к собственности поселений, муниципальных районов, городских округов);;Улицы и дороги местного значения научно-производственных промышленных и коммунально-складских районов;АЗС | Административные здания;Нерегулируемый перекрёсток неравнозначных улиц (дорог);Не установлены;Сведения отсутствуют;Пасмурно;Сухое;Светлое время суток;Движение частично перекрыто;2.0;3.0;0.0;1.0
50.0;06.06.2025;00:33;600.0;51.485285;94.606147;930001198.0;Съезд с дороги;Кызылский район;Кызыл-Эрзин-граница с Монголией;Региональная или межмуниципальная (дорога регионального или межмуниципального значения);5.0;;Отсутствие в непосредственной близости объектов УДС и объектов притяжения;Нерегулируемый перекрёсток неравнозначных улиц (дорог);Отсутствие дорожных знаков в необходимых местах;Сведения отсутствуют;Ясно;Сухое;В темное время суток, освещение отсутствует;Режим движения не изменялся;1.0;2.0;0.0;1.0
51.0;05.06.2025;09:23;500.0;51.703337;94.469633;930001187.0;Столкновение;г.Кызыл;;Местного значения (дорога местного значения, включая относящиеся к собственности поселений, муниципальных районов, городских округов);;Улицы и дороги местного значения в жилой застройке;Жилые дома индивидуальной застройки;Нерегулируемый перекрёсток неравнозначных улиц (дорог);Не установлены;Сведения отсутствуют;Ясно;Сухое;Светлое время суток;Движение частично перекрыто;2.0;5.0;0.0;1.0
52.0;05.06.2025;19:10;610.0;51.164672;94.503686;930001192.0;Съезд с дороги;Тандинский район;Подъезд к с.Бай-Хаак;Региональная или межмуниципальная (дорога регионального или межмуниципального значения);5.0;Вне НП;Отсутствие в непосредственной близости объектов УДС и объектов притяжения;Перегон (нет объектов на месте ДТП);Не установлены;Сведения отсутствуют;Ясно;Сухое;Светлое время суток;Режим движения не изменялся;1.0;1.0;0.0;1.0
53.0;04.06.2025;18:40;610.0;51.24365;90.455149;930001185.0;Опрокидывание;Барун-Хемчикский район;Подъезд к с.Хонделен;Региональная или межмуниципальная (дорога регионального или межмуниципального значения);5.0;Вне НП;Отсутствие в непосредственной близости объектов УДС и объектов притяжения;Перегон (нет объектов на месте ДТП);Не установлены;Сведения отсутствуют;Ясно;Пыльное;Светлое время суток;Движение частично перекрыто;1.0;8.0;1.0;1.0
54.0;03.06.2025;18:30;610.0;52.481552;96.091597;930001176.0;Опрокидывание;Тоджинский район;Тоора-Хем - Ий;Региональная или межмуниципальная (дорога регионального или межмуниципального значения);5.0;Вне НП;Отсутствие в непосредственной близости объектов УДС и объектов притяжения;Перегон (нет объектов на месте ДТП);Не установлены;Сведения отсутствуют;Ясно;Пыльное;Светлое время суток;Режим движения не изменялся;1.0;2.0;0.0;1.0
55.0;03.06.2025;07:30;600.0;51.894106;94.344599;930001173.0;Опрокидывание;Пий-Хемский район;Р-257 Енисей Красноярск - Абакан - Кызыл - граница с Монголией;Федеральная (дорога федерального значения);4.0;;Отсутствие в непосредственной близости объектов УДС и объектов притяжения;Перегон (нет объектов на месте ДТП);Не установлены;Сведения отсутствуют;Ясно;Сухое;Светлое время суток;Режим движения не изменялся;1.0;1.0;1.0;0.0
56.0;03.06.2025;20:31;930.0;51.659566;94.429464;930001177.0;Наезд на препятствие;г.Кызыл;Кызыл-Эрзин-граница с Монголией;Региональная или межмуниципальная (дорога регионального или межмуниципального значения);5.0;Вне НП;Отсутствие в непосредственной близости объектов УДС и объектов притяжения;Перегон (нет объектов на месте ДТП);Не установлены;Сведения отсутствуют;Пасмурно;Пыльное;Светлое время суток;Режим движения не изменялся;1.0;2.0;0.0;1.0
57.0;02.06.2025;04:29;610.0;51.285756;91.408653;930001168.0;Съезд с дороги;Дзун-Хемчикский район;А162-Г.КЫЗЫЛ - Г.АК-ДОВУРАК;Региональная или межмуниципальная (дорога регионального или межмуниципального значения);6.0;Вне НП;Отсутствие в непосредственной близости объектов УДС и объектов притяжения;Перегон (нет объектов на месте ДТП);Не установлены;Сведения отсутствуют;Ясно;Сухое;Светлое время суток;Режим движения не изменялся;1.0;1.0;1.0;0.0
1.0;31.07.2025;16:15;910.0;51.33521;91.840467;930001664.0;Наезд на стоящее ТС;Дзун-Хемчикский район;Р-257 Енисей Красноярск - Абакан - Кызыл - граница с Монголией;Федеральная (дорога федерального значения);8.0;Вне НП;Отсутствие в непосредственной близости объектов УДС и объектов притяжения;Перегон (нет объектов на месте ДТП);Не установлены;Сведения отсутствуют;Ясно;Сухое;Светлое время суток;Режим движения не изменялся;2.0;4.0;0.0;1.0
2.0;31.07.2025;01:45;950.0;51.119823;95.51924;930001661.0;Опрокидывание;Каа-Хемский район;САРЫГ-СЕП-БАЛГАЗЫН;Региональная или межмуниципальная (дорога регионального или межмуниципального значения);6.0;Вне НП;Отсутствие в непосредственной близости объектов УДС и объектов притяжения;Иное место;Не установлены;Сведения отсутствуют;Ясно;Сухое;В темное время суток, освещение отсутствует;Режим движения не изменялся;1.0;2.0;0.0;2.0
3.0;31.07.2025;13:22;50.0;51.781529;94.453218;930001662.0;Столкновение;г.Кызыл;Подъезд к С.КАРА-ХААК;Региональная или межмуниципальная (дорога регионального или межмуниципального значения);5.0;;Жилые дома индивидуальной застройки;Нерегулируемый перекрёсток неравнозначных улиц (дорог);Не установлены;Сведения отсутствуют;Ясно;Сухое;Светлое время суток;Режим движения не изменялся;2.0;2.0;0.0;1.0
4.0;29.07.2025;07:43;600.0;51.573169;95.205223;930001645.0;Опрокидывание;Каа-Хемский район;КЫЗЫЛ - САРЫГ-СЕП;Региональная или межмуниципальная (дорога регионального или межмуниципального значения);5.0;Вне НП;Отсутствие в непосредственной близости объектов УДС и объектов притяжения;Иное место;Не установлены;Сведения отсутствуют;Ясно;Сухое;Светлое время суток;Режим движения не изменялся;1.0;2.0;0.0;1.0
5.0;29.07.2025;20:15;50.0;50.994156;95.160924;930001653.0;Наезд на велосипедиста;Тандинский район;;Местного значения (дорога местного значения, включая относящиеся к собственности поселений, муниципальных районов, городских округов);;Поселковые дороги;Жилые дома индивидуальной застройки;Перегон (нет объектов на месте ДТП);Не установлены;Сведения отсутствуют;Ясно;Сухое;Сумерки;Режим движения не изменялся;2.0;2.0;0.0;1.0
6.0;28.07.2025;12:15;600.0;51.035437;90.106806;930001633.0;Опрокидывание;Бай-Тайгинский район;;Местного значения (дорога местного значения, включая относящиеся к собственности поселений, муниципальных районов, городских округов);;Иные места;Отсутствие в непосредственной близости объектов УДС и объектов притяжения;Перегон (нет объектов на месте ДТП);Не установлены;Сведения отсутствуют;Ясно;Сухое;Светлое время суток;Режим движения не изменялся;1.0;2.0;0.0;2.0
7.0;27.07.2025;11:28;600.0;52.041288;94.187532;930001627.0;Съезд с дороги;Пий-Хемский район;Р-257 Енисей Красноярск - Абакан - Кызыл - граница с Монголией;Федеральная (дорога федерального значения);1.0;;Отсутствие в непосредственной близости объектов УДС и объектов притяжения;Иное место;Не установлены;Сведения отсутствуют;Ясно;Сухое;Светлое время суток;Режим движения не изменялся;1.0;2.0;0.0;1.0
8.0;27.07.2025;05:50;830.0;51.581323;91.980522;930001624.0;Наезд на пешехода;Чаа-Хольский район;;Местного значения (дорога местного значения, включая относящиеся к собственности поселений, муниципальных районов, городских округов);;Вне НП;Отсутствие в непосредственной близости объектов УДС и объектов притяжения;Перегон (нет объектов на месте ДТП);Не установлены;Сведения отсутствуют;Ясно;Сухое;Светлое время суток;Режим движения не изменялся;1.0;2.0;0.0;1.0
9.0;26.07.2025;20:58;930.0;51.53513;92.918892;930001618.0;Наезд на препятствие;Улуг-Хемский район;;Местного значения (дорога местного значения, включая относящиеся к собственности поселений, муниципальных районов, городских округов);;Иные места;Административные здания | Многоквартирные жилые дома;Перегон (нет объектов на месте ДТП);Не установлены;Сведения отсутствуют;Ясно;Сухое;Сумерки;Режим движения не изменялся;1.0;1.0;0.0;1.0
10.0;26.07.2025;13:55;600.0;51.423082;90.387268;930001617.0;Опрокидывание;Барун-Хемчикский район;АБАКАН-АК-ДОВУРАК;Региональная или межмуниципальная (дорога регионального или межмуниципального значения);5.0;Вне НП;Отсутствие в непосредственной близости объектов УДС и объектов притяжения;Перегон (нет объектов на месте ДТП);Не установлены;Сведения отсутствуют;Ясно;Сухое;Светлое время суток;Движение частично перекрыто;1.0;2.0;0.0;2.0
11.0;26.07.2025;21:10;990.0;50.687758;97.545204;930001625.0;Съезд с дороги;Тере-Хольский район;;Местного значения (дорога местного значения, включая относящиеся к собственности поселений, муниципальных районов, городских округов);;Вне НП;Отсутствие в непосредственной близости объектов УДС и объектов притяжения;Перегон (нет объектов на месте ДТП);Не установлены;Сведения отсутствуют;Пасмурно;Сухое;В темное время суток, освещение отсутствует;Режим движения не изменялся;1.0;4.0;1.0;2.0
12.0;26.07.2025;05:03;590.0;51.218121;91.842527;930001612.0;Опрокидывание;Дзун-Хемчикский район;;Местного значения (дорога местного значения, включая относящиеся к собственности поселений, муниципальных районов, городских округов);;Вне НП;Отсутствие в непосредственной близости объектов УДС и объектов притяжения;Перегон (нет объектов на месте ДТП);Не установлены;Сведения отсутствуют;Ясно;Сухое;Светлое время суток;Режим движения не изменялся;1.0;1.0;0.0;1.0
13.0;25.07.2025;20:48;300.0;51.699254;94.549981;930001611.0;Столкновение;Кызылский район;;Местного значения (дорога местного значения, включая относящиеся к собственности поселений, муниципальных районов, городских округов);;Улицы и дороги местного значения научно-производственных промышленных и коммунально-складских районов;Административные здания;Нерегулируемый перекрёсток неравнозначных улиц (дорог);Не установлены;Сведения отсутствуют;Ясно;Сухое;Светлое время суток;Режим движения не изменялся;2.0;2.0;0.0;1.0
14.0;24.07.2025;22:11;860.0;51.700079;94.479364;930001608.0;Наезд на велосипедиста;г.Кызыл;;Местного значения (дорога местного значения, включая относящиеся к собственности поселений, муниципальных районов, городских округов);;Улицы и дороги местного значения научно-производственных промышленных и коммунально-складских районов;Многоквартирные жилые дома;Перегон (нет объектов на месте ДТП) | Внутридворовая территория;Не установлены;Сведения отсутствуют;Пасмурно;Сухое;Светлое время суток;Режим движения не изменялся;2.0;2.0;0.0;1.0
15.0;22.07.2025;18:11;20.0;51.728431;94.410066;930001593.0;Столкновение;г.Кызыл;;Местного значения (дорога местного значения, включая относящиеся к собственности поселений, муниципальных районов, городских округов);;Улицы и дороги местного значения в жилой застройке;АЗС;Регулируемый перекресток;Не установлены;Сведения отсутствуют;Ясно;Сухое;Светлое время суток;Режим движения не изменялся;3.0;4.0;0.0;2.0
16.0;22.07.2025;17:30;940.0;51.486222;95.53623;930001596.0;Наезд на препятствие;Каа-Хемский район;ПОДЪЕЗД К С.КОК-ХААК;Региональная или межмуниципальная (дорога регионального или межмуниципального значения);5.0;;Отсутствие в непосредственной близости объектов УДС и объектов притяжения;Иное место;Не установлены;Сведения отсутствуют;Ясно;Сухое;Светлое время суток;Режим движения не изменялся;1.0;4.0;0.0;4.0
17.0;22.07.2025;15:52;600.0;51.013674;90.18503;930001599.0;Опрокидывание;Бай-Тайгинский район;;Местного значения (дорога местного значения, включая относящиеся к собственности поселений, муниципальных районов, городских округов);;Иные места;Отсутствие в непосредственной близости объектов УДС и объектов притяжения;Перегон (нет объектов на месте ДТП);Не установлены;Сведения отсутствуют;Ясно;Сухое;Светлое время суток;Режим движения не изменялся;1.0;1.0;0.0;1.0
18.0;22.07.2025;22:10;860.0;51.397519;91.269758;930001597.0;Наезд на пешехода;Сут-Хольский район;;Местного значения (дорога местного значения, включая относящиеся к собственности поселений, муниципальных районов, городских округов);;Улицы и дороги местного значения в жилой застройке;Жилые дома индивидуальной застройки;Нерегулируемый перекрёсток неравнозначных улиц (дорог);Не установлены;Сведения отсутствуют;Ясно;Сухое;Светлое время суток;Режим движения не изменялся;1.0;2.0;0.0;1.0
19.0;22.07.2025;15:44;880.0;51.174097;90.594764;930001592.0;Наезд на пешехода;г.Ак-Довурак;;Местного значения (дорога местного значения, включая относящиеся к собственности поселений, муниципальных районов, городских округов);;Иные места;Крупный торговый объект (являющийся объектом массового тяготения пешеходов и (или) транспорта);Тротуар, пешеходная дорожка;Не установлены;Сведения отсутствуют;Ясно;Сухое;Светлое время суток;Режим движения не изменялся;1.0;2.0;1.0;0.0
20.0;21.07.2025;00:37;950.0;51.159713;94.479107;930001579.0;Опрокидывание;Тандинский район;;Местного значения (дорога местного значения, включая относящиеся к собственности поселений, муниципальных районов, городских округов);;Поселковые дороги;Жилые дома индивидуальной застройки;Нерегулируемый перекрёсток равнозначных улиц (дорог);Отсутствие освещения;Сведения отсутствуют;Ясно;Сухое;В темное время суток, освещение отсутствует;Режим движения не изменялся;1.0;1.0;0.0;1.0
21.0;20.07.2025;01:17;610.0;51.205808;91.752834;930001568.0;Съезд с дороги;Дзун-Хемчикский район;;Местного значения (дорога местного значения, включая относящиеся к собственности поселений, муниципальных районов, городских округов);;Вне НП;Отсутствие в непосредственной близости объектов УДС и объектов притяжения;Перегон (нет объектов на месте ДТП);Не установлены;Сведения отсутствуют;Ясно;Сухое;В темное время суток, освещение отсутствует;Режим движения не изменялся;1.0;2.0;0.0;1.0
22.0;20.07.2025;11:22;500.0;51.694473;94.554015;930001574.0;Столкновение;Кызылский район;;Местного значения (дорога местного значения, включая относящиеся к собственности поселений, муниципальных районов, городских округов);;Поселковые дороги;Жилые дома индивидуальной застройки;Нерегулируемый перекрёсток неравнозначных улиц (дорог);Отсутствие дорожных знаков в необходимых местах;Сведения отсутствуют;Пасмурно;Сухое;Светлое время суток;Режим движения не изменялся;2.0;5.0;0.0;1.0
23.0;19.07.2025;18:03;500.0;51.718794;94.434872;930001559.0;Столкновение;г.Кызыл;;Местного значения (дорога местного значения, включая относящиеся к собственности поселений, муниципальных районов, городских округов);;Улицы и дороги местного значения в жилой застройке;Административные здания;Регулируемый пешеходный переход | Регулируемый перекресток;Иные недостатки;Сведения отсутствуют;Ясно;Сухое;Светлое время суток;Режим движения не изменялся;2.0;2.0;0.0;1.0
24.0;19.07.2025;19:57;950.0;52.454061;96.137173;930001563.0;Опрокидывание;Тоджинский район;Тоора-Хем - Адыр-Кежиг;Региональная или межмуниципальная (дорога регионального или межмуниципального значения);6.0;Вне НП;Отсутствие в непосредственной близости объектов УДС и объектов притяжения;Перегон (нет объектов на месте ДТП);Не установлены;Сведения отсутствуют;Ясно;Сухое;Светлое время суток;Режим движения не изменялся;1.0;2.0;0.0;1.0
25.0;19.07.2025;22:03;140.0;51.805553;94.456737;930001562.0;Столкновение;г.Кызыл;Подъезд к С.КАРА-ХААК;Региональная или межмуниципальная (дорога регионального или межмуниципального значения);5.0;;Административные здания;Иное место;Не установлены;Сведения отсутствуют;Ясно;Сухое;В темное время суток, освещение отсутствует;Режим движения не изменялся;2.0;3.0;0.0;1.0
26.0;19.07.2025;19:23;740.0;51.692272;94.406408;930001561.0;Наезд на велосипедиста;г.Кызыл;;Местного значения (дорога местного значения, включая относящиеся к собственности поселений, муниципальных районов, городских округов);;Улицы и дороги местного значения в жилой застройке;Административные здания;Нерегулируемый пешеходный переход | Выезд с прилегающей территории;Неправильное применение, плохая видимость дорожных знаков;Сведения отсутствуют;Ясно | Температура выше +30С;Сухое;Светлое время суток;Режим движения не изменялся;2.0;2.0;0.0;1.0
27.0;18.07.2025;05:52;200.0;51.842844;94.462059;930001553.0;Столкновение;г.Кызыл;Подъезд к С.КАРА-ХААК;Региональная или межмуниципальная (дорога регионального или межмуниципального значения);5.0;;Жилые дома индивидуальной застройки;Иное место;Не установлены;Сведения отсутствуют;Ясно;Сухое;Светлое время суток;Режим движения не изменялся;2.0;4.0;1.0;3.0
28.0;17.07.2025;07:51;860.0;51.189558;90.603454;930001542.0;Наезд на пешехода;г.Ак-Довурак;;Местного значения (дорога местного значения, включая относящиеся к собственности поселений, муниципальных районов, городских округов);;Улицы и дороги местного значения научно-производственных промышленных и коммунально-складских районов;Административные здания;Перегон (нет объектов на месте ДТП);Не установлены;Сведения отсутствуют;Ясно;Сухое;Светлое время суток;Режим движения не изменялся;1.0;2.0;0.0;1.0
29.0;17.07.2025;14:05;690.0;51.281857;91.569554;930001546.0;Наезд на велосипедиста;Дзун-Хемчикский район;;Местного значения (дорога местного значения, включая относящиеся к собственности поселений, муниципальных районов, городских округов);;Улицы и дороги местного значения научно-производственных промышленных и коммунально-складских районов;Жилые дома индивидуальной застройки;Перегон (нет объектов на месте ДТП);Не установлены;Сведения отсутствуют;Ясно;Сухое;Светлое время суток;Режим движения не изменялся;2.0;3.0;0.0;1.0
30.0;17.07.2025;11:14;500.0;51.687909;94.573628;930001543.0;Столкновение;Кызылский район;;Местного значения (дорога местного значения, включая относящиеся к собственности поселений, муниципальных районов, городских округов);;Основные улицы в жилой застройке;Жилые дома индивидуальной застройки;Нерегулируемый перекрёсток неравнозначных улиц (дорог);Отсутствие дорожных знаков в необходимых местах | Иные недостатки;Сведения отсутствуют;Ясно;Сухое;Светлое время суток;Режим движения не изменялся;2.0;4.0;0.0;4.0
31.0;16.07.2025;22:25;210.0;51.782498;94.337282;930001541.0;Столкновение;Пий-Хемский район;Р-257 Енисей Красноярск - Абакан - Кызыл - граница с Монголией;Федеральная (дорога федерального значения);5.0;Вне НП;Отсутствие в непосредственной близости объектов УДС и объектов притяжения;Перегон (нет объектов на месте ДТП);Не установлены;Сведения отсутствуют;Ясно;Сухое;В темное время суток, освещение отсутствует;Движение частично перекрыто;4.0;4.0;1.0;2.0
32.0;16.07.2025;13:13;300.0;51.288279;91.492553;930001536.0;Столкновение;Дзун-Хемчикский район;Р-257 Енисей Красноярск - Абакан - Кызыл - граница с Монголией;Федеральная (дорога федерального значения);5.0;Вне НП;Нерегулируемый перекрёсток;Нерегулируемый перекрёсток неравнозначных улиц (дорог);Не установлены;Сведения отсутствуют;Ясно;Сухое;Светлое время суток;Режим движения не изменялся;2.0;9.0;0.0;8.0
33.0;16.07.2025;12:18;200.0;51.486073;95.557795;930001534.0;Столкновение;Каа-Хемский район;;Местного значения (дорога местного значения, включая относящиеся к собственности поселений, муниципальных районов, городских округов);;Главные улицы;Нерегулируемый перекрёсток;Нерегулируемый перекрёсток неравнозначных улиц (дорог);Не установлены;Сведения отсутствуют;Ясно;Сухое;Светлое время суток;Движение полностью перекрыто;3.0;10.0;0.0;8.0
34.0;16.07.2025;21:06;840.0;51.684723;94.314681;930001540.0;Наезд на пешехода;г.Кызыл;;Местного значения (дорога местного значения, включая относящиеся к собственности поселений, муниципальных районов, городских округов);;Магистральные улицы районного значения;Жилые дома индивидуальной застройки;Выезд с прилегающей территории;Не установлены;Сведения отсутствуют;Ясно;Сухое;Светлое время суток;Режим движения не изменялся;1.0;2.0;0.0;1.0
35.0;15.07.2025;21:24;900.0;51.559437;93.414302;930001530.0;Наезд на животное;Улуг-Хемский район;Р-257 Енисей Красноярск - Абакан - Кызыл - граница с Монголией;Федеральная (дорога федерального значения);5.0;Вне НП;Отсутствие в непосредственной близости объектов УДС и объектов притяжения;Перегон (нет объектов на месте ДТП);Не установлены;Оказание влияния на движение транспортного потока или отдельного транспортного средства, наличия или внезапного появления на проезжей части животных;Ясно;Сухое;Светлое время суток;Режим движения не изменялся;1.0;5.0;0.0;4.0
36.0;14.07.2025;15:45;10.0;50.597009;94.996837;930001522.0;Столкновение;Тес-Хемский район;;Местного значения (дорога местного значения, включая относящиеся к собственности поселений, муниципальных районов, городских округов);;Поселковые дороги;Отсутствие в непосредственной близости объектов УДС и объектов притяжения;Перегон (нет объектов на месте ДТП);Не установлены;Сведения отсутствуют;Ясно;Сухое;Светлое время суток;Режим движения не изменялся;2.0;3.0;0.0;2.0
37.0;13.07.2025;15:34;610.0;51.045414;94.714251;930001516.0;Съезд с дороги;Тандинский район;Бай-Хаак - Балгазын;Региональная или межмуниципальная (дорога регионального или межмуниципального значения);7.0;Вне НП;Зоны отдыха;Перегон (нет объектов на месте ДТП);Не установлены;Сведения отсутствуют;Ясно;Сухое;Светлое время суток;Режим движения не изменялся;1.0;4.0;0.0;2.0
38.0;13.07.2025;03:43;930.0;51.733866;94.41276;930001514.0;Наезд на препятствие;г.Кызыл;Подъезд к С.КАРА-ХААК;Региональная или межмуниципальная (дорога регионального или межмуниципального значения);5.0;;АЗС;Нерегулируемое пересечение с круговым движением;Не установлены;Сведения отсутствуют;Пасмурно;Сухое;В темное время суток, освещение не включено;Режим движения не изменялся;1.0;2.0;0.0;1.0
39.0;13.07.2025;01:12;830.0;51.288815;91.510019;930001513.0;Наезд на пешехода;Дзун-Хемчикский район;Р-257 Енисей Красноярск - Абакан - Кызыл - граница с Монголией;Федеральная (дорога федерального значения);5.0;Вне НП;Отсутствие в непосредственной близости объектов УДС и объектов притяжения;Перегон (нет объектов на месте ДТП);Не установлены;Сведения отсутствуют;Ясно;Сухое;В темное время суток, освещение отсутствует;Движение частично перекрыто;1.0;2.0;1.0;0.0
40.0;12.07.2025;06:15;610.0;52.444109;96.274395;930001508.0;Опрокидывание;Тоджинский район;Адыр-Кежиг - Азас;Региональная или межмуниципальная (дорога регионального или межмуниципального значения);5.0;Вне НП;Отсутствие в непосредственной близости объектов УДС и объектов притяжения;Иное место;Не установлены;Сведения отсутствуют;Ясно;Сухое;Светлое время суток;Режим движения не изменялся;1.0;2.0;0.0;1.0
41.0;12.07.2025;07:06;930.0;51.129236;91.616428;930001507.0;Наезд на препятствие;Дзун-Хемчикский район;;Местного значения (дорога местного значения, включая относящиеся к собственности поселений, муниципальных районов, городских округов);;Поселковые дороги;Жилые дома индивидуальной застройки;Перегон (нет объектов на месте ДТП);Не установлены;Сведения отсутствуют;Ясно;Сухое;Светлое время суток;Режим движения не изменялся;1.0;1.0;0.0;1.0
42.0;12.07.2025;07:45;930.0;51.713536;94.43234;930001506.0;Наезд на препятствие;г.Кызыл;;Местного значения (дорога местного значения, включая относящиеся к собственности поселений, муниципальных районов, городских округов);;Улицы и дороги местного значения в жилой застройке;Жилые дома индивидуальной застройки;Перегон (нет объектов на месте ДТП);Не установлены;Сведения отсутствуют;Ясно;Сухое;Светлое время суток;Режим движения не изменялся;1.0;2.0;0.0;2.0
43.0;11.07.2025;09:00;430.0;51.288983;91.572644;930001500.0;Столкновение;Дзун-Хемчикский район;;Местного значения (дорога местного значения, включая относящиеся к собственности поселений, муниципальных районов, городских округов);;Магистральные улицы районного значения;Жилые дома индивидуальной застройки;Нерегулируемый перекрёсток неравнозначных улиц (дорог);Неправильное применение, плохая видимость дорожных знаков;Сведения отсутствуют;Ясно;Сухое;Светлое время суток;Режим движения не изменялся;2.0;5.0;0.0;3.0
44.0;11.07.2025;12:37;200.0;51.571842;95.365727;930001504.0;Столкновение;Каа-Хемский район;БОЯРОВКА - ТООРА-ХЕМ;Региональная или межмуниципальная (дорога регионального или межмуниципального значения);7.0;Вне НП;Отсутствие в непосредственной близости объектов УДС и объектов притяжения;Перегон (нет объектов на месте ДТП);Не установлены;Сведения отсутствуют;Ясно;Сухое;Светлое время суток;Движение частично перекрыто;3.0;5.0;0.0;2.0
45.0;11.07.2025;15:00;70.0;51.23305;94.64741;930001503.0;Столкновение;Тандинский район;Подъезд к с.Бай-Хаак;Региональная или межмуниципальная (дорога регионального или межмуниципального значения);5.0;Вне НП;Отсутствие в непосредственной близости объектов УДС и объектов притяжения;Перегон (нет объектов на месте ДТП);Не установлены;Сведения отсутствуют;Ясно;Сухое;Светлое время суток;Режим движения не изменялся;2.0;7.0;0.0;2.0
46.0;11.07.2025;10:06;740.0;51.717006;94.418628;930001501.0;Наезд на пешехода;г.Кызыл;;Местного значения (дорога местного значения, включая относящиеся к собственности поселений, муниципальных районов, городских округов);;Улицы и дороги местного значения в жилой застройке;Крупный торговый объект (являющийся объектом массового тяготения пешеходов и (или) транспорта) | Зоны отдыха | Многоквартирные жилые дома | Мост;Нерегулируемый пешеходный переход | Нерегулируемое пересечение с круговым движением;Не установлены;Сведения отсутствуют;Ясно;Сухое;Светлое время суток;Режим движения не изменялся;1.0;2.0;1.0;0.0
47.0;11.07.2025;22:38;820.0;51.694054;94.474429;930001505.0;Наезд на пешехода;г.Кызыл;;Местного значения (дорога местного значения, включая относящиеся к собственности поселений, муниципальных районов, городских округов);;Иные места;Отсутствие в непосредственной близости объектов УДС и объектов притяжения;Перегон (нет объектов на месте ДТП);Неисправное освещение;Сведения отсутствуют;Пасмурно;Сухое;В темное время суток, освещение не включено;Режим движения не изменялся;1.0;2.0;0.0;1.0
48.0;10.07.2025;15:46;70.0;51.72262;94.410043;930001489.0;Столкновение;г.Кызыл;;Местного значения (дорога местного значения, включая относящиеся к собственности поселений, муниципальных районов, городских округов);;Улицы и дороги местного значения в жилой застройке;Регулируемый пешеходный переход;Мост, эстакада, путепровод | Регулируемый перекресток;Не установлены;Сведения отсутствуют;Ясно;Сухое;Светлое время суток;Режим движения не изменялся;2.0;3.0;0.0;1.0
49.0;10.07.2025;10:23;140.0;51.717126;94.476781;930001487.0;Столкновение;г.Кызыл;;Местного значения (дорога местного значения, включая относящиеся к собственности поселений, муниципальных районов, городских округов);;Магистральные улицы общегородского значения;Многоквартирные жилые дома;Выезд с прилегающей территории;Не установлены;Сведения отсутствуют;Ясно;Сухое;Светлое время суток;Режим движения не изменялся;2.0;2.0;0.0;1.0
50.0;08.07.2025;10:45;610.0;51.490689;93.016402;930001472.0;Съезд с дороги;Улуг-Хемский район;Подъезд к с.Арыг-Бажы;Региональная или межмуниципальная (дорога регионального или межмуниципального значения);6.0;Вне НП;Отсутствие в непосредственной близости объектов УДС и объектов притяжения;Перегон (нет объектов на месте ДТП);Не установлены;Сведения отсутствуют;Дождь;Мокрое;Светлое время суток;Режим движения не изменялся;1.0;3.0;1.0;0.0
51.0;08.07.2025;21:46;90.0;51.401461;91.280004;930001477.0;Столкновение;Сут-Хольский район;;Местного значения (дорога местного значения, включая относящиеся к собственности поселений, муниципальных районов, городских округов);;Улицы и дороги местного значения в жилой застройке;Жилые дома индивидуальной застройки;Перегон (нет объектов на месте ДТП);Не установлены;Сведения отсутствуют;Дождь;Мокрое;В темное время суток, освещение отсутствует;Режим движения не изменялся;2.0;5.0;0.0;2.0
52.0;08.07.2025;17:00;940.0;51.707007;94.406837;930001474.0;Опрокидывание;г.Кызыл;;Местного значения (дорога местного значения, включая относящиеся к собственности поселений, муниципальных районов, городских округов);;Улицы и дороги местного значения в жилой застройке;Административные здания;Нерегулируемое пересечение с круговым движением;Отсутствие дорожных знаков в необходимых местах;Сведения отсутствуют;Пасмурно;Сухое;Светлое время суток;Режим движения не изменялся;1.0;1.0;0.0;1.0
53.0;08.07.2025;18:01;810.0;51.720229;94.433777;930001475.0;Наезд на пешехода;г.Кызыл;;Местного значения (дорога местного значения, включая относящиеся к собственности поселений, муниципальных районов, городских округов);;Улицы и дороги местного значения в жилой застройке;Крупный торговый объект (являющийся объектом массового тяготения пешеходов и (или) транспорта) | Медицинские (лечебные) организации | Регулируемый пешеходный переход | Многоквартирные жилые дома;Регулируемый перекресток | Остановка общественного транспорта;Не установлены;Сведения отсутствуют;Пасмурно;Сухое;Светлое время суток;Режим движения не изменялся;1.0;2.0;0.0;1.0
54.0;08.07.2025;19:30;610.0;51.28946;91.523173;930001476.0;Съезд с дороги;Дзун-Хемчикский район;;Местного значения (дорога местного значения, включая относящиеся к собственности поселений, муниципальных районов, городских округов);;Вне НП;Отсутствие в непосредственной близости объектов УДС и объектов притяжения;Перегон (нет объектов на месте ДТП);Не установлены;Сведения отсутствуют;Дождь;Мокрое;В темное время суток, освещение включено;Режим движения не изменялся;1.0;1.0;0.0;1.0
55.0;07.07.2025;21:27;500.0;51.719866;94.430591;930001471.0;Столкновение;г.Кызыл;;Местного значения (дорога местного значения, включая относящиеся к собственности поселений, муниципальных районов, городских округов);;Улицы и дороги местного значения в жилой застройке;Регулируемый перекрёсток | Многоквартирные жилые дома;Регулируемый пешеходный переход | Регулируемый перекресток;Неисправность светофора;Сведения отсутствуют;Пасмурно;Мокрое;В темное время суток, освещение включено;Режим движения не изменялся;2.0;3.0;0.0;1.0
56.0;07.07.2025;10:20;60.0;51.591129;94.483505;930001466.0;Столкновение;Кызылский район;Кызыл-Эрзин-граница с Монголией;Региональная или межмуниципальная (дорога регионального или межмуниципального значения);5.0;Вне НП;Отсутствие в непосредственной близости объектов УДС и объектов притяжения;Перегон (нет объектов на месте ДТП);Не установлены;Сведения отсутствуют;Ясно;Сухое;Светлое время суток;Режим движения не изменялся;2.0;3.0;0.0;1.0
57.0;07.07.2025;04:12;200.0;51.364004;93.95717;930001464.0;Столкновение;Чеди-Хольский район;;Местного значения (дорога местного значения, включая относящиеся к собственности поселений, муниципальных районов, городских округов);;Поселковые дороги;Отсутствие в непосредственной близости объектов УДС и объектов притяжения;Перегон (нет объектов на месте ДТП);Не установлены;Сведения отсутствуют;Ясно;Сухое;В темное время суток, освещение включено;Режим движения не изменялся;2.0;2.0;0.0;2.0
58.0;06.07.2025;19:10;820.0;51.702082;94.421533;930001545.0;Наезд на велосипедиста;г.Кызыл;;Местного значения (дорога местного значения, включая относящиеся к собственности поселений, муниципальных районов, городских округов);;Иные места;Административные здания;Внутридворовая территория;Не установлены;Сведения отсутствуют;Ясно;Сухое;Светлое время суток;Режим движения не изменялся;2.0;2.0;0.0;1.0
59.0;06.07.2025;21:06;600.0;51.382067;92.20027;930001463.0;Съезд с дороги;Чаа-Хольский район;Р-257 Енисей Красноярск - Абакан - Кызыл - граница с Монголией;Федеральная (дорога федерального значения);5.0;Вне НП;Отсутствие в непосредственной близости объектов УДС и объектов притяжения;Перегон (нет объектов на месте ДТП);Не установлены;Сведения отсутствуют;Ясно;Сухое;В темное время суток, освещение отсутствует;Режим движения не изменялся;1.0;5.0;0.0;4.0
60.0;06.07.2025;10:55;600.0;51.085585;94.640393;930001462.0;Съезд с дороги;Тандинский район;Бай-Хаак - Балгазын;Региональная или межмуниципальная (дорога регионального или межмуниципального значения);5.0;Вне НП;Иной объект;Иное место;Не установлены;Сведения отсутствуют;Ясно;Сухое;Светлое время суток;Режим движения не изменялся;1.0;3.0;1.0;2.0
61.0;05.07.2025;03:00;990.0;51.241192;90.486531;930001454.0;Опрокидывание;Барун-Хемчикский район;Подъезд к с.Хонделен;Региональная или межмуниципальная (дорога регионального или межмуниципального значения);7.0;Вне НП;Иной объект;Иное место;Не установлены;Сведения отсутствуют;Пасмурно;Сухое;В темное время суток, освещение отсутствует;Режим движения не изменялся;1.0;1.0;0.0;1.0
62.0;05.07.2025;21:01;710.0;51.703909;94.429035;930001459.0;Наезд на пешехода;г.Кызыл;;Местного значения (дорога местного значения, включая относящиеся к собственности поселений, муниципальных районов, городских округов);;Магистральные улицы общегородского значения;АЗС | Многоквартирные жилые дома;Регулируемый пешеходный переход | Регулируемый перекресток;Не установлены;Сведения отсутствуют;Ясно;Сухое;Светлое время суток;Режим движения не изменялся;1.0;2.0;0.0;1.0
63.0;05.07.2025;03:09;70.0;52.207508;93.765596;930001452.0;Столкновение;Пий-Хемский район;Р-257 Енисей Красноярск - Абакан - Кызыл - граница с Монголией;Федеральная (дорога федерального значения);5.0;Вне НП;Отсутствие в непосредственной близости объектов УДС и объектов притяжения;Перегон (нет объектов на месте ДТП);Не установлены;Сведения отсутствуют;Ясно;Сухое;В темное время суток, освещение отсутствует;Режим движения не изменялся;2.0;6.0;0.0;1.0
64.0;05.07.2025;18:43;610.0;51.114946;94.579239;930001457.0;Съезд с дороги;Тандинский район;Бай-Хаак - Балгазын;Региональная или межмуниципальная (дорога регионального или межмуниципального значения);5.0;Вне НП;Отсутствие в непосредственной близости объектов УДС и объектов притяжения;Перегон (нет объектов на месте ДТП);Не установлены;Сведения отсутствуют;Ясно;Мокрое;Светлое время суток;Режим движения не изменялся;1.0;4.0;0.0;4.0
65.0;05.07.2025;06:55;610.0;51.053751;94.669147;930001453.0;Съезд с дороги;Тандинский район;Бай-Хаак - Балгазын;Региональная или межмуниципальная (дорога регионального или межмуниципального значения);7.0;Вне НП;Отсутствие в непосредственной близости объектов УДС и объектов притяжения;Перегон (нет объектов на месте ДТП);Дефекты покрытия;Сведения отсутствуют;Ясно;Сухое;Светлое время суток;Режим движения не изменялся;1.0;1.0;0.0;1.0
66.0;04.07.2025;18:00;200.0;52.466665;96.119181;930001448.0;Наезд на велосипедиста;Тоджинский район;;Местного значения (дорога местного значения, включая относящиеся к собственности поселений, муниципальных районов, городских округов);;Поселковые дороги;Жилые дома индивидуальной застройки;Перегон (нет объектов на месте ДТП);Не установлены;Сведения отсутствуют;Ясно;Сухое;Светлое время суток;Режим движения не изменялся;2.0;2.0;0.0;1.0
67.0;04.07.2025;09:19;740.0;51.290996;91.553396;930001446.0;Наезд на велосипедиста;Дзун-Хемчикский район;Р-257 Енисей Красноярск - Абакан - Кызыл - граница с Монголией;Федеральная (дорога федерального значения);8.0;;Нерегулируемый пешеходный переход | Нерегулируемый перекрёсток;Нерегулируемый пешеходный переход | Нерегулируемый перекрёсток равнозначных улиц (дорог);Не установлены;Сведения отсутствуют;Ясно;Сухое;Светлое время суток;Режим движения не изменялся;2.0;3.0;0.0;1.0
68.0;04.07.2025;00:05;610.0;51.137167;90.55305;930001442.0;Съезд с дороги;Барун-Хемчикский район;Кызыл-Мажалык - Барлык;Региональная или межмуниципальная (дорога регионального или межмуниципального значения);5.0;Магистральные дороги;Отсутствие в непосредственной близости объектов УДС и объектов притяжения;Перегон (нет объектов на месте ДТП);Отсутствие, плохая различимость горизонтальной разметки проезжей части | Отсутствие освещения;Сведения отсутствуют;Ясно;Сухое;В темное время суток, освещение отсутствует;Режим движения не изменялся;1.0;4.0;2.0;2.0
69.0;04.07.2025;01:57;910.0;52.450818;96.150134;930001444.0;Наезд на стоящее ТС;Тоджинский район;Адыр-Кежиг - Азас;Региональная или межмуниципальная (дорога регионального или межмуниципального значения);7.0;Вне НП;Отсутствие в непосредственной близости объектов УДС и объектов притяжения;Перегон (нет объектов на месте ДТП);Не установлены;Сведения отсутствуют;Ясно;Сухое;В темное время суток, освещение отсутствует;Режим движения не изменялся;3.0;3.0;1.0;1.0
70.0;04.07.2025;22:41;70.0;51.689385;94.660714;930001449.0;Столкновение;Кызылский район;КЫЗЫЛ - САРЫГ-СЕП;Региональная или межмуниципальная (дорога регионального или межмуниципального значения);5.0;Вне НП;Объект строительства;Перегон (нет объектов на месте ДТП);Не установлены;Участок, контролируемый стационарными камерами автоматической фотовидеофиксации нарушений ПДД, обозначенный соответствующим предупреждающим знаком;Ясно;Сухое;В темное время суток, освещение отсутствует;Режим движения не изменялся;2.0;5.0;0.0;3.0
71.0;03.07.2025;16:40;600.0;51.181092;90.59309;930001434.0;Опрокидывание;г.Ак-Довурак;;Местного значения (дорога местного значения, включая относящиеся к собственности поселений, муниципальных районов, городских округов);;Магистральные улицы районного значения;Спортивные и развлекательные объекты;Перегон (нет объектов на месте ДТП);Не установлены;Сведения отсутствуют;Ясно;Сухое;Светлое время суток;Режим движения не изменялся;1.0;1.0;0.0;1.0
72.0;03.07.2025;06:00;600.0;51.431859;94.557545;930001428.0;Съезд с дороги;Тандинский район;Подъезд к оз. Дус-Холь;Региональная или межмуниципальная (дорога регионального или межмуниципального значения);5.0;Вне НП;Отсутствие в непосредственной близости объектов УДС и объектов притяжения;Перегон (нет объектов на месте ДТП);Не установлены;Сведения отсутствуют;Ясно;Сухое;Светлое время суток;Движение частично перекрыто;1.0;3.0;2.0;1.0
73.0;03.07.2025;20:46;300.0;51.698776;94.479836;930001438.0;Столкновение;г.Кызыл;;Местного значения (дорога местного значения, включая относящиеся к собственности поселений, муниципальных районов, городских округов);;Иные места;Жилые дома индивидуальной застройки | Многоквартирные жилые дома;Нерегулируемый перекрёсток неравнозначных улиц (дорог);Не установлены;Сведения отсутствуют;Ясно;Сухое;Светлое время суток;Режим движения не изменялся;2.0;2.0;0.0;1.0
74.0;02.07.2025;19:00;610.0;50.559933;94.828448;930001424.0;Съезд с дороги;Тес-Хемский район;Подъезд к с.Ак-Эрик;Региональная или межмуниципальная (дорога регионального или межмуниципального значения);6.0;Вне НП;Отсутствие в непосредственной близости объектов УДС и объектов притяжения;Перегон (нет объектов на месте ДТП);Не установлены;Сведения отсутствуют;Ясно;Сухое;Светлое время суток;Режим движения не изменялся;1.0;4.0;1.0;3.0
75.0;02.07.2025;22:10;600.0;51.548761;95.35785;930001426.0;Съезд с дороги;Каа-Хемский район;БОЯРОВКА - ТООРА-ХЕМ;Региональная или межмуниципальная (дорога регионального или межмуниципального значения);5.0;Вне НП;Отсутствие в непосредственной близости объектов УДС и объектов притяжения;Иное место;Не установлены;Сведения отсутствуют;Ясно;Сухое;В темное время суток, освещение отсутствует;Режим движения не изменялся;1.0;4.0;0.0;1.0
76.0;02.07.2025;13:30;820.0;51.706874;94.444335;930001423.0;Наезд на пешехода;г.Кызыл;;Местного значения (дорога местного значения, включая относящиеся к собственности поселений, муниципальных районов, городских округов);;Улицы и дороги местного значения в жилой застройке;Крупный торговый объект (являющийся объектом массового тяготения пешеходов и (или) транспорта) | Нерегулируемый пешеходный переход;Выезд с прилегающей территории;Не установлены;Сведения отсутствуют;Ясно;Сухое;Светлое время суток;Режим движения не изменялся;1.0;2.0;0.0;1.0
77.0;01.07.2025;23:30;610.0;50.343954;90.446792;930001422.0;Съезд с дороги;Монгун-Тайгинский район;МУГУР-АКСЫ - КЫЗЫЛ-ХАЯ;Региональная или межмуниципальная (дорога регионального или межмуниципального значения);5.0;Вне НП;Отсутствие в непосредственной близости объектов УДС и объектов притяжения;Перегон (нет объектов на месте ДТП);Не установлены;Сведения отсутствуют;Пасмурно;Сухое;В темное время суток, освещение отсутствует;Режим движения не изменялся;1.0;2.0;0.0;2.0
78.0;01.07.2025;14:40;600.0;50.09008;90.053902;930001417.0;Съезд с дороги;Монгун-Тайгинский район;МУГУР-АКСЫ - КЫЗЫЛ-ХАЯ;Региональная или межмуниципальная (дорога регионального или межмуниципального значения);5.0;Вне НП;Отсутствие в непосредственной близости объектов УДС и объектов притяжения;Иное место;Не установлены;Сведения отсутствуют;Ясно;Сухое;Светлое время суток;Режим движения не изменялся;1.0;8.0;0.0;5.0
79.0;01.07.2025;11:55;200.0;51.538128;93.94628;930001416.0;Столкновение;Тандинский район;Р-257 Енисей Красноярск - Абакан - Кызыл - граница с Монголией;Федеральная (дорога федерального значения);6.0;Вне НП;Иной объект;Иное место;Не установлены;Сведения отсутствуют;Ясно;Сухое;Светлое время суток;Режим движения не изменялся;3.0;3.0;0.0;3.0
1.0;31.08.2025;19:51;70.0;51.703191;94.494213;930001923.0;Столкновение;г.Кызыл;;Местного значения (дорога местного значения, включая относящиеся к собственности поселений, муниципальных районов, городских округов);;Магистральные улицы общегородского значения;Жилые дома индивидуальной застройки;Перегон (нет объектов на месте ДТП);Не установлены;Сведения отсутствуют;Пасмурно;Сухое;В темное время суток, освещение включено;Режим движения не изменялся;2.0;2.0;0.0;1.0
2.0;30.08.2025;08:04;200.0;51.543226;93.873518;930001913.0;Столкновение;Тандинский район;Р-257 Енисей Красноярск - Абакан - Кызыл - граница с Монголией;Федеральная (дорога федерального значения);5.0;Вне НП;Отсутствие в непосредственной близости объектов УДС и объектов притяжения;Перегон (нет объектов на месте ДТП);Не установлены;Сведения отсутствуют;Ясно;Сухое;Светлое время суток;Движение полностью перекрыто;2.0;8.0;3.0;5.0
3.0;29.08.2025;17:30;600.0;50.207354;95.537077;930001907.0;Опрокидывание;Эрзинский район;ЭРЗИН - НАРЫН;Региональная или межмуниципальная (дорога регионального или межмуниципального значения);5.0;Вне НП;Отсутствие в непосредственной близости объектов УДС и объектов притяжения;Перегон (нет объектов на месте ДТП);Не установлены;Сведения отсутствуют;Ясно;Сухое;Светлое время суток;Режим движения не изменялся;1.0;3.0;0.0;1.0
4.0;28.08.2025;20:40;500.0;51.521174;92.925099;930001897.0;Столкновение;Улуг-Хемский район;Р-257 Енисей Красноярск - Абакан - Кызыл - граница с Монголией;Федеральная (дорога федерального значения);5.0;;АЗС;Нерегулируемый перекрёсток неравнозначных улиц (дорог);Не установлены;Участок, контролируемый стационарными камерами автоматической фотовидеофиксации нарушений ПДД, обозначенный соответствующим предупреждающим знаком;Дождь;Сухое;В темное время суток, освещение включено;Режим движения не изменялся;2.0;3.0;0.0;1.0
5.0;28.08.2025;22:15;600.0;51.07716;90.521894;930001901.0;Опрокидывание;Барун-Хемчикский район;Кызыл-Мажалык - Эрги-Барлык;Региональная или межмуниципальная (дорога регионального или межмуниципального значения);5.0;Вне НП;Отсутствие в непосредственной близости объектов УДС и объектов притяжения;Перегон (нет объектов на месте ДТП);Не установлены;Сведения отсутствуют;Ясно;Сухое;В темное время суток, освещение отсутствует;Режим движения не изменялся;1.0;1.0;0.0;1.0
6.0;28.08.2025;09:16;610.0;51.123486;90.425323;930001894.0;Опрокидывание;Барун-Хемчикский район;Барлыг - Аксы-Барлык;Региональная или межмуниципальная (дорога регионального или межмуниципального значения);5.0;Вне НП;Отсутствие в непосредственной близости объектов УДС и объектов притяжения;Перегон (нет объектов на месте ДТП);Не установлены;Сведения отсутствуют;Ясно;Сухое;Светлое время суток;Режим движения не изменялся;1.0;1.0;0.0;1.0
7.0;27.08.2025;15:30;70.0;51.031247;95.024014;930001886.0;Опрокидывание;Тандинский район;Бай-Хаак - Балгазын;Региональная или межмуниципальная (дорога регионального или межмуниципального значения);5.0;;Отсутствие в непосредственной близости объектов УДС и объектов притяжения;Перегон (нет объектов на месте ДТП);Не установлены;Сведения отсутствуют;Ясно;Пыльное;Светлое время суток;Движение частично перекрыто;1.0;1.0;0.0;1.0
8.0;27.08.2025;07:50;610.0;52.1177;93.766497;930001884.0;Съезд с дороги;Пий-Хемский район;Подъезд к с.Аржаан;Региональная или межмуниципальная (дорога регионального или межмуниципального значения);6.0;;Отсутствие в непосредственной близости объектов УДС и объектов притяжения;Иное место;Не установлены;Сведения отсутствуют;Ясно;Сухое;Светлое время суток;Режим движения не изменялся;1.0;3.0;0.0;1.0
9.0;26.08.2025;17:38;600.0;51.201459;90.669308;930001877.0;Съезд с дороги;Барун-Хемчикский район;ПОДЪЕЗД К С.ДОН-ТЕРЕЗИН;Региональная или межмуниципальная (дорога регионального или межмуниципального значения);6.0;;Отсутствие в непосредственной близости объектов УДС и объектов притяжения;Перегон (нет объектов на месте ДТП);Не установлены;Сведения отсутствуют;Ясно;Сухое;Светлое время суток;Режим движения не изменялся;1.0;2.0;0.0;2.0
10.0;26.08.2025;08:02;930.0;50.736523;92.066545;930001871.0;Наезд на препятствие;Овюрский район;Р-257 Енисей Красноярск - Абакан - Кызыл - граница с Монголией;Федеральная (дорога федерального значения);5.0;Главные улицы;Жилые дома индивидуальной застройки;Нерегулируемый перекрёсток неравнозначных улиц (дорог);Не установлены;Сведения отсутствуют;Ясно;Сухое;Светлое время суток;Режим движения не изменялся;1.0;4.0;0.0;4.0
11.0;26.08.2025;03:09;910.0;52.468258;96.110887;930001872.0;Падение пассажира;Тоджинский район;;Местного значения (дорога местного значения, включая относящиеся к собственности поселений, муниципальных районов, городских округов);;Поселковые дороги;Отсутствие в непосредственной близости объектов УДС и объектов притяжения;Перегон (нет объектов на месте ДТП);Не установлены;Сведения отсутствуют;Пасмурно;Мокрое;В темное время суток, освещение отсутствует;Режим движения не изменялся;1.0;3.0;1.0;0.0
12.0;26.08.2025;17:15;940.0;51.706203;94.546773;930001888.0;Наезд на препятствие;г.Кызыл;;Местного значения (дорога местного значения, включая относящиеся к собственности поселений, муниципальных районов, городских округов);;Иные места;Отсутствие в непосредственной близости объектов УДС и объектов притяжения;Перегон (нет объектов на месте ДТП);Не установлены;Сведения отсутствуют;Ясно;Сухое;Светлое время суток;Режим движения не изменялся;1.0;2.0;0.0;1.0
13.0;26.08.2025;18:07;820.0;51.647811;94.275688;930001879.0;Наезд на пешехода;Кызылский район;;Местного значения (дорога местного значения, включая относящиеся к собственности поселений, муниципальных районов, городских округов);;Поселковые дороги;Жилые дома индивидуальной застройки;Нерегулируемый перекрёсток равнозначных улиц (дорог);Отсутствие дорожных знаков в необходимых местах | Иные недостатки;Сведения отсутствуют;Ясно;Сухое;Светлое время суток;Движение полностью перекрыто;1.0;2.0;1.0;0.0
14.0;24.08.2025;02:37;820.0;51.552847;93.807063;930001861.0;Наезд на пешехода;Кызылский район;Р-257 Енисей Красноярск - Абакан - Кызыл - граница с Монголией;Федеральная (дорога федерального значения);1.0;Вне НП;Иной объект;Иное место;Не установлены;Сведения отсутствуют;Пасмурно;Сухое;В темное время суток, освещение отсутствует;Режим движения не изменялся;2.0;2.0;0.0;1.0
15.0;24.08.2025;19:22;200.0;51.559464;93.414474;930001863.0;Столкновение;Улуг-Хемский район;Р-257 Енисей Красноярск - Абакан - Кызыл - граница с Монголией;Федеральная (дорога федерального значения);5.0;Вне НП;Отсутствие в непосредственной близости объектов УДС и объектов притяжения;Перегон (нет объектов на месте ДТП);Не установлены;Сведения отсутствуют;Пасмурно;Мокрое;В темное время суток, освещение отсутствует;Режим движения не изменялся;2.0;8.0;1.0;7.0
16.0;23.08.2025;08:34;930.0;51.707958;94.464526;930001856.0;Наезд на препятствие;г.Кызыл;;Местного значения (дорога местного значения, включая относящиеся к собственности поселений, муниципальных районов, городских округов);;Улицы и дороги местного значения в жилой застройке;Жилые дома индивидуальной застройки;Иное место;Не установлены;Сведения отсутствуют;Ясно;Сухое;Светлое время суток;Режим движения не изменялся;1.0;5.0;1.0;1.0
17.0;23.08.2025;11:16;610.0;51.183056;94.555556;930001857.0;Съезд с дороги;Тандинский район;Подъезд к с.Бай-Хаак;Региональная или межмуниципальная (дорога регионального или межмуниципального значения);5.0;Вне НП;Отсутствие в непосредственной близости объектов УДС и объектов притяжения;Перегон (нет объектов на месте ДТП);Не установлены;Сведения отсутствуют;Ясно;Сухое;Светлое время суток;Режим движения не изменялся;1.0;3.0;0.0;3.0
18.0;23.08.2025;07:24;900.0;51.601786;93.848219;930001855.0;Наезд на животное;Кызылский район;Кызыл - Ээрбек - Баян-Кол;Региональная или межмуниципальная (дорога регионального или межмуниципального значения);5.0;Вне НП;Иной объект;Иное место;Не установлены;Оказание влияния на движение транспортного потока или отдельного транспортного средства, наличия или внезапного появления на проезжей части животных;Ясно;Сухое;Светлое время суток;Режим движения не изменялся;1.0;4.0;0.0;3.0
19.0;22.08.2025;21:23;830.0;51.70494;94.487121;930001852.0;Наезд на пешехода;г.Кызыл;;Местного значения (дорога местного значения, включая относящиеся к собственности поселений, муниципальных районов, городских округов);;Улицы и дороги местного значения в жилой застройке;Жилые дома индивидуальной застройки;Перегон (нет объектов на месте ДТП);Не установлены;Сведения отсутствуют;Ясно;Сухое;В темное время суток, освещение включено;Режим движения не изменялся;1.0;2.0;0.0;1.0
20.0;22.08.2025;04:20;610.0;51.657489;94.627883;930001845.0;Съезд с дороги;Кызылский район;Объездная в обход г.Кызыл и пгт.Каа-Хем;Региональная или межмуниципальная (дорога регионального или межмуниципального значения);5.0;Вне НП;Отсутствие в непосредственной близости объектов УДС и объектов притяжения;Нерегулируемый перекрёсток равнозначных улиц (дорог);Отсутствие дорожных знаков в необходимых местах | Неправильное применение, плохая видимость дорожных знаков;Сведения отсутствуют;Ясно;Сухое;Светлое время суток;Режим движения не изменялся;1.0;2.0;0.0;2.0
21.0;22.08.2025;16:33;60.0;51.721971;94.450686;930001850.0;Столкновение;г.Кызыл;;Местного значения (дорога местного значения, включая относящиеся к собственности поселений, муниципальных районов, городских округов);;Улицы и дороги местного значения в жилой застройке;Иная образовательная организация | Нерегулируемый пешеходный переход | Многоквартирные жилые дома;Выезд с прилегающей территории;Не установлены;Сведения отсутствуют;Ясно;Сухое;Светлое время суток;Режим движения не изменялся;2.0;2.0;0.0;1.0
22.0;20.08.2025;20:26;840.0;51.711222;94.476038;930001837.0;Наезд на пешехода;г.Кызыл;;Местного значения (дорога местного значения, включая относящиеся к собственности поселений, муниципальных районов, городских округов);;Улицы и дороги местного значения в жилой застройке;Нерегулируемый пешеходный переход;Нерегулируемый перекрёсток неравнозначных улиц (дорог);Отсутствие освещения;Сведения отсутствуют;Пасмурно;Сухое;В темное время суток, освещение включено;Режим движения не изменялся;1.0;2.0;0.0;1.0
23.0;20.08.2025;02:58;600.0;51.404125;92.222103;930001829.0;Съезд с дороги;Чаа-Хольский район;ПОДЪЕЗД К с. ЧАА-ХОЛЬ;Региональная или межмуниципальная (дорога регионального или межмуниципального значения);5.0;Вне НП;Отсутствие в непосредственной близости объектов УДС и объектов притяжения;Иное место;Не установлены;Сведения отсутствуют;Дождь;Мокрое;В темное время суток, освещение отсутствует;Режим движения не изменялся;1.0;3.0;1.0;2.0
24.0;20.08.2025;11:58;830.0;51.512599;92.343634;930001831.0;Наезд на пешехода;Чаа-Хольский район;;Местного значения (дорога местного значения, включая относящиеся к собственности поселений, муниципальных районов, городских округов);;Главные улицы;Жилые дома индивидуальной застройки;Иное место;Не установлены;Сведения отсутствуют;Дождь;Мокрое;Светлое время суток;Режим движения не изменялся;1.0;2.0;0.0;1.0
25.0;20.08.2025;21:12;70.0;51.290533;91.541348;930001835.0;Наезд на велосипедиста;Дзун-Хемчикский район;Р-257 Енисей Красноярск - Абакан - Кызыл - граница с Монголией;Федеральная (дорога федерального значения);5.0;;Иной объект;Иное место;Не установлены;Сведения отсутствуют;Ясно;Сухое;В темное время суток, освещение отсутствует;Режим движения не изменялся;2.0;3.0;0.0;1.0
26.0;19.08.2025;18:22;880.0;51.70494;94.466039;930001826.0;Наезд на пешехода;г.Кызыл;;Местного значения (дорога местного значения, включая относящиеся к собственности поселений, муниципальных районов, городских округов);;Иные места;Жилые дома индивидуальной застройки;Перегон (нет объектов на месте ДТП);Не установлены;Сведения отсутствуют;Ясно;Сухое;Светлое время суток;Режим движения не изменялся;1.0;2.0;0.0;1.0
27.0;18.08.2025;22:00;610.0;51.382402;92.428644;930002398.0;Опрокидывание;Улуг-Хемский район;Р-257 Енисей Красноярск - Абакан - Кызыл - граница с Монголией;Федеральная (дорога федерального значения);5.0;Вне НП;Отсутствие в непосредственной близости объектов УДС и объектов притяжения;Перегон (нет объектов на месте ДТП);Не установлены;Сведения отсутствуют;Ясно;Сухое;Светлое время суток;Режим движения не изменялся;1.0;3.0;0.0;2.0
28.0;18.08.2025;12:30;430.0;51.292056;91.584553;930001815.0;Столкновение;Дзун-Хемчикский район;Р-257 Енисей Красноярск - Абакан - Кызыл - граница с Монголией;Федеральная (дорога федерального значения);5.0;;АЗС;Нерегулируемый перекрёсток неравнозначных улиц (дорог);Не установлены;Сведения отсутствуют;Ясно;Сухое;Светлое время суток;Режим движения не изменялся;2.0;4.0;0.0;1.0
29.0;17.08.2025;00:11;900.0;50.902979;95.192928;930001799.0;Наезд на животное;Тандинский район;Кызыл-Эрзин-граница с Монголией;Региональная или межмуниципальная (дорога регионального или межмуниципального значения);5.0;Вне НП;Отсутствие в непосредственной близости объектов УДС и объектов притяжения;Перегон (нет объектов на месте ДТП);Не установлены;Оказание влияния на движение транспортного потока или отдельного транспортного средства, наличия или внезапного появления на проезжей части животных;Ясно;Сухое;В темное время суток, освещение отсутствует;Режим движения не изменялся;1.0;3.0;0.0;2.0
30.0;17.08.2025;19:50;880.0;51.278454;89.715815;930001820.0;Наезд на пешехода;Бай-Тайгинский район;;Местного значения (дорога местного значения, включая относящиеся к собственности поселений, муниципальных районов, городских округов);;Вне НП;Отсутствие в непосредственной близости объектов УДС и объектов притяжения;Перегон (нет объектов на месте ДТП);Не установлены;Сведения отсутствуют;Ясно;Сухое;Светлое время суток;Режим движения не изменялся;1.0;2.0;1.0;0.0
31.0;17.08.2025;21:35;990.0;51.079263;94.727297;930001811.0;Падение пассажира;Тандинский район;;Местного значения (дорога местного значения, включая относящиеся к собственности поселений, муниципальных районов, городских округов);;Иные места;Отсутствие в непосредственной близости объектов УДС и объектов притяжения;Перегон (нет объектов на месте ДТП);Не установлены;Сведения отсутствуют;Ясно;Сухое;В темное время суток, освещение отсутствует;Режим движения не изменялся;1.0;2.0;0.0;2.0
32.0;16.08.2025;19:48;600.0;50.298359;90.655231;930001797.0;Съезд с дороги;Монгун-Тайгинский район;ХАНДАГАЙТЫ - МУГУР-АКСЫ;Региональная или межмуниципальная (дорога регионального или межмуниципального значения);5.0;Вне НП;Отсутствие в непосредственной близости объектов УДС и объектов притяжения;Перегон (нет объектов на месте ДТП);Не установлены;Сведения отсутствуют;Ясно;Сухое;Светлое время суток;Режим движения не изменялся;1.0;3.0;0.0;2.0
33.0;16.08.2025;02:27;200.0;51.556558;94.057097;930001790.0;Столкновение;Кызылский район;Р-257 Енисей Красноярск - Абакан - Кызыл - граница с Монголией;Федеральная (дорога федерального значения);5.0;Вне НП;Отсутствие в непосредственной близости объектов УДС и объектов притяжения;Перегон (нет объектов на месте ДТП);Не установлены;Сведения отсутствуют;Ясно;Сухое;В темное время суток, освещение отсутствует;Режим движения не изменялся;2.0;2.0;0.0;2.0
34.0;15.08.2025;23:20;300.0;51.498411;95.543922;930001788.0;Столкновение;Каа-Хемский район;;Местного значения (дорога местного значения, включая относящиеся к собственности поселений, муниципальных районов, городских округов);;Главные улицы;Нерегулируемый перекрёсток | Жилые дома индивидуальной застройки;Нерегулируемый перекрёсток неравнозначных улиц (дорог);Не установлены;Сведения отсутствуют;Ясно;Сухое;В темное время суток, освещение включено;Режим движения не изменялся;2.0;2.0;0.0;1.0
35.0;14.08.2025;16:30;50.0;51.175576;94.405689;930001780.0;Столкновение;Тандинский район;Бай-Хаак - Чал-Кежиг;Региональная или межмуниципальная (дорога регионального или межмуниципального значения);5.0;Вне НП;Отсутствие в непосредственной близости объектов УДС и объектов притяжения;Перегон (нет объектов на месте ДТП);Не установлены;Сведения отсутствуют;Ясно;Сухое;Светлое время суток;Режим движения не изменялся;2.0;2.0;0.0;2.0
36.0;14.08.2025;14:00;610.0;52.061621;95.658903;930001800.0;Съезд с дороги;Кызылский район;БОЯРОВКА - ТООРА-ХЕМ;Региональная или межмуниципальная (дорога регионального или межмуниципального значения);5.0;Вне НП;Отсутствие в непосредственной близости объектов УДС и объектов притяжения;Перегон (нет объектов на месте ДТП);Не установлены;Сведения отсутствуют;Ясно;Сухое;Светлое время суток;Режим движения не изменялся;1.0;1.0;0.0;1.0
37.0;14.08.2025;18:50;600.0;51.127768;90.27277;930001779.0;Съезд с дороги;Бай-Тайгинский район;Подъезд к с.Тээли;Региональная или межмуниципальная (дорога регионального или межмуниципального значения);5.0;Вне НП;Отсутствие в непосредственной близости объектов УДС и объектов притяжения;Перегон (нет объектов на месте ДТП);Не установлены;Сведения отсутствуют;Ясно;Сухое;Светлое время суток;Режим движения не изменялся;1.0;3.0;0.0;3.0
38.0;13.08.2025;07:17;820.0;51.648822;94.541345;930001763.0;Наезд на пешехода;Кызылский район;Объездная в обход г.Кызыл и пгт.Каа-Хем;Региональная или межмуниципальная (дорога регионального или межмуниципального значения);5.0;Вне НП;Отсутствие в непосредственной близости объектов УДС и объектов притяжения;Перегон (нет объектов на месте ДТП);Не установлены;Сведения отсутствуют;Пасмурно;Сухое;Светлое время суток;Режим движения не изменялся;1.0;2.0;0.0;1.0
39.0;13.08.2025;23:15;950.0;51.110069;95.458912;930001771.0;Съезд с дороги;Каа-Хемский район;САРЫГ-СЕП-БАЛГАЗЫН;Региональная или межмуниципальная (дорога регионального или межмуниципального значения);5.0;Вне НП;Отсутствие в непосредственной близости объектов УДС и объектов притяжения;Иное место;Не установлены;Сведения отсутствуют;Ясно;Сухое;В темное время суток, освещение отсутствует;Режим движения не изменялся;1.0;2.0;0.0;1.0
40.0;12.08.2025;07:21;500.0;51.69694;94.374769;930001756.0;Столкновение;г.Кызыл;;Местного значения (дорога местного значения, включая относящиеся к собственности поселений, муниципальных районов, городских округов);;Улицы и дороги местного значения в жилой застройке;Отсутствие в непосредственной близости объектов УДС и объектов притяжения;Регулируемый перекресток;Не установлены;Сведения отсутствуют;Ясно;Сухое;Светлое время суток;Режим движения не изменялся;2.0;5.0;0.0;1.0
41.0;11.08.2025;21:38;600.0;51.316881;89.908247;930001751.0;Съезд с дороги;Барун-Хемчикский район;Подъезд к с.Хонделен;Региональная или межмуниципальная (дорога регионального или межмуниципального значения);5.0;Вне НП;Отсутствие в непосредственной близости объектов УДС и объектов притяжения;Перегон (нет объектов на месте ДТП);Не установлены;Сведения отсутствуют;Ясно;Сухое;Светлое время суток;Режим движения не изменялся;1.0;5.0;0.0;4.0
42.0;11.08.2025;19:31;120.0;51.686918;94.359888;930001749.0;Столкновение;г.Кызыл;;Местного значения (дорога местного значения, включая относящиеся к собственности поселений, муниципальных районов, городских округов);;Магистральные улицы общегородского значения;Производственное предприятие;Нерегулируемый перекрёсток неравнозначных улиц (дорог);Не установлены;Сведения отсутствуют;Пасмурно;Сухое;Светлое время суток;Режим движения не изменялся;2.0;4.0;2.0;2.0
43.0;10.08.2025;00:11;600.0;51.034288;94.842498;930001735.0;Съезд с дороги;Тандинский район;Бай-Хаак - Балгазын;Региональная или межмуниципальная (дорога регионального или межмуниципального значения);5.0;;Отсутствие в непосредственной близости объектов УДС и объектов притяжения;Перегон (нет объектов на месте ДТП);Не установлены;Сведения отсутствуют;Пасмурно;Пыльное;В темное время суток, освещение отсутствует;Режим движения не изменялся;1.0;2.0;1.0;1.0
44.0;10.08.2025;05:20;930.0;52.155531;93.929726;930001736.0;Наезд на препятствие;Пий-Хемский район;;Местного значения (дорога местного значения, включая относящиеся к собственности поселений, муниципальных районов, городских округов);;Улицы и дороги местного значения в жилой застройке;Жилые дома индивидуальной застройки;Нерегулируемый перекрёсток неравнозначных улиц (дорог) | Иное место;Не установлены;Сведения отсутствуют;Пасмурно;Мокрое;Светлое время суток;Режим движения не изменялся;1.0;4.0;0.0;2.0
45.0;09.08.2025;14:54;300.0;50.735409;92.069657;930001726.0;Столкновение;Овюрский район;Р-257 Енисей Красноярск - Абакан - Кызыл - граница с Монголией;Федеральная (дорога федерального значения);5.0;;Жилые дома индивидуальной застройки;Нерегулируемый перекрёсток неравнозначных улиц (дорог);Не установлены;Сведения отсутствуют;Ясно;Сухое;Светлое время суток;Движение частично перекрыто;2.0;4.0;0.0;3.0
46.0;09.08.2025;09:10;940.0;50.220166;95.150442;930001725.0;Наезд на препятствие;Эрзинский район;;Местного значения (дорога местного значения, включая относящиеся к собственности поселений, муниципальных районов, городских округов);;Иные места;Отсутствие в непосредственной близости объектов УДС и объектов притяжения;Перегон (нет объектов на месте ДТП);Не установлены;Сведения отсутствуют;Ясно;Пыльное;Светлое время суток;Движение частично перекрыто;1.0;3.0;0.0;2.0
47.0;09.08.2025;23:45;820.0;51.647032;94.263629;930001734.0;Наезд на пешехода;Кызылский район;;Местного значения (дорога местного значения, включая относящиеся к собственности поселений, муниципальных районов, городских округов);;Поселковые дороги;Жилые дома индивидуальной застройки;Нерегулируемый перекрёсток неравнозначных улиц (дорог) | Выезд с прилегающей территории;Не установлены;Сведения отсутствуют;Пасмурно;Мокрое;В темное время суток, освещение включено;Движение частично перекрыто;1.0;2.0;0.0;1.0
48.0;08.08.2025;17:35;610.0;51.287957;90.526443;930001723.0;Съезд с дороги;Барун-Хемчикский район;АБАКАН-АК-ДОВУРАК;Региональная или межмуниципальная (дорога регионального или межмуниципального значения);5.0;;Отсутствие в непосредственной близости объектов УДС и объектов притяжения;Мост, эстакада, путепровод;Не установлены;Сведения отсутствуют;Ясно;Сухое;Светлое время суток;Режим движения не изменялся;1.0;4.0;0.0;2.0
49.0;07.08.2025;12:09;600.0;51.538288;93.938019;930001715.0;Опрокидывание;Кызылский район;Р-257 Енисей Красноярск - Абакан - Кызыл - граница с Монголией;Федеральная (дорога федерального значения);5.0;Вне НП;Отсутствие в непосредственной близости объектов УДС и объектов притяжения;Перегон (нет объектов на месте ДТП);Не установлены;Сведения отсутствуют;Ясно;Сухое;Светлое время суток;Режим движения не изменялся;1.0;1.0;0.0;1.0
50.0;07.08.2025;12:03;500.0;51.167329;90.588584;930001713.0;Столкновение;г.Ак-Довурак;;Местного значения (дорога местного значения, включая относящиеся к собственности поселений, муниципальных районов, городских округов);;Основные улицы в жилой застройке;Жилые дома индивидуальной застройки;Нерегулируемый перекрёсток неравнозначных улиц (дорог);Не установлены;Сведения отсутствуют;Ясно;Сухое;Светлое время суток;Движение частично перекрыто;2.0;3.0;0.0;1.0
51.0;07.08.2025;02:00;600.0;51.274105;91.226692;930001712.0;Съезд с дороги;Дзун-Хемчикский район;А162-Г.КЫЗЫЛ - Г.АК-ДОВУРАК;Региональная или межмуниципальная (дорога регионального или межмуниципального значения);6.0;Вне НП;Отсутствие в непосредственной близости объектов УДС и объектов притяжения;Перегон (нет объектов на месте ДТП);Не установлены;Сведения отсутствуют;Пасмурно;Сухое;В темное время суток, освещение отсутствует;Режим движения не изменялся;1.0;7.0;0.0;7.0
52.0;05.08.2025;21:12;850.0;51.703171;94.469365;930001705.0;Наезд на пешехода;г.Кызыл;;Местного значения (дорога местного значения, включая относящиеся к собственности поселений, муниципальных районов, городских округов);;Улицы и дороги местного значения в жилой застройке;Жилые дома индивидуальной застройки;Нерегулируемый перекрёсток неравнозначных улиц (дорог) | Остановка общественного транспорта;Неисправное освещение;Сведения отсутствуют;Пасмурно;Сухое;В темное время суток, освещение включено;Режим движения не изменялся;1.0;2.0;1.0;0.0
53.0;05.08.2025;08:37;200.0;51.595628;94.166136;930001701.0;Столкновение;Кызылский район;Р-257 Енисей Красноярск - Абакан - Кызыл - граница с Монголией;Федеральная (дорога федерального значения);5.0;Вне НП;Отсутствие в непосредственной близости объектов УДС и объектов притяжения;Перегон (нет объектов на месте ДТП);Не установлены;Сведения отсутствуют;Ясно;Сухое;Светлое время суток;Режим движения не изменялся;2.0;4.0;0.0;3.0
54.0;03.08.2025;13:00;950.0;51.585604;95.357974;930002753.0;Опрокидывание;Каа-Хемский район;БОЯРОВКА - ТООРА-ХЕМ;Региональная или межмуниципальная (дорога регионального или межмуниципального значения);6.0;;Отсутствие в непосредственной близости объектов УДС и объектов притяжения;Перегон (нет объектов на месте ДТП);Не установлены;Сведения отсутствуют;Ясно;Сухое;Светлое время суток;Режим движения не изменялся;1.0;2.0;0.0;1.0
55.0;02.08.2025;00:57;620.0;51.507672;92.350861;930001698.0;Съезд с дороги;Чаа-Хольский район;;Местного значения (дорога местного значения, включая относящиеся к собственности поселений, муниципальных районов, городских округов);;Иные места;Отсутствие в непосредственной близости объектов УДС и объектов притяжения;Иное место;Не установлены;Сведения отсутствуют;Ясно;Сухое;В темное время суток, освещение отсутствует;Режим движения не изменялся;1.0;1.0;0.0;1.0
56.0;01.08.2025;10:20;940.0;51.71327;94.502174;930001667.0;Съезд с дороги;г.Кызыл;;Местного значения (дорога местного значения, включая относящиеся к собственности поселений, муниципальных районов, городских округов);;Улицы и дороги местного значения в жилой застройке;АЗС;Нерегулируемый перекрёсток неравнозначных улиц (дорог) | АЗС;Не установлены;Сведения отсутствуют;Ясно;Сухое;Светлое время суток;Режим движения не изменялся;1.0;3.0;1.0;2.0
57.0;01.08.2025;11:56;870.0;51.690011;94.644084;930001669.0;Наезд на пешехода;Кызылский район;КЫЗЫЛ - САРЫГ-СЕП;Региональная или межмуниципальная (дорога регионального или межмуниципального значения);5.0;Вне НП;Жилые дома индивидуальной застройки;Перегон (нет объектов на месте ДТП);Не установлены;Сведения отсутствуют;Ясно;Сухое;В темное время суток, освещение отсутствует;Режим движения не изменялся;1.0;3.0;0.0;1.0
1.0;31.10.2025;17:20;910.0;51.254663;94.327669;930002400.0;Наезд на стоящее ТС;Тандинский район;;Местного значения (дорога местного значения, включая относящиеся к собственности поселений, муниципальных районов, городских округов);;Улицы и дороги местного значения в жилой застройке;Жилые дома индивидуальной застройки;Перегон (нет объектов на месте ДТП);Не установлены;Сведения отсутствуют;Ясно;Сухое;Светлое время суток;Режим движения не изменялся;2.0;3.0;0.0;3.0
2.0;31.10.2025;22:00;500.0;51.013917;90.200855;930002403.0;Столкновение;Бай-Тайгинский район;;Местного значения (дорога местного значения, включая относящиеся к собственности поселений, муниципальных районов, городских округов);;Основные улицы в жилой застройке;Жилые дома индивидуальной застройки;Нерегулируемый перекрёсток неравнозначных улиц (дорог);Отсутствие освещения | Неисправное освещение | Неправильное применение, плохая видимость дорожных знаков;Сведения отсутствуют;Ясно;Сухое;В темное время суток, освещение отсутствует;Режим движения не изменялся;2.0;2.0;0.0;1.0
3.0;30.10.2025;20:45;300.0;51.696867;94.422426;930002397.0;Столкновение;г.Кызыл;;Местного значения (дорога местного значения, включая относящиеся к собственности поселений, муниципальных районов, городских округов);;Магистральные улицы общегородского значения;Многоквартирные жилые дома;Нерегулируемый перекрёсток неравнозначных улиц (дорог);Не установлены;Сведения отсутствуют;Пасмурно;Сухое;В темное время суток, освещение включено;Режим движения не изменялся;2.0;3.0;0.0;2.0
4.0;30.10.2025;04:57;610.0;51.568281;94.095476;930002394.0;Опрокидывание;Кызылский район;Р-257 Енисей Красноярск - Абакан - Кызыл - граница с Монголией;Федеральная (дорога федерального значения);5.0;;Отсутствие в непосредственной близости объектов УДС и объектов притяжения;Перегон (нет объектов на месте ДТП);Не установлены;Сведения отсутствуют;Ясно;Сухое;В темное время суток, освещение включено;Режим движения не изменялся;1.0;2.0;0.0;1.0
5.0;29.10.2025;17:12;600.0;51.138486;91.581688;930002390.0;Опрокидывание;Дзун-Хемчикский район;Р-257 Енисей Красноярск - Абакан - Кызыл - граница с Монголией;Федеральная (дорога федерального значения);5.0;Вне НП;Отсутствие в непосредственной близости объектов УДС и объектов притяжения;Перегон (нет объектов на месте ДТП);Не установлены;Сведения отсутствуют;Ясно;Сухое;В темное время суток, освещение не включено;Режим движения не изменялся;1.0;5.0;0.0;4.0
6.0;29.10.2025;20:59;830.0;51.288346;91.57554;930002392.0;Наезд на пешехода;Дзун-Хемчикский район;;Местного значения (дорога местного значения, включая относящиеся к собственности поселений, муниципальных районов, городских округов);;Иные места;Отсутствие в непосредственной близости объектов УДС и объектов притяжения;Иное место;Отсутствие освещения;Сведения отсутствуют;Ясно;Сухое;В темное время суток, освещение отсутствует;Режим движения не изменялся;1.0;2.0;0.0;1.0
7.0;27.10.2025;22:37;610.0;51.871616;94.348183;930002383.0;Съезд с дороги;Пий-Хемский район;Р-257 Енисей Красноярск - Абакан - Кызыл - граница с Монголией;Федеральная (дорога федерального значения);5.0;Вне НП;Отсутствие в непосредственной близости объектов УДС и объектов притяжения;Перегон (нет объектов на месте ДТП);Недостатки зимнего содержания;Сведения отсутствуют;Пасмурно;Гололедица;В темное время суток, освещение отсутствует;Режим движения не изменялся;2.0;11.0;0.0;6.0
8.0;27.10.2025;16:55;610.0;51.38346;92.466259;930002382.0;Опрокидывание;Улуг-Хемский район;Р-257 Енисей Красноярск - Абакан - Кызыл - граница с Монголией;Федеральная (дорога федерального значения);5.0;Вне НП;Отсутствие в непосредственной близости объектов УДС и объектов притяжения;Место для перегона скота | Иное место;Не установлены;Сведения отсутствуют;Ясно;Сухое;Светлое время суток;Режим движения не изменялся;1.0;4.0;0.0;3.0
9.0;25.10.2025;17:55;820.0;51.57833;91.590207;930002367.0;Наезд на пешехода;Дзун-Хемчикский район;;Местного значения (дорога местного значения, включая относящиеся к собственности поселений, муниципальных районов, городских округов);;Главные улицы;Отсутствие в непосредственной близости объектов УДС и объектов притяжения;Иное место;Не установлены;Сведения отсутствуют;Ясно;Сухое;Сумерки;Режим движения не изменялся;1.0;2.0;0.0;1.0
10.0;25.10.2025;20:27;870.0;51.688594;94.584153;930002370.0;Наезд на пешехода;Кызылский район;;Местного значения (дорога местного значения, включая относящиеся к собственности поселений, муниципальных районов, городских округов);;Поселковые дороги;Жилые дома индивидуальной застройки;Нерегулируемый перекрёсток неравнозначных улиц (дорог);Неисправное освещение;Сведения отсутствуют;Пасмурно;Сухое;В темное время суток, освещение не включено;Режим движения не изменялся;1.0;2.0;0.0;1.0
11.0;24.10.2025;13:37;800.0;51.697592;94.427458;930002358.0;Наезд на пешехода;г.Кызыл;;Местного значения (дорога местного значения, включая относящиеся к собственности поселений, муниципальных районов, городских округов);;Иные места;Многоквартирные жилые дома;Внутридворовая территория;Не установлены;Сведения отсутствуют;Ясно;Сухое;Светлое время суток;Режим движения не изменялся;1.0;2.0;0.0;1.0
12.0;23.10.2025;14:32;500.0;51.700797;94.561;930002352.0;Столкновение;Кызылский район;;Местного значения (дорога местного значения, включая относящиеся к собственности поселений, муниципальных районов, городских округов);;Поселковые дороги;Жилые дома индивидуальной застройки;Нерегулируемый перекрёсток неравнозначных улиц (дорог);Не установлены;Сведения отсутствуют;Ясно;Сухое;Светлое время суток;Режим движения не изменялся;2.0;4.0;0.0;1.0
13.0;23.10.2025;19:08;820.0;51.710943;94.368718;930002356.0;Наезд на пешехода;г.Кызыл;;Местного значения (дорога местного значения, включая относящиеся к собственности поселений, муниципальных районов, городских округов);;Улицы и дороги местного значения научно-производственных промышленных и коммунально-складских районов;Жилые дома индивидуальной застройки;Перегон (нет объектов на месте ДТП);Отсутствие освещения;Сведения отсутствуют;Ясно;Сухое;В темное время суток, освещение не включено;Режим движения не изменялся;1.0;2.0;0.0;1.0
14.0;21.10.2025;02:21;300.0;51.716381;94.438573;930002339.0;Столкновение;г.Кызыл;;Местного значения (дорога местного значения, включая относящиеся к собственности поселений, муниципальных районов, городских округов);;Улицы и дороги местного значения в жилой застройке;Остановка общественного транспорта | Многоквартирные жилые дома;Регулируемый пешеходный переход | Регулируемый перекресток;Не установлены;Сведения отсутствуют;Ясно;Сухое;В темное время суток, освещение включено;Режим движения не изменялся;2.0;4.0;0.0;2.0
15.0;20.10.2025;00:37;990.0;51.34852;94.064502;930002333.0;Падение пассажира;Тандинский район;;Местного значения (дорога местного значения, включая относящиеся к собственности поселений, муниципальных районов, городских округов);;Поселковые дороги;Отсутствие в непосредственной близости объектов УДС и объектов притяжения;Регулируемый перекресток;Не установлены;Сведения отсутствуют;Ясно;Сухое;В темное время суток, освещение отсутствует;Движение частично перекрыто;1.0;3.0;0.0;2.0
16.0;19.10.2025;15:35;840.0;51.066667;93.791667;930002330.0;Падение пассажира;Чеди-Хольский район;;Местного значения (дорога местного значения, включая относящиеся к собственности поселений, муниципальных районов, городских округов);;Иные места;Отсутствие в непосредственной близости объектов УДС и объектов притяжения;Перегон (нет объектов на месте ДТП);Не установлены;Сведения отсутствуют;Ясно;Сухое;Светлое время суток;Режим движения не изменялся;1.0;2.0;0.0;1.0
17.0;18.10.2025;14:01;800.0;51.661429;94.288166;930002319.0;Наезд на пешехода;г.Кызыл;;Местного значения (дорога местного значения, включая относящиеся к собственности поселений, муниципальных районов, городских округов);;Улицы и дороги местного значения в жилой застройке;Жилые дома индивидуальной застройки;Перегон (нет объектов на месте ДТП);Не установлены;Сведения отсутствуют;Ясно;Сухое;Светлое время суток;Режим движения не изменялся;1.0;2.0;0.0;1.0
18.0;15.10.2025;23:52;600.0;51.688414;94.413993;930002293.0;Опрокидывание;г.Кызыл;Кызыл-Эрзин-граница с Монголией;Региональная или межмуниципальная (дорога регионального или межмуниципального значения);5.0;;Жилые дома индивидуальной застройки;Нерегулируемый перекрёсток неравнозначных улиц (дорог);Не установлены;Сведения отсутствуют;Ясно;Сухое;В темное время суток, освещение отсутствует;Движение частично перекрыто;1.0;2.0;0.0;1.0
19.0;15.10.2025;23:15;900.0;51.557082;93.296295;930002292.0;Наезд на животное;Улуг-Хемский район;Р-257 Енисей Красноярск - Абакан - Кызыл - граница с Монголией;Федеральная (дорога федерального значения);5.0;Вне НП;Отсутствие в непосредственной близости объектов УДС и объектов притяжения;Перегон (нет объектов на месте ДТП);Не установлены;Сведения отсутствуют;Пасмурно;Сухое;В темное время суток, освещение отсутствует;Движение частично перекрыто;1.0;5.0;0.0;1.0
20.0;14.10.2025;23:29;830.0;51.136581;90.550947;930002289.0;Наезд на пешехода;Барун-Хемчикский район;;Местного значения (дорога местного значения, включая относящиеся к собственности поселений, муниципальных районов, городских округов);;Магистральные дороги;Жилые дома индивидуальной застройки;Перегон (нет объектов на месте ДТП);Отсутствие тротуаров (пешеходных дорожек) | Отсутствие освещения;Сведения отсутствуют;Ясно;Сухое;В темное время суток, освещение отсутствует;Движение полностью перекрыто;1.0;2.0;1.0;0.0
21.0;14.10.2025;19:33;200.0;51.771372;94.451265;930002287.0;Столкновение;г.Кызыл;Подъезд к С.КАРА-ХААК;Региональная или межмуниципальная (дорога регионального или межмуниципального значения);5.0;;Отсутствие в непосредственной близости объектов УДС и объектов притяжения;Перегон (нет объектов на месте ДТП);Не установлены;Сведения отсутствуют;Ясно;Сухое;В темное время суток, освещение не включено;Движение частично перекрыто;2.0;2.0;0.0;1.0
22.0;12.10.2025;20:05;70.0;51.223073;94.635372;930002272.0;Столкновение;Тандинский район;Подъезд к с.Бай-Хаак;Региональная или межмуниципальная (дорога регионального или межмуниципального значения);5.0;Вне НП;Отсутствие в непосредственной близости объектов УДС и объектов притяжения;Перегон (нет объектов на месте ДТП);Не установлены;Сведения отсутствуют;Ясно;Сухое;В темное время суток, освещение отсутствует;Движение частично перекрыто;2.0;11.0;1.0;8.0
23.0;12.10.2025;23:10;610.0;51.496189;92.888042;930002274.0;Опрокидывание;Улуг-Хемский район;ПОДЪЕЗД К с. ЧОДУРАА;Региональная или межмуниципальная (дорога регионального или межмуниципального значения);5.0;;Отсутствие в непосредственной близости объектов УДС и объектов притяжения;Перегон (нет объектов на месте ДТП);Не установлены;Сведения отсутствуют;Ясно;Сухое;В темное время суток, освещение отсутствует;Режим движения не изменялся;1.0;4.0;0.0;2.0
24.0;11.10.2025;01:51;600.0;51.554428;93.518533;930002254.0;Опрокидывание;Улуг-Хемский район;Р-257 Енисей Красноярск - Абакан - Кызыл - граница с Монголией;Федеральная (дорога федерального значения);5.0;Вне НП;Отсутствие в непосредственной близости объектов УДС и объектов притяжения;Перегон (нет объектов на месте ДТП);Не установлены;Сведения отсутствуют;Ясно;Сухое;В темное время суток, освещение отсутствует;Движение частично перекрыто;1.0;3.0;0.0;2.0
25.0;11.10.2025;06:05;950.0;52.472279;96.103753;930002264.0;Опрокидывание;Тоджинский район;;Местного значения (дорога местного значения, включая относящиеся к собственности поселений, муниципальных районов, городских округов);;Основные улицы в жилой застройке;Жилые дома индивидуальной застройки;Перегон (нет объектов на месте ДТП);Не установлены;Сведения отсутствуют;Ясно;Сухое;В темное время суток, освещение отсутствует;Движение частично перекрыто;1.0;1.0;0.0;1.0
26.0;11.10.2025;19:54;740.0;51.291996;91.569811;930002263.0;Наезд на пешехода;Дзун-Хемчикский район;Р-257 Енисей Красноярск - Абакан - Кызыл - граница с Монголией;Федеральная (дорога федерального значения);8.0;;Нерегулируемый пешеходный переход;Нерегулируемый пешеходный переход;Не установлены;Сведения отсутствуют;Ясно;Сухое;В темное время суток, освещение включено;Движение частично перекрыто;1.0;5.0;1.0;0.0
27.0;11.10.2025;18:57;900.0;51.017183;95.13864;930002262.0;Наезд на животное;Тандинский район;Кызыл-Эрзин-граница с Монголией;Региональная или межмуниципальная (дорога регионального или межмуниципального значения);5.0;Вне НП;Отсутствие в непосредственной близости объектов УДС и объектов притяжения;Перегон (нет объектов на месте ДТП);Не установлены;Оказание влияния на движение транспортного потока или отдельного транспортного средства, наличия или внезапного появления на проезжей части животных;Ясно;Сухое;В темное время суток, освещение отсутствует;Режим движения не изменялся;1.0;3.0;0.0;1.0
28.0;11.10.2025;17:34;70.0;51.968449;94.330764;930002257.0;Столкновение;Пий-Хемский район;Р-257 Енисей Красноярск - Абакан - Кызыл - граница с Монголией;Федеральная (дорога федерального значения);6.0;Вне НП;Отсутствие в непосредственной близости объектов УДС и объектов притяжения;Перегон (нет объектов на месте ДТП);Не установлены;Сведения отсутствуют;Ясно;Сухое;Светлое время суток;Движение частично перекрыто;2.0;2.0;0.0;1.0
29.0;10.10.2025;15:27;990.0;51.018096;90.192768;930002246.0;Падение пассажира;Бай-Тайгинский район;;Местного значения (дорога местного значения, включая относящиеся к собственности поселений, муниципальных районов, городских округов);;Поселковые дороги;Жилые дома индивидуальной застройки;Перегон (нет объектов на месте ДТП);Не установлены;Сведения отсутствуют;Ясно;Сухое;Светлое время суток;Режим движения не изменялся;1.0;2.0;0.0;1.0
30.0;10.10.2025;16:59;500.0;51.714254;94.446416;930002244.0;Столкновение;г.Кызыл;;Местного значения (дорога местного значения, включая относящиеся к собственности поселений, муниципальных районов, городских округов);;Магистральные улицы общегородского значения;Крупный торговый объект (являющийся объектом массового тяготения пешеходов и (или) транспорта);Регулируемый пешеходный переход | Регулируемый перекресток;Неисправность светофора;Работа светофора на регулируемом перекрёстке или регулируемом пешеходном переходе в режиме 'жёлтого мигания';Ясно;Сухое;Светлое время суток;Движение частично перекрыто;2.0;2.0;0.0;1.0
31.0;10.10.2025;13:00;960.0;51.719078;94.437587;930002294.0;Падение пассажира;г.Кызыл;;Местного значения (дорога местного значения, включая относящиеся к собственности поселений, муниципальных районов, городских округов);;Улицы и дороги местного значения в жилой застройке;Административные здания | Регулируемый перекрёсток;Регулируемый пешеходный переход | Регулируемый перекресток;Не установлены;Сведения отсутствуют;Ясно;Сухое;Светлое время суток;Режим движения не изменялся;1.0;2.0;0.0;1.0
32.0;09.10.2025;12:05;610.0;52.090701;94.000139;930002237.0;Съезд с дороги;Пий-Хемский район;Р-257 Енисей Красноярск - Абакан - Кызыл - граница с Монголией;Федеральная (дорога федерального значения);5.0;Вне НП;Отсутствие в непосредственной близости объектов УДС и объектов притяжения;Перегон (нет объектов на месте ДТП);Не установлены;Сведения отсутствуют;Ясно;Сухое;Светлое время суток;Режим движения не изменялся;1.0;5.0;0.0;4.0
33.0;09.10.2025;09:30;600.0;51.728211;94.410013;930002235.0;Опрокидывание;г.Кызыл;;Местного значения (дорога местного значения, включая относящиеся к собственности поселений, муниципальных районов, городских округов);;Парковые дороги;Административные здания;Регулируемый пешеходный переход | Регулируемый перекресток;Не установлены;Сведения отсутствуют;Пасмурно;Сухое;Светлое время суток;Движение частично перекрыто;1.0;1.0;0.0;1.0
34.0;09.10.2025;07:26;740.0;51.716647;94.479686;930002232.0;Наезд на пешехода;г.Кызыл;;Местного значения (дорога местного значения, включая относящиеся к собственности поселений, муниципальных районов, городских округов);;Магистральные улицы общегородского значения;Многоквартирные жилые дома;Регулируемый пешеходный переход;Не установлены;Сведения отсутствуют;Пасмурно;Сухое;Светлое время суток;Движение частично перекрыто;1.0;2.0;0.0;1.0
35.0;08.10.2025;18:40;710.0;51.708683;94.430956;930002227.0;Наезд на пешехода;г.Кызыл;;Местного значения (дорога местного значения, включая относящиеся к собственности поселений, муниципальных районов, городских округов);;Улицы и дороги местного значения научно-производственных промышленных и коммунально-складских районов;Многоквартирные жилые дома;Нерегулируемый пешеходный переход | Нерегулируемый перекрёсток неравнозначных улиц (дорог);Не установлены;Сведения отсутствуют;Ясно;Сухое;Сумерки;Режим движения не изменялся;1.0;2.0;0.0;1.0
36.0;08.10.2025;19:29;990.0;51.559157;93.132262;930002226.0;Наезд на животное;Улуг-Хемский район;Р-257 Енисей Красноярск - Абакан - Кызыл - граница с Монголией;Федеральная (дорога федерального значения);5.0;Вне НП;Отсутствие в непосредственной близости объектов УДС и объектов притяжения;Перегон (нет объектов на месте ДТП);Не установлены;Сведения отсутствуют;Ясно;Сухое;В темное время суток, освещение отсутствует;Режим движения не изменялся;2.0;5.0;0.0;2.0
37.0;07.10.2025;19:40;830.0;51.649082;95.001655;930002219.0;Наезд на пешехода;Каа-Хемский район;;Местного значения (дорога местного значения, включая относящиеся к собственности поселений, муниципальных районов, городских округов);;Главные улицы;Отсутствие в непосредственной близости объектов УДС и объектов притяжения;Перегон (нет объектов на месте ДТП);Отсутствие тротуаров (пешеходных дорожек) | Отсутствие освещения;Сведения отсутствуют;Ясно;Сухое;В темное время суток, освещение отсутствует;Движение частично перекрыто;1.0;2.0;1.0;0.0
38.0;07.10.2025;17:09;600.0;51.436778;92.249917;930002217.0;Съезд с дороги;Чаа-Хольский район;ПОДЪЕЗД К с. ЧАА-ХОЛЬ;Региональная или межмуниципальная (дорога регионального или межмуниципального значения);5.0;Вне НП;Отсутствие в непосредственной близости объектов УДС и объектов притяжения;Перегон (нет объектов на месте ДТП);Не установлены;Сведения отсутствуют;Ясно;Сухое;Светлое время суток;Режим движения не изменялся;1.0;2.0;0.0;2.0
39.0;06.10.2025;19:01;830.0;50.995837;95.168649;930002212.0;Наезд на пешехода;Тандинский район;;Местного значения (дорога местного значения, включая относящиеся к собственности поселений, муниципальных районов, городских округов);;Поселковые дороги;Жилые дома индивидуальной застройки;Перегон (нет объектов на месте ДТП);Отсутствие освещения;Сведения отсутствуют;Пасмурно;Мокрое;В темное время суток, освещение отсутствует;Движение частично перекрыто;1.0;2.0;0.0;1.0
40.0;06.10.2025;18:40;600.0;51.056389;94.750278;930002211.0;Опрокидывание;Тандинский район;Бай-Хаак - Балгазын;Региональная или межмуниципальная (дорога регионального или межмуниципального значения);5.0;Вне НП;Отсутствие в непосредственной близости объектов УДС и объектов притяжения;Перегон (нет объектов на месте ДТП);Не установлены;Сведения отсутствуют;Ясно;Сухое;В темное время суток, освещение отсутствует;Движение частично перекрыто;1.0;5.0;1.0;3.0
41.0;06.10.2025;01:20;200.0;51.116387;95.056726;930002204.0;Столкновение;Тандинский район;Кызыл-Эрзин-граница с Монголией;Региональная или межмуниципальная (дорога регионального или межмуниципального значения);5.0;Вне НП;Отсутствие в непосредственной близости объектов УДС и объектов притяжения;Перегон (нет объектов на месте ДТП);Не установлены;Сведения отсутствуют;Снегопад;Гололедица;В темное время суток, освещение отсутствует;Движение частично перекрыто;2.0;4.0;0.0;3.0
42.0;05.10.2025;18:40;610.0;51.302421;91.958764;930002203.0;Опрокидывание;Дзун-Хемчикский район;Р-257 Енисей Красноярск - Абакан - Кызыл - граница с Монголией;Федеральная (дорога федерального значения);5.0;Вне НП;Отсутствие в непосредственной близости объектов УДС и объектов притяжения;Перегон (нет объектов на месте ДТП);Не установлены;Сведения отсутствуют;Пасмурно;Гололедица;Сумерки;Режим движения не изменялся;1.0;3.0;0.0;3.0
43.0;04.10.2025;03:12;610.0;51.702686;94.535615;930002192.0;Съезд с дороги;г.Кызыл;;Местного значения (дорога местного значения, включая относящиеся к собственности поселений, муниципальных районов, городских округов);;Магистральные улицы общегородского значения;Жилые дома индивидуальной застройки;Нерегулируемый перекрёсток неравнозначных улиц (дорог);Не установлены;Сведения отсутствуют;Пасмурно;Сухое;В темное время суток, освещение включено;Режим движения не изменялся;1.0;2.0;0.0;1.0
44.0;03.10.2025;18:44;210.0;51.543746;94.021511;930002187.0;Столкновение;Кызылский район;Р-257 Енисей Красноярск - Абакан - Кызыл - граница с Монголией;Федеральная (дорога федерального значения);5.0;Вне НП;Производственное предприятие;Перегон (нет объектов на месте ДТП);Не установлены;Сведения отсутствуют;Пасмурно;Сухое;Светлое время суток;Движение частично перекрыто;2.0;6.0;2.0;4.0
45.0;03.10.2025;23:09;900.0;51.679807;94.376979;930002189.0;Наезд на животное;г.Кызыл;Кызыл-Эрзин-граница с Монголией;Региональная или межмуниципальная (дорога регионального или межмуниципального значения);5.0;Вне НП;Производственное предприятие;Перегон (нет объектов на месте ДТП);Не установлены;Участок, контролируемый стационарными камерами автоматической фотовидеофиксации нарушений ПДД, обозначенный соответствующим предупреждающим знаком;Пасмурно;Сухое;В темное время суток, освещение отсутствует;Режим движения не изменялся;1.0;2.0;0.0;1.0
46.0;02.10.2025;20:00;900.0;51.485365;94.606276;930002180.0;Наезд на животное;Кызылский район;Кызыл-Эрзин-граница с Монголией;Региональная или межмуниципальная (дорога регионального или межмуниципального значения);5.0;Вне НП;Отсутствие в непосредственной близости объектов УДС и объектов притяжения;Нерегулируемый перекрёсток неравнозначных улиц (дорог);Не установлены;Сведения отсутствуют;Ясно;Сухое;В темное время суток, освещение не включено;Режим движения не изменялся;1.0;5.0;0.0;3.0
47.0;02.10.2025;06:47;600.0;51.642777;92.861874;930002182.0;Опрокидывание;Улуг-Хемский район;;Местного значения (дорога местного значения, включая относящиеся к собственности поселений, муниципальных районов, городских округов);;Вне НП;Отсутствие в непосредственной близости объектов УДС и объектов притяжения;Перегон (нет объектов на месте ДТП);Не установлены;Сведения отсутствуют;Ясно;Сухое;Светлое время суток;Режим движения не изменялся;1.0;1.0;1.0;0.0
48.0;01.10.2025;21:03;610.0;50.37288;90.446609;930002179.0;Опрокидывание;Монгун-Тайгинский район;ХАНДАГАЙТЫ - МУГУР-АКСЫ;Региональная или межмуниципальная (дорога регионального или межмуниципального значения);7.0;Вне НП;Отсутствие в непосредственной близости объектов УДС и объектов притяжения;Перегон (нет объектов на месте ДТП);Не установлены;Сведения отсутствуют;Пасмурно;Мокрое;В темное время суток, освещение отсутствует;Режим движения не изменялся;1.0;2.0;0.0;2.0
49.0;01.10.2025;00:04;940.0;51.558891;95.352049;930002164.0;Падение пассажира;Каа-Хемский район;;Местного значения (дорога местного значения, включая относящиеся к собственности поселений, муниципальных районов, городских округов);;Вне НП;Отсутствие в непосредственной близости объектов УДС и объектов притяжения;Перегон (нет объектов на месте ДТП);Не установлены;Сведения отсутствуют;Дождь;Мокрое;В темное время суток, освещение отсутствует;Режим движения не изменялся;1.0;2.0;1.0;0.0
1.0;30.11.2025;19:42;840.0;51.589986;95.148201;930002622.0;Наезд на пешехода;Каа-Хемский район;КЫЗЫЛ - САРЫГ-СЕП;Региональная или межмуниципальная (дорога регионального или межмуниципального значения);5.0;Вне НП;Отсутствие в непосредственной близости объектов УДС и объектов притяжения;Иное место;Недостатки зимнего содержания;Сведения отсутствуют;Температура ниже -30С;Со снежным накатом;В темное время суток, освещение отсутствует;Режим движения не изменялся;1.0;3.0;1.0;0.0
2.0;26.11.2025;17:55;910.0;52.142134;93.906047;930002596.0;Наезд на стоящее ТС;Пий-Хемский район;;Местного значения (дорога местного значения, включая относящиеся к собственности поселений, муниципальных районов, городских округов);;Улицы и дороги местного значения в жилой застройке;Нерегулируемый перекрёсток;Нерегулируемый перекрёсток неравнозначных улиц (дорог);Отсутствие освещения;Сведения отсутствуют;Пасмурно;Заснеженное;В темное время суток, освещение отсутствует;Режим движения не изменялся;2.0;2.0;0.0;1.0
3.0;24.11.2025;09:37;840.0;51.699481;94.58485;930002580.0;Наезд на пешехода;Кызылский район;;Местного значения (дорога местного значения, включая относящиеся к собственности поселений, муниципальных районов, городских округов);;Поселковые дороги;Жилые дома индивидуальной застройки;Нерегулируемый перекрёсток неравнозначных улиц (дорог);Недостатки зимнего содержания;Сведения отсутствуют;Ясно;Со снежным накатом;Светлое время суток;Режим движения не изменялся;1.0;2.0;0.0;1.0
4.0;24.11.2025;12:22;210.0;51.94068;94.316232;930002579.0;Столкновение;Пий-Хемский район;Р-257 Енисей Красноярск - Абакан - Кызыл - граница с Монголией;Федеральная (дорога федерального значения);5.0;Вне НП;Отсутствие в непосредственной близости объектов УДС и объектов притяжения;Перегон (нет объектов на месте ДТП);Не установлены;Сведения отсутствуют;Снегопад;Заснеженное;Светлое время суток;Режим движения не изменялся;2.0;4.0;0.0;3.0
5.0;24.11.2025;06:20;930.0;51.691793;94.592006;930002575.0;Наезд на препятствие;Кызылский район;;Местного значения (дорога местного значения, включая относящиеся к собственности поселений, муниципальных районов, городских округов);;Улицы и дороги местного значения научно-производственных промышленных и коммунально-складских районов;Отсутствие в непосредственной близости объектов УДС и объектов притяжения;Нерегулируемый перекрёсток неравнозначных улиц (дорог);Недостатки зимнего содержания | Отсутствие дорожных знаков в необходимых местах;Сведения отсутствуют;Пасмурно;Заснеженное;В темное время суток, освещение включено;Режим движения не изменялся;1.0;2.0;1.0;0.0
6.0;24.11.2025;07:59;900.0;51.559891;94.061637;930002576.0;Наезд на животное;Кызылский район;Р-257 Енисей Красноярск - Абакан - Кызыл - граница с Монголией;Федеральная (дорога федерального значения);5.0;Вне НП;Отсутствие в непосредственной близости объектов УДС и объектов притяжения;Перегон (нет объектов на месте ДТП);Не установлены;Оказание влияния на движение транспортного потока или отдельного транспортного средства, наличия или внезапного появления на проезжей части животных;Ясно;Сухое;Светлое время суток;Режим движения не изменялся;1.0;3.0;0.0;1.0
7.0;23.11.2025;19:23;500.0;51.70863;94.444646;930002571.0;Столкновение;г.Кызыл;;Местного значения (дорога местного значения, включая относящиеся к собственности поселений, муниципальных районов, городских округов);;Улицы и дороги местного значения в жилой застройке;Крупный торговый объект (являющийся объектом массового тяготения пешеходов и (или) транспорта);Нерегулируемый перекрёсток равнозначных улиц (дорог);Недостатки зимнего содержания;Сведения отсутствуют;Пасмурно;Со снежным накатом;В темное время суток, освещение включено;Движение частично перекрыто;2.0;3.0;0.0;1.0
8.0;22.11.2025;10:19;70.0;51.658314;94.308186;930002560.0;Столкновение;Кызылский район;Р-257 Енисей Красноярск - Абакан - Кызыл - граница с Монголией;Федеральная (дорога федерального значения);5.0;;АЗС;Нерегулируемый перекрёсток неравнозначных улиц (дорог);Не установлены;Сведения отсутствуют;Пасмурно | Снегопад;Заснеженное;Светлое время суток;Режим движения не изменялся;2.0;3.0;0.0;2.0
9.0;21.11.2025;18:03;70.0;51.702067;94.449903;930002556.0;Столкновение;г.Кызыл;;Местного значения (дорога местного значения, включая относящиеся к собственности поселений, муниципальных районов, городских округов);;Иные места;Жилые дома индивидуальной застройки;Перегон (нет объектов на месте ДТП);Отсутствие освещения | Неисправное освещение;Сведения отсутствуют;Ясно;Сухое;В темное время суток, освещение включено;Режим движения не изменялся;3.0;3.0;0.0;1.0
10.0;20.11.2025;18:26;600.0;50.308625;90.67199;930002554.0;Съезд с дороги;Монгун-Тайгинский район;ХАНДАГАЙТЫ - МУГУР-АКСЫ;Региональная или межмуниципальная (дорога регионального или межмуниципального значения);6.0;Вне НП;Отсутствие в непосредственной близости объектов УДС и объектов притяжения;Перегон (нет объектов на месте ДТП);Не установлены;Сведения отсутствуют;Ясно;Заснеженное;Сумерки;Режим движения не изменялся;1.0;2.0;0.0;1.0
11.0;17.11.2025;19:03;870.0;51.719006;94.39245;930002542.0;Наезд на пешехода;г.Кызыл;;Местного значения (дорога местного значения, включая относящиеся к собственности поселений, муниципальных районов, городских округов);;Улицы и дороги местного значения научно-производственных промышленных и коммунально-складских районов;Жилые дома индивидуальной застройки;Нерегулируемый перекрёсток неравнозначных улиц (дорог);Не установлены;Сведения отсутствуют;Пасмурно;Сухое;В темное время суток, освещение включено;Режим движения не изменялся;1.0;2.0;0.0;1.0
12.0;16.11.2025;14:23;830.0;51.671837;94.300375;930002531.0;Наезд на пешехода;г.Кызыл;;Местного значения (дорога местного значения, включая относящиеся к собственности поселений, муниципальных районов, городских округов);;Улицы и дороги местного значения в жилой застройке;Жилые дома индивидуальной застройки;Нерегулируемый перекрёсток равнозначных улиц (дорог);Не установлены;Сведения отсутствуют;Ясно;Сухое;Светлое время суток;Режим движения не изменялся;1.0;2.0;0.0;1.0
13.0;16.11.2025;17:50;600.0;51.451199;92.877731;930002532.0;Съезд с дороги;Улуг-Хемский район;Подъезд к с.Торгалыг;Региональная или межмуниципальная (дорога регионального или межмуниципального значения);5.0;;Иной объект;Иное место;Не установлены;Сведения отсутствуют;Ясно;Сухое;В темное время суток, освещение отсутствует;Режим движения не изменялся;1.0;3.0;1.0;0.0
14.0;14.11.2025;15:16;930.0;51.19325;90.60354;930002509.0;Наезд на препятствие;г.Ак-Довурак;;Местного значения (дорога местного значения, включая относящиеся к собственности поселений, муниципальных районов, городских округов);;Улицы и дороги местного значения в жилой застройке;Отсутствие в непосредственной близости объектов УДС и объектов притяжения;Перегон (нет объектов на месте ДТП);Не установлены;Сведения отсутствуют;Ясно;Заснеженное;Светлое время суток;Режим движения не изменялся;1.0;1.0;0.0;1.0
15.0;14.11.2025;19:06;810.0;51.648936;94.266129;930002513.0;Наезд на пешехода;Кызылский район;;Местного значения (дорога местного значения, включая относящиеся к собственности поселений, муниципальных районов, городских округов);;Поселковые дороги;Жилые дома индивидуальной застройки;Перегон (нет объектов на месте ДТП);Не установлены;Сведения отсутствуют;Пасмурно;Сухое;В темное время суток, освещение включено;Режим движения не изменялся;1.0;2.0;0.0;1.0
16.0;14.11.2025;16:42;200.0;51.175691;90.580022;930002510.0;Столкновение;г.Ак-Довурак;;Местного значения (дорога местного значения, включая относящиеся к собственности поселений, муниципальных районов, городских округов);;Проезды;Отсутствие в непосредственной близости объектов УДС и объектов притяжения;Перегон (нет объектов на месте ДТП);Недостатки зимнего содержания;Сведения отсутствуют;Ясно;Заснеженное;Светлое время суток;Режим движения не изменялся;2.0;3.0;0.0;2.0
17.0;13.11.2025;09:56;610.0;51.177567;90.734668;930002499.0;Съезд с дороги;Барун-Хемчикский район;А162-Г.КЫЗЫЛ - Г.АК-ДОВУРАК;Региональная или межмуниципальная (дорога регионального или межмуниципального значения);6.0;;Отсутствие в непосредственной близости объектов УДС и объектов притяжения;Перегон (нет объектов на месте ДТП);Недостатки зимнего содержания;Сведения отсутствуют;Ясно;Со снежным накатом;Светлое время суток;Режим движения не изменялся;1.0;2.0;0.0;1.0
18.0;13.11.2025;17:23;780.0;52.142858;93.923063;930002526.0;Наезд на пешехода;Пий-Хемский район;;Местного значения (дорога местного значения, включая относящиеся к собственности поселений, муниципальных районов, городских округов);;Улицы и дороги местного значения в жилой застройке;Крупный торговый объект (являющийся объектом массового тяготения пешеходов и (или) транспорта) | Административные здания | Жилые дома индивидуальной застройки;Нерегулируемый перекрёсток неравнозначных улиц (дорог);Не установлены;Сведения отсутствуют;Ясно;Со снежным накатом;В темное время суток, освещение включено;Режим движения не изменялся;1.0;2.0;0.0;1.0
19.0;12.11.2025;19:29;930.0;51.703956;94.541205;930002496.0;Наезд на препятствие;г.Кызыл;;Местного значения (дорога местного значения, включая относящиеся к собственности поселений, муниципальных районов, городских округов);;Улицы и дороги местного значения в жилой застройке;Отсутствие в непосредственной близости объектов УДС и объектов притяжения;Иное место;Неисправное освещение;Сведения отсутствуют;Ясно;Сухое;В темное время суток, освещение включено;Режим движения не изменялся;1.0;4.0;0.0;4.0
20.0;12.11.2025;07:41;860.0;51.175819;90.598412;930002491.0;Наезд на пешехода;г.Ак-Довурак;;Местного значения (дорога местного значения, включая относящиеся к собственности поселений, муниципальных районов, городских округов);;Основные улицы в жилой застройке;Отсутствие в непосредственной близости объектов УДС и объектов притяжения;Нерегулируемый перекрёсток равнозначных улиц (дорог);Не установлены;Сведения отсутствуют;Ясно;Заснеженное;Светлое время суток;Режим движения не изменялся;1.0;2.0;0.0;1.0
21.0;12.11.2025;14:40;200.0;51.701815;94.45207;930002492.0;Столкновение;г.Кызыл;;Местного значения (дорога местного значения, включая относящиеся к собственности поселений, муниципальных районов, городских округов);;Улицы и дороги местного значения научно-производственных промышленных и коммунально-складских районов;Отсутствие в непосредственной близости объектов УДС и объектов притяжения;Регулируемый перекресток;Не установлены;Сведения отсутствуют;Ясно;Сухое;Светлое время суток;Режим движения не изменялся;2.0;4.0;0.0;3.0
22.0;11.11.2025;12:13;210.0;51.364573;94.730322;930002484.0;Столкновение;Кызылский район;Подъезд к с.Бай-Хаак;Региональная или межмуниципальная (дорога регионального или межмуниципального значения);5.0;;Отсутствие в непосредственной близости объектов УДС и объектов притяжения;Перегон (нет объектов на месте ДТП);Недостатки зимнего содержания;Сведения отсутствуют;Пасмурно;Гололедица;Светлое время суток;Режим движения не изменялся;2.0;7.0;0.0;1.0
23.0;09.11.2025;17:04;990.0;50.572513;94.982321;930002472.0;Опрокидывание;Тес-Хемский район;;Местного значения (дорога местного значения, включая относящиеся к собственности поселений, муниципальных районов, городских округов);;Вне НП;Отсутствие в непосредственной близости объектов УДС и объектов притяжения;Иное место;Не установлены;Сведения отсутствуют;Ясно;Заснеженное;Светлое время суток;Режим движения не изменялся;1.0;1.0;0.0;1.0
24.0;09.11.2025;20:00;610.0;51.60855;95.342757;930002476.0;Съезд с дороги;Каа-Хемский район;БОЯРОВКА - ТООРА-ХЕМ;Региональная или межмуниципальная (дорога регионального или межмуниципального значения);7.0;Вне НП;Мост;Перегон (нет объектов на месте ДТП);Не установлены;Сведения отсутствуют;Пасмурно;Заснеженное;В темное время суток, освещение отсутствует;Режим движения не изменялся;1.0;2.0;0.0;1.0
25.0;06.11.2025;13:10;200.0;51.54025;93.904738;930002455.0;Столкновение;Тандинский район;Р-257 Енисей Красноярск - Абакан - Кызыл - граница с Монголией;Федеральная (дорога федерального значения);5.0;Вне НП;Отсутствие в непосредственной близости объектов УДС и объектов притяжения;Перегон (нет объектов на месте ДТП);Не установлены;Сведения отсутствуют;Пасмурно | Туман;Мокрое;Светлое время суток;Режим движения не изменялся;2.0;9.0;6.0;3.0
26.0;05.11.2025;08:32;300.0;51.717305;94.421064;930002442.0;Столкновение;г.Кызыл;;Местного значения (дорога местного значения, включая относящиеся к собственности поселений, муниципальных районов, городских округов);;Улицы и дороги местного значения в жилой застройке;Многоквартирные жилые дома;Нерегулируемый перекрёсток неравнозначных улиц (дорог);Не установлены;Сведения отсутствуют;Пасмурно;Сухое;Светлое время суток;Режим движения не изменялся;2.0;4.0;0.0;1.0
27.0;03.11.2025;05:01;820.0;51.833218;94.459012;930002430.0;Наезд на пешехода;г.Кызыл;;Местного значения (дорога местного значения, включая относящиеся к собственности поселений, муниципальных районов, городских округов);;Иные места;Жилые дома индивидуальной застройки;Перегон (нет объектов на месте ДТП);Не установлены;Сведения отсутствуют;Пасмурно;Сухое;В темное время суток, освещение отсутствует;Режим движения не изменялся;1.0;2.0;0.0;1.0
28.0;02.11.2025;08:47;200.0;51.458118;92.775625;930002415.0;Столкновение;Улуг-Хемский район;Р-257 Енисей Красноярск - Абакан - Кызыл - граница с Монголией;Федеральная (дорога федерального значения);5.0;Вне НП;Отсутствие в непосредственной близости объектов УДС и объектов притяжения;Перегон (нет объектов на месте ДТП);Недостатки зимнего содержания;Сведения отсутствуют;Снегопад;Гололедица;Светлое время суток;Режим движения не изменялся;2.0;6.0;0.0;2.0
29.0;02.11.2025;19:40;70.0;51.167343;95.014572;930002427.0;Столкновение;Кызылский район;Кызыл-Эрзин-граница с Монголией;Региональная или межмуниципальная (дорога регионального или межмуниципального значения);5.0;Вне НП;Отсутствие в непосредственной близости объектов УДС и объектов притяжения;Перегон (нет объектов на месте ДТП);Не установлены;Сведения отсутствуют;Пасмурно;Заснеженное;В темное время суток, освещение отсутствует;Режим движения не изменялся;3.0;3.0;0.0;1.0
30.0;02.11.2025;09:35;600.0;51.459983;92.754028;930002416.0;Съезд с дороги;Улуг-Хемский район;Р-257 Енисей Красноярск - Абакан - Кызыл - граница с Монголией;Федеральная (дорога федерального значения);5.0;Вне НП;Отсутствие в непосредственной близости объектов УДС и объектов притяжения;Перегон (нет объектов на месте ДТП);Недостатки зимнего содержания;Сведения отсутствуют;Снегопад;Гололедица;Светлое время суток;Режим движения не изменялся;1.0;5.0;1.0;4.0
31.0;02.11.2025;10:35;990.0;51.141852;90.573725;930002417.0;Опрокидывание;Барун-Хемчикский район;;Местного значения (дорога местного значения, включая относящиеся к собственности поселений, муниципальных районов, городских округов);;Улицы и дороги местного значения научно-производственных промышленных и коммунально-складских районов;Жилые дома индивидуальной застройки;Нерегулируемый перекрёсток неравнозначных улиц (дорог);Не установлены;Сведения отсутствуют;Ясно;Сухое;Светлое время суток;Режим движения не изменялся;1.0;1.0;0.0;1.0
32.0;01.11.2025;00:27;770.0;51.184838;90.597489;930002405.0;Наезд на пешехода;г.Ак-Довурак;;Местного значения (дорога местного значения, включая относящиеся к собственности поселений, муниципальных районов, городских округов);;Магистральные улицы районного значения;Отсутствие в непосредственной близости объектов УДС и объектов притяжения;Регулируемый перекресток;Отсутствие дорожных знаков в необходимых местах | Неправильное применение, плохая видимость дорожных знаков;Сведения отсутствуют;Ясно;Сухое;В темное время суток, освещение включено;Режим движения не изменялся;1.0;2.0;0.0;1.0
1.0;31.12.2025;20:24;990.0;51.143216;90.567109;930002889.0;Наезд на животное;Барун-Хемчикский район;;Местного значения (дорога местного значения, включая относящиеся к собственности поселений, муниципальных районов, городских округов);;Поселковые дороги;Остановка общественного транспорта | Жилые дома индивидуальной застройки;Нерегулируемый перекрёсток неравнозначных улиц (дорог);Не установлены;Сведения отсутствуют;Ясно | Температура ниже -30С;Заснеженное;Светлое время суток;Режим движения не изменялся;1.0;2.0;0.0;1.0
2.0;31.12.2025;17:46;500.0;51.693988;94.574121;930002887.0;Столкновение;Кызылский район;;Местного значения (дорога местного значения, включая относящиеся к собственности поселений, муниципальных районов, городских округов);;Улицы и дороги местного значения научно-производственных промышленных и коммунально-складских районов;АЗС | Жилые дома индивидуальной застройки;Нерегулируемый перекрёсток неравнозначных улиц (дорог);Не установлены;Сведения отсутствуют;Пасмурно;Заснеженное;В темное время суток, освещение включено;Режим движения не изменялся;2.0;6.0;0.0;5.0
3.0;30.12.2025;14:26;70.0;51.715058;94.440697;930002879.0;Столкновение;г.Кызыл;;Местного значения (дорога местного значения, включая относящиеся к собственности поселений, муниципальных районов, городских округов);;Улицы и дороги местного значения в жилой застройке;Отсутствие в непосредственной близости объектов УДС и объектов притяжения;Перегон (нет объектов на месте ДТП);Не установлены;Сведения отсутствуют;Ясно;Сухое;Светлое время суток;Режим движения не изменялся;2.0;2.0;0.0;1.0
4.0;30.12.2025;23:18;850.0;51.664357;94.30737;930002883.0;Наезд на пешехода;г.Кызыл;;Местного значения (дорога местного значения, включая относящиеся к собственности поселений, муниципальных районов, городских округов);;Улицы и дороги местного значения в жилой застройке;Жилые дома индивидуальной застройки;Перегон (нет объектов на месте ДТП);Не установлены;Сведения отсутствуют;Ясно;Заснеженное;В темное время суток, освещение не включено;Режим движения не изменялся;1.0;2.0;0.0;1.0
5.0;30.12.2025;00:13;200.0;52.066422;95.907726;930002876.0;Столкновение;Кызылский район;БОЯРОВКА - ТООРА-ХЕМ;Региональная или межмуниципальная (дорога регионального или межмуниципального значения);7.0;Вне НП;Отсутствие в непосредственной близости объектов УДС и объектов притяжения;Перегон (нет объектов на месте ДТП);Не установлены;Сведения отсутствуют;Ясно;Со снежным накатом;В темное время суток, освещение отсутствует;Режим движения не изменялся;2.0;2.0;0.0;1.0
6.0;29.12.2025;15:19;830.0;51.703417;94.442714;930002871.0;Наезд на пешехода;г.Кызыл;;Местного значения (дорога местного значения, включая относящиеся к собственности поселений, муниципальных районов, городских округов);;Иные места;Крупный торговый объект (являющийся объектом массового тяготения пешеходов и (или) транспорта) | Жилые дома индивидуальной застройки | Многоквартирные жилые дома;Внутридворовая территория;Не установлены;Сведения отсутствуют;Ясно;Со снежным накатом;Светлое время суток;Режим движения не изменялся;1.0;2.0;0.0;1.0
7.0;27.12.2025;08:50;940.0;52.143872;93.925467;930002856.0;Наезд на препятствие;Пий-Хемский район;;Местного значения (дорога местного значения, включая относящиеся к собственности поселений, муниципальных районов, городских округов);;Улицы и дороги местного значения в жилой застройке;Отсутствие в непосредственной близости объектов УДС и объектов притяжения;Перегон (нет объектов на месте ДТП);Недостатки зимнего содержания;Сведения отсутствуют;Ясно;Заснеженное;Светлое время суток;Режим движения не изменялся;1.0;3.0;1.0;2.0
8.0;26.12.2025;20:40;900.0;51.544467;94.03121;930002852.0;Наезд на животное;Кызылский район;Р-257 Енисей Красноярск - Абакан - Кызыл - граница с Монголией;Федеральная (дорога федерального значения);;Вне НП;Отсутствие в непосредственной близости объектов УДС и объектов притяжения;Перегон (нет объектов на месте ДТП);Не установлены;Оказание влияния на движение транспортного потока или отдельного транспортного средства, наличия или внезапного появления на проезжей части животных;Ясно;Сухое;В темное время суток, освещение отсутствует;Движение частично перекрыто;1.0;3.0;0.0;1.0
9.0;25.12.2025;20:50;900.0;51.201944;94.428056;930002840.0;Наезд на животное;Тандинский район;Подъезд к с.Межегей;Региональная или межмуниципальная (дорога регионального или межмуниципального значения);5.0;Вне НП;Отсутствие в непосредственной близости объектов УДС и объектов притяжения;Перегон (нет объектов на месте ДТП);Не установлены;Оказание влияния на движение транспортного потока или отдельного транспортного средства, наличия или внезапного появления на проезжей части животных;Пасмурно;Заснеженное;В темное время суток, освещение отсутствует;Режим движения не изменялся;1.0;4.0;0.0;1.0
10.0;20.12.2025;10:51;210.0;51.559731;94.515424;930002792.0;Столкновение;Кызылский район;Кызыл-Эрзин-граница с Монголией;Региональная или межмуниципальная (дорога регионального или межмуниципального значения);5.0;;Отсутствие в непосредственной близости объектов УДС и объектов притяжения;Перегон (нет объектов на месте ДТП);Не установлены;Сведения отсутствуют;Ясно;Заснеженное;Светлое время суток;Движение частично перекрыто;2.0;3.0;0.0;2.0
11.0;20.12.2025;12:58;800.0;51.175146;90.591846;930002797.0;Наезд на пешехода;г.Ак-Довурак;;Местного значения (дорога местного значения, включая относящиеся к собственности поселений, муниципальных районов, городских округов);;Улицы и дороги местного значения научно-производственных промышленных и коммунально-складских районов;Отсутствие в непосредственной близости объектов УДС и объектов притяжения;Регулируемый перекресток;Не установлены;Сведения отсутствуют;Ясно;Сухое;Светлое время суток;Режим движения не изменялся;1.0;2.0;0.0;1.0
12.0;20.12.2025;12:20;130.0;51.692824;94.576492;930002794.0;Столкновение;Кызылский район;;Местного значения (дорога местного значения, включая относящиеся к собственности поселений, муниципальных районов, городских округов);;Улицы и дороги местного значения в производственных, промышленных и коммунально-складских зонах;Отсутствие в непосредственной близости объектов УДС и объектов притяжения;Перегон (нет объектов на месте ДТП);Не установлены;Сведения отсутствуют;Ясно;Заснеженное;Светлое время суток;Движение частично перекрыто;2.0;2.0;0.0;2.0
13.0;19.12.2025;02:48;600.0;51.554194;93.519359;930002782.0;Съезд с дороги;Улуг-Хемский район;Р-257 Енисей Красноярск - Абакан - Кызыл - граница с Монголией;Федеральная (дорога федерального значения);5.0;Вне НП;Отсутствие в непосредственной близости объектов УДС и объектов притяжения;Перегон (нет объектов на месте ДТП);Не установлены;Сведения отсутствуют;Ясно;Сухое;В темное время суток, освещение отсутствует;Режим движения не изменялся;1.0;3.0;0.0;3.0
14.0;15.12.2025;08:01;60.0;51.67988;94.354631;930002752.0;Столкновение;г.Кызыл;Кызыл-Эрзин-граница с Монголией;Региональная или межмуниципальная (дорога регионального или межмуниципального значения);5.0;;Отсутствие в непосредственной близости объектов УДС и объектов притяжения;Выезд с прилегающей территории;Не установлены;Сведения отсутствуют;Ясно;Заснеженное;Светлое время суток;Режим движения не изменялся;2.0;5.0;0.0;4.0
15.0;15.12.2025;10:50;600.0;52.435711;96.103764;930002754.0;Съезд с дороги;Тоджинский район;БОЯРОВКА - ТООРА-ХЕМ;Региональная или межмуниципальная (дорога регионального или межмуниципального значения);5.0;Вне НП;Отсутствие в непосредственной близости объектов УДС и объектов притяжения;Иное место;Не установлены;Сведения отсутствуют;Пасмурно;Заснеженное;Светлое время суток;Режим движения не изменялся;1.0;2.0;0.0;1.0
16.0;13.12.2025;19:40;500.0;51.43523;92.590885;930002739.0;Столкновение;Улуг-Хемский район;Р-257 Енисей Красноярск - Абакан - Кызыл - граница с Монголией;Федеральная (дорога федерального значения);5.0;Вне НП;Отсутствие в непосредственной близости объектов УДС и объектов притяжения;Нерегулируемый перекрёсток неравнозначных улиц (дорог);Не установлены;Сведения отсутствуют;Ясно;Сухое;В темное время суток, освещение отсутствует;Режим движения не изменялся;2.0;5.0;0.0;1.0
17.0;13.12.2025;00:31;820.0;51.645041;94.270838;930002730.0;Наезд на пешехода;Кызылский район;;Местного значения (дорога местного значения, включая относящиеся к собственности поселений, муниципальных районов, городских округов);;Поселковые дороги;Жилые дома индивидуальной застройки;Перегон (нет объектов на месте ДТП);Не установлены;Сведения отсутствуют;Пасмурно;Заснеженное;В темное время суток, освещение отсутствует;Режим движения не изменялся;1.0;2.0;0.0;1.0
18.0;13.12.2025;10:27;800.0;51.641373;94.24849;930002733.0;Наезд на пешехода;Кызылский район;;Местного значения (дорога местного значения, включая относящиеся к собственности поселений, муниципальных районов, городских округов);;Поселковые дороги;Отсутствие в непосредственной близости объектов УДС и объектов притяжения;Перегон (нет объектов на месте ДТП);Не установлены;Сведения отсутствуют;Ясно;Со снежным накатом;Светлое время суток;Режим движения не изменялся;1.0;2.0;0.0;1.0
19.0;12.12.2025;17:22;300.0;51.701848;94.452038;930002727.0;Столкновение;г.Кызыл;;Местного значения (дорога местного значения, включая относящиеся к собственности поселений, муниципальных районов, городских округов);;Улицы и дороги местного значения научно-производственных промышленных и коммунально-складских районов;Крупный торговый объект (являющийся объектом массового тяготения пешеходов и (или) транспорта);Регулируемый перекресток;Не установлены;Сведения отсутствуют;Пасмурно;Сухое;В темное время суток, освещение включено;Режим движения не изменялся;2.0;3.0;0.0;1.0
20.0;11.12.2025;08:25;800.0;51.761837;94.443133;930002705.0;Наезд на пешехода;г.Кызыл;Подъезд к С.КАРА-ХААК;Региональная или межмуниципальная (дорога регионального или межмуниципального значения);5.0;;Остановка общественного транспорта;Перегон (нет объектов на месте ДТП);Не установлены;Сведения отсутствуют;Ясно;Сухое;Светлое время суток;Движение частично перекрыто;1.0;2.0;1.0;0.0
21.0;11.12.2025;12:15;70.0;51.720861;94.412041;930002707.0;Столкновение;г.Кызыл;;Местного значения (дорога местного значения, включая относящиеся к собственности поселений, муниципальных районов, городских округов);;Улицы и дороги местного значения в жилой застройке;Отсутствие в непосредственной близости объектов УДС и объектов притяжения;Мост, эстакада, путепровод;Не установлены;Сведения отсутствуют;Ясно;Заснеженное;Светлое время суток;Движение частично перекрыто;2.0;2.0;0.0;1.0
22.0;11.12.2025;22:26;890.0;51.180749;90.604666;930002716.0;Наезд на пешехода;г.Ак-Довурак;;Местного значения (дорога местного значения, включая относящиеся к собственности поселений, муниципальных районов, городских округов);;Иные места;Спортивные и развлекательные объекты;Иное место;Не установлены;Сведения отсутствуют;Ясно;Со снежным накатом;В темное время суток, освещение отсутствует;Режим движения не изменялся;1.0;2.0;0.0;1.0
23.0;11.12.2025;18:35;200.0;51.71537;94.488001;930002712.0;Столкновение;г.Кызыл;;Местного значения (дорога местного значения, включая относящиеся к собственности поселений, муниципальных районов, городских округов);;Магистральные улицы общегородского значения;Отсутствие в непосредственной близости объектов УДС и объектов притяжения;Нерегулируемый перекрёсток неравнозначных улиц (дорог);Недостатки зимнего содержания;Сведения отсутствуют;Ясно;Заснеженное;В темное время суток, освещение включено;Движение частично перекрыто;2.0;3.0;0.0;1.0
24.0;10.12.2025;18:46;610.0;51.356159;92.190431;930002701.0;Съезд с дороги;Чаа-Хольский район;Р-257 Енисей Красноярск - Абакан - Кызыл - граница с Монголией;Федеральная (дорога федерального значения);5.0;Вне НП;Отсутствие в непосредственной близости объектов УДС и объектов притяжения;Перегон (нет объектов на месте ДТП);Не установлены;Сведения отсутствуют;Ясно;Сухое;В темное время суток, освещение отсутствует;Движение частично перекрыто;1.0;8.0;1.0;4.0
25.0;08.12.2025;20:59;830.0;51.698935;94.405314;930002686.0;Наезд на пешехода;г.Кызыл;;Местного значения (дорога местного значения, включая относящиеся к собственности поселений, муниципальных районов, городских округов);;Улицы и дороги местного значения в жилой застройке;Медицинские (лечебные) организации | Многоквартирные жилые дома;Перегон (нет объектов на месте ДТП);Не установлены;Сведения отсутствуют;Ясно;Заснеженное;В темное время суток, освещение включено;Режим движения не изменялся;1.0;2.0;0.0;1.0
26.0;07.12.2025;12:52;600.0;51.937968;94.323635;930002667.0;Съезд с дороги;Пий-Хемский район;Р-257 Енисей Красноярск - Абакан - Кызыл - граница с Монголией;Федеральная (дорога федерального значения);5.0;Вне НП;Отсутствие в непосредственной близости объектов УДС и объектов притяжения;Иное место;Не установлены;Сведения отсутствуют;Пасмурно | Снегопад;Сухое;Светлое время суток;Режим движения не изменялся;1.0;4.0;0.0;3.0
27.0;07.12.2025;17:42;930.0;51.703743;94.541291;930002672.0;Наезд на препятствие;г.Кызыл;;Местного значения (дорога местного значения, включая относящиеся к собственности поселений, муниципальных районов, городских округов);;Улицы и дороги местного значения в жилой застройке;АЗС | Жилые дома индивидуальной застройки;Перегон (нет объектов на месте ДТП);Не установлены;Сведения отсутствуют;Снегопад;Заснеженное;В темное время суток, освещение включено;Движение частично перекрыто;1.0;4.0;0.0;3.0
28.0;07.12.2025;08:17;600.0;50.710041;94.125688;930002668.0;Опрокидывание;Тес-Хемский район;САМАГАЛТАЙ - АК-ЧЫРАА;Региональная или межмуниципальная (дорога регионального или межмуниципального значения);5.0;;Отсутствие в непосредственной близости объектов УДС и объектов притяжения;Иное место;Не установлены;Сведения отсутствуют;Ясно;Сухое;Светлое время суток;Режим движения не изменялся;1.0;3.0;0.0;2.0
29.0;07.12.2025;17:29;200.0;50.963818;90.420175;930002673.0;Столкновение;Барун-Хемчикский район;Кызыл-Мажалык - Эрги-Барлык;Региональная или межмуниципальная (дорога регионального или межмуниципального значения);5.0;;Отсутствие в непосредственной близости объектов УДС и объектов притяжения;Перегон (нет объектов на месте ДТП);Не установлены;Сведения отсутствуют;Ясно;Сухое;В темное время суток, освещение отсутствует;Режим движения не изменялся;2.0;3.0;0.0;3.0
30.0;07.12.2025;18:15;200.0;51.661283;94.314451;930002674.0;Столкновение;Кызылский район;Р-257 Енисей Красноярск - Абакан - Кызыл - граница с Монголией;Федеральная (дорога федерального значения);5.0;;Отсутствие в непосредственной близости объектов УДС и объектов притяжения;Нерегулируемый перекрёсток неравнозначных улиц (дорог);Не установлены;Сведения отсутствуют;Ясно;Заснеженное;В темное время суток, освещение включено;Режим движения не изменялся;2.0;4.0;0.0;2.0
31.0;05.12.2025;00:48;70.0;51.696741;94.374543;930002649.0;Столкновение;г.Кызыл;;Местного значения (дорога местного значения, включая относящиеся к собственности поселений, муниципальных районов, городских округов);;Улицы и дороги местного значения в жилой застройке;Регулируемый перекрёсток;Регулируемый перекресток;Недостатки зимнего содержания;Сведения отсутствуют;Пасмурно;Заснеженное;В темное время суток, освещение включено;Режим движения не изменялся;2.0;2.0;0.0;1.0
32.0;04.12.2025;12:14;70.0;51.929104;94.337153;930002646.0;Столкновение;Пий-Хемский район;Р-257 Енисей Красноярск - Абакан - Кызыл - граница с Монголией;Федеральная (дорога федерального значения);5.0;Вне НП;Отсутствие в непосредственной близости объектов УДС и объектов притяжения;Перегон (нет объектов на месте ДТП);Не установлены;Сведения отсутствуют;Снегопад;Заснеженное;Светлое время суток;Режим движения не изменялся;2.0;5.0;0.0;3.0
33.0;04.12.2025;12:00;200.0;52.270751;93.689057;930002645.0;Столкновение;Пий-Хемский район;Р-257 Енисей Красноярск - Абакан - Кызыл - граница с Монголией;Федеральная (дорога федерального значения);5.0;Вне НП;Отсутствие в непосредственной близости объектов УДС и объектов притяжения;Перегон (нет объектов на месте ДТП);Недостатки зимнего содержания;Сведения отсутствуют;Снегопад;Со снежным накатом;Светлое время суток;Движение частично перекрыто;2.0;2.0;0.0;1.0
34.0;02.12.2025;17:08;200.0;51.557596;93.64686;930002635.0;Столкновение;Кызылский район;Р-257 Енисей Красноярск - Абакан - Кызыл - граница с Монголией;Федеральная (дорога федерального значения);5.0;Вне НП;Отсутствие в непосредственной близости объектов УДС и объектов притяжения;Перегон (нет объектов на месте ДТП);Не установлены;Сведения отсутствуют;Пасмурно;Сухое;Светлое время суток;Режим движения не изменялся;2.0;8.0;0.0;7.0
1.0;31.01.2026;17:16;300.0;51.703204;94.473495;930000211.0;Столкновение;г.Кызыл;;Местного значения (дорога местного значения, включая относящиеся к собственности поселений, муниципальных районов, городских округов);;Магистральные улицы общегородского значения;Остановка общественного транспорта;Регулируемый перекресток;Не установлены;Сведения отсутствуют;Ясно;Сухое;Светлое время суток;Режим движения не изменялся;2.0;2.0;0.0;1.0
2.0;29.01.2026;08:05;740.0;51.704242;94.417942;930000190.0;Наезд на пешехода;г.Кызыл;;Местного значения (дорога местного значения, включая относящиеся к собственности поселений, муниципальных районов, городских округов);;Магистральные улицы общегородского значения;Многоквартирные жилые дома | Объект строительства;Нерегулируемый пешеходный переход;Не установлены;Участок, оборудованный искусственными неровностями;Ясно;Обработанное противогололедными материалами;Светлое время суток;Режим движения не изменялся;1.0;2.0;0.0;1.0
3.0;28.01.2026;17:10;70.0;51.71537;94.487936;930000188.0;Столкновение;г.Кызыл;;Местного значения (дорога местного значения, включая относящиеся к собственности поселений, муниципальных районов, городских округов);;Магистральные улицы общегородского значения;Остановка общественного транспорта;Регулируемый перекресток;Не установлены;Сведения отсутствуют;Пасмурно;Со снежным накатом;Сумерки;Режим движения не изменялся;2.0;2.0;0.0;1.0
4.0;25.01.2026;09:09;70.0;51.703118;94.527826;930000163.0;Столкновение;г.Кызыл;;Местного значения (дорога местного значения, включая относящиеся к собственности поселений, муниципальных районов, городских округов);;Магистральные улицы общегородского значения;Остановка общественного транспорта;Нерегулируемый пешеходный переход | Нерегулируемый перекрёсток неравнозначных улиц (дорог);Не установлены;Сведения отсутствуют;Ясно;Со снежным накатом;Светлое время суток;Режим движения не изменялся;2.0;3.0;0.0;1.0
5.0;22.01.2026;19:08;900.0;51.119863;91.596923;930000151.0;Наезд на животное;Дзун-Хемчикский район;Р-257 Енисей Красноярск - Абакан - Кызыл - граница с Монголией;Федеральная (дорога федерального значения);5.0;Вне НП;Отсутствие в непосредственной близости объектов УДС и объектов притяжения;Перегон (нет объектов на месте ДТП);Не установлены;Оказание влияния на движение транспортного потока или отдельного транспортного средства, наличия или внезапного появления на проезжей части животных;Ясно;Сухое;В темное время суток, освещение отсутствует;Режим движения не изменялся;1.0;7.0;0.0;1.0
6.0;21.01.2026;14:50;800.0;51.722868;94.447682;930000146.0;Наезд на пешехода;г.Кызыл;;Местного значения (дорога местного значения, включая относящиеся к собственности поселений, муниципальных районов, городских округов);;Улицы и дороги местного значения научно-производственных промышленных и коммунально-складских районов;Административные здания;Нерегулируемый перекрёсток неравнозначных улиц (дорог);Недостатки зимнего содержания;Сведения отсутствуют;Ясно;Гололедица;Светлое время суток;Режим движения не изменялся;1.0;2.0;0.0;1.0
7.0;19.01.2026;20:03;740.0;51.711275;94.413682;930000133.0;Наезд на пешехода;г.Кызыл;;Местного значения (дорога местного значения, включая относящиеся к собственности поселений, муниципальных районов, городских округов);;Улицы и дороги местного значения научно-производственных промышленных и коммунально-складских районов;Жилые дома индивидуальной застройки;Нерегулируемый пешеходный переход | Нерегулируемый перекрёсток неравнозначных улиц (дорог);Неисправное освещение;Сведения отсутствуют;Туман | Температура ниже -30С;Сухое;В темное время суток, освещение не включено;Режим движения не изменялся;1.0;2.0;0.0;1.0
8.0;17.01.2026;13:00;690.0;51.531267;92.92629;930000145.0;Наезд на пешехода;Улуг-Хемский район;;Местного значения (дорога местного значения, включая относящиеся к собственности поселений, муниципальных районов, городских округов);;Иные места;Отсутствие в непосредственной близости объектов УДС и объектов притяжения;Нерегулируемый пешеходный переход | Нерегулируемый перекрёсток неравнозначных улиц (дорог);Не установлены;Сведения отсутствуют;Ясно;Со снежным накатом;Светлое время суток;Режим движения не изменялся;1.0;2.0;0.0;1.0
9.0;16.01.2026;08:27;930.0;51.901495;94.202442;930000106.0;Наезд на препятствие;Пий-Хемский район;Подъезд к ст.Тайга;Региональная или межмуниципальная (дорога регионального или межмуниципального значения);5.0;Вне НП;Отсутствие в непосредственной близости объектов УДС и объектов притяжения;Перегон (нет объектов на месте ДТП);Недостатки зимнего содержания;Сведения отсутствуют;Пасмурно;Со снежным накатом;Светлое время суток;Режим движения не изменялся;1.0;5.0;1.0;4.0
10.0;16.01.2026;08:10;740.0;51.690496;94.406419;930000104.0;Наезд на пешехода;г.Кызыл;;Местного значения (дорога местного значения, включая относящиеся к собственности поселений, муниципальных районов, городских округов);;Улицы и дороги местного значения в жилой застройке;Остановка общественного транспорта | Многоквартирные жилые дома | Объект (здание, сооружение) религиозного культа;Нерегулируемый пешеходный переход;Недостатки зимнего содержания;Сведения отсутствуют;Пасмурно;Со снежным накатом;Светлое время суток;Движение частично перекрыто;1.0;2.0;0.0;1.0
11.0;13.01.2026;08:57;70.0;51.702878;94.418424;930000075.0;Столкновение;г.Кызыл;;Местного значения (дорога местного значения, включая относящиеся к собственности поселений, муниципальных районов, городских округов);;Магистральные улицы общегородского значения;Многоквартирные жилые дома;Регулируемый перекресток;Не установлены;Сведения отсутствуют;Пасмурно;Со снежным накатом;Светлое время суток;Режим движения не изменялся;2.0;2.0;0.0;1.0
12.0;13.01.2026;04:07;900.0;51.370066;92.196665;930000074.0;Наезд на животное;Чаа-Хольский район;Р-257 Енисей Красноярск - Абакан - Кызыл - граница с Монголией;Федеральная (дорога федерального значения);;Вне НП;Отсутствие в непосредственной близости объектов УДС и объектов притяжения;Перегон (нет объектов на месте ДТП);Не установлены;Оказание влияния на движение транспортного потока или отдельного транспортного средства, наличия или внезапного появления на проезжей части животных;Ясно;Сухое;В темное время суток, освещение отсутствует;Режим движения не изменялся;1.0;5.0;0.0;3.0
14.0;09.01.2026;14:03;70.0;51.711162;94.437307;930000057.0;Столкновение;г.Кызыл;;Местного значения (дорога местного значения, включая относящиеся к собственности поселений, муниципальных районов, городских округов);;Улицы и дороги местного значения в жилой застройке;Жилые дома индивидуальной застройки;Нерегулируемое пересечение с круговым движением;Недостатки зимнего содержания;Сведения отсутствуют;Пасмурно;Заснеженное;Светлое время суток;Режим движения не изменялся;2.0;2.0;0.0;1.0
15.0;07.01.2026;03:20;610.0;50.615693;94.9611;930000046.0;Съезд с дороги;Тес-Хемский район;САМАГАЛТАЙ - АК-ЧЫРАА;Региональная или межмуниципальная (дорога регионального или межмуниципального значения);7.0;Вне НП;Отсутствие в непосредственной близости объектов УДС и объектов притяжения;Перегон (нет объектов на месте ДТП);Не установлены;Сведения отсутствуют;Ясно;Обработанное противогололедными материалами;В темное время суток, освещение отсутствует;Режим движения не изменялся;1.0;2.0;2.0;0.0
16.0;06.01.2026;09:30;610.0;51.545107;93.822083;930000040.0;Съезд с дороги;Тандинский район;Р-257 Енисей Красноярск - Абакан - Кызыл - граница с Монголией;Федеральная (дорога федерального значения);;;Отсутствие в непосредственной близости объектов УДС и объектов притяжения;Перегон (нет объектов на месте ДТП);Не установлены;Сведения отсутствуют;Снегопад;Заснеженное;Светлое время суток;Режим движения не изменялся;1.0;5.0;0.0;1.0
17.0;06.01.2026;10:25;910.0;51.703018;94.466071;930000041.0;Наезд на стоящее ТС;г.Кызыл;;Местного значения (дорога местного значения, включая относящиеся к собственности поселений, муниципальных районов, городских округов);;Улицы и дороги местного значения научно-производственных промышленных и коммунально-складских районов;Жилые дома индивидуальной застройки;Перегон (нет объектов на месте ДТП);Не установлены;Сведения отсутствуют;Пасмурно;Заснеженное;Светлое время суток;Режим движения не изменялся;2.0;2.0;0.0;1.0
18.0;05.01.2026;04:18;900.0;51.074275;90.468657;930000032.0;Наезд на животное;Барун-Хемчикский район;Кызыл-Мажалык - Эрги-Барлык;Региональная или межмуниципальная (дорога регионального или межмуниципального значения);6.0;Вне НП;Отсутствие в непосредственной близости объектов УДС и объектов притяжения;Перегон (нет объектов на месте ДТП);Не установлены;Оказание влияния на движение транспортного потока или отдельного транспортного средства, наличия или внезапного появления на проезжей части животных;Ясно | Температура ниже -30С;Со снежным накатом;В темное время суток, освещение отсутствует;Режим движения не изменялся;1.0;2.0;0.0;1.0
19.0;05.01.2026;03:50;940.0;50.258318;95.167168;930000031.0;Наезд на препятствие;Эрзинский район;;Местного значения (дорога местного значения, включая относящиеся к собственности поселений, муниципальных районов, городских округов);;Улицы и дороги местного значения научно-производственных промышленных и коммунально-складских районов;Отсутствие в непосредственной близости объектов УДС и объектов притяжения;Нерегулируемый перекрёсток неравнозначных улиц (дорог);Не установлены;Сведения отсутствуют;Ясно;Со снежным накатом;В темное время суток, освещение включено;Режим движения не изменялся;1.0;2.0;0.0;1.0
20.0;03.01.2026;20:40;900.0;51.483521;92.869771;930000023.0;Наезд на животное;Улуг-Хемский район;Р-257 Енисей Красноярск - Абакан - Кызыл - граница с Монголией;Федеральная (дорога федерального значения);;;Отсутствие в непосредственной близости объектов УДС и объектов притяжения;Перегон (нет объектов на месте ДТП);Не установлены;Оказание влияния на движение транспортного потока или отдельного транспортного средства, наличия или внезапного появления на проезжей части животных;Ясно;Сухое;В темное время суток, освещение отсутствует;Режим движения не изменялся;1.0;5.0;0.0;1.0
21.0;02.01.2026;18:59;610.0;51.200807;91.286774;930000015.0;Съезд с дороги;Дзун-Хемчикский район;ПОДЪЕЗД К С.ШЕМИ;Региональная или межмуниципальная (дорога регионального или межмуниципального значения);5.0;Вне НП;Отсутствие в непосредственной близости объектов УДС и объектов притяжения;Иное место;Не установлены;Сведения отсутствуют;Ясно;Пыльное;Светлое время суток;Режим движения не изменялся;1.0;2.0;0.0;1.0
22.0;02.01.2026;00:42;870.0;50.929075;95.190353;930000010.0;Наезд на пешехода;Тандинский район;;Местного значения (дорога местного значения, включая относящиеся к собственности поселений, муниципальных районов, городских округов);;Поселковые дороги;Отсутствие в непосредственной близости объектов УДС и объектов притяжения;Перегон (нет объектов на месте ДТП);Не установлены;Сведения отсутствуют;Ясно;Со снежным накатом;В темное время суток, освещение включено;Режим движения не изменялся;1.0;2.0;0.0;1.0
23.0;01.01.2026;19:22;210.0;51.687842;94.577168;930000006.0;Столкновение;Кызылский район;;Местного значения (дорога местного значения, включая относящиеся к собственности поселений, муниципальных районов, городских округов);;Основные улицы в жилой застройке;Жилые дома индивидуальной застройки;Перегон (нет объектов на месте ДТП);Недостатки зимнего содержания;Сведения отсутствуют;Пасмурно;Со снежным накатом;В темное время суток, освещение включено;Режим движения не изменялся;2.0;3.0;0.0;1.0
24.0;01.01.2026;22:07;70.0;51.692392;94.583949;930000009.0;Столкновение;Кызылский район;;Местного значения (дорога местного значения, включая относящиеся к собственности поселений, муниципальных районов, городских округов);;Улицы и дороги местного значения научно-производственных промышленных и коммунально-складских районов;Жилые дома индивидуальной застройки;Нерегулируемый перекрёсток неравнозначных улиц (дорог);Не установлены;Сведения отсутствуют;Пасмурно;Со снежным накатом;В темное время суток, освещение включено;Режим движения не изменялся;2.0;3.0;0.0;1.0
25.0;01.01.2026;04:03;930.0;51.480554;92.266193;930000002.0;Наезд на препятствие;Чаа-Хольский район;;Местного значения (дорога местного значения, включая относящиеся к собственности поселений, муниципальных районов, городских округов);;Улицы и дороги местного значения в жилой застройке;Отсутствие в непосредственной близости объектов УДС и объектов притяжения;Нерегулируемый перекрёсток равнозначных улиц (дорог);Не установлены;Сведения отсутствуют;Ясно;Заснеженное;В темное время суток, освещение включено;Режим движения не изменялся;1.0;2.0;0.0;1.0
1.0;31.01.2024;22:50;930.0;51.680386;94.586427;930000201.0;Наезд на препятствие;Кызылский район;;Местного значения (дорога местного значения, включая относящиеся к собственности поселений, муниципальных районов, городских округов);;Основные улицы в жилой застройке;Жилые дома индивидуальной застройки;Перегон (нет объектов на месте ДТП);Не установлены;Сведения отсутствуют;Пасмурно;Со снежным накатом;В темное время суток, освещение отсутствует;Режим движения не изменялся;1.0;2.0;0.0;2.0
2.0;29.01.2024;07:47;740.0;51.70363;94.434603;930000183.0;Наезд на пешехода;г.Кызыл;;Местного значения (дорога местного значения, включая относящиеся к собственности поселений, муниципальных районов, городских округов);;Улицы и дороги местного значения в жилой застройке;Остановка маршрутного такси | Крупный торговый объект (являющийся объектом массового тяготения пешеходов и (или) транспорта) | Иная образовательная организация | Административные здания;Нерегулируемый пешеходный переход;Недостатки зимнего содержания;Сведения отсутствуют;Ясно;Со снежным накатом;Светлое время суток;Режим движения не изменялся;1.0;3.0;0.0;2.0
3.0;25.01.2024;03:44;940.0;51.7106;94.4404;930000157.0;Наезд на препятствие;г.Кызыл;;Местного значения (дорога местного значения, включая относящиеся к собственности поселений, муниципальных районов, городских округов);;Улицы и дороги местного значения в жилой застройке;Крупный торговый объект (являющийся объектом массового тяготения пешеходов и (или) транспорта) | Школа либо иная детская (в т.ч. дошкольная) организация | Нерегулируемое пересечение с круговым движением | Кладбище;Перегон (нет объектов на месте ДТП);Недостатки зимнего содержания;Сведения отсутствуют;Пасмурно;Со снежным накатом;В темное время суток, освещение включено;Режим движения не изменялся;1.0;2.0;0.0;1.0
4.0;25.01.2024;11:45;820.0;51.7153;94.4887;930000158.0;Наезд на пешехода;г.Кызыл;;Местного значения (дорога местного значения, включая относящиеся к собственности поселений, муниципальных районов, городских округов);;Магистральные улицы общегородского значения;Остановка общественного транспорта | Крупный торговый объект (являющийся объектом массового тяготения пешеходов и (или) транспорта) | Регулируемый пешеходный переход | Многоквартирные жилые дома;Перегон (нет объектов на месте ДТП);Не установлены;Сведения отсутствуют;Пасмурно;Со снежным накатом;Светлое время суток;Режим движения не изменялся;1.0;2.0;0.0;1.0
5.0;24.01.2024;20:12;820.0;51.708563;94.453712;930000155.0;Наезд на пешехода;г.Кызыл;;Местного значения (дорога местного значения, включая относящиеся к собственности поселений, муниципальных районов, городских округов);;Улицы и дороги местного значения в жилой застройке;Крупный торговый объект (являющийся объектом массового тяготения пешеходов и (или) транспорта) | Регулируемый пешеходный переход | Регулируемый перекрёсток | Жилые дома индивидуальной застройки;Перегон (нет объектов на месте ДТП);Недостатки зимнего содержания;Сведения отсутствуют;Ясно;Сухое;В темное время суток, освещение включено;Движение частично перекрыто;1.0;2.0;0.0;1.0
6.0;22.01.2024;22:00;990.0;51.4898;95.5661;930000147.0;Падение пассажира;Каа-Хемский район;;Местного значения (дорога местного значения, включая относящиеся к собственности поселений, муниципальных районов, городских округов);;Поселковые дороги;Жилые дома индивидуальной застройки;Перегон (нет объектов на месте ДТП);Не установлены;Сведения отсутствуют;Ясно;Со снежным накатом;В темное время суток, освещение отсутствует;Режим движения не изменялся;1.0;3.0;0.0;2.0
7.0;18.01.2024;12:36;710.0;51.715071;94.425001;930000119.0;Наезд на пешехода;г.Кызыл;;Местного значения (дорога местного значения, включая относящиеся к собственности поселений, муниципальных районов, городских округов);;Улицы и дороги местного значения в жилой застройке;Административные здания | Жилые дома индивидуальной застройки | Многоквартирные жилые дома;Регулируемый пешеходный переход | Регулируемый перекресток;Недостатки зимнего содержания;Сведения отсутствуют;Ясно;Со снежным накатом;Светлое время суток;Движение частично перекрыто;1.0;2.0;0.0;1.0
9.0;14.01.2024;14:34;930.0;51.708;94.4082;930000095.0;Наезд на препятствие;г.Кызыл;;Местного значения (дорога местного значения, включая относящиеся к собственности поселений, муниципальных районов, городских округов);;Улицы и дороги местного значения научно-производственных промышленных и коммунально-складских районов;Административные здания | Жилые дома индивидуальной застройки;Перегон (нет объектов на месте ДТП);Недостатки зимнего содержания;Сведения отсутствуют;Ясно;Со снежным накатом;Светлое время суток;Режим движения не изменялся;1.0;1.0;0.0;1.0
10.0;14.01.2024;09:30;200.0;51.1435;93.6837;930000094.0;Столкновение;Чеди-Хольский район;Подъезд к - с.Хову-Аксы;Региональная или межмуниципальная (дорога регионального или межмуниципального значения);6.0;Вне НП;Отсутствие в непосредственной близости объектов УДС и объектов притяжения;Перегон (нет объектов на месте ДТП);Недостатки зимнего содержания;Сведения отсутствуют;Ясно;Со снежным накатом;Светлое время суток;Режим движения не изменялся;2.0;8.0;0.0;8.0
11.0;13.01.2024;11:24;70.0;51.702486;94.434582;930000089.0;Столкновение;г.Кызыл;;Местного значения (дорога местного значения, включая относящиеся к собственности поселений, муниципальных районов, городских округов);;Улицы и дороги местного значения в жилой застройке;Остановка общественного транспорта | Крупный торговый объект (являющийся объектом массового тяготения пешеходов и (или) транспорта) | Административные здания | Многоквартирные жилые дома;Нерегулируемый перекрёсток неравнозначных улиц (дорог);Недостатки зимнего содержания;Сведения отсутствуют;Пасмурно;Со снежным накатом;Светлое время суток;Режим движения не изменялся;2.0;2.0;0.0;1.0
12.0;13.01.2024;01:36;820.0;51.7909;94.4547;930000087.0;Наезд на пешехода;г.Кызыл;Подъезд к С.КАРА-ХААК;Региональная или межмуниципальная (дорога регионального или межмуниципального значения);5.0;;Жилые дома индивидуальной застройки;Перегон (нет объектов на месте ДТП);Отсутствие тротуаров (пешеходных дорожек) | Отсутствие освещения;Сведения отсутствуют;Пасмурно;Со снежным накатом;В темное время суток, освещение отсутствует;Режим движения не изменялся;1.0;2.0;0.0;1.0
14.0;12.01.2024;19:15;790.0;51.7207;94.4529;930000082.0;Наезд на пешехода;г.Кызыл;;Местного значения (дорога местного значения, включая относящиеся к собственности поселений, муниципальных районов, городских округов);;Улицы и дороги местного значения в жилой застройке;Остановка общественного транспорта | Административные здания | Зоны отдыха | Регулируемый пешеходный переход;Выезд с прилегающей территории;Не установлены;Сведения отсутствуют;Пасмурно;Со снежным накатом;В темное время суток, освещение включено;Режим движения не изменялся;1.0;2.0;0.0;1.0
16.0;11.01.2024;18:52;500.0;51.714;94.4183;930000070.0;Столкновение;г.Кызыл;;Местного значения (дорога местного значения, включая относящиеся к собственности поселений, муниципальных районов, городских округов);;Улицы и дороги местного значения научно-производственных промышленных и коммунально-складских районов;Иная образовательная организация | Жилые дома индивидуальной застройки;Регулируемый пешеходный переход | Регулируемый перекресток;Недостатки зимнего содержания | Неисправное освещение;Сведения отсутствуют;Ясно;Заснеженное;В темное время суток, освещение включено;Режим движения не изменялся;2.0;3.0;0.0;1.0
17.0;11.01.2024;01:36;600.0;51.457981;92.77651;930000066.0;Съезд с дороги;Улуг-Хемский район;Р-257 Енисей Красноярск - Абакан - Кызыл - граница с Монголией;Федеральная (дорога федерального значения);5.0;Вне НП;Отсутствие в непосредственной близости объектов УДС и объектов притяжения;Перегон (нет объектов на месте ДТП);Не установлены;Сведения отсутствуют;Ясно;Сухое;В темное время суток, освещение отсутствует;Режим движения не изменялся;1.0;2.0;0.0;1.0
18.0;06.01.2024;09:30;610.0;51.0604;91.6138;930000039.0;Съезд с дороги;Дзун-Хемчикский район;Р-257 Енисей Красноярск - Абакан - Кызыл - граница с Монголией;Федеральная (дорога федерального значения);;Вне НП;Отсутствие в непосредственной близости объектов УДС и объектов притяжения;Перегон (нет объектов на месте ДТП);Недостатки зимнего содержания;Сведения отсутствуют;Метель;Заснеженное;Светлое время суток;Режим движения не изменялся;1.0;5.0;0.0;2.0
19.0;04.01.2024;11:28;910.0;51.668;94.3023;930000034.0;Наезд на стоящее ТС;г.Кызыл;;Местного значения (дорога местного значения, включая относящиеся к собственности поселений, муниципальных районов, городских округов);;Улицы и дороги местного значения в жилой застройке;Жилые дома индивидуальной застройки;Перегон (нет объектов на месте ДТП);Не установлены;Сведения отсутствуют;Пасмурно;Со снежным накатом;Светлое время суток;Режим движения не изменялся;2.0;2.0;0.0;1.0
1.0;23.02.2024;06:57;500.0;51.708929;94.451523;930000361.0;Столкновение;г.Кызыл;;Местного значения (дорога местного значения, включая относящиеся к собственности поселений, муниципальных районов, городских округов);;Улицы и дороги местного значения в жилой застройке;Крупный торговый объект (являющийся объектом массового тяготения пешеходов и (или) транспорта) | Регулируемый пешеходный переход | Жилые дома индивидуальной застройки;Регулируемый перекресток;Недостатки зимнего содержания;Сведения отсутствуют;Ясно;Сухое;В темное время суток, освещение включено;Режим движения не изменялся;2.0;3.0;0.0;2.0
2.0;22.02.2024;11:40;880.0;51.115977;93.669777;930000384.0;Наезд на пешехода;Чеди-Хольский район;;Местного значения (дорога местного значения, включая относящиеся к собственности поселений, муниципальных районов, городских округов);;Вне НП;Отсутствие в непосредственной близости объектов УДС и объектов притяжения;Перегон (нет объектов на месте ДТП);Не установлены;Сведения отсутствуют;Ясно;Заснеженное;Светлое время суток;Режим движения не изменялся;1.0;2.0;0.0;1.0
5.0;17.02.2024;21:28;900.0;51.420888;94.701784;930000322.0;Наезд на животное;Кызылский район;Кызыл-Эрзин-граница с Монголией;Региональная или межмуниципальная (дорога регионального или межмуниципального значения);5.0;Вне НП;Отсутствие в непосредственной близости объектов УДС и объектов притяжения;Перегон (нет объектов на месте ДТП);Не установлены;Оказание влияния на движение транспортного потока или отдельного транспортного средства, наличия или внезапного появления на проезжей части животных;Ясно;Сухое;В темное время суток, освещение отсутствует;Режим движения не изменялся;1.0;4.0;0.0;1.0
6.0;13.02.2024;07:40;210.0;51.677518;94.333055;930000287.0;Столкновение;г.Кызыл;;Местного значения (дорога местного значения, включая относящиеся к собственности поселений, муниципальных районов, городских округов);;Улицы и дороги местного значения в жилой застройке;Иной объект;Перегон (нет объектов на месте ДТП);Не установлены;Сведения отсутствуют;Ясно;Сухое;Светлое время суток;Режим движения не изменялся;3.0;6.0;1.0;4.0
7.0;13.02.2024;06:52;70.0;51.540075;92.934746;930000285.0;Столкновение;Улуг-Хемский район;Подъезд к г.Шагонар;Региональная или межмуниципальная (дорога регионального или межмуниципального значения);5.0;;АЗС | Жилые дома индивидуальной застройки | Многоквартирные жилые дома;Перегон (нет объектов на месте ДТП);Недостатки зимнего содержания;Сведения отсутствуют;Ясно;Заснеженное;Светлое время суток;Движение частично перекрыто;2.0;3.0;0.0;1.0
8.0;12.02.2024;09:27;610.0;51.198386;90.747242;930000286.0;Съезд с дороги;Барун-Хемчикский район;А162-Г.КЫЗЫЛ - Г.АК-ДОВУРАК;Региональная или межмуниципальная (дорога регионального или межмуниципального значения);6.0;Вне НП;Отсутствие в непосредственной близости объектов УДС и объектов притяжения;Перегон (нет объектов на месте ДТП);Недостатки зимнего содержания;Сведения отсутствуют;Ясно;Заснеженное;Светлое время суток;Режим движения не изменялся;1.0;5.0;0.0;5.0
9.0;11.02.2024;21:25;300.0;51.714174;94.432157;930000271.0;Столкновение;г.Кызыл;;Местного значения (дорога местного значения, включая относящиеся к собственности поселений, муниципальных районов, городских округов);;Улицы и дороги местного значения в жилой застройке;Крупный торговый объект (являющийся объектом массового тяготения пешеходов и (или) транспорта) | Регулируемый пешеходный переход | Жилые дома индивидуальной застройки;Регулируемый перекресток;Недостатки зимнего содержания;Участок, контролируемый стационарными камерами автоматической фотовидеофиксации нарушений ПДД, обозначенный соответствующим предупреждающим знаком;Пасмурно;Заснеженное;В темное время суток, освещение включено;Движение частично перекрыто;2.0;3.0;0.0;3.0
10.0;11.02.2024;22:20;940.0;51.247518;93.854785;930000277.0;Наезд на препятствие;Чеди-Хольский район;Подъезд к - с.Хову-Аксы;Региональная или межмуниципальная (дорога регионального или межмуниципального значения);6.0;Вне НП;Отсутствие в непосредственной близости объектов УДС и объектов притяжения;Перегон (нет объектов на месте ДТП);Не установлены;Сведения отсутствуют;Снегопад;Заснеженное;В темное время суток, освещение отсутствует;Режим движения не изменялся;1.0;1.0;0.0;1.0
11.0;10.02.2024;04:53;950.0;51.50734;94.575784;930000265.0;Съезд с дороги;Кызылский район;Кызыл-Эрзин-граница с Монголией;Региональная или межмуниципальная (дорога регионального или межмуниципального значения);5.0;Вне НП;Отсутствие в непосредственной близости объектов УДС и объектов притяжения;Перегон (нет объектов на месте ДТП);Не установлены;Сведения отсутствуют;Ясно;Со снежным накатом;В темное время суток, освещение отсутствует;Режим движения не изменялся;1.0;2.0;0.0;1.0
12.0;09.02.2024;11:11;820.0;51.285742;91.577053;930000260.0;Наезд на пешехода;Дзун-Хемчикский район;;Местного значения (дорога местного значения, включая относящиеся к собственности поселений, муниципальных районов, городских округов);;Улицы и дороги местного значения в жилой застройке;Школа либо иная детская (в т.ч. дошкольная) организация;Перегон (нет объектов на месте ДТП);Не установлены;Сведения отсутствуют;Ясно;Заснеженное;Светлое время суток;Режим движения не изменялся;1.0;2.0;0.0;1.0
14.0;04.02.2024;09:41;500.0;51.707;94.4171;930000231.0;Столкновение;г.Кызыл;;Местного значения (дорога местного значения, включая относящиеся к собственности поселений, муниципальных районов, городских округов);;Улицы и дороги местного значения научно-производственных промышленных и коммунально-складских районов;Остановка общественного транспорта | Крупный торговый объект (являющийся объектом массового тяготения пешеходов и (или) транспорта) | Регулируемый пешеходный переход | Жилые дома индивидуальной застройки;Регулируемый перекресток;Не установлены;Сведения отсутствуют;Снегопад;Со снежным накатом;Светлое время суток;Режим движения не изменялся;2.0;2.0;0.0;1.0
15.0;03.02.2024;00:17;600.0;50.990151;95.159454;930000220.0;Съезд с дороги;Тандинский район;Кызыл-Эрзин-граница с Монголией;Региональная или межмуниципальная (дорога регионального или межмуниципального значения);5.0;Вне НП;Жилые дома индивидуальной застройки;АЗС;Не установлены;Сведения отсутствуют;Пасмурно;Сухое;В темное время суток, освещение отсутствует;Режим движения не изменялся;1.0;2.0;0.0;2.0
1.0;31.03.2024;02:10;200.0;51.183055;94.555979;930000595.0;Столкновение;Тандинский район;Подъезд к с.Бай-Хаак;Региональная или межмуниципальная (дорога регионального или межмуниципального значения);5.0;Вне НП;Отсутствие в непосредственной близости объектов УДС и объектов притяжения;Перегон (нет объектов на месте ДТП);Не установлены;Сведения отсутствуют;Пасмурно;Сухое;В темное время суток, освещение отсутствует;Режим движения не изменялся;2.0;3.0;1.0;2.0
2.0;31.03.2024;13:45;890.0;51.375725;92.886347;930000597.0;Наезд на пешехода;Улуг-Хемский район;;Местного значения (дорога местного значения, включая относящиеся к собственности поселений, муниципальных районов, городских округов);;Иные места;Жилые дома индивидуальной застройки;Перегон (нет объектов на месте ДТП);Не установлены;Сведения отсутствуют;Ясно;Загрязненное;Светлое время суток;Режим движения не изменялся;1.0;2.0;0.0;1.0
4.0;30.03.2024;22:05;500.0;51.782333;94.453347;930000594.0;Столкновение;г.Кызыл;Подъезд к С.КАРА-ХААК;Региональная или межмуниципальная (дорога регионального или межмуниципального значения);5.0;Улицы и дороги местного значения в жилой застройке;Остановка общественного транспорта | Крупный торговый объект (являющийся объектом массового тяготения пешеходов и (или) транспорта) | Жилые дома индивидуальной застройки;Нерегулируемый перекрёсток неравнозначных улиц (дорог);Не установлены;Сведения отсутствуют;Ясно;Сухое;В темное время суток, освещение отсутствует;Режим движения не изменялся;2.0;3.0;0.0;1.0
5.0;29.03.2024;16:52;610.0;51.180379;90.60751;930000591.0;Съезд с дороги;г.Ак-Довурак;;Местного значения (дорога местного значения, включая относящиеся к собственности поселений, муниципальных районов, городских округов);;Улицы и дороги местного значения научно-производственных промышленных и коммунально-складских районов;Производственное предприятие | Жилые дома индивидуальной застройки;Перегон (нет объектов на месте ДТП);Не установлены;Сведения отсутствуют;Ясно;Сухое;Светлое время суток;Режим движения не изменялся;1.0;6.0;0.0;3.0
6.0;27.03.2024;04:29;610.0;51.710066;94.443712;930000574.0;Съезд с дороги;г.Кызыл;;Местного значения (дорога местного значения, включая относящиеся к собственности поселений, муниципальных районов, городских округов);;Улицы и дороги местного значения в жилой застройке;Жилые дома индивидуальной застройки;Перегон (нет объектов на месте ДТП);Не установлены;Сведения отсутствуют;Пасмурно;Мокрое;Светлое время суток;Режим движения не изменялся;1.0;1.0;0.0;1.0
7.0;27.03.2024;12:24;500.0;51.708975;94.433477;930000576.0;Столкновение;г.Кызыл;;Местного значения (дорога местного значения, включая относящиеся к собственности поселений, муниципальных районов, городских округов);;Улицы и дороги местного значения научно-производственных промышленных и коммунально-складских районов;Медицинские (лечебные) организации | Регулируемый пешеходный переход | Многоквартирные жилые дома | Кладбище;Регулируемый перекресток;Не установлены;Сведения отсутствуют;Пасмурно;Сухое;Светлое время суток;Режим движения не изменялся;2.0;2.0;0.0;1.0
8.0;26.03.2024;01:28;600.0;51.669295;94.432275;930000568.0;Съезд с дороги;г.Кызыл;Кызыл-Эрзин-граница с Монголией;Региональная или межмуниципальная (дорога регионального или межмуниципального значения);5.0;Вне НП;Отсутствие в непосредственной близости объектов УДС и объектов притяжения;Перегон (нет объектов на месте ДТП);Не установлены;Сведения отсутствуют;Пасмурно;Сухое;В темное время суток, освещение отсутствует;Режим движения не изменялся;1.0;2.0;0.0;2.0
9.0;25.03.2024;21:31;820.0;51.677758;94.332722;930000567.0;Наезд на пешехода;г.Кызыл;;Местного значения (дорога местного значения, включая относящиеся к собственности поселений, муниципальных районов, городских округов);;Улицы и дороги местного значения в жилой застройке;Производственное предприятие | Административные здания;Перегон (нет объектов на месте ДТП);Отсутствие освещения;Сведения отсутствуют;Пасмурно;Сухое;В темное время суток, освещение отсутствует;Режим движения не изменялся;1.0;2.0;0.0;1.0
11.0;24.03.2024;16:45;600.0;51.671085;94.432812;930000564.0;Съезд с дороги;г.Кызыл;Кызыл-Эрзин-граница с Монголией;Региональная или межмуниципальная (дорога регионального или межмуниципального значения);5.0;Вне НП;Отсутствие в непосредственной близости объектов УДС и объектов притяжения;Перегон (нет объектов на месте ДТП);Не установлены;Сведения отсутствуют;Ясно;Сухое;Светлое время суток;Движение частично перекрыто;2.0;4.0;1.0;1.0
12.0;23.03.2024;19:04;70.0;51.69718;94.426836;930000561.0;Столкновение;г.Кызыл;;Местного значения (дорога местного значения, включая относящиеся к собственности поселений, муниципальных районов, городских округов);;Магистральные улицы общегородского значения;Административные здания | Многоквартирные жилые дома;Нерегулируемый пешеходный переход;Не установлены;Участок, оборудованный искусственными неровностями;Ясно;Сухое;Светлое время суток;Режим движения не изменялся;2.0;3.0;0.0;1.0
13.0;19.03.2024;09:55;610.0;51.559344;93.583002;930000539.0;Съезд с дороги;Кызылский район;Р-257 Енисей Красноярск - Абакан - Кызыл - граница с Монголией;Федеральная (дорога федерального значения);5.0;Вне НП;Отсутствие в непосредственной близости объектов УДС и объектов притяжения;Перегон (нет объектов на месте ДТП);Недостатки зимнего содержания;Сведения отсутствуют;Ясно;Мокрое;Светлое время суток;Режим движения не изменялся;1.0;2.0;0.0;1.0
15.0;16.03.2024;08:50;730.0;51.718355;94.431106;930000527.0;Наезд на пешехода;г.Кызыл;;Местного значения (дорога местного значения, включая относящиеся к собственности поселений, муниципальных районов, городских округов);;Улицы и дороги местного значения в жилой застройке;Крупный торговый объект (являющийся объектом массового тяготения пешеходов и (или) транспорта) | Административные здания | Многоквартирные жилые дома;Регулируемый пешеходный переход | Регулируемый перекресток;Не установлены;Участок, контролируемый стационарными камерами автоматической фотовидеофиксации нарушений ПДД, обозначенный соответствующим предупреждающим знаком;Пасмурно;Мокрое;Светлое время суток;Режим движения не изменялся;1.0;2.0;0.0;1.0
16.0;14.03.2024;18:41;600.0;51.152499;90.578681;930000518.0;Съезд с дороги;Барун-Хемчикский район;;Местного значения (дорога местного значения, включая относящиеся к собственности поселений, муниципальных районов, городских округов);;Главные улицы;Административные здания | Жилые дома индивидуальной застройки;Перегон (нет объектов на месте ДТП);Не установлены;Сведения отсутствуют;Пасмурно;Мокрое;Светлое время суток;Режим движения не изменялся;1.0;3.0;0.0;2.0
17.0;13.03.2024;17:30;200.0;50.808755;91.878319;930000512.0;Столкновение;Овюрский район;Р-257 Енисей Красноярск - Абакан - Кызыл - граница с Монголией;Федеральная (дорога федерального значения);5.0;Вне НП;Отсутствие в непосредственной близости объектов УДС и объектов притяжения;Перегон (нет объектов на месте ДТП);Не установлены;Сведения отсутствуют;Пасмурно | Снегопад;Заснеженное;Светлое время суток;Режим движения не изменялся;3.0;5.0;2.0;1.0
18.0;11.03.2024;14:50;200.0;51.636312;94.244263;930000497.0;Столкновение;Кызылский район;;Местного значения (дорога местного значения, включая относящиеся к собственности поселений, муниципальных районов, городских округов);;Основные улицы в жилой застройке;Жилые дома индивидуальной застройки;Перегон (нет объектов на месте ДТП);Не установлены;Сведения отсутствуют;Ясно;Со снежным накатом;Светлое время суток;Режим движения не изменялся;2.0;4.0;0.0;1.0
19.0;10.03.2024;23:58;840.0;52.131922;93.921626;930000490.0;Наезд на пешехода;Пий-Хемский район;;Местного значения (дорога местного значения, включая относящиеся к собственности поселений, муниципальных районов, городских округов);;Улицы и дороги местного значения в жилой застройке;Производственное предприятие;Перегон (нет объектов на месте ДТП);Не установлены;Сведения отсутствуют;Ясно;Сухое;В темное время суток, освещение отсутствует;Режим движения не изменялся;2.0;3.0;1.0;0.0
20.0;09.03.2024;08:53;930.0;51.698815;94.551468;930000478.0;Наезд на препятствие;Кызылский район;;Местного значения (дорога местного значения, включая относящиеся к собственности поселений, муниципальных районов, городских округов);;Улицы и дороги местного значения научно-производственных промышленных и коммунально-складских районов;Жилые дома индивидуальной застройки;Перегон (нет объектов на месте ДТП);Не установлены;Сведения отсутствуют;Ясно;Сухое;Светлое время суток;Режим движения не изменялся;1.0;1.0;0.0;1.0
21.0;08.03.2024;01:05;930.0;51.701901;94.406419;930000463.0;Наезд на препятствие;г.Кызыл;;Местного значения (дорога местного значения, включая относящиеся к собственности поселений, муниципальных районов, городских округов);;Улицы и дороги местного значения в жилой застройке;Административные здания | Многоквартирные жилые дома;Нерегулируемое пересечение с круговым движением;Не установлены;Участок, контролируемый стационарными камерами автоматической фотовидеофиксации нарушений ПДД, обозначенный соответствующим предупреждающим знаком;Пасмурно;Со снежным накатом;В темное время суток, освещение включено;Режим движения не изменялся;1.0;2.0;0.0;1.0
22.0;07.03.2024;19:40;200.0;51.692166;94.454224;930000460.0;Столкновение;г.Кызыл;;Местного значения (дорога местного значения, включая относящиеся к собственности поселений, муниципальных районов, городских округов);;Иные места;Отсутствие в непосредственной близости объектов УДС и объектов притяжения;Перегон (нет объектов на месте ДТП);Не установлены;Сведения отсутствуют;Ясно;Сухое;В темное время суток, освещение включено;Движение полностью перекрыто;2.0;4.0;1.0;3.0
23.0;03.03.2024;01:53;200.0;51.91276;94.340286;930000434.0;Столкновение;Пий-Хемский район;Р-257 Енисей Красноярск - Абакан - Кызыл - граница с Монголией;Федеральная (дорога федерального значения);;Вне НП;Отсутствие в непосредственной близости объектов УДС и объектов притяжения;Перегон (нет объектов на месте ДТП);Не установлены;Сведения отсутствуют;Ясно;Сухое;В темное время суток, освещение отсутствует;Движение частично перекрыто;2.0;2.0;1.0;1.0
24.0;02.03.2024;12:07;500.0;51.706967;94.417115;930000419.0;Столкновение;г.Кызыл;;Местного значения (дорога местного значения, включая относящиеся к собственности поселений, муниципальных районов, городских округов);;Магистральные улицы общегородского значения;Остановка общественного транспорта | Крупный торговый объект (являющийся объектом массового тяготения пешеходов и (или) транспорта) | Регулируемый пешеходный переход | Многоквартирные жилые дома;Регулируемый перекресток;Недостатки зимнего содержания;Сведения отсутствуют;Пасмурно;Со снежным накатом;Светлое время суток;Режим движения не изменялся;2.0;7.0;0.0;2.0
25.0;02.03.2024;19:45;900.0;51.261109;94.677;930000428.0;Наезд на животное;Тандинский район;Подъезд к с.Бай-Хаак;Региональная или межмуниципальная (дорога регионального или межмуниципального значения);5.0;Вне НП;Отсутствие в непосредственной близости объектов УДС и объектов притяжения;Перегон (нет объектов на месте ДТП);Не установлены;Оказание влияния на движение транспортного потока или отдельного транспортного средства, наличия или внезапного появления на проезжей части животных;Снегопад;Заснеженное;В темное время суток, освещение отсутствует;Режим движения не изменялся;1.0;3.0;0.0;1.0
27.0;01.03.2024;20:13;600.0;51.545094;93.027013;930000414.0;Съезд с дороги;Улуг-Хемский район;Р-257 Енисей Красноярск - Абакан - Кызыл - граница с Монголией;Федеральная (дорога федерального значения);5.0;Вне НП;Отсутствие в непосредственной близости объектов УДС и объектов притяжения;Перегон (нет объектов на месте ДТП);Не установлены;Сведения отсутствуют;Снегопад;Заснеженное;В темное время суток, освещение отсутствует;Режим движения не изменялся;1.0;2.0;0.0;1.0
28.0;01.03.2024;12:05;930.0;51.705358;94.398435;930000406.0;Наезд на препятствие;г.Кызыл;;Местного значения (дорога местного значения, включая относящиеся к собственности поселений, муниципальных районов, городских округов);;Магистральные улицы общегородского значения;Остановка общественного транспорта | Многоквартирные жилые дома;Нерегулируемый перекрёсток неравнозначных улиц (дорог);Не установлены;Участок, контролируемый стационарными камерами автоматической фотовидеофиксации нарушений ПДД, обозначенный соответствующим предупреждающим знаком;Снегопад;Сухое;Светлое время суток;Режим движения не изменялся;1.0;1.0;0.0;1.0
29.0;01.03.2024;14:45;810.0;52.143736;93.923311;930000407.0;Наезд на пешехода;Пий-Хемский район;;Местного значения (дорога местного значения, включая относящиеся к собственности поселений, муниципальных районов, городских округов);;Улицы и дороги местного значения в жилой застройке;Административные здания | Жилые дома индивидуальной застройки | Многоквартирные жилые дома;Перегон (нет объектов на месте ДТП);Недостатки зимнего содержания;Сведения отсутствуют;Пасмурно;Со снежным накатом;Светлое время суток;Режим движения не изменялся;1.0;2.0;0.0;1.0
30.0;01.03.2024;19:25;740.0;51.717259;94.377568;930000412.0;Наезд на пешехода;г.Кызыл;;Местного значения (дорога местного значения, включая относящиеся к собственности поселений, муниципальных районов, городских округов);;Улицы и дороги местного значения в жилой застройке;Жилые дома индивидуальной застройки;Нерегулируемый пешеходный переход | Нерегулируемый перекрёсток неравнозначных улиц (дорог);Неисправное освещение;Сведения отсутствуют;Ясно;Сухое;В темное время суток, освещение не включено;Режим движения не изменялся;1.0;2.0;0.0;1.0
1.0;30.04.2024;13:20;600.0;51.557675;93.206958;930000812.0;Съезд с дороги;Улуг-Хемский район;Р-257 Енисей Красноярск - Абакан - Кызыл - граница с Монголией;Федеральная (дорога федерального значения);5.0;Вне НП;Отсутствие в непосредственной близости объектов УДС и объектов притяжения;Перегон (нет объектов на месте ДТП);Не установлены;Сведения отсутствуют;Пасмурно;Сухое;Светлое время суток;Режим движения не изменялся;1.0;1.0;0.0;1.0
2.0;30.04.2024;03:40;830.0;51.709055;94.4503;930000841.0;Наезд на пешехода;г.Кызыл;;Местного значения (дорога местного значения, включая относящиеся к собственности поселений, муниципальных районов, городских округов);;Улицы и дороги местного значения в жилой застройке;Жилые дома индивидуальной застройки;Перегон (нет объектов на месте ДТП);Не установлены;Сведения отсутствуют;Ясно;Сухое;В темное время суток, освещение включено;Режим движения не изменялся;1.0;2.0;0.0;1.0
3.0;30.04.2024;21:25;600.0;51.169321;93.65731;930000814.0;Съезд с дороги;Чеди-Хольский район;Подъезд к - с.Хову-Аксы;Региональная или межмуниципальная (дорога регионального или межмуниципального значения);5.0;;Отсутствие в непосредственной близости объектов УДС и объектов притяжения;Перегон (нет объектов на месте ДТП);Не установлены;Сведения отсутствуют;Ясно;Сухое;В темное время суток, освещение отсутствует;Режим движения не изменялся;1.0;1.0;0.0;1.0
4.0;29.04.2024;09:44;600.0;51.3297;92.172289;930000807.0;Съезд с дороги;Чаа-Хольский район;Р-257 Енисей Красноярск - Абакан - Кызыл - граница с Монголией;Федеральная (дорога федерального значения);5.0;Вне НП;Отсутствие в непосредственной близости объектов УДС и объектов притяжения;Перегон (нет объектов на месте ДТП);Не установлены;Сведения отсутствуют;Ясно;Сухое;Светлое время суток;Режим движения не изменялся;1.0;3.0;0.0;3.0
5.0;28.04.2024;22:20;940.0;51.395357;91.267097;930000806.0;Наезд на препятствие;Сут-Хольский район;;Местного значения (дорога местного значения, включая относящиеся к собственности поселений, муниципальных районов, городских округов);;Улицы и дороги местного значения в жилой застройке;Жилые дома индивидуальной застройки;Перегон (нет объектов на месте ДТП);Не установлены;Сведения отсутствуют;Ясно;Сухое;В темное время суток, освещение включено;Режим движения не изменялся;1.0;1.0;1.0;0.0
7.0;28.04.2024;21:43;70.0;51.357606;94.752316;930000803.0;Столкновение;Кызылский район;Кызыл-Эрзин-граница с Монголией;Региональная или межмуниципальная (дорога регионального или межмуниципального значения);5.0;Вне НП;Отсутствие в непосредственной близости объектов УДС и объектов притяжения;Перегон (нет объектов на месте ДТП);Не установлены;Сведения отсутствуют;Пасмурно;Сухое;В темное время суток, освещение отсутствует;Режим движения не изменялся;2.0;3.0;1.0;1.0
8.0;27.04.2024;14:40;600.0;50.633825;94.48431;930000793.0;Съезд с дороги;Тес-Хемский район;САМАГАЛТАЙ - АК-ЧЫРАА;Региональная или межмуниципальная (дорога регионального или межмуниципального значения);5.0;Вне НП;Отсутствие в непосредственной близости объектов УДС и объектов притяжения;Перегон (нет объектов на месте ДТП);Не установлены;Сведения отсутствуют;Пасмурно;Сухое;Светлое время суток;Режим движения не изменялся;1.0;3.0;0.0;2.0
9.0;25.04.2024;21:54;70.0;51.696422;94.406655;930000777.0;Столкновение;г.Кызыл;;Местного значения (дорога местного значения, включая относящиеся к собственности поселений, муниципальных районов, городских округов);;Улицы и дороги местного значения научно-производственных промышленных и коммунально-складских районов;АЗС | Крупный торговый объект (являющийся объектом массового тяготения пешеходов и (или) транспорта) | Административные здания | Спортивные и развлекательные объекты;Регулируемый пешеходный переход | Регулируемый перекресток;Не установлены;Сведения отсутствуют;Пасмурно;Мокрое;В темное время суток, освещение включено;Режим движения не изменялся;2.0;6.0;0.0;2.0
10.0;23.04.2024;21:18;880.0;51.154182;90.626221;930000761.0;Наезд на пешехода;Барун-Хемчикский район;А162-Г.КЫЗЫЛ - Г.АК-ДОВУРАК;Региональная или межмуниципальная (дорога регионального или межмуниципального значения);6.0;Вне НП;Жилые дома индивидуальной застройки;Перегон (нет объектов на месте ДТП);Не установлены;Сведения отсутствуют;Ясно;Сухое;В темное время суток, освещение отсутствует;Режим движения не изменялся;1.0;2.0;0.0;1.0
13.0;21.04.2024;23:43;200.0;51.67974;94.349298;930000744.0;Столкновение;г.Кызыл;;Местного значения (дорога местного значения, включая относящиеся к собственности поселений, муниципальных районов, городских округов);;Магистральные улицы общегородского значения;Кладбище;Мост, эстакада, путепровод | Нерегулируемый перекрёсток равнозначных улиц (дорог);Не установлены;Участок, контролируемый стационарными камерами автоматической фотовидеофиксации нарушений ПДД, обозначенный соответствующим предупреждающим знаком;Ясно;Сухое;В темное время суток, освещение включено;Движение частично перекрыто;2.0;2.0;1.0;1.0
14.0;21.04.2024;20:40;910.0;50.797866;95.260262;930000746.0;Наезд на стоящее ТС;Тес-Хемский район;Кызыл-Эрзин-граница с Монголией;Региональная или межмуниципальная (дорога регионального или межмуниципального значения);5.0;Вне НП;Остановка общественного транспорта | Нерегулируемый пешеходный переход | Нерегулируемый перекрёсток;Перегон (нет объектов на месте ДТП);Не установлены;Сведения отсутствуют;Ясно;Сухое;В темное время суток, освещение отсутствует;Режим движения не изменялся;3.0;4.0;0.0;3.0
15.0;20.04.2024;06:40;940.0;51.73843;94.396548;930000736.0;Наезд на препятствие;Пий-Хемский район;;Местного значения (дорога местного значения, включая относящиеся к собственности поселений, муниципальных районов, городских округов);;Иные места;Зоны отдыха;Перегон (нет объектов на месте ДТП);Не установлены;Сведения отсутствуют;Ясно;Мокрое;Светлое время суток;Режим движения не изменялся;1.0;4.0;0.0;3.0
17.0;19.04.2024;16:06;740.0;51.717325;94.475019;930000730.0;Наезд на пешехода;г.Кызыл;;Местного значения (дорога местного значения, включая относящиеся к собственности поселений, муниципальных районов, городских округов);;Магистральные улицы общегородского значения;Остановка общественного транспорта | Административные здания | Многоквартирные жилые дома;Нерегулируемый пешеходный переход | Нерегулируемый перекрёсток неравнозначных улиц (дорог);Отсутствие, плохая различимость горизонтальной разметки проезжей части;Участок, оборудованный искусственными неровностями;Пасмурно;Мокрое;Светлое время суток;Режим движения не изменялся;1.0;2.0;0.0;1.0
18.0;19.04.2024;20:32;70.0;51.709614;94.410828;930000733.0;Столкновение;г.Кызыл;;Местного значения (дорога местного значения, включая относящиеся к собственности поселений, муниципальных районов, городских округов);;Улицы и дороги местного значения научно-производственных промышленных и коммунально-складских районов;Жилые дома индивидуальной застройки;Нерегулируемый пешеходный переход | Нерегулируемый перекрёсток неравнозначных улиц (дорог);Не установлены;Сведения отсутствуют;Пасмурно;Мокрое;В темное время суток, освещение включено;Режим движения не изменялся;2.0;3.0;0.0;1.0
19.0;18.04.2024;07:50;610.0;52.143443;93.834831;930000723.0;Съезд с дороги;Пий-Хемский район;Подъезд к с.Аржаан;Региональная или межмуниципальная (дорога регионального или межмуниципального значения);6.0;Вне НП;Отсутствие в непосредственной близости объектов УДС и объектов притяжения;Перегон (нет объектов на месте ДТП);Отсутствие, плохая различимость горизонтальной разметки проезжей части;Сведения отсутствуют;Пасмурно;Сухое;Светлое время суток;Режим движения не изменялся;1.0;2.0;1.0;1.0
20.0;17.04.2024;21:32;500.0;51.176357;90.595193;930000721.0;Столкновение;г.Ак-Довурак;;Местного значения (дорога местного значения, включая относящиеся к собственности поселений, муниципальных районов, городских округов);;Улицы и дороги местного значения в жилой застройке;Жилые дома индивидуальной застройки;Нерегулируемый перекрёсток неравнозначных улиц (дорог);Не установлены;Сведения отсутствуют;Ясно;Сухое;В темное время суток, освещение включено;Движение частично перекрыто;2.0;3.0;0.0;2.0
21.0;16.04.2024;19:28;200.0;51.794176;94.469213;930000716.0;Столкновение;г.Кызыл;;Местного значения (дорога местного значения, включая относящиеся к собственности поселений, муниципальных районов, городских округов);;Улицы и дороги местного значения в жилой застройке;Жилые дома индивидуальной застройки;Нерегулируемый перекрёсток неравнозначных улиц (дорог);Неисправное освещение;Сведения отсутствуют;Пасмурно;Сухое;В темное время суток, освещение включено;Режим движения не изменялся;2.0;2.0;0.0;1.0
22.0;16.04.2024;10:10;600.0;52.052095;94.083009;930000713.0;Съезд с дороги;Пий-Хемский район;Р-257 Енисей Красноярск - Абакан - Кызыл - граница с Монголией;Федеральная (дорога федерального значения);5.0;Вне НП;Отсутствие в непосредственной близости объектов УДС и объектов притяжения;Перегон (нет объектов на месте ДТП);Не установлены;Сведения отсутствуют;Ясно;Сухое;Светлое время суток;Режим движения не изменялся;1.0;2.0;1.0;1.0
23.0;15.04.2024;18:11;830.0;51.716395;94.476927;930000708.0;Наезд на пешехода;г.Кызыл;;Местного значения (дорога местного значения, включая относящиеся к собственности поселений, муниципальных районов, городских округов);;Иные места;Многоквартирные жилые дома;Внутридворовая территория;Не установлены;Сведения отсутствуют;Ясно;Сухое;Светлое время суток;Режим движения не изменялся;1.0;2.0;0.0;1.0
25.0;14.04.2024;15:32;740.0;51.715184;94.44206;930000700.0;Наезд на пешехода;г.Кызыл;;Местного значения (дорога местного значения, включая относящиеся к собственности поселений, муниципальных районов, городских округов);;Улицы и дороги местного значения в жилой застройке;Жилые дома индивидуальной застройки;Нерегулируемый пешеходный переход;Отсутствие, плохая различимость горизонтальной разметки проезжей части;Сведения отсутствуют;Ясно;Сухое;Светлое время суток;Режим движения не изменялся;1.0;2.0;0.0;1.0
26.0;14.04.2024;19:50;600.0;50.382514;95.068731;930000703.0;Съезд с дороги;Эрзинский район;Кызыл-Эрзин-граница с Монголией;Региональная или межмуниципальная (дорога регионального или межмуниципального значения);5.0;Вне НП;Отсутствие в непосредственной близости объектов УДС и объектов притяжения;Перегон (нет объектов на месте ДТП);Не установлены;Сведения отсутствуют;Ясно;Сухое;В темное время суток, освещение отсутствует;Режим движения не изменялся;1.0;5.0;0.0;5.0
27.0;13.04.2024;17:21;300.0;51.699241;94.549896;930000692.0;Столкновение;Кызылский район;;Местного значения (дорога местного значения, включая относящиеся к собственности поселений, муниципальных районов, городских округов);;Улицы и дороги местного значения научно-производственных промышленных и коммунально-складских районов;АЗС | Производственное предприятие | Административные здания | Жилые дома индивидуальной застройки;Нерегулируемый пешеходный переход | Нерегулируемый перекрёсток неравнозначных улиц (дорог);Не установлены;Сведения отсутствуют;Ясно;Сухое;Светлое время суток;Режим движения не изменялся;2.0;3.0;0.0;2.0
28.0;12.04.2024;21:50;840.0;51.49377;95.550987;930000685.0;Наезд на пешехода;Каа-Хемский район;;Местного значения (дорога местного значения, включая относящиеся к собственности поселений, муниципальных районов, городских округов);;Главные улицы;Жилые дома индивидуальной застройки;Перегон (нет объектов на месте ДТП);Не установлены;Сведения отсутствуют;Дождь;Мокрое;В темное время суток, освещение включено;Режим движения не изменялся;1.0;2.0;0.0;1.0
29.0;12.04.2024;22:53;800.0;51.010467;90.212538;930000696.0;Наезд на пешехода;Бай-Тайгинский район;;Местного значения (дорога местного значения, включая относящиеся к собственности поселений, муниципальных районов, городских округов);;Главные улицы;Остановка общественного транспорта | Медицинские (лечебные) организации | Жилые дома индивидуальной застройки;Перегон (нет объектов на месте ДТП);Отсутствие, плохая различимость горизонтальной разметки проезжей части;Сведения отсутствуют;Пасмурно;Сухое;В темное время суток, освещение включено;Режим движения не изменялся;1.0;2.0;0.0;1.0
30.0;10.04.2024;19:07;820.0;51.678593;94.302054;930000669.0;Наезд на пешехода;г.Кызыл;;Местного значения (дорога местного значения, включая относящиеся к собственности поселений, муниципальных районов, городских округов);;Улицы и дороги местного значения в жилой застройке;Жилые дома индивидуальной застройки;Перегон (нет объектов на месте ДТП);Неисправное освещение;Сведения отсутствуют;Пасмурно;Сухое;В темное время суток, освещение отсутствует;Режим движения не изменялся;1.0;2.0;0.0;1.0
31.0;07.04.2024;22:04;490.0;51.703916;94.427844;930000655.0;Столкновение;г.Кызыл;;Местного значения (дорога местного значения, включая относящиеся к собственности поселений, муниципальных районов, городских округов);;Магистральные улицы общегородского значения;Административные здания | Многоквартирные жилые дома;Регулируемый пешеходный переход | Регулируемый перекресток;Сужение проезжей части, наличие препятствий, затрудняющих движение транспортных средств | Отсутствие, плохая различимость горизонтальной разметки проезжей части;Сведения отсутствуют;Пасмурно;Сухое;В темное время суток, освещение включено;Режим движения не изменялся;2.0;2.0;0.0;1.0
32.0;07.04.2024;02:17;830.0;51.530092;92.920411;930000649.0;Наезд на пешехода;Улуг-Хемский район;;Местного значения (дорога местного значения, включая относящиеся к собственности поселений, муниципальных районов, городских округов);;Улицы и дороги местного значения научно-производственных промышленных и коммунально-складских районов;Административные здания | Жилые дома индивидуальной застройки;Перегон (нет объектов на месте ДТП);Отсутствие, плохая различимость горизонтальной разметки проезжей части;Сведения отсутствуют;Ясно;Сухое;В темное время суток, освещение не включено;Режим движения не изменялся;1.0;2.0;0.0;1.0
33.0;06.04.2024;15:30;610.0;51.248486;94.328409;930000663.0;Съезд с дороги;Тандинский район;Подъезд к с.Межегей;Региональная или межмуниципальная (дорога регионального или межмуниципального значения);6.0;Вне НП;Отсутствие в непосредственной близости объектов УДС и объектов притяжения;Перегон (нет объектов на месте ДТП);Не установлены;Сведения отсутствуют;Ясно;Сухое;Светлое время суток;Режим движения не изменялся;1.0;1.0;0.0;1.0
34.0;05.04.2024;06:25;600.0;51.470825;95.585604;930000631.0;Съезд с дороги;Каа-Хемский район;САРЫГ-СЕП-БАЛГАЗЫН;Региональная или межмуниципальная (дорога регионального или межмуниципального значения);5.0;Вне НП;Отсутствие в непосредственной близости объектов УДС и объектов притяжения;Перегон (нет объектов на месте ДТП);Не установлены;Сведения отсутствуют;Дождь;Мокрое;Светлое время суток;Режим движения не изменялся;1.0;2.0;0.0;2.0
35.0;05.04.2024;08:30;820.0;51.284508;91.567376;930000632.0;Наезд на пешехода;Дзун-Хемчикский район;;Местного значения (дорога местного значения, включая относящиеся к собственности поселений, муниципальных районов, городских округов);;Улицы и дороги местного значения научно-производственных промышленных и коммунально-складских районов;Административные здания | Зоны отдыха | Жилые дома индивидуальной застройки;Перегон (нет объектов на месте ДТП);Сужение проезжей части, наличие препятствий, затрудняющих движение транспортных средств | Отсутствие, плохая различимость горизонтальной разметки проезжей части;Сведения отсутствуют;Ясно;Сухое;Светлое время суток;Режим движения не изменялся;1.0;2.0;0.0;1.0
36.0;05.04.2024;00:05;600.0;51.55911;93.131167;930000629.0;Съезд с дороги;Улуг-Хемский район;Р-257 Енисей Красноярск - Абакан - Кызыл - граница с Монголией;Федеральная (дорога федерального значения);5.0;Вне НП;Остановка общественного транспорта | Жилые дома индивидуальной застройки;Нерегулируемый перекрёсток неравнозначных улиц (дорог);Не установлены;Сведения отсутствуют;Пасмурно;Сухое;В темное время суток, освещение отсутствует;Режим движения не изменялся;1.0;2.0;0.0;1.0
37.0;05.04.2024;22:20;500.0;51.702248;94.455888;930000638.0;Столкновение;г.Кызыл;;Местного значения (дорога местного значения, включая относящиеся к собственности поселений, муниципальных районов, городских округов);;Магистральные улицы общегородского значения;АЗС | Жилые дома индивидуальной застройки;Перегон (нет объектов на месте ДТП);Отсутствие, плохая различимость горизонтальной разметки проезжей части;Сведения отсутствуют;Ясно;Сухое;В темное время суток, освещение включено;Режим движения не изменялся;2.0;2.0;0.0;1.0
38.0;04.04.2024;20:50;900.0;51.311408;91.941404;930000627.0;Наезд на животное;Дзун-Хемчикский район;Р-257 Енисей Красноярск - Абакан - Кызыл - граница с Монголией;Федеральная (дорога федерального значения);5.0;Вне НП;Отсутствие в непосредственной близости объектов УДС и объектов притяжения;Перегон (нет объектов на месте ДТП);Не установлены;Сведения отсутствуют;Пасмурно;Сухое;В темное время суток, освещение отсутствует;Режим движения не изменялся;1.0;6.0;0.0;1.0
39.0;04.04.2024;20:50;940.0;51.319496;91.919711;930000628.0;Наезд на внезапно возникшее препятствие;Дзун-Хемчикский район;Р-257 Енисей Красноярск - Абакан - Кызыл - граница с Монголией;Федеральная (дорога федерального значения);;Вне НП;Отсутствие в непосредственной близости объектов УДС и объектов притяжения;Перегон (нет объектов на месте ДТП);Не установлены;Сведения отсутствуют;Пасмурно;Сухое;В темное время суток, освещение отсутствует;Режим движения не изменялся;1.0;3.0;0.0;1.0
40.0;02.04.2024;19:20;610.0;51.553474;90.126761;930000613.0;Съезд с дороги;Барун-Хемчикский район;АБАКАН-АК-ДОВУРАК;Региональная или межмуниципальная (дорога регионального или межмуниципального значения);5.0;Вне НП;Отсутствие в непосредственной близости объектов УДС и объектов притяжения;Перегон (нет объектов на месте ДТП);Не установлены;Сведения отсутствуют;Ясно;Сухое;Светлое время суток;Режим движения не изменялся;1.0;2.0;1.0;1.0
41.0;02.04.2024;13:05;490.0;51.533152;92.918281;930000608.0;Столкновение;Улуг-Хемский район;;Местного значения (дорога местного значения, включая относящиеся к собственности поселений, муниципальных районов, городских округов);;Улицы и дороги местного значения научно-производственных промышленных и коммунально-складских районов;Административные здания | Многоквартирные жилые дома;Нерегулируемый перекрёсток равнозначных улиц (дорог);Сужение проезжей части, наличие препятствий, затрудняющих движение транспортных средств | Отсутствие, плохая различимость горизонтальной разметки проезжей части;Сведения отсутствуют;Ясно;Сухое;Светлое время суток;Режим движения не изменялся;2.0;2.0;0.0;1.0
2.0;31.05.2024;19:24;300.0;51.721971;94.440697;930001025.0;Столкновение;г.Кызыл;;Местного значения (дорога местного значения, включая относящиеся к собственности поселений, муниципальных районов, городских округов);;Улицы и дороги местного значения научно-производственных промышленных и коммунально-складских районов;Административные здания;Перегон (нет объектов на месте ДТП);Не установлены;Сведения отсутствуют;Пасмурно;Сухое;Сумерки;Режим движения не изменялся;2.0;2.0;0.0;2.0
3.0;31.05.2024;18:10;950.0;51.48176;95.569162;930001022.0;Опрокидывание;Каа-Хемский район;;Местного значения (дорога местного значения, включая относящиеся к собственности поселений, муниципальных районов, городских округов);;Главные улицы;Жилые дома индивидуальной застройки;Перегон (нет объектов на месте ДТП);Не установлены;Сведения отсутствуют;Ясно;Сухое;Светлое время суток;Режим движения не изменялся;1.0;2.0;0.0;1.0
5.0;30.05.2024;11:00;820.0;51.671393;94.300859;930001012.0;Наезд на пешехода;г.Кызыл;;Местного значения (дорога местного значения, включая относящиеся к собственности поселений, муниципальных районов, городских округов);;Улицы и дороги местного значения в жилой застройке;Жилые дома индивидуальной застройки;Остановка общественного транспорта;Не установлены;Сведения отсутствуют;Ясно;Сухое;Светлое время суток;Режим движения не изменялся;1.0;2.0;0.0;1.0
6.0;30.05.2024;18:44;300.0;51.728206;94.410163;930001018.0;Столкновение;г.Кызыл;;Местного значения (дорога местного значения, включая относящиеся к собственности поселений, муниципальных районов, городских округов);;Улицы и дороги местного значения в жилой застройке;Жилые дома индивидуальной застройки;Регулируемый пешеходный переход | Регулируемый перекресток;Не установлены;Сведения отсутствуют;Ясно;Сухое;Светлое время суток;Режим движения не изменялся;2.0;2.0;0.0;2.0
7.0;28.05.2024;13:30;290.0;50.601422;95.000389;930001000.0;Столкновение;Тес-Хемский район;;Местного значения (дорога местного значения, включая относящиеся к собственности поселений, муниципальных районов, городских округов);;Поселковые дороги;Многоквартирные жилые дома;Нерегулируемый перекрёсток неравнозначных улиц (дорог);Не установлены;Сведения отсутствуют;Ясно;Сухое;Светлое время суток;Режим движения не изменялся;2.0;4.0;0.0;2.0
8.0;28.05.2024;20:39;840.0;51.676414;94.314119;930001003.0;Наезд на пешехода;г.Кызыл;;Местного значения (дорога местного значения, включая относящиеся к собственности поселений, муниципальных районов, городских округов);;Улицы и дороги местного значения в жилой застройке;Жилые дома индивидуальной застройки;Перегон (нет объектов на месте ДТП);Не установлены;Сведения отсутствуют;Ясно;Сухое;В темное время суток, освещение отсутствует;Режим движения не изменялся;1.0;2.0;0.0;1.0
10.0;27.05.2024;19:33;740.0;51.699049;94.551229;930000995.0;Наезд на пешехода;Кызылский район;;Местного значения (дорога местного значения, включая относящиеся к собственности поселений, муниципальных районов, городских округов);;Улицы и дороги местного значения научно-производственных промышленных и коммунально-складских районов;Жилые дома индивидуальной застройки;Нерегулируемый пешеходный переход | Нерегулируемый перекрёсток неравнозначных улиц (дорог);Не установлены;Сведения отсутствуют;Пасмурно;Сухое;Светлое время суток;Режим движения не изменялся;1.0;2.0;0.0;1.0
12.0;27.05.2024;06:47;600.0;51.162606;90.475105;930000991.0;Съезд с дороги;Барун-Хемчикский район;;Местного значения (дорога местного значения, включая относящиеся к собственности поселений, муниципальных районов, городских округов);5.0;Вне НП;Отсутствие в непосредственной близости объектов УДС и объектов притяжения;Перегон (нет объектов на месте ДТП);Не установлены;Сведения отсутствуют;Пасмурно;Сухое;Светлое время суток;Режим движения не изменялся;1.0;4.0;2.0;2.0
13.0;26.05.2024;07:20;500.0;51.711714;94.472648;930000980.0;Столкновение;г.Кызыл;;Местного значения (дорога местного значения, включая относящиеся к собственности поселений, муниципальных районов, городских округов);;Улицы и дороги местного значения в жилой застройке;Жилые дома индивидуальной застройки;Регулируемый пешеходный переход | Регулируемый перекресток;Не установлены;Сведения отсутствуют;Ясно;Сухое;Светлое время суток;Режим движения не изменялся;2.0;2.0;0.0;1.0
14.0;26.05.2024;13:10;90.0;51.829644;94.335609;930000982.0;Столкновение;Пий-Хемский район;Р-257 Енисей Красноярск - Абакан - Кызыл - граница с Монголией;Федеральная (дорога федерального значения);8.0;Вне НП;Отсутствие в непосредственной близости объектов УДС и объектов притяжения;Перегон (нет объектов на месте ДТП);Не установлены;Сведения отсутствуют;Ясно;Сухое;Светлое время суток;Режим движения не изменялся;2.0;4.0;0.0;3.0
15.0;26.05.2024;19:05;990.0;51.529118;92.926537;930000984.0;Опрокидывание;Улуг-Хемский район;;Местного значения (дорога местного значения, включая относящиеся к собственности поселений, муниципальных районов, городских округов);;Магистральные улицы общегородского значения;Жилые дома индивидуальной застройки;Перегон (нет объектов на месте ДТП);Отсутствие дорожных знаков в необходимых местах;Участок, оборудованный искусственными неровностями;Ясно;Пыльное;Светлое время суток;Режим движения не изменялся;1.0;3.0;0.0;2.0
16.0;25.05.2024;00:35;60.0;51.705093;94.444045;930000976.0;Столкновение;г.Кызыл;;Местного значения (дорога местного значения, включая относящиеся к собственности поселений, муниципальных районов, городских округов);;Улицы и дороги местного значения в жилой застройке;Крупный торговый объект (являющийся объектом массового тяготения пешеходов и (или) транспорта) | Нерегулируемый пешеходный переход;Нерегулируемый перекрёсток неравнозначных улиц (дорог);Отсутствие, плохая различимость горизонтальной разметки проезжей части;Сведения отсутствуют;Ясно;Сухое;В темное время суток, освещение включено;Режим движения не изменялся;2.0;2.0;0.0;1.0
17.0;24.05.2024;20:31;600.0;51.437611;92.251339;930000973.0;Съезд с дороги;Чаа-Хольский район;ПОДЪЕЗД К с. ЧАА-ХОЛЬ;Региональная или межмуниципальная (дорога регионального или межмуниципального значения);5.0;;Отсутствие в непосредственной близости объектов УДС и объектов притяжения;Перегон (нет объектов на месте ДТП);Не установлены;Сведения отсутствуют;Ясно;Сухое;Светлое время суток;Режим движения не изменялся;1.0;1.0;1.0;0.0
18.0;24.05.2024;16:12;740.0;51.678104;94.302231;930000970.0;Наезд на пешехода;г.Кызыл;;Местного значения (дорога местного значения, включая относящиеся к собственности поселений, муниципальных районов, городских округов);;Улицы и дороги местного значения в жилой застройке;Жилые дома индивидуальной застройки;Нерегулируемый пешеходный переход;Отсутствие, плохая различимость горизонтальной разметки проезжей части | Отсутствие тротуаров (пешеходных дорожек);Сведения отсутствуют;Ясно;Сухое;Светлое время суток;Режим движения не изменялся;1.0;2.0;0.0;1.0
19.0;23.05.2024;03:00;940.0;51.500568;95.54065;930000971.0;Наезд на препятствие;Каа-Хемский район;;Местного значения (дорога местного значения, включая относящиеся к собственности поселений, муниципальных районов, городских округов);;Поселковые дороги;Жилые дома индивидуальной застройки;Нерегулируемый перекрёсток неравнозначных улиц (дорог);Не установлены;Сведения отсутствуют;Ясно;Сухое;В темное время суток, освещение включено;Режим движения не изменялся;1.0;2.0;0.0;1.0
20.0;22.05.2024;21:39;830.0;51.690889;94.61843;930000962.0;Наезд на пешехода;Кызылский район;КЫЗЫЛ - САРЫГ-СЕП;Региональная или межмуниципальная (дорога регионального или межмуниципального значения);6.0;;Жилые дома индивидуальной застройки;Перегон (нет объектов на месте ДТП);Не установлены;Сведения отсутствуют;Пасмурно;Сухое;В темное время суток, освещение отсутствует;Режим движения не изменялся;1.0;2.0;0.0;1.0
21.0;22.05.2024;18:46;740.0;51.699319;94.434635;930000960.0;Наезд на пешехода;г.Кызыл;;Местного значения (дорога местного значения, включая относящиеся к собственности поселений, муниципальных районов, городских округов);;Улицы и дороги местного значения в жилой застройке;Жилые дома индивидуальной застройки;Нерегулируемый пешеходный переход;Не установлены;Сведения отсутствуют;Пасмурно;Мокрое;Светлое время суток;Режим движения не изменялся;1.0;2.0;0.0;1.0
23.0;21.05.2024;14:40;600.0;51.561358;93.403069;930000952.0;Съезд с дороги;Улуг-Хемский район;Р-257 Енисей Красноярск - Абакан - Кызыл - граница с Монголией;Федеральная (дорога федерального значения);5.0;Вне НП;Отсутствие в непосредственной близости объектов УДС и объектов притяжения;Перегон (нет объектов на месте ДТП);Не установлены;Сведения отсутствуют;Ясно;Сухое;Светлое время суток;Режим движения не изменялся;1.0;2.0;0.0;1.0
25.0;19.05.2024;17:00;610.0;51.283541;92.03438;930000939.0;Съезд с дороги;Чаа-Хольский район;Р-257 Енисей Красноярск - Абакан - Кызыл - граница с Монголией;Федеральная (дорога федерального значения);5.0;Вне НП;Отсутствие в непосредственной близости объектов УДС и объектов притяжения;Перегон (нет объектов на месте ДТП);Не установлены;Сведения отсутствуют;Ясно;Сухое;Светлое время суток;Режим движения не изменялся;1.0;3.0;0.0;1.0
26.0;19.05.2024;16:00;610.0;50.998575;95.325315;930000938.0;Опрокидывание;Тандинский район;;Местного значения (дорога местного значения, включая относящиеся к собственности поселений, муниципальных районов, городских округов);;Вне НП;Отсутствие в непосредственной близости объектов УДС и объектов притяжения;Перегон (нет объектов на месте ДТП);Не установлены;Сведения отсутствуют;Ясно;Сухое;Светлое время суток;Режим движения не изменялся;1.0;1.0;0.0;1.0
27.0;16.05.2024;23:41;880.0;51.674047;94.302587;930000921.0;Наезд на пешехода;г.Кызыл;;Местного значения (дорога местного значения, включая относящиеся к собственности поселений, муниципальных районов, городских округов);;Магистральные улицы общегородского значения;Жилые дома индивидуальной застройки;Перегон (нет объектов на месте ДТП);Не установлены;Сведения отсутствуют;Пасмурно;Сухое;В темное время суток, освещение включено;Режим движения не изменялся;1.0;2.0;0.0;1.0
28.0;16.05.2024;17:17;610.0;51.312052;91.482038;930000916.0;Съезд с дороги;Дзун-Хемчикский район;ЧАДАН - СУГ-АКСЫ;Региональная или межмуниципальная (дорога регионального или межмуниципального значения);6.0;Вне НП;Отсутствие в непосредственной близости объектов УДС и объектов притяжения;Перегон (нет объектов на месте ДТП);Не установлены;Сведения отсутствуют;Ясно;Мокрое;Светлое время суток;Режим движения не изменялся;1.0;1.0;1.0;0.0
29.0;15.05.2024;05:32;940.0;51.705978;94.357055;930000904.0;Наезд на препятствие;г.Кызыл;;Местного значения (дорога местного значения, включая относящиеся к собственности поселений, муниципальных районов, городских округов);;Улицы и дороги местного значения научно-производственных промышленных и коммунально-складских районов;Жилые дома индивидуальной застройки;Перегон (нет объектов на месте ДТП);Сужение проезжей части, наличие препятствий, затрудняющих движение транспортных средств;Сведения отсутствуют;Ясно;Сухое;Светлое время суток;Режим движения не изменялся;1.0;1.0;0.0;1.0
30.0;15.05.2024;13:15;70.0;51.181952;90.594163;930000910.0;Столкновение;г.Ак-Довурак;;Местного значения (дорога местного значения, включая относящиеся к собственности поселений, муниципальных районов, городских округов);;Магистральные улицы районного значения;Спортивные и развлекательные объекты;Нерегулируемый пешеходный переход;Не установлены;Сведения отсутствуют;Ясно;Сухое;Светлое время суток;Движение частично перекрыто;2.0;2.0;0.0;1.0
32.0;14.05.2024;16:00;120.0;51.294076;91.604433;930000901.0;Столкновение;Дзун-Хемчикский район;Р-257 Енисей Красноярск - Абакан - Кызыл - граница с Монголией;Федеральная (дорога федерального значения);5.0;Вне НП;Отсутствие в непосредственной близости объектов УДС и объектов притяжения;Перегон (нет объектов на месте ДТП);Не установлены;Сведения отсутствуют;Ясно;Сухое;Светлое время суток;Режим движения не изменялся;2.0;2.0;0.0;1.0
33.0;13.05.2024;17:14;990.0;51.169926;90.58013;930000891.0;Падение пассажира;г.Ак-Довурак;;Местного значения (дорога местного значения, включая относящиеся к собственности поселений, муниципальных районов, городских округов);;Улицы и дороги местного значения в жилой застройке;Остановка общественного транспорта | Нерегулируемый пешеходный переход | Жилые дома индивидуальной застройки;Перегон (нет объектов на месте ДТП);Отсутствие дорожных знаков в необходимых местах;Сведения отсутствуют;Ясно;Сухое;Светлое время суток;Режим движения не изменялся;1.0;2.0;0.0;1.0
35.0;12.05.2024;21:47;300.0;52.155242;93.929565;930000886.0;Столкновение;Пий-Хемский район;;Местного значения (дорога местного значения, включая относящиеся к собственности поселений, муниципальных районов, городских округов);;Улицы и дороги местного значения в жилой застройке;Жилые дома индивидуальной застройки;Нерегулируемый перекрёсток неравнозначных улиц (дорог);Отсутствие, плохая различимость горизонтальной разметки проезжей части | Отсутствие дорожных знаков в необходимых местах | Отсутствие освещения;Сведения отсутствуют;Ясно;Сухое;В темное время суток, освещение отсутствует;Режим движения не изменялся;2.0;3.0;0.0;2.0
37.0;11.05.2024;13:08;140.0;51.777134;94.452553;930000876.0;Столкновение;г.Кызыл;Подъезд к С.КАРА-ХААК;Региональная или межмуниципальная (дорога регионального или межмуниципального значения);5.0;;Жилые дома индивидуальной застройки;Перегон (нет объектов на месте ДТП);Дефекты покрытия;Сведения отсутствуют;Ясно;Сухое;Светлое время суток;Режим движения не изменялся;2.0;3.0;0.0;1.0
38.0;10.05.2024;23:45;610.0;51.711541;94.374447;930000873.0;Опрокидывание;г.Кызыл;;Местного значения (дорога местного значения, включая относящиеся к собственности поселений, муниципальных районов, городских округов);;Улицы и дороги местного значения в жилой застройке;Жилые дома индивидуальной застройки;Перегон (нет объектов на месте ДТП);Не установлены;Участок, оборудованный искусственными неровностями;Пасмурно;Сухое;В темное время суток, освещение отсутствует;Режим движения не изменялся;1.0;2.0;0.0;1.0
40.0;08.05.2024;02:47;990.0;51.401666;92.239967;930000854.0;Падение пассажира;Чаа-Хольский район;Р-257 Енисей Красноярск - Абакан - Кызыл - граница с Монголией;Федеральная (дорога федерального значения);6.0;Вне НП;Отсутствие в непосредственной близости объектов УДС и объектов притяжения;Перегон (нет объектов на месте ДТП);Не установлены;Сведения отсутствуют;Пасмурно;Сухое;В темное время суток, освещение отсутствует;Режим движения не изменялся;2.0;3.0;0.0;1.0
43.0;07.05.2024;07:15;610.0;51.68213;94.38594;930000843.0;Съезд с дороги;г.Кызыл;Кызыл-Эрзин-граница с Монголией;Региональная или межмуниципальная (дорога регионального или межмуниципального значения);5.0;;Административные здания;Перегон (нет объектов на месте ДТП);Не установлены;Сведения отсутствуют;Ясно;Сухое;Светлое время суток;Режим движения не изменялся;1.0;2.0;1.0;1.0
45.0;05.05.2024;21:43;940.0;51.696182;94.560871;930000837.0;Наезд на препятствие;Кызылский район;;Местного значения (дорога местного значения, включая относящиеся к собственности поселений, муниципальных районов, городских округов);;Улицы и дороги местного значения научно-производственных промышленных и коммунально-складских районов;Административные здания | Жилые дома индивидуальной застройки;Регулируемый пешеходный переход | Регулируемый перекресток;Отсутствие, плохая различимость горизонтальной разметки проезжей части;Сведения отсутствуют;Ясно;Сухое;В темное время суток, освещение включено;Режим движения не изменялся;2.0;2.0;0.0;1.0
46.0;04.05.2024;03:12;930.0;51.666417;94.297249;930000833.0;Наезд на препятствие;г.Кызыл;;Местного значения (дорога местного значения, включая относящиеся к собственности поселений, муниципальных районов, городских округов);;Улицы и дороги местного значения в жилой застройке;Жилые дома индивидуальной застройки;Перегон (нет объектов на месте ДТП);Не установлены;Сведения отсутствуют;Пасмурно;Сухое;В темное время суток, освещение включено;Режим движения не изменялся;1.0;2.0;0.0;1.0
49.0;03.05.2024;18:44;730.0;51.702852;94.418038;930000826.0;Наезд на пешехода;г.Кызыл;;Местного значения (дорога местного значения, включая относящиеся к собственности поселений, муниципальных районов, городских округов);;Магистральные улицы общегородского значения;Крупный торговый объект (являющийся объектом массового тяготения пешеходов и (или) транспорта) | Административные здания | Многоквартирные жилые дома;Регулируемый пешеходный переход | Регулируемый перекресток;Отсутствие, плохая различимость горизонтальной разметки проезжей части;Участок, контролируемый стационарными камерами автоматической фотовидеофиксации нарушений ПДД, обозначенный соответствующим предупреждающим знаком;Ясно;Сухое;Светлое время суток;Режим движения не изменялся;1.0;2.0;0.0;1.0
50.0;03.05.2024;18:40;190.0;51.512769;92.346311;930000825.0;Опрокидывание;Чаа-Хольский район;;Местного значения (дорога местного значения, включая относящиеся к собственности поселений, муниципальных районов, городских округов);;Поселковые дороги;Жилые дома индивидуальной застройки;Перегон (нет объектов на месте ДТП);Отсутствие освещения;Сведения отсутствуют;Пасмурно;Сухое;Светлое время суток;Режим движения не изменялся;1.0;1.0;0.0;1.0
1.0;30.06.2024;22:55;820.0;51.713011;94.411054;930001270.0;Наезд на пешехода;г.Кызыл;;Местного значения (дорога местного значения, включая относящиеся к собственности поселений, муниципальных районов, городских округов);;Улицы и дороги местного значения в жилой застройке;Производственное предприятие | Многоквартирные жилые дома;Нерегулируемый перекрёсток неравнозначных улиц (дорог);Неисправное освещение;Сведения отсутствуют;Ясно;Сухое;В темное время суток, освещение не включено;Режим движения не изменялся;1.0;2.0;0.0;1.0
2.0;29.06.2024;12:20;210.0;51.051431;94.677665;930001256.0;Столкновение;Тандинский район;Бай-Хаак - Балгазын;Региональная или межмуниципальная (дорога регионального или межмуниципального значения);5.0;Вне НП;Отсутствие в непосредственной близости объектов УДС и объектов притяжения;Перегон (нет объектов на месте ДТП);Не установлены;Сведения отсутствуют;Ясно | Температура выше +30С;Сухое;Светлое время суток;Режим движения не изменялся;2.0;8.0;0.0;7.0
4.0;25.06.2024;16:38;200.0;51.5535;93.527083;930001226.0;Столкновение;Кызылский район;Р-257 Енисей Красноярск - Абакан - Кызыл - граница с Монголией;Федеральная (дорога федерального значения);5.0;Вне НП;Отсутствие в непосредственной близости объектов УДС и объектов притяжения;Перегон (нет объектов на месте ДТП);Не установлены;Сведения отсутствуют;Ясно | Температура выше +30С;Сухое;Светлое время суток;Режим движения не изменялся;2.0;11.0;0.0;9.0
5.0;25.06.2024;16:10;930.0;50.908416;90.043905;930001229.0;Наезд на препятствие;Бай-Тайгинский район;;Местного значения (дорога местного значения, включая относящиеся к собственности поселений, муниципальных районов, городских округов);;Хозяйственные проезды, скотопрогоны;Мост;Мост, эстакада, путепровод;Не установлены;Сведения отсутствуют;Ясно | Температура выше +30С;Сухое;Светлое время суток;Режим движения не изменялся;1.0;1.0;0.0;1.0
6.0;24.06.2024;16:35;300.0;51.702426;94.458497;930001223.0;Столкновение;г.Кызыл;;Местного значения (дорога местного значения, включая относящиеся к собственности поселений, муниципальных районов, городских округов);;Улицы и дороги местного значения научно-производственных промышленных и коммунально-складских районов;Жилые дома индивидуальной застройки;Регулируемый пешеходный переход | Регулируемый перекресток;Не установлены;Сведения отсутствуют;Ясно;Сухое;Светлое время суток;Режим движения не изменялся;2.0;2.0;0.0;1.0
7.0;24.06.2024;14:03;800.0;51.719664;94.428456;930001221.0;Наезд на пешехода;г.Кызыл;;Местного значения (дорога местного значения, включая относящиеся к собственности поселений, муниципальных районов, городских округов);;Улицы и дороги местного значения в жилой застройке;Многоквартирные жилые дома;Автостоянка (не отделённая от проезжей части);Не установлены;Сведения отсутствуют;Ясно;Сухое;Светлое время суток;Режим движения не изменялся;1.0;2.0;0.0;1.0
9.0;21.06.2024;16:25;190.0;51.523621;92.931306;930001199.0;Наезд на велосипедиста;Улуг-Хемский район;Р-257 Енисей Красноярск - Абакан - Кызыл - граница с Монголией;Федеральная (дорога федерального значения);5.0;;Отсутствие в непосредственной близости объектов УДС и объектов притяжения;Перегон (нет объектов на месте ДТП);Не установлены;Сведения отсутствуют;Ясно;Сухое;Светлое время суток;Режим движения не изменялся;2.0;6.0;1.0;0.0
11.0;20.06.2024;13:30;730.0;51.709002;94.433337;930001188.0;Наезд на пешехода;г.Кызыл;;Местного значения (дорога местного значения, включая относящиеся к собственности поселений, муниципальных районов, городских округов);;Улицы и дороги местного значения научно-производственных промышленных и коммунально-складских районов;Медицинские (лечебные) организации | Многоквартирные жилые дома;Регулируемый пешеходный переход | Регулируемый перекресток;Не установлены;Сведения отсутствуют;Ясно;Сухое;Светлое время суток;Движение частично перекрыто;1.0;2.0;0.0;1.0
13.0;20.06.2024;08:07;40.0;51.66489;94.321929;930001186.0;Столкновение;г.Кызыл;Р-257 Енисей Красноярск - Абакан - Кызыл - граница с Монголией;Федеральная (дорога федерального значения);5.0;;Отсутствие в непосредственной близости объектов УДС и объектов притяжения;Нерегулируемый перекрёсток неравнозначных улиц (дорог);Не установлены;Сведения отсутствуют;Ясно;Сухое;Светлое время суток;Движение частично перекрыто;2.0;3.0;0.0;3.0
14.0;20.06.2024;18:35;950.0;50.9977;90.185802;930001190.0;Опрокидывание;Бай-Тайгинский район;ТЭЭЛИ - БАЙ-ТАЛ;Региональная или межмуниципальная (дорога регионального или межмуниципального значения);5.0;Вне НП;Отсутствие в непосредственной близости объектов УДС и объектов притяжения;Перегон (нет объектов на месте ДТП);Не установлены;Сведения отсутствуют;Ясно;Сухое;Светлое время суток;Режим движения не изменялся;1.0;2.0;0.0;2.0
15.0;19.06.2024;15:10;300.0;51.69716;94.373898;930001183.0;Столкновение;г.Кызыл;;Местного значения (дорога местного значения, включая относящиеся к собственности поселений, муниципальных районов, городских округов);;Улицы и дороги местного значения в жилой застройке;Жилые дома индивидуальной застройки;Перегон (нет объектов на месте ДТП);Не установлены;Сведения отсутствуют;Пасмурно;Сухое;Светлое время суток;Режим движения не изменялся;2.0;3.0;0.0;2.0
17.0;18.06.2024;13:40;610.0;50.716026;92.078304;930001174.0;Съезд с дороги;Овюрский район;Р-257 Енисей Красноярск - Абакан - Кызыл - граница с Монголией;Федеральная (дорога федерального значения);5.0;Вне НП;Отсутствие в непосредственной близости объектов УДС и объектов притяжения;Перегон (нет объектов на месте ДТП);Не установлены;Сведения отсутствуют;Ясно;Сухое;Светлое время суток;Режим движения не изменялся;1.0;4.0;0.0;2.0
18.0;17.06.2024;22:50;600.0;51.707898;94.491155;930001166.0;Опрокидывание;г.Кызыл;;Местного значения (дорога местного значения, включая относящиеся к собственности поселений, муниципальных районов, городских округов);;Улицы и дороги местного значения в жилой застройке;Отсутствие в непосредственной близости объектов УДС и объектов притяжения;Перегон (нет объектов на месте ДТП) | Нерегулируемый перекрёсток неравнозначных улиц (дорог);Не установлены;Сведения отсутствуют;Пасмурно;Сухое;В темное время суток, освещение включено;Режим движения не изменялся;1.0;1.0;0.0;1.0
19.0;16.06.2024;18:00;610.0;52.172993;93.870226;930001164.0;Опрокидывание;Пий-Хемский район;;Местного значения (дорога местного значения, включая относящиеся к собственности поселений, муниципальных районов, городских округов);;Вне НП;Отсутствие в непосредственной близости объектов УДС и объектов притяжения;Перегон (нет объектов на месте ДТП);Не установлены;Сведения отсутствуют;Ясно;Сухое;Светлое время суток;Режим движения не изменялся;1.0;1.0;0.0;1.0
20.0;14.06.2024;00:15;600.0;52.457239;96.128075;930001130.0;Съезд с дороги;Тоджинский район;Тоора-Хем - Адыр-Кежиг;Региональная или межмуниципальная (дорога регионального или межмуниципального значения);5.0;Вне НП;Отсутствие в непосредственной близости объектов УДС и объектов притяжения;Перегон (нет объектов на месте ДТП);Не установлены;Сведения отсутствуют;Ясно;Сухое;В темное время суток, освещение отсутствует;Режим движения не изменялся;1.0;3.0;0.0;1.0
22.0;14.06.2024;23:28;200.0;51.807805;94.326747;930001140.0;Столкновение;Пий-Хемский район;Р-257 Енисей Красноярск - Абакан - Кызыл - граница с Монголией;Федеральная (дорога федерального значения);5.0;;Отсутствие в непосредственной близости объектов УДС и объектов притяжения;Перегон (нет объектов на месте ДТП);Не установлены;Сведения отсутствуют;Ясно;Сухое;В темное время суток, освещение отсутствует;Режим движения не изменялся;2.0;4.0;0.0;2.0
23.0;13.06.2024;00:43;610.0;51.255563;90.5239;930001125.0;Съезд с дороги;Барун-Хемчикский район;АБАКАН-АК-ДОВУРАК;Региональная или межмуниципальная (дорога регионального или межмуниципального значения);5.0;Вне НП;Нерегулируемый перекрёсток;Перегон (нет объектов на месте ДТП);Не установлены;Сведения отсутствуют;Пасмурно;Мокрое;В темное время суток, освещение отсутствует;Режим движения не изменялся;1.0;1.0;0.0;1.0
24.0;13.06.2024;10:40;610.0;51.220096;90.880022;930001132.0;Съезд с дороги;Барун-Хемчикский район;А162-Г.КЫЗЫЛ - Г.АК-ДОВУРАК;Региональная или межмуниципальная (дорога регионального или межмуниципального значения);6.0;Вне НП;Отсутствие в непосредственной близости объектов УДС и объектов притяжения;Перегон (нет объектов на месте ДТП);Не установлены;Сведения отсутствуют;Ясно;Сухое;Светлое время суток;Режим движения не изменялся;1.0;2.0;0.0;2.0
25.0;12.06.2024;08:50;940.0;51.135667;93.704645;930001121.0;Наезд на препятствие;Чеди-Хольский район;;Местного значения (дорога местного значения, включая относящиеся к собственности поселений, муниципальных районов, городских округов);;Поселковые дороги;Отсутствие в непосредственной близости объектов УДС и объектов притяжения;Перегон (нет объектов на месте ДТП);Не установлены;Сведения отсутствуют;Ясно;Сухое;Светлое время суток;Режим движения не изменялся;1.0;2.0;0.0;1.0
26.0;11.06.2024;23:38;500.0;51.716354;94.456447;930001119.0;Столкновение;г.Кызыл;;Местного значения (дорога местного значения, включая относящиеся к собственности поселений, муниципальных районов, городских округов);;Улицы и дороги местного значения в жилой застройке;Школа либо иная детская (в т.ч. дошкольная) организация | Жилые дома индивидуальной застройки;Регулируемый пешеходный переход | Регулируемый перекресток;Не установлены;Сведения отсутствуют;Ясно;Сухое;В темное время суток, освещение включено;Режим движения не изменялся;2.0;3.0;0.0;1.0
30.0;10.06.2024;10:37;200.0;51.717896;94.382654;930001102.0;Столкновение;г.Кызыл;;Местного значения (дорога местного значения, включая относящиеся к собственности поселений, муниципальных районов, городских округов);;Улицы и дороги местного значения в жилой застройке;Жилые дома индивидуальной застройки;Нерегулируемый перекрёсток неравнозначных улиц (дорог) | АЗС;Не установлены;Сведения отсутствуют;Пасмурно;Сухое;Светлое время суток;Режим движения не изменялся;2.0;3.0;0.0;1.0
32.0;09.06.2024;06:50;940.0;51.711807;94.41453;930001089.0;Наезд на препятствие;г.Кызыл;;Местного значения (дорога местного значения, включая относящиеся к собственности поселений, муниципальных районов, городских округов);;Улицы и дороги местного значения научно-производственных промышленных и коммунально-складских районов;Жилые дома индивидуальной застройки;Перегон (нет объектов на месте ДТП);Не установлены;Сведения отсутствуют;Пасмурно;Сухое;Сумерки;Режим движения не изменялся;1.0;2.0;0.0;2.0
33.0;09.06.2024;02:20;610.0;51.515673;92.911656;930001088.0;Съезд с дороги;Улуг-Хемский район;Р-257 Енисей Красноярск - Абакан - Кызыл - граница с Монголией;Федеральная (дорога федерального значения);5.0;Вне НП;Отсутствие в непосредственной близости объектов УДС и объектов притяжения;Перегон (нет объектов на месте ДТП);Не установлены;Сведения отсутствуют;Ясно;Сухое;В темное время суток, освещение не включено;Режим движения не изменялся;1.0;1.0;1.0;0.0
34.0;09.06.2024;14:00;500.0;51.713815;94.483881;930001093.0;Столкновение;г.Кызыл;;Местного значения (дорога местного значения, включая относящиеся к собственности поселений, муниципальных районов, городских округов);;Улицы и дороги местного значения в жилой застройке;Жилые дома индивидуальной застройки;Нерегулируемый перекрёсток неравнозначных улиц (дорог);Не установлены;Сведения отсутствуют;Пасмурно;Мокрое;Светлое время суток;Режим движения не изменялся;2.0;4.0;0.0;2.0
35.0;08.06.2024;11:00;390.0;51.958184;93.626497;930001087.0;Опрокидывание;Пий-Хемский район;;Местного значения (дорога местного значения, включая относящиеся к собственности поселений, муниципальных районов, городских округов);;Поселковые дороги;Крупный торговый объект (являющийся объектом массового тяготения пешеходов и (или) транспорта);Перегон (нет объектов на месте ДТП);Не установлены;Сведения отсутствуют;Пасмурно;Мокрое;Светлое время суток;Режим движения не изменялся;1.0;2.0;0.0;1.0
36.0;07.06.2024;23:08;200.0;51.774511;94.452252;930001078.0;Столкновение;г.Кызыл;Подъезд к С.КАРА-ХААК;Региональная или межмуниципальная (дорога регионального или межмуниципального значения);5.0;;Жилые дома индивидуальной застройки;Перегон (нет объектов на месте ДТП);Не установлены;Сведения отсутствуют;Ясно;Сухое;В темное время суток, освещение отсутствует;Режим движения не изменялся;2.0;2.0;0.0;1.0
37.0;07.06.2024;07:20;600.0;51.486675;94.604559;930001071.0;Съезд с дороги;Кызылский район;Кызыл-Эрзин-граница с Монголией;Региональная или межмуниципальная (дорога регионального или межмуниципального значения);5.0;Вне НП;Отсутствие в непосредственной близости объектов УДС и объектов притяжения;Перегон (нет объектов на месте ДТП);Не установлены;Сведения отсутствуют;Дождь;Мокрое;Светлое время суток;Режим движения не изменялся;1.0;1.0;0.0;1.0
38.0;07.06.2024;23:04;70.0;51.749882;94.368521;930001077.0;Столкновение;Пий-Хемский район;ПОДЪЕЗД К Г.КЫЗЫЛУ (9КМ);Региональная или межмуниципальная (дорога регионального или межмуниципального значения);5.0;Вне НП;Отсутствие в непосредственной близости объектов УДС и объектов притяжения;Перегон (нет объектов на месте ДТП);Не установлены;Сведения отсутствуют;Ясно;Сухое;В темное время суток, освещение отсутствует;Режим движения не изменялся;2.0;2.0;0.0;2.0
39.0;05.06.2024;04:58;600.0;51.682361;94.352249;930001063.0;Съезд с дороги;г.Кызыл;;Местного значения (дорога местного значения, включая относящиеся к собственности поселений, муниципальных районов, городских округов);;Магистральные улицы общегородского значения;Административные здания;Перегон (нет объектов на месте ДТП);Не установлены;Сведения отсутствуют;Пасмурно;Мокрое;Светлое время суток;Режим движения не изменялся;1.0;2.0;1.0;1.0
41.0;04.06.2024;04:10;610.0;51.664956;94.431052;930001050.0;Съезд с дороги;г.Кызыл;Кызыл-Эрзин-граница с Монголией;Региональная или межмуниципальная (дорога регионального или межмуниципального значения);6.0;;Отсутствие в непосредственной близости объектов УДС и объектов притяжения;Перегон (нет объектов на месте ДТП);Не установлены;Сведения отсутствуют;Ясно;Сухое;Светлое время суток;Режим движения не изменялся;1.0;1.0;0.0;1.0
42.0;04.06.2024;15:19;610.0;51.703052;94.533599;930001055.0;Опрокидывание;г.Кызыл;;Местного значения (дорога местного значения, включая относящиеся к собственности поселений, муниципальных районов, городских округов);;Улицы и дороги местного значения в жилой застройке;Жилые дома индивидуальной застройки;Остановка общественного транспорта;Не установлены;Сведения отсутствуют;Ясно;Сухое;Светлое время суток;Режим движения не изменялся;1.0;1.0;0.0;1.0
43.0;04.06.2024;21:54;900.0;51.464495;92.801921;930001060.0;Наезд на животное;Улуг-Хемский район;Р-257 Енисей Красноярск - Абакан - Кызыл - граница с Монголией;Федеральная (дорога федерального значения);5.0;Вне НП;Отсутствие в непосредственной близости объектов УДС и объектов притяжения;Перегон (нет объектов на месте ДТП);Не установлены;Сведения отсутствуют;Ясно;Сухое;В темное время суток, освещение отсутствует;Режим движения не изменялся;1.0;2.0;0.0;1.0
45.0;03.06.2024;15:27;820.0;51.711807;94.43117;930001044.0;Наезд на пешехода;г.Кызыл;;Местного значения (дорога местного значения, включая относящиеся к собственности поселений, муниципальных районов, городских округов);;Улицы и дороги местного значения в жилой застройке;Жилые дома индивидуальной застройки;Перегон (нет объектов на месте ДТП);Не установлены;Сведения отсутствуют;Пасмурно;Сухое;Светлое время суток;Режим движения не изменялся;1.0;2.0;0.0;1.0
46.0;03.06.2024;15:50;940.0;52.567893;96.031955;930001043.0;Наезд на велосипедиста;Тоджинский район;;Местного значения (дорога местного значения, включая относящиеся к собственности поселений, муниципальных районов, городских округов);;Поселковые дороги;Иной объект;Перегон (нет объектов на месте ДТП);Не установлены;Сведения отсутствуют;Ясно;Сухое;Светлое время суток;Режим движения не изменялся;2.0;2.0;0.0;1.0
47.0;02.06.2024;17:55;610.0;50.97421;90.159913;930001038.0;Опрокидывание;Бай-Тайгинский район;ТЭЭЛИ - БАЙ-ТАЛ;Региональная или межмуниципальная (дорога регионального или межмуниципального значения);5.0;Вне НП;Отсутствие в непосредственной близости объектов УДС и объектов притяжения;Перегон (нет объектов на месте ДТП);Не установлены;Сведения отсутствуют;Ясно;Сухое;Светлое время суток;Режим движения не изменялся;1.0;2.0;0.0;1.0
48.0;02.06.2024;21:15;990.0;51.016333;90.199138;930001041.0;Падение пассажира;Бай-Тайгинский район;;Местного значения (дорога местного значения, включая относящиеся к собственности поселений, муниципальных районов, городских округов);;Иные места;Жилые дома индивидуальной застройки;Перегон (нет объектов на месте ДТП);Не установлены;Сведения отсутствуют;Ясно;Сухое;В темное время суток, освещение отсутствует;Режим движения не изменялся;1.0;2.0;0.0;1.0
49.0;02.06.2024;04:49;600.0;51.402766;92.251382;930001034.0;Съезд с дороги;Чаа-Хольский район;Р-257 Енисей Красноярск - Абакан - Кызыл - граница с Монголией;Федеральная (дорога федерального значения);6.0;Вне НП;Отсутствие в непосредственной близости объектов УДС и объектов притяжения;Перегон (нет объектов на месте ДТП);Не установлены;Сведения отсутствуют;Ясно;Сухое;Светлое время суток;Режим движения не изменялся;1.0;3.0;1.0;1.0
1.0;31.07.2024;11:22;500.0;51.699906;94.390325;930001497.0;Столкновение;г.Кызыл;;Местного значения (дорога местного значения, включая относящиеся к собственности поселений, муниципальных районов, городских округов);;Магистральные улицы общегородского значения;Административные здания;Перегон (нет объектов на месте ДТП);Не установлены;Сведения отсутствуют;Ясно;Сухое;Светлое время суток;Режим движения не изменялся;2.0;2.0;0.0;1.0
2.0;31.07.2024;12:30;940.0;50.650556;95.331667;930001498.0;Наезд на препятствие;Тес-Хемский район;;Местного значения (дорога местного значения, включая относящиеся к собственности поселений, муниципальных районов, городских округов);;Вне НП;Отсутствие в непосредственной близости объектов УДС и объектов притяжения;Перегон (нет объектов на месте ДТП);Не установлены;Сведения отсутствуют;Ясно | Температура выше +30С;Сухое;Светлое время суток;Режим движения не изменялся;1.0;2.0;1.0;0.0
3.0;31.07.2024;20:40;210.0;51.749989;94.43603;930001502.0;Столкновение;г.Кызыл;Подъезд к С.КАРА-ХААК;Региональная или межмуниципальная (дорога регионального или межмуниципального значения);5.0;;Отсутствие в непосредственной близости объектов УДС и объектов притяжения;Перегон (нет объектов на месте ДТП);Не установлены;Сведения отсутствуют;Пасмурно;Сухое;В темное время суток, освещение отсутствует;Движение частично перекрыто;3.0;6.0;0.0;4.0
4.0;30.07.2024;13:35;500.0;51.71672;94.466114;930001488.0;Столкновение;г.Кызыл;;Местного значения (дорога местного значения, включая относящиеся к собственности поселений, муниципальных районов, городских округов);;Улицы и дороги местного значения в жилой застройке;Жилые дома индивидуальной застройки;Регулируемый пешеходный переход | Регулируемый перекресток;Не установлены;Сведения отсутствуют;Ясно;Сухое;Светлое время суток;Движение частично перекрыто;2.0;2.0;0.0;1.0
5.0;30.07.2024;22:45;830.0;52.146079;93.912118;930001493.0;Наезд на пешехода;Пий-Хемский район;;Местного значения (дорога местного значения, включая относящиеся к собственности поселений, муниципальных районов, городских округов);;Улицы и дороги местного значения в жилой застройке;Отсутствие в непосредственной близости объектов УДС и объектов притяжения;Перегон (нет объектов на месте ДТП);Не установлены;Сведения отсутствуют;Ясно;Сухое;В темное время суток, освещение не включено;Режим движения не изменялся;1.0;2.0;0.0;1.0
6.0;30.07.2024;20:40;500.0;51.700964;94.551033;930001491.0;Столкновение;Кызылский район;;Местного значения (дорога местного значения, включая относящиеся к собственности поселений, муниципальных районов, городских округов);;Поселковые дороги;Жилые дома индивидуальной застройки;Нерегулируемый перекрёсток неравнозначных улиц (дорог);Не установлены;Сведения отсутствуют;Ясно;Сухое;В темное время суток, освещение включено;Движение частично перекрыто;2.0;3.0;0.0;1.0
8.0;29.07.2024;11:13;820.0;51.698656;94.474847;930001478.0;Наезд на пешехода;г.Кызыл;;Местного значения (дорога местного значения, включая относящиеся к собственности поселений, муниципальных районов, городских округов);;Улицы и дороги местного значения в жилой застройке;Жилые дома индивидуальной застройки;Нерегулируемый перекрёсток неравнозначных улиц (дорог);Не установлены;Сведения отсутствуют;Ясно;Сухое;Светлое время суток;Режим движения не изменялся;1.0;2.0;0.0;1.0
10.0;29.07.2024;05:13;600.0;51.311355;94.123886;930001511.0;Наезд на внезапно возникшее препятствие;Тандинский район;Бай-Хаак - Чал-Кежиг;Региональная или межмуниципальная (дорога регионального или межмуниципального значения);5.0;Вне НП;Отсутствие в непосредственной близости объектов УДС и объектов притяжения;Перегон (нет объектов на месте ДТП);Не установлены;Сведения отсутствуют;Ясно;Сухое;В темное время суток, освещение отсутствует;Режим движения не изменялся;1.0;2.0;0.0;2.0
11.0;28.07.2024;03:00;200.0;51.077322;91.007974;930001470.0;Столкновение;Дзун-Хемчикский район;ЧЫРАА-БАЖЫ - ЧЫРГАКЫ;Региональная или межмуниципальная (дорога регионального или межмуниципального значения);5.0;Вне НП;Мост;Перегон (нет объектов на месте ДТП);Не установлены;Сведения отсутствуют;Пасмурно;Сухое;В темное время суток, освещение отсутствует;Режим движения не изменялся;2.0;3.0;0.0;1.0
12.0;28.07.2024;00:01;890.0;51.703277;94.505107;930001480.0;Наезд на пешехода;г.Кызыл;;Местного значения (дорога местного значения, включая относящиеся к собственности поселений, муниципальных районов, городских округов);;Магистральные улицы общегородского значения;Жилые дома индивидуальной застройки;Перегон (нет объектов на месте ДТП);Не установлены;Сведения отсутствуют;Ясно | Температура выше +30С;Сухое;В темное время суток, освещение включено;Режим движения не изменялся;1.0;2.0;0.0;1.0
17.0;25.07.2024;00:15;610.0;51.216866;94.627778;930001443.0;Наезд на животное;Тандинский район;Подъезд к с.Бай-Хаак;Региональная или межмуниципальная (дорога регионального или межмуниципального значения);5.0;Вне НП;Отсутствие в непосредственной близости объектов УДС и объектов притяжения;Перегон (нет объектов на месте ДТП);Не установлены;Сведения отсутствуют;Ясно;Сухое;В темное время суток, освещение отсутствует;Движение частично перекрыто;1.0;1.0;0.0;1.0
18.0;24.07.2024;01:07;880.0;51.709075;94.450922;930001436.0;Наезд на пешехода;г.Кызыл;;Местного значения (дорога местного значения, включая относящиеся к собственности поселений, муниципальных районов, городских округов);;Иные места;Жилые дома индивидуальной застройки;Внутридворовая территория;Не установлены;Сведения отсутствуют;Пасмурно;Сухое;В темное время суток, освещение включено;Режим движения не изменялся;1.0;2.0;0.0;1.0
20.0;23.07.2024;17:45;610.0;51.201654;90.66993;930001431.0;Съезд с дороги;Барун-Хемчикский район;ПОДЪЕЗД К С.ДОН-ТЕРЕЗИН;Региональная или межмуниципальная (дорога регионального или межмуниципального значения);6.0;Вне НП;Отсутствие в непосредственной близости объектов УДС и объектов притяжения;Перегон (нет объектов на месте ДТП);Не установлены;Сведения отсутствуют;Ясно;Сухое;Светлое время суток;Режим движения не изменялся;1.0;3.0;0.0;3.0
22.0;22.07.2024;12:42;70.0;51.786141;94.469451;930001425.0;Столкновение;г.Кызыл;;Местного значения (дорога местного значения, включая относящиеся к собственности поселений, муниципальных районов, городских округов);;Улицы и дороги местного значения в жилой застройке;Нерегулируемый пешеходный переход | Жилые дома индивидуальной застройки;Перегон (нет объектов на месте ДТП);Не установлены;Сведения отсутствуют;Ясно;Сухое;Светлое время суток;Режим движения не изменялся;3.0;3.0;0.0;1.0
25.0;21.07.2024;02:14;610.0;51.484349;94.604559;930001407.0;Съезд с дороги;Кызылский район;Подъезд к оз. Дус-Холь;Региональная или межмуниципальная (дорога регионального или межмуниципального значения);5.0;Вне НП;Отсутствие в непосредственной близости объектов УДС и объектов притяжения;Перегон (нет объектов на месте ДТП);Не установлены;Сведения отсутствуют;Пасмурно;Сухое;В темное время суток, освещение отсутствует;Режим движения не изменялся;1.0;5.0;0.0;2.0
27.0;21.07.2024;02:56;600.0;51.347663;94.723949;930001408.0;Съезд с дороги;Кызылский район;Подъезд к с.Бай-Хаак;Региональная или межмуниципальная (дорога регионального или межмуниципального значения);5.0;Вне НП;Отсутствие в непосредственной близости объектов УДС и объектов притяжения;Перегон (нет объектов на месте ДТП);Не установлены;Сведения отсутствуют;Пасмурно;Сухое;В темное время суток, освещение отсутствует;Режим движения не изменялся;1.0;3.0;0.0;2.0
28.0;21.07.2024;22:41;210.0;51.172549;90.591352;930001419.0;Столкновение;г.Ак-Довурак;;Местного значения (дорога местного значения, включая относящиеся к собственности поселений, муниципальных районов, городских округов);;Улицы и дороги местного значения в жилой застройке;Остановка общественного транспорта | Нерегулируемый перекрёсток;Нерегулируемый перекрёсток неравнозначных улиц (дорог);Не установлены;Сведения отсутствуют;Дождь;Мокрое;В темное время суток, освещение отсутствует;Движение частично перекрыто;3.0;12.0;0.0;1.0
29.0;21.07.2024;21:45;500.0;51.716294;94.452446;930001415.0;Столкновение;г.Кызыл;;Местного значения (дорога местного значения, включая относящиеся к собственности поселений, муниципальных районов, городских округов);;Улицы и дороги местного значения в жилой застройке;Жилые дома индивидуальной застройки;Нерегулируемый перекрёсток неравнозначных улиц (дорог);Не установлены;Сведения отсутствуют;Пасмурно;Сухое;В темное время суток, освещение включено;Режим движения не изменялся;2.0;3.0;0.0;2.0
30.0;20.07.2024;19:22;600.0;51.104761;94.60516;930001403.0;Съезд с дороги;Тандинский район;Бай-Хаак - Балгазын;Региональная или межмуниципальная (дорога регионального или межмуниципального значения);5.0;Вне НП;Отсутствие в непосредственной близости объектов УДС и объектов притяжения;Перегон (нет объектов на месте ДТП);Не установлены;Сведения отсутствуют;Ясно;Сухое;Светлое время суток;Режим движения не изменялся;2.0;2.0;0.0;1.0
31.0;20.07.2024;10:30;600.0;50.598875;91.492338;930001406.0;Съезд с дороги;Овюрский район;ХАНДАГАЙТЫ - МУГУР-АКСЫ;Региональная или межмуниципальная (дорога регионального или межмуниципального значения);5.0;Вне НП;Отсутствие в непосредственной близости объектов УДС и объектов притяжения;Перегон (нет объектов на месте ДТП);Не установлены;Сведения отсутствуют;Ясно;Сухое;Светлое время суток;Режим движения не изменялся;1.0;1.0;0.0;1.0
32.0;20.07.2024;14:03;70.0;51.672176;94.433069;930001397.0;Столкновение;г.Кызыл;Кызыл-Эрзин-граница с Монголией;Региональная или межмуниципальная (дорога регионального или межмуниципального значения);5.0;;Отсутствие в непосредственной близости объектов УДС и объектов притяжения;Перегон (нет объектов на месте ДТП);Не установлены;Сведения отсутствуют;Ясно;Сухое;Светлое время суток;Режим движения не изменялся;2.0;5.0;0.0;1.0
33.0;19.07.2024;14:05;500.0;51.707753;94.466265;930001385.0;Столкновение;г.Кызыл;;Местного значения (дорога местного значения, включая относящиеся к собственности поселений, муниципальных районов, городских округов);;Улицы и дороги местного значения в жилой застройке;Жилые дома индивидуальной застройки;Нерегулируемый перекрёсток неравнозначных улиц (дорог);Не установлены;Сведения отсутствуют;Ясно;Сухое;Светлое время суток;Режим движения не изменялся;2.0;3.0;0.0;1.0
34.0;19.07.2024;23:30;610.0;50.28574;95.135121;930001396.0;Съезд с дороги;Эрзинский район;Кызыл-Эрзин-граница с Монголией;Региональная или межмуниципальная (дорога регионального или межмуниципального значения);5.0;Вне НП;Отсутствие в непосредственной близости объектов УДС и объектов притяжения;Перегон (нет объектов на месте ДТП);Не установлены;Сведения отсутствуют;Ясно;Сухое;В темное время суток, освещение отсутствует;Режим движения не изменялся;1.0;1.0;0.0;1.0
35.0;18.07.2024;16:42;600.0;52.229232;93.941066;930001380.0;Съезд с дороги;Пий-Хемский район;Подъезд к мараловодческому Хозяйству Туран;Региональная или межмуниципальная (дорога регионального или межмуниципального значения);5.0;Вне НП;Отсутствие в непосредственной близости объектов УДС и объектов притяжения;Перегон (нет объектов на месте ДТП) | Нерегулируемый перекрёсток неравнозначных улиц (дорог);Не установлены;Сведения отсутствуют;Ясно;Сухое;Светлое время суток;Режим движения не изменялся;1.0;4.0;0.0;1.0
36.0;17.07.2024;23:05;70.0;51.01555;90.199556;930001374.0;Наезд на велосипедиста;Бай-Тайгинский район;;Местного значения (дорога местного значения, включая относящиеся к собственности поселений, муниципальных районов, городских округов);;Поселковые дороги;Жилые дома индивидуальной застройки;Перегон (нет объектов на месте ДТП);Не установлены;Сведения отсутствуют;Пасмурно;Мокрое;В темное время суток, освещение не включено;Режим движения не изменялся;2.0;2.0;0.0;1.0
37.0;16.07.2024;22:37;300.0;51.718734;94.434485;930001368.0;Столкновение;г.Кызыл;;Местного значения (дорога местного значения, включая относящиеся к собственности поселений, муниципальных районов, городских округов);;Улицы и дороги местного значения в жилой застройке;Многоквартирные жилые дома;Регулируемый перекресток;Не установлены;Сведения отсутствуют;Пасмурно;Сухое;В темное время суток, освещение включено;Режим движения не изменялся;2.0;5.0;0.0;1.0
39.0;15.07.2024;21:56;860.0;51.644588;94.279561;930001360.0;Наезд на велосипедиста;Кызылский район;Р-257 Енисей Красноярск - Абакан - Кызыл - граница с Монголией;Федеральная (дорога федерального значения);5.0;;Отсутствие в непосредственной близости объектов УДС и объектов притяжения;Перегон (нет объектов на месте ДТП);Не установлены;Сведения отсутствуют;Ясно;Сухое;В темное время суток, освещение не включено;Режим движения не изменялся;2.0;2.0;0.0;1.0
40.0;14.07.2024;23:30;940.0;51.70964;94.515575;930001351.0;Наезд на препятствие;г.Кызыл;;Местного значения (дорога местного значения, включая относящиеся к собственности поселений, муниципальных районов, городских округов);;Улицы и дороги местного значения в жилой застройке;Жилые дома индивидуальной застройки;Перегон (нет объектов на месте ДТП);Не установлены;Сведения отсутствуют;Ясно;Сухое;В темное время суток, освещение не включено;Режим движения не изменялся;1.0;5.0;0.0;3.0
41.0;13.07.2024;05:35;590.0;52.294846;93.92817;930001345.0;Опрокидывание;Пий-Хемский район;Подъезд к мараловодческому Хозяйству Туран;Региональная или межмуниципальная (дорога регионального или межмуниципального значения);5.0;Вне НП;Зоны отдыха;Перегон (нет объектов на месте ДТП);Не установлены;Сведения отсутствуют;Ясно;Сухое;Светлое время суток;Движение частично перекрыто;1.0;3.0;1.0;2.0
44.0;11.07.2024;17:03;740.0;51.716349;94.438317;930001336.0;Наезд на пешехода;г.Кызыл;;Местного значения (дорога местного значения, включая относящиеся к собственности поселений, муниципальных районов, городских округов);;Улицы и дороги местного значения в жилой застройке;Многоквартирные жилые дома;Регулируемый пешеходный переход | Регулируемый перекресток;Не установлены;Сведения отсутствуют;Пасмурно;Мокрое;Светлое время суток;Режим движения не изменялся;1.0;2.0;0.0;1.0
45.0;11.07.2024;14:28;890.0;51.400371;91.277225;930001651.0;Наезд на пешехода;Сут-Хольский район;;Местного значения (дорога местного значения, включая относящиеся к собственности поселений, муниципальных районов, городских округов);;Улицы и дороги местного значения в жилой застройке;Жилые дома индивидуальной застройки;Нерегулируемый перекрёсток равнозначных улиц (дорог);Не установлены;Сведения отсутствуют;Ясно;Сухое;Светлое время суток;Режим движения не изменялся;1.0;2.0;0.0;1.0
46.0;09.07.2024;17:13;500.0;51.697215;94.425867;930001319.0;Столкновение;г.Кызыл;;Местного значения (дорога местного значения, включая относящиеся к собственности поселений, муниципальных районов, городских округов);;Магистральные улицы общегородского значения;Многоквартирные жилые дома;Нерегулируемый перекрёсток неравнозначных улиц (дорог);Не установлены;Сведения отсутствуют;Ясно;Сухое;Светлое время суток;Режим движения не изменялся;2.0;2.0;0.0;1.0
47.0;08.07.2024;20:13;500.0;51.712545;94.464537;930001314.0;Столкновение;г.Кызыл;;Местного значения (дорога местного значения, включая относящиеся к собственности поселений, муниципальных районов, городских округов);;Улицы и дороги местного значения в жилой застройке;Жилые дома индивидуальной застройки;Регулируемый перекресток;Не установлены;Сведения отсутствуют;Пасмурно;Сухое;В темное время суток, освещение включено;Режим движения не изменялся;2.0;4.0;0.0;2.0
48.0;08.07.2024;18:50;610.0;52.024878;94.219951;930001313.0;Съезд с дороги;Пий-Хемский район;Р-257 Енисей Красноярск - Абакан - Кызыл - граница с Монголией;Федеральная (дорога федерального значения);4.0;Вне НП;Нерегулируемый перекрёсток;Выезд с прилегающей территории;Не установлены;Сведения отсутствуют;Ясно;Сухое;Светлое время суток;Режим движения не изменялся;1.0;3.0;0.0;2.0
49.0;07.07.2024;22:10;900.0;51.559484;93.143656;930001310.0;Наезд на животное;Улуг-Хемский район;Р-257 Енисей Красноярск - Абакан - Кызыл - граница с Монголией;Федеральная (дорога федерального значения);5.0;Вне НП;Отсутствие в непосредственной близости объектов УДС и объектов притяжения;Перегон (нет объектов на месте ДТП);Не установлены;Сведения отсутствуют;Ясно;Сухое;В темное время суток, освещение отсутствует;Режим движения не изменялся;2.0;4.0;0.0;1.0
51.0;06.07.2024;15:02;90.0;51.017575;94.778323;930001305.0;Столкновение;Тандинский район;;Местного значения (дорога местного значения, включая относящиеся к собственности поселений, муниципальных районов, городских округов);;Вне НП;Зоны отдыха;Перегон (нет объектов на месте ДТП);Не установлены;Сведения отсутствуют;Ясно;Сухое;Светлое время суток;Режим движения не изменялся;2.0;6.0;0.0;1.0
53.0;04.07.2024;21:50;500.0;52.150345;93.906359;930001291.0;Столкновение;Пий-Хемский район;;Местного значения (дорога местного значения, включая относящиеся к собственности поселений, муниципальных районов, городских округов);;Иные места;Отсутствие в непосредственной близости объектов УДС и объектов притяжения;Нерегулируемый перекрёсток неравнозначных улиц (дорог);Не установлены;Сведения отсутствуют;Ясно;Сухое;В темное время суток, освещение отсутствует;Режим движения не изменялся;2.0;2.0;0.0;1.0
54.0;04.07.2024;09:40;10.0;51.004142;90.194213;930001295.0;Падение пассажира;Бай-Тайгинский район;;Местного значения (дорога местного значения, включая относящиеся к собственности поселений, муниципальных районов, городских округов);;Поселковые дороги;Отсутствие в непосредственной близости объектов УДС и объектов притяжения;Перегон (нет объектов на месте ДТП);Не установлены;Сведения отсутствуют;Ясно;Сухое;Светлое время суток;Режим движения не изменялся;1.0;2.0;0.0;1.0
55.0;03.07.2024;07:10;600.0;51.460906;95.599787;930001284.0;Съезд с дороги;Каа-Хемский район;;Местного значения (дорога местного значения, включая относящиеся к собственности поселений, муниципальных районов, городских округов);;Поселковые дороги;Жилые дома индивидуальной застройки;Перегон (нет объектов на месте ДТП);Не установлены;Сведения отсутствуют;Ясно;Сухое;Светлое время суток;Режим движения не изменялся;1.0;5.0;0.0;5.0
56.0;02.07.2024;22:52;610.0;51.679528;94.356122;930001283.0;Опрокидывание;г.Кызыл;Кызыл-Эрзин-граница с Монголией;Региональная или межмуниципальная (дорога регионального или межмуниципального значения);5.0;;Отсутствие в непосредственной близости объектов УДС и объектов притяжения;Подход к мосту, эстакаде, путепроводу;Не установлены;Сведения отсутствуют;Ясно;Сухое;В темное время суток, освещение включено;Режим движения не изменялся;1.0;2.0;0.0;1.0
1.0;31.08.2024;04:35;990.0;52.589114;96.060505;930001773.0;Падение пассажира;Тоджинский район;;Местного значения (дорога местного значения, включая относящиеся к собственности поселений, муниципальных районов, городских округов);;Вне НП;Отсутствие в непосредственной близости объектов УДС и объектов притяжения;Перегон (нет объектов на месте ДТП);Не установлены;Сведения отсутствуют;Ясно;Сухое;Светлое время суток;Режим движения не изменялся;1.0;2.0;1.0;0.0
2.0;30.08.2024;23:15;990.0;51.549778;93.148999;930001770.0;Съезд с дороги;Улуг-Хемский район;;Местного значения (дорога местного значения, включая относящиеся к собственности поселений, муниципальных районов, городских округов);;Иные места;Отсутствие в непосредственной близости объектов УДС и объектов притяжения;Перегон (нет объектов на месте ДТП);Не установлены;Сведения отсутствуют;Ясно;Сухое;В темное время суток, освещение отсутствует;Режим движения не изменялся;1.0;2.0;0.0;2.0
3.0;30.08.2024;20:38;890.0;51.135591;90.546527;930001776.0;Наезд на пешехода;Барун-Хемчикский район;;Местного значения (дорога местного значения, включая относящиеся к собственности поселений, муниципальных районов, городских округов);;Основные улицы в жилой застройке;Жилые дома индивидуальной застройки;Нерегулируемый перекрёсток неравнозначных улиц (дорог);Не установлены;Сведения отсутствуют;Пасмурно;Сухое;В темное время суток, освещение отсутствует;Режим движения не изменялся;1.0;2.0;0.0;1.0
4.0;29.08.2024;22:45;830.0;52.225986;93.732112;930001757.0;Наезд на пешехода;Пий-Хемский район;Р-257 Енисей Красноярск - Абакан - Кызыл - граница с Монголией;Федеральная (дорога федерального значения);5.0;Вне НП;Отсутствие в непосредственной близости объектов УДС и объектов притяжения;Перегон (нет объектов на месте ДТП);Не установлены;Сведения отсутствуют;Ясно;Сухое;В темное время суток, освещение отсутствует;Движение частично перекрыто;1.0;3.0;2.0;0.0
5.0;29.08.2024;20:25;610.0;52.131981;93.805784;930001758.0;Съезд с дороги;Пий-Хемский район;Подъезд к с.Аржаан;Региональная или межмуниципальная (дорога регионального или межмуниципального значения);6.0;Вне НП;Отсутствие в непосредственной близости объектов УДС и объектов притяжения;Перегон (нет объектов на месте ДТП);Не установлены;Сведения отсутствуют;Ясно;Сухое;Светлое время суток;Режим движения не изменялся;1.0;2.0;0.0;1.0
6.0;28.08.2024;17:10;610.0;50.208693;95.491083;930001746.0;Съезд с дороги;Эрзинский район;ЭРЗИН - НАРЫН;Региональная или межмуниципальная (дорога регионального или межмуниципального значения);5.0;Вне НП;Отсутствие в непосредственной близости объектов УДС и объектов притяжения;Перегон (нет объектов на месте ДТП);Не установлены;Сведения отсутствуют;Ясно;Сухое;Светлое время суток;Режим движения не изменялся;1.0;4.0;0.0;2.0
7.0;27.08.2024;22:56;910.0;50.36976;95.083344;930001739.0;Наезд на стоящее ТС;Эрзинский район;Кызыл-Эрзин-граница с Монголией;Региональная или межмуниципальная (дорога регионального или межмуниципального значения);5.0;Вне НП;Отсутствие в непосредственной близости объектов УДС и объектов притяжения;Перегон (нет объектов на месте ДТП);Не установлены;Сведения отсутствуют;Ясно;Сухое;В темное время суток, освещение отсутствует;Движение частично перекрыто;2.0;4.0;1.0;2.0
8.0;27.08.2024;04:37;600.0;51.74508;94.431117;930001731.0;Съезд с дороги;г.Кызыл;Подъезд к С.КАРА-ХААК;Региональная или межмуниципальная (дорога регионального или межмуниципального значения);5.0;;Отсутствие в непосредственной близости объектов УДС и объектов притяжения;Перегон (нет объектов на месте ДТП);Не установлены;Сведения отсутствуют;Ясно;Сухое;В темное время суток, освещение отсутствует;Движение частично перекрыто;1.0;3.0;1.0;1.0
9.0;26.08.2024;20:30;900.0;51.149397;94.497753;930001730.0;Наезд на животное;Тандинский район;;Местного значения (дорога местного значения, включая относящиеся к собственности поселений, муниципальных районов, городских округов);;Основные улицы в жилой застройке;Жилые дома индивидуальной застройки;Перегон (нет объектов на месте ДТП);Не установлены;Оказание влияния на движение транспортного потока или отдельного транспортного средства, наличия или внезапного появления на проезжей части животных;Ясно;Сухое;В темное время суток, освещение отсутствует;Режим движения не изменялся;1.0;2.0;0.0;2.0
11.0;24.08.2024;18:31;130.0;51.63813;94.435;930001708.0;Столкновение;Кызылский район;Кызыл-Эрзин-граница с Монголией;Региональная или межмуниципальная (дорога регионального или межмуниципального значения);5.0;Вне НП;Отсутствие в непосредственной близости объектов УДС и объектов притяжения;Нерегулируемый перекрёсток неравнозначных улиц (дорог);Не установлены;Сведения отсутствуют;Пасмурно;Сухое;Светлое время суток;Движение частично перекрыто;2.0;2.0;0.0;1.0
12.0;23.08.2024;19:19;600.0;50.865399;90.363321;930001700.0;Съезд с дороги;Барун-Хемчикский район;Барлыг - Аксы-Барлык;Региональная или межмуниципальная (дорога регионального или межмуниципального значения);5.0;Вне НП;Отсутствие в непосредственной близости объектов УДС и объектов притяжения;Перегон (нет объектов на месте ДТП);Не установлены;Сведения отсутствуют;Ясно;Сухое;В темное время суток, освещение отсутствует;Режим движения не изменялся;1.0;1.0;0.0;1.0
13.0;23.08.2024;06:40;600.0;52.052931;94.095885;930001694.0;Съезд с дороги;Пий-Хемский район;Р-257 Енисей Красноярск - Абакан - Кызыл - граница с Монголией;Федеральная (дорога федерального значения);8.0;Вне НП;Отсутствие в непосредственной близости объектов УДС и объектов притяжения;Перегон (нет объектов на месте ДТП);Не установлены;Сведения отсутствуют;Ясно;Сухое;Светлое время суток;Режим движения не изменялся;1.0;5.0;0.0;5.0
14.0;22.08.2024;04:14;600.0;51.556829;93.768375;930001676.0;Съезд с дороги;Тандинский район;Р-257 Енисей Красноярск - Абакан - Кызыл - граница с Монголией;Федеральная (дорога федерального значения);6.0;Вне НП;Отсутствие в непосредственной близости объектов УДС и объектов притяжения;Перегон (нет объектов на месте ДТП);Не установлены;Сведения отсутствуют;Ясно;Сухое;Светлое время суток;Режим движения не изменялся;1.0;2.0;0.0;1.0
15.0;22.08.2024;09:16;400.0;51.69696;94.412813;930001679.0;Столкновение;г.Кызыл;;Местного значения (дорога местного значения, включая относящиеся к собственности поселений, муниципальных районов, городских округов);;Улицы и дороги местного значения научно-производственных промышленных и коммунально-складских районов;Регулируемый пешеходный переход | Многоквартирные жилые дома;Нерегулируемый перекрёсток неравнозначных улиц (дорог);Не установлены;Сведения отсутствуют;Пасмурно;Сухое;Светлое время суток;Режим движения не изменялся;2.0;2.0;0.0;1.0
16.0;21.08.2024;16:52;820.0;51.69025;94.637003;930001671.0;Наезд на пешехода;Кызылский район;КЫЗЫЛ - САРЫГ-СЕП;Региональная или межмуниципальная (дорога регионального или межмуниципального значения);5.0;;Жилые дома индивидуальной застройки;Перегон (нет объектов на месте ДТП);Не установлены;Сведения отсутствуют;Ясно;Сухое;Светлое время суток;Движение частично перекрыто;1.0;2.0;0.0;1.0
17.0;21.08.2024;00:40;200.0;51.628967;95.077958;930001666.0;Столкновение;Каа-Хемский район;КЫЗЫЛ - САРЫГ-СЕП;Региональная или межмуниципальная (дорога регионального или межмуниципального значения);5.0;Вне НП;Отсутствие в непосредственной близости объектов УДС и объектов притяжения;Перегон (нет объектов на месте ДТП);Не установлены;Сведения отсутствуют;Ясно;Сухое;В темное время суток, освещение отсутствует;Движение частично перекрыто;2.0;2.0;0.0;1.0
18.0;21.08.2024;23:15;420.0;51.70238;94.458518;930001673.0;Столкновение;г.Кызыл;;Местного значения (дорога местного значения, включая относящиеся к собственности поселений, муниципальных районов, городских округов);;Улицы и дороги местного значения научно-производственных промышленных и коммунально-складских районов;Спортивные и развлекательные объекты;Регулируемый перекресток;Не установлены;Сведения отсутствуют;Ясно;Сухое;В темное время суток, освещение включено;Движение частично перекрыто;2.0;6.0;0.0;5.0
19.0;21.08.2024;22:18;600.0;51.494267;92.315825;930001672.0;Съезд с дороги;Чаа-Хольский район;ПОДЪЕЗД К с. ЧАА-ХОЛЬ;Региональная или межмуниципальная (дорога регионального или межмуниципального значения);5.0;Вне НП;Отсутствие в непосредственной близости объектов УДС и объектов притяжения;Перегон (нет объектов на месте ДТП);Не установлены;Сведения отсутствуют;Ясно;Сухое;В темное время суток, освещение отсутствует;Режим движения не изменялся;1.0;2.0;2.0;0.0
20.0;19.08.2024;07:30;950.0;51.692352;94.294195;930001647.0;Съезд с дороги;Кызылский район;Кызыл - Ээрбек - Баян-Кол;Региональная или межмуниципальная (дорога регионального или межмуниципального значения);5.0;Вне НП;Отсутствие в непосредственной близости объектов УДС и объектов притяжения;Перегон (нет объектов на месте ДТП);Не установлены;Сведения отсутствуют;Пасмурно;Мокрое;Светлое время суток;Режим движения не изменялся;1.0;4.0;0.0;3.0
22.0;18.08.2024;06:40;610.0;51.045252;94.715281;930001639.0;Съезд с дороги;Тандинский район;Бай-Хаак - Балгазын;Региональная или межмуниципальная (дорога регионального или межмуниципального значения);5.0;;Отсутствие в непосредственной близости объектов УДС и объектов притяжения;Перегон (нет объектов на месте ДТП);Не установлены;Сведения отсутствуют;Ясно;Сухое;Светлое время суток;Режим движения не изменялся;1.0;1.0;0.0;1.0
23.0;18.08.2024;18:59;140.0;51.484513;95.566748;930001642.0;Столкновение;Каа-Хемский район;;Местного значения (дорога местного значения, включая относящиеся к собственности поселений, муниципальных районов, городских округов);;Главные улицы;Жилые дома индивидуальной застройки;Перегон (нет объектов на месте ДТП);Не установлены;Сведения отсутствуют;Ясно;Сухое;Светлое время суток;Режим движения не изменялся;2.0;3.0;0.0;1.0
24.0;18.08.2024;07:57;600.0;51.55831;93.423711;930001638.0;Съезд с дороги;Улуг-Хемский район;Р-257 Енисей Красноярск - Абакан - Кызыл - граница с Монголией;Федеральная (дорога федерального значения);5.0;Вне НП;Отсутствие в непосредственной близости объектов УДС и объектов притяжения;Перегон (нет объектов на месте ДТП);Не установлены;Сведения отсутствуют;Ясно;Сухое;Светлое время суток;Режим движения не изменялся;1.0;2.0;0.0;2.0
26.0;17.08.2024;17:12;950.0;51.591869;93.552232;930001635.0;Съезд с дороги;Кызылский район;Кызыл - Ээрбек - Баян-Кол;Региональная или межмуниципальная (дорога регионального или межмуниципального значения);5.0;Вне НП;Отсутствие в непосредственной близости объектов УДС и объектов притяжения;Перегон (нет объектов на месте ДТП);Не установлены;Сведения отсутствуют;Ясно;Сухое;Светлое время суток;Режим движения не изменялся;1.0;2.0;0.0;2.0
27.0;17.08.2024;12:27;200.0;51.557843;93.200551;930001634.0;Столкновение;Улуг-Хемский район;Р-257 Енисей Красноярск - Абакан - Кызыл - граница с Монголией;Федеральная (дорога федерального значения);5.0;Вне НП;Отсутствие в непосредственной близости объектов УДС и объектов притяжения;Перегон (нет объектов на месте ДТП);Не установлены;Сведения отсутствуют;Ясно;Сухое;Светлое время суток;Движение частично перекрыто;2.0;5.0;3.0;0.0
28.0;17.08.2024;02:31;70.0;51.696482;94.406419;930001631.0;Столкновение;г.Кызыл;;Местного значения (дорога местного значения, включая относящиеся к собственности поселений, муниципальных районов, городских округов);;Улицы и дороги местного значения в жилой застройке;Многоквартирные жилые дома;Регулируемый пешеходный переход | Регулируемый перекресток;Не установлены;Сведения отсутствуют;Ясно;Сухое;В темное время суток, освещение включено;Движение частично перекрыто;2.0;4.0;0.0;4.0
30.0;16.08.2024;18:59;840.0;51.80622;94.459805;930001626.0;Наезд на велосипедиста;г.Кызыл;;Местного значения (дорога местного значения, включая относящиеся к собственности поселений, муниципальных районов, городских округов);;Улицы и дороги местного значения в жилой застройке;Жилые дома индивидуальной застройки;Перегон (нет объектов на месте ДТП);Не установлены;Сведения отсутствуют;Ясно;Сухое;Светлое время суток;Движение частично перекрыто;2.0;2.0;0.0;1.0
32.0;14.08.2024;13:16;720.0;51.708164;94.426868;930001613.0;Наезд на пешехода;г.Кызыл;;Местного значения (дорога местного значения, включая относящиеся к собственности поселений, муниципальных районов, городских округов);;Улицы и дороги местного значения научно-производственных промышленных и коммунально-складских районов;Многоквартирные жилые дома;Регулируемый пешеходный переход | Регулируемый перекресток;Отсутствие, плохая различимость горизонтальной разметки проезжей части | Иные недостатки;Сведения отсутствуют;Ясно;Сухое;Светлое время суток;Движение частично перекрыто;1.0;2.0;0.0;1.0
33.0;14.08.2024;06:50;200.0;51.666553;94.325502;930001610.0;Столкновение;г.Кызыл;Р-257 Енисей Красноярск - Абакан - Кызыл - граница с Монголией;Федеральная (дорога федерального значения);5.0;;Отсутствие в непосредственной близости объектов УДС и объектов притяжения;Нерегулируемый перекрёсток неравнозначных улиц (дорог);Не установлены;Сведения отсутствуют;Ясно;Сухое;Светлое время суток;Режим движения не изменялся;2.0;2.0;0.0;1.0
34.0;13.08.2024;23:20;610.0;50.996431;95.163231;930001614.0;Съезд с дороги;Тандинский район;;Местного значения (дорога местного значения, включая относящиеся к собственности поселений, муниципальных районов, городских округов);;Поселковые дороги;Жилые дома индивидуальной застройки;Перегон (нет объектов на месте ДТП);Не установлены;Сведения отсутствуют;Ясно;Сухое;Светлое время суток;Движение частично перекрыто;1.0;1.0;0.0;1.0
35.0;13.08.2024;06:29;50.0;51.696967;94.559079;930001602.0;Столкновение;Кызылский район;;Местного значения (дорога местного значения, включая относящиеся к собственности поселений, муниципальных районов, городских округов);;Улицы и дороги местного значения научно-производственных промышленных и коммунально-складских районов;Административные здания;Перегон (нет объектов на месте ДТП);Не установлены;Сведения отсутствуют;Ясно;Сухое;Светлое время суток;Режим движения не изменялся;3.0;4.0;0.0;2.0
36.0;13.08.2024;06:11;600.0;51.54372;93.00283;930001603.0;Съезд с дороги;Улуг-Хемский район;Р-257 Енисей Красноярск - Абакан - Кызыл - граница с Монголией;Федеральная (дорога федерального значения);5.0;Вне НП;Отсутствие в непосредственной близости объектов УДС и объектов притяжения;Перегон (нет объектов на месте ДТП);Не установлены;Сведения отсутствуют;Пасмурно;Сухое;Светлое время суток;Режим движения не изменялся;1.0;1.0;0.0;1.0
38.0;11.08.2024;16:44;200.0;51.374888;94.47798;930001590.0;Столкновение;Тандинский район;Подъезд к оз. Дус-Холь;Региональная или межмуниципальная (дорога регионального или межмуниципального значения);5.0;Вне НП;Отсутствие в непосредственной близости объектов УДС и объектов притяжения;Перегон (нет объектов на месте ДТП);Не установлены;Сведения отсутствуют;Ясно;Сухое;Светлое время суток;Режим движения не изменялся;2.0;3.0;0.0;1.0
39.0;10.08.2024;00:07;900.0;51.552847;93.791227;930001580.0;Наезд на животное;Кызылский район;Р-257 Енисей Красноярск - Абакан - Кызыл - граница с Монголией;Федеральная (дорога федерального значения);5.0;Вне НП;Отсутствие в непосредственной близости объектов УДС и объектов притяжения;Перегон (нет объектов на месте ДТП);Не установлены;Сведения отсутствуют;Ясно;Сухое;В темное время суток, освещение отсутствует;Движение частично перекрыто;1.0;1.0;0.0;1.0
40.0;10.08.2024;14:45;930.0;51.106951;94.600557;930001585.0;Наезд на препятствие;Тандинский район;Бай-Хаак - Балгазын;Региональная или межмуниципальная (дорога регионального или межмуниципального значения);5.0;Вне НП;Отсутствие в непосредственной близости объектов УДС и объектов притяжения;Перегон (нет объектов на месте ДТП);Не установлены;Сведения отсутствуют;Ясно;Сухое;Светлое время суток;Режим движения не изменялся;1.0;1.0;0.0;1.0
41.0;10.08.2024;10:52;840.0;51.011737;90.199987;930001582.0;Наезд на пешехода;Бай-Тайгинский район;;Местного значения (дорога местного значения, включая относящиеся к собственности поселений, муниципальных районов, городских округов);;Главные улицы;Отсутствие в непосредственной близости объектов УДС и объектов притяжения;Перегон (нет объектов на месте ДТП);Не установлены;Сведения отсутствуют;Ясно;Сухое;Светлое время суток;Режим движения не изменялся;1.0;2.0;0.0;1.0
42.0;09.08.2024;20:30;610.0;52.616567;96.761975;930001576.0;Съезд с дороги;Тоджинский район;Тоора-Хем - Адыр-Кежиг;Региональная или межмуниципальная (дорога регионального или межмуниципального значения);5.0;Вне НП;Отсутствие в непосредственной близости объектов УДС и объектов притяжения;Перегон (нет объектов на месте ДТП);Не установлены;Сведения отсутствуют;Ясно;Сухое;В темное время суток, освещение отсутствует;Режим движения не изменялся;1.0;2.0;0.0;1.0
45.0;06.08.2024;08:24;740.0;51.699202;94.377308;930001552.0;Наезд на пешехода;г.Кызыл;;Местного значения (дорога местного значения, включая относящиеся к собственности поселений, муниципальных районов, городских округов);;Магистральные улицы общегородского значения;Остановка маршрутного такси | Жилые дома индивидуальной застройки;Нерегулируемый пешеходный переход;Не установлены;Сведения отсутствуют;Ясно;Сухое;Светлое время суток;Режим движения не изменялся;1.0;2.0;0.0;1.0
47.0;05.08.2024;09:45;600.0;51.5524;95.395918;930001547.0;Съезд с дороги;Каа-Хемский район;КЫЗЫЛ - САРЫГ-СЕП;Региональная или межмуниципальная (дорога регионального или межмуниципального значения);5.0;Вне НП;Отсутствие в непосредственной близости объектов УДС и объектов притяжения;Перегон (нет объектов на месте ДТП);Не установлены;Сведения отсутствуют;Ясно;Сухое;Светлое время суток;Режим движения не изменялся;1.0;5.0;1.0;4.0
48.0;05.08.2024;22:45;300.0;51.720231;94.433886;930001549.0;Столкновение;г.Кызыл;;Местного значения (дорога местного значения, включая относящиеся к собственности поселений, муниципальных районов, городских округов);;Улицы и дороги местного значения в жилой застройке;Административные здания;Регулируемый пешеходный переход;Неисправное освещение | Плохая видимость светофора | Неправильное применение, плохая видимость дорожных знаков;Сведения отсутствуют;Дождь;Мокрое;В темное время суток, освещение включено;Режим движения не изменялся;2.0;3.0;0.0;2.0
50.0;05.08.2024;16:51;820.0;51.394322;92.19946;930001548.0;Наезд на пешехода;Чаа-Хольский район;;Местного значения (дорога местного значения, включая относящиеся к собственности поселений, муниципальных районов, городских округов);;Поселковые дороги;Жилые дома индивидуальной застройки;Перегон (нет объектов на месте ДТП);Не установлены;Сведения отсутствуют;Ясно;Сухое;Светлое время суток;Режим движения не изменялся;1.0;2.0;0.0;1.0
53.0;03.08.2024;17:00;610.0;51.661056;95.355063;930001525.0;Опрокидывание;Каа-Хемский район;БОЯРОВКА - ТООРА-ХЕМ;Региональная или межмуниципальная (дорога регионального или межмуниципального значения);5.0;Вне НП;Отсутствие в непосредственной близости объектов УДС и объектов притяжения;Перегон (нет объектов на месте ДТП);Не установлены;Сведения отсутствуют;Ясно;Сухое;Светлое время суток;Режим движения не изменялся;1.0;1.0;0.0;1.0
1.0;30.09.2024;23:00;800.0;52.140067;93.901606;930002056.0;Наезд на пешехода;Пий-Хемский район;Р-257 Енисей Красноярск - Абакан - Кызыл - граница с Монголией;Федеральная (дорога федерального значения);5.0;;Отсутствие в непосредственной близости объектов УДС и объектов притяжения;Перегон (нет объектов на месте ДТП);Не установлены;Сведения отсутствуют;Пасмурно;Мокрое;В темное время суток, освещение включено;Движение частично перекрыто;1.0;2.0;0.0;1.0
2.0;30.09.2024;13:40;500.0;51.49418;95.547565;930002048.0;Столкновение;Каа-Хемский район;;Местного значения (дорога местного значения, включая относящиеся к собственности поселений, муниципальных районов, городских округов);;Поселковые дороги;Административные здания | Многоквартирные жилые дома;Нерегулируемый перекрёсток неравнозначных улиц (дорог);Не установлены;Сведения отсутствуют;Ясно;Сухое;Светлое время суток;Движение частично перекрыто;2.0;2.0;0.0;1.0
3.0;30.09.2024;20:03;820.0;51.649395;94.273896;930002054.0;Наезд на пешехода;Кызылский район;;Местного значения (дорога местного значения, включая относящиеся к собственности поселений, муниципальных районов, городских округов);;Второстепенные улицы в жилой застройке (переулки);Жилые дома индивидуальной застройки;Перегон (нет объектов на месте ДТП);Не установлены;Сведения отсутствуют;Пасмурно;Сухое;В темное время суток, освещение отсутствует;Движение частично перекрыто;1.0;2.0;0.0;1.0
4.0;30.09.2024;18:57;910.0;51.467496;95.589359;930002052.0;Наезд на стоящее ТС;Каа-Хемский район;ПОДЪЕЗД К С.УСТЬ-БУРЕН;Региональная или межмуниципальная (дорога регионального или межмуниципального значения);5.0;Вне НП;Отсутствие в непосредственной близости объектов УДС и объектов притяжения;Перегон (нет объектов на месте ДТП);Не установлены;Сведения отсутствуют;Ясно;Сухое;Сумерки;Движение частично перекрыто;2.0;2.0;0.0;1.0
5.0;29.09.2024;12:51;500.0;51.687769;94.584002;930002040.0;Столкновение;Кызылский район;;Местного значения (дорога местного значения, включая относящиеся к собственности поселений, муниципальных районов, городских округов);;Основные улицы в жилой застройке;Жилые дома индивидуальной застройки;Нерегулируемый перекрёсток неравнозначных улиц (дорог);Не установлены;Сведения отсутствуют;Ясно;Сухое;Светлое время суток;Режим движения не изменялся;2.0;2.0;0.0;1.0
6.0;28.09.2024;20:40;820.0;51.72001;94.430548;930002035.0;Наезд на пешехода;г.Кызыл;;Местного значения (дорога местного значения, включая относящиеся к собственности поселений, муниципальных районов, городских округов);;Улицы и дороги местного значения в жилой застройке;Крупный торговый объект (являющийся объектом массового тяготения пешеходов и (или) транспорта) | Административные здания | Регулируемый пешеходный переход | Многоквартирные жилые дома;Регулируемый перекресток;Не установлены;Сведения отсутствуют;Пасмурно;Сухое;В темное время суток, освещение отсутствует;Режим движения не изменялся;1.0;2.0;0.0;1.0
7.0;28.09.2024;19:02;750.0;51.718614;94.466704;930002031.0;Наезд на пешехода;г.Кызыл;;Местного значения (дорога местного значения, включая относящиеся к собственности поселений, муниципальных районов, городских округов);;Магистральные улицы общегородского значения;Остановка общественного транспорта | Многоквартирные жилые дома;Нерегулируемый пешеходный переход | Нерегулируемый перекрёсток неравнозначных улиц (дорог);Не установлены;Сведения отсутствуют;Ясно;Сухое;В темное время суток, освещение включено;Режим движения не изменялся;1.0;2.0;0.0;1.0
8.0;28.09.2024;07:52;940.0;51.719392;94.459516;930002025.0;Наезд на препятствие;г.Кызыл;;Местного значения (дорога местного значения, включая относящиеся к собственности поселений, муниципальных районов, городских округов);;Магистральные улицы общегородского значения;Крупный торговый объект (являющийся объектом массового тяготения пешеходов и (или) транспорта) | Административные здания;Остановка общественного транспорта;Не установлены;Сведения отсутствуют;Пасмурно;Сухое;Светлое время суток;Режим движения не изменялся;1.0;3.0;0.0;2.0
9.0;27.09.2024;13:41;200.0;51.734218;94.416311;930002010.0;Столкновение;г.Кызыл;Подъезд к С.КАРА-ХААК;Региональная или межмуниципальная (дорога регионального или межмуниципального значения);5.0;;Жилые дома индивидуальной застройки;Перегон (нет объектов на месте ДТП);Не установлены;Сведения отсутствуют;Ясно;Сухое;Светлое время суток;Режим движения не изменялся;2.0;3.0;1.0;2.0
10.0;27.09.2024;23:25;900.0;50.541118;94.891706;930002027.0;Наезд на животное;Тес-Хемский район;Кызыл-Эрзин-граница с Монголией;Региональная или межмуниципальная (дорога регионального или межмуниципального значения);5.0;Вне НП;Отсутствие в непосредственной близости объектов УДС и объектов притяжения;Перегон (нет объектов на месте ДТП);Не установлены;Сведения отсутствуют;Ясно;Сухое;В темное время суток, освещение отсутствует;Режим движения не изменялся;1.0;3.0;0.0;2.0
11.0;26.09.2024;16:23;30.0;51.716574;94.417405;930002005.0;Столкновение;г.Кызыл;;Местного значения (дорога местного значения, включая относящиеся к собственности поселений, муниципальных районов, городских округов);;Улицы и дороги местного значения в жилой застройке;Административные здания | Многоквартирные жилые дома | Мост;Нерегулируемое пересечение с круговым движением;Не установлены;Сведения отсутствуют;Ясно;Сухое;Светлое время суток;Движение частично перекрыто;2.0;3.0;0.0;1.0
12.0;26.09.2024;17:25;500.0;51.014504;90.201691;930002006.0;Столкновение;Бай-Тайгинский район;;Местного значения (дорога местного значения, включая относящиеся к собственности поселений, муниципальных районов, городских округов);;Поселковые дороги;Жилые дома индивидуальной застройки;Нерегулируемый перекрёсток неравнозначных улиц (дорог);Не установлены;Сведения отсутствуют;Ясно;Сухое;Светлое время суток;Режим движения не изменялся;2.0;2.0;0.0;1.0
13.0;25.09.2024;08:08;740.0;51.703184;94.496777;930001995.0;Наезд на пешехода;г.Кызыл;;Местного значения (дорога местного значения, включая относящиеся к собственности поселений, муниципальных районов, городских округов);;Магистральные улицы общегородского значения;Нерегулируемый перекрёсток;Нерегулируемый пешеходный переход | Остановка общественного транспорта;Не установлены;Сведения отсутствуют;Ясно;Сухое;Светлое время суток;Движение частично перекрыто;1.0;2.0;0.0;1.0
14.0;25.09.2024;20:00;910.0;51.71658;94.466017;930002000.0;Наезд на велосипедиста;г.Кызыл;;Местного значения (дорога местного значения, включая относящиеся к собственности поселений, муниципальных районов, городских округов);;Улицы и дороги местного значения в жилой застройке;Жилые дома индивидуальной застройки;Регулируемый пешеходный переход | Регулируемый перекресток;Не установлены;Сведения отсутствуют;Ясно;Сухое;В темное время суток, освещение включено;Движение частично перекрыто;2.0;2.0;0.0;1.0
15.0;24.09.2024;08:59;820.0;51.709042;94.517344;930001984.0;Наезд на пешехода;г.Кызыл;;Местного значения (дорога местного значения, включая относящиеся к собственности поселений, муниципальных районов, городских округов);;Улицы и дороги местного значения в жилой застройке;Нерегулируемый пешеходный переход | Жилые дома индивидуальной застройки;Нерегулируемый перекрёсток неравнозначных улиц (дорог) | Остановка общественного транспорта;Не установлены;Сведения отсутствуют;Ясно;Сухое;Светлое время суток;Движение частично перекрыто;1.0;2.0;0.0;1.0
16.0;24.09.2024;19:48;830.0;51.516621;92.335807;930001989.0;Наезд на пешехода;Чаа-Хольский район;;Местного значения (дорога местного значения, включая относящиеся к собственности поселений, муниципальных районов, городских округов);;Основные улицы в жилой застройке;Жилые дома индивидуальной застройки;Иное место;Не установлены;Сведения отсутствуют;Пасмурно;Сухое;В темное время суток, освещение включено;Движение частично перекрыто;1.0;2.0;1.0;0.0
17.0;23.09.2024;15:40;430.0;51.70091;94.555378;930001979.0;Столкновение;Кызылский район;;Местного значения (дорога местного значения, включая относящиеся к собственности поселений, муниципальных районов, городских округов);;Поселковые дороги;Нерегулируемый пешеходный переход | Жилые дома индивидуальной застройки;Нерегулируемый перекрёсток неравнозначных улиц (дорог);Отсутствие, плохая различимость горизонтальной разметки проезжей части | Иные недостатки;Сведения отсутствуют;Ясно;Сухое;Светлое время суток;Режим движения не изменялся;2.0;2.0;1.0;0.0
18.0;23.09.2024;12:00;430.0;51.286433;91.589606;930001978.0;Столкновение;Дзун-Хемчикский район;;Местного значения (дорога местного значения, включая относящиеся к собственности поселений, муниципальных районов, городских округов);;Улицы и дороги местного значения в жилой застройке;Нерегулируемый пешеходный переход | Жилые дома индивидуальной застройки;Нерегулируемый перекрёсток неравнозначных улиц (дорог);Отсутствие, плохая различимость горизонтальной разметки проезжей части | Отсутствие дорожных знаков в необходимых местах;Сведения отсутствуют;Ясно;Сухое;Светлое время суток;Режим движения не изменялся;2.0;3.0;0.0;2.0
19.0;22.09.2024;07:46;60.0;51.6218;94.23215;930001971.0;Столкновение;Кызылский район;Р-257 Енисей Красноярск - Абакан - Кызыл - граница с Монголией;Федеральная (дорога федерального значения);5.0;Вне НП;Отсутствие в непосредственной близости объектов УДС и объектов притяжения;Перегон (нет объектов на месте ДТП);Не установлены;Сведения отсутствуют;Ясно;Мокрое;Светлое время суток;Режим движения не изменялся;2.0;4.0;0.0;2.0
20.0;22.09.2024;10:45;820.0;51.701236;94.475437;930001975.0;Наезд на пешехода;г.Кызыл;;Местного значения (дорога местного значения, включая относящиеся к собственности поселений, муниципальных районов, городских округов);;Иные места;Многоквартирные жилые дома;Выезд с прилегающей территории;Не установлены;Сведения отсутствуют;Ясно;Сухое;Светлое время суток;Режим движения не изменялся;1.0;2.0;0.0;1.0
21.0;22.09.2024;01:13;820.0;51.70234;94.45884;930001970.0;Наезд на пешехода;г.Кызыл;;Местного значения (дорога местного значения, включая относящиеся к собственности поселений, муниципальных районов, городских округов);;Улицы и дороги местного значения научно-производственных промышленных и коммунально-складских районов;Регулируемый пешеходный переход | Жилые дома индивидуальной застройки;Регулируемый перекресток;Неисправное освещение;Сведения отсутствуют;Дождь;Мокрое;В темное время суток, освещение не включено;Режим движения не изменялся;1.0;2.0;1.0;0.0
22.0;21.09.2024;20:20;900.0;52.057651;94.140851;930001967.0;Наезд на животное;Пий-Хемский район;Р-257 Енисей Красноярск - Абакан - Кызыл - граница с Монголией;Федеральная (дорога федерального значения);8.0;Вне НП;Отсутствие в непосредственной близости объектов УДС и объектов притяжения;Перегон (нет объектов на месте ДТП);Не установлены;Оказание влияния на движение транспортного потока или отдельного транспортного средства, наличия или внезапного появления на проезжей части животных;Ясно;Сухое;В темное время суток, освещение отсутствует;Режим движения не изменялся;2.0;3.0;0.0;1.0
24.0;20.09.2024;18:24;890.0;51.478379;92.265045;930001960.0;Наезд на пешехода;Чаа-Хольский район;;Местного значения (дорога местного значения, включая относящиеся к собственности поселений, муниципальных районов, городских округов);;Иные места;Жилые дома индивидуальной застройки;Перегон (нет объектов на месте ДТП);Не установлены;Сведения отсутствуют;Ясно;Сухое;Светлое время суток;Режим движения не изменялся;1.0;2.0;0.0;1.0
25.0;19.09.2024;17:20;140.0;51.688933;94.419487;930001954.0;Столкновение;г.Кызыл;Кызыл-Эрзин-граница с Монголией;Региональная или межмуниципальная (дорога регионального или межмуниципального значения);5.0;;Жилые дома индивидуальной застройки | Многоквартирные жилые дома;Нерегулируемый перекрёсток неравнозначных улиц (дорог);Не установлены;Сведения отсутствуют;Ясно;Сухое;Светлое время суток;Режим движения не изменялся;2.0;3.0;0.0;2.0
26.0;18.09.2024;19:30;840.0;50.999585;95.165699;930001949.0;Наезд на пешехода;Тандинский район;;Местного значения (дорога местного значения, включая относящиеся к собственности поселений, муниципальных районов, городских округов);;Поселковые дороги;Жилые дома индивидуальной застройки;Перегон (нет объектов на месте ДТП);Не установлены;Сведения отсутствуют;Ясно;Сухое;В темное время суток, освещение включено;Режим движения не изменялся;1.0;2.0;0.0;1.0
27.0;18.09.2024;01:40;200.0;51.802989;94.325523;930001932.0;Столкновение;Пий-Хемский район;Р-257 Енисей Красноярск - Абакан - Кызыл - граница с Монголией;Федеральная (дорога федерального значения);5.0;Вне НП;Отсутствие в непосредственной близости объектов УДС и объектов притяжения;Перегон (нет объектов на месте ДТП);Не установлены;Сведения отсутствуют;Пасмурно;Сухое;В темное время суток, освещение отсутствует;Режим движения не изменялся;2.0;5.0;0.0;4.0
28.0;18.09.2024;18:15;610.0;52.013033;93.877873;930001941.0;Опрокидывание;Пий-Хемский район;;Местного значения (дорога местного значения, включая относящиеся к собственности поселений, муниципальных районов, городских округов);;Вне НП;Отсутствие в непосредственной близости объектов УДС и объектов притяжения;Перегон (нет объектов на месте ДТП);Не установлены;Сведения отсутствуют;Ясно;Сухое;Светлое время суток;Режим движения не изменялся;1.0;2.0;1.0;1.0
29.0;17.09.2024;13:58;960.0;51.720794;94.453422;930001928.0;Падение пассажира;г.Кызыл;;Местного значения (дорога местного значения, включая относящиеся к собственности поселений, муниципальных районов, городских округов);;Улицы и дороги местного значения в жилой застройке;Крупный торговый объект (являющийся объектом массового тяготения пешеходов и (или) транспорта) | Административные здания | Регулируемый пешеходный переход | Многоквартирные жилые дома;Остановка общественного транспорта;Не установлены;Сведения отсутствуют;Ясно;Сухое;Светлое время суток;Режим движения не изменялся;1.0;2.0;0.0;1.0
30.0;16.09.2024;00:24;600.0;51.842791;94.462059;930001920.0;Съезд с дороги;Пий-Хемский район;Подъезд к С.КАРА-ХААК;Региональная или межмуниципальная (дорога регионального или межмуниципального значения);5.0;;Жилые дома индивидуальной застройки;Перегон (нет объектов на месте ДТП);Не установлены;Сведения отсутствуют;Пасмурно;Мокрое;В темное время суток, освещение отсутствует;Режим движения не изменялся;1.0;2.0;0.0;2.0
31.0;15.09.2024;10:31;820.0;51.71319;94.502528;930001916.0;Наезд на пешехода;г.Кызыл;;Местного значения (дорога местного значения, включая относящиеся к собственности поселений, муниципальных районов, городских округов);;Улицы и дороги местного значения в жилой застройке;АЗС | Иная образовательная организация | Жилые дома индивидуальной застройки;Нерегулируемый перекрёсток равнозначных улиц (дорог);Не установлены;Сведения отсутствуют;Пасмурно;Мокрое;Светлое время суток;Режим движения не изменялся;1.0;2.0;0.0;1.0
32.0;15.09.2024;18:55;400.0;51.143434;90.567609;930001917.0;Столкновение;Барун-Хемчикский район;;Местного значения (дорога местного значения, включая относящиеся к собственности поселений, муниципальных районов, городских округов);;Поселковые дороги;Школа либо иная детская (в т.ч. дошкольная) организация | Жилые дома индивидуальной застройки;Нерегулируемый перекрёсток неравнозначных улиц (дорог);Не установлены;Сведения отсутствуют;Пасмурно;Сухое;Светлое время суток;Режим движения не изменялся;2.0;3.0;0.0;2.0
33.0;14.09.2024;18:49;300.0;51.692199;94.584507;930001903.0;Столкновение;Кызылский район;;Местного значения (дорога местного значения, включая относящиеся к собственности поселений, муниципальных районов, городских округов);;Улицы и дороги местного значения научно-производственных промышленных и коммунально-складских районов;АЗС | Жилые дома индивидуальной застройки;Нерегулируемый перекрёсток равнозначных улиц (дорог);Не установлены;Сведения отсутствуют;Дождь;Мокрое;В темное время суток, освещение включено;Режим движения не изменялся;2.0;3.0;0.0;1.0
34.0;14.09.2024;19:40;830.0;51.809676;94.443541;930001905.0;Наезд на пешехода;г.Кызыл;Подъезд к С.КАРА-ХААК;Региональная или межмуниципальная (дорога регионального или межмуниципального значения);5.0;;Жилые дома индивидуальной застройки;Перегон (нет объектов на месте ДТП);Не установлены;Сведения отсутствуют;Дождь;Мокрое;В темное время суток, освещение отсутствует;Режим движения не изменялся;1.0;2.0;0.0;1.0
35.0;13.09.2024;20:05;910.0;51.423832;92.571187;930001893.0;Наезд на стоящее ТС;Улуг-Хемский район;Р-257 Енисей Красноярск - Абакан - Кызыл - граница с Монголией;Федеральная (дорога федерального значения);5.0;Вне НП;Отсутствие в непосредственной близости объектов УДС и объектов притяжения;Перегон (нет объектов на месте ДТП);Не установлены;Сведения отсутствуют;Пасмурно;Сухое;В темное время суток, освещение отсутствует;Движение частично перекрыто;2.0;3.0;1.0;1.0
36.0;12.09.2024;18:30;600.0;51.278884;91.343508;930001880.0;Съезд с дороги;Дзун-Хемчикский район;А162-Г.КЫЗЫЛ - Г.АК-ДОВУРАК;Региональная или межмуниципальная (дорога регионального или межмуниципального значения);6.0;Вне НП;Отсутствие в непосредственной близости объектов УДС и объектов притяжения;Перегон (нет объектов на месте ДТП);Не установлены;Сведения отсутствуют;Пасмурно;Сухое;Светлое время суток;Режим движения не изменялся;1.0;2.0;0.0;2.0
37.0;11.09.2024;17:40;740.0;51.696714;94.421257;930001869.0;Наезд на пешехода;г.Кызыл;;Местного значения (дорога местного значения, включая относящиеся к собственности поселений, муниципальных районов, городских округов);;Магистральные улицы общегородского значения;Многоквартирные жилые дома;Нерегулируемый пешеходный переход | Нерегулируемый перекрёсток неравнозначных улиц (дорог);Не установлены;Сведения отсутствуют;Ясно;Сухое;Светлое время суток;Движение частично перекрыто;1.0;3.0;0.0;2.0
38.0;11.09.2024;21:40;70.0;51.538555;93.952332;930001873.0;Столкновение;Кызылский район;Р-257 Енисей Красноярск - Абакан - Кызыл - граница с Монголией;Федеральная (дорога федерального значения);5.0;Вне НП;Отсутствие в непосредственной близости объектов УДС и объектов притяжения;Перегон (нет объектов на месте ДТП);Не установлены;Сведения отсутствуют;Ясно;Сухое;В темное время суток, освещение отсутствует;Режим движения не изменялся;3.0;3.0;0.0;2.0
40.0;10.09.2024;21:25;910.0;51.114569;90.534296;930001866.0;Наезд на стоящее ТС;Барун-Хемчикский район;Кызыл-Мажалык - Эрги-Барлык;Региональная или межмуниципальная (дорога регионального или межмуниципального значения);5.0;Вне НП;Отсутствие в непосредственной близости объектов УДС и объектов притяжения;Перегон (нет объектов на месте ДТП);Не установлены;Сведения отсутствуют;Пасмурно;Сухое;В темное время суток, освещение отсутствует;Режим движения не изменялся;2.0;5.0;0.0;5.0
42.0;10.09.2024;21:25;860.0;51.715782;94.456501;930001862.0;Наезд на пешехода;г.Кызыл;;Местного значения (дорога местного значения, включая относящиеся к собственности поселений, муниципальных районов, городских округов);;Иные места;Крупный торговый объект (являющийся объектом массового тяготения пешеходов и (или) транспорта) | Жилые дома индивидуальной застройки;Перегон (нет объектов на месте ДТП);Не установлены;Сведения отсутствуют;Ясно;Сухое;В темное время суток, освещение включено;Режим движения не изменялся;1.0;2.0;0.0;1.0
43.0;09.09.2024;09:20;200.0;51.681616;94.352131;930001849.0;Столкновение;г.Кызыл;;Местного значения (дорога местного значения, включая относящиеся к собственности поселений, муниципальных районов, городских округов);;Магистральные улицы общегородского значения;Производственное предприятие | Мост;Перегон (нет объектов на месте ДТП);Не установлены;Сведения отсутствуют;Ясно;Сухое;Светлое время суток;Движение частично перекрыто;3.0;3.0;0.0;3.0
44.0;09.09.2024;16:58;600.0;51.288386;91.489463;930001851.0;Съезд с дороги;Дзун-Хемчикский район;А162-Г.КЫЗЫЛ - Г.АК-ДОВУРАК;Региональная или межмуниципальная (дорога регионального или межмуниципального значения);6.0;Вне НП;Отсутствие в непосредственной близости объектов УДС и объектов притяжения;Перегон (нет объектов на месте ДТП);Не установлены;Сведения отсутствуют;Ясно;Сухое;Светлое время суток;Режим движения не изменялся;1.0;2.0;2.0;0.0
45.0;08.09.2024;23:00;880.0;51.162028;94.455063;930001848.0;Наезд на пешехода;Тандинский район;;Местного значения (дорога местного значения, включая относящиеся к собственности поселений, муниципальных районов, городских округов);;Поселковые дороги;Жилые дома индивидуальной застройки;Нерегулируемый перекрёсток неравнозначных улиц (дорог);Отсутствие тротуаров (пешеходных дорожек) | Отсутствие освещения;Сведения отсутствуют;Ясно;Сухое;В темное время суток, освещение включено;Режим движения не изменялся;1.0;2.0;1.0;0.0
47.0;06.09.2024;20:05;610.0;51.293633;91.58334;930001865.0;Опрокидывание;Дзун-Хемчикский район;ЧАДАН - ИЙМЕ;Региональная или межмуниципальная (дорога регионального или межмуниципального значения);5.0;Вне НП;Отсутствие в непосредственной близости объектов УДС и объектов притяжения;Перегон (нет объектов на месте ДТП);Не установлены;Сведения отсутствуют;Ясно;Сухое;Сумерки;Режим движения не изменялся;1.0;1.0;0.0;1.0
48.0;05.09.2024;11:00;890.0;52.106494;94.226635;930001812.0;Наезд на лицо, не являющееся участником дорожного движения, осуществляющее производство работ;Пий-Хемский район;;Местного значения (дорога местного значения, включая относящиеся к собственности поселений, муниципальных районов, городских округов);;Вне НП;Отсутствие в непосредственной близости объектов УДС и объектов притяжения;Перегон (нет объектов на месте ДТП);Не установлены;Сведения отсутствуют;Ясно;Сухое;Светлое время суток;Режим движения не изменялся;1.0;1.0;0.0;1.0
49.0;04.09.2024;06:10;930.0;51.738611;94.396301;930001803.0;Наезд на препятствие;Пий-Хемский район;ПОДЪЕЗД К Г.КЫЗЫЛУ (9КМ);Региональная или межмуниципальная (дорога регионального или межмуниципального значения);5.0;Вне НП;Автостоянка (отделенная от проезжей части);Нерегулируемый перекрёсток неравнозначных улиц (дорог);Не установлены;Сведения отсутствуют;Пасмурно;Сухое;В темное время суток, освещение включено;Режим движения не изменялся;1.0;2.0;2.0;0.0
50.0;01.09.2024;02:00;630.0;52.734647;95.746226;930001781.0;Опрокидывание;Тоджинский район;ТУРАН - ТООРА-ХЕМ ЗИМНИК;Региональная или межмуниципальная (дорога регионального или межмуниципального значения);5.0;Вне НП;Отсутствие в непосредственной близости объектов УДС и объектов притяжения;Перегон (нет объектов на месте ДТП);Не установлены;Сведения отсутствуют;Пасмурно;Сухое;В темное время суток, освещение отсутствует;Режим движения не изменялся;1.0;2.0;0.0;1.0
51.0;01.09.2024;20:00;810.0;52.152397;93.928546;930001785.0;Наезд на пешехода;Пий-Хемский район;;Местного значения (дорога местного значения, включая относящиеся к собственности поселений, муниципальных районов, городских округов);;Улицы и дороги местного значения в жилой застройке;Жилые дома индивидуальной застройки;Перегон (нет объектов на месте ДТП);Отсутствие освещения;Сведения отсутствуют;Ясно;Сухое;Сумерки;Движение частично перекрыто;1.0;2.0;1.0;0.0
1.0;30.10.2024;22:47;820.0;51.76282;94.350328;930002326.0;Наезд на пешехода;Пий-Хемский район;Р-257 Енисей Красноярск - Абакан - Кызыл - граница с Монголией;Федеральная (дорога федерального значения);5.0;Вне НП;Отсутствие в непосредственной близости объектов УДС и объектов притяжения;Перегон (нет объектов на месте ДТП);Не установлены;Сведения отсутствуют;Пасмурно;Мокрое;В темное время суток, освещение отсутствует;Режим движения не изменялся;1.0;2.0;0.0;1.0
2.0;30.10.2024;17:05;430.0;51.291385;91.593071;930002321.0;Столкновение;Дзун-Хемчикский район;Р-257 Енисей Красноярск - Абакан - Кызыл - граница с Монголией;Федеральная (дорога федерального значения);5.0;;Школа либо иная детская (в т.ч. дошкольная) организация;Нерегулируемый перекрёсток неравнозначных улиц (дорог);Не установлены;Сведения отсутствуют;Пасмурно;Сухое;Светлое время суток;Режим движения не изменялся;2.0;8.0;0.0;8.0
3.0;29.10.2024;18:08;70.0;51.543292;93.870149;930002315.0;Наезд на животное;Тандинский район;Р-257 Енисей Красноярск - Абакан - Кызыл - граница с Монголией;Федеральная (дорога федерального значения);5.0;Вне НП;Отсутствие в непосредственной близости объектов УДС и объектов притяжения;Перегон (нет объектов на месте ДТП);Не установлены;Сведения отсутствуют;Пасмурно;Мокрое;В темное время суток, освещение отсутствует;Движение частично перекрыто;2.0;6.0;0.0;3.0
4.0;29.10.2024;04:20;500.0;51.716753;94.417856;930002308.0;Столкновение;г.Кызыл;;Местного значения (дорога местного значения, включая относящиеся к собственности поселений, муниципальных районов, городских округов);;Улицы и дороги местного значения в жилой застройке;АЗС | Зоны отдыха | Нерегулируемый пешеходный переход | Многоквартирные жилые дома;Нерегулируемое пересечение с круговым движением;Не установлены;Сведения отсутствуют;Ясно;Сухое;В темное время суток, освещение включено;Движение частично перекрыто;2.0;7.0;0.0;6.0
7.0;27.10.2024;04:15;70.0;51.360875;92.813401;930002291.0;Столкновение;Улуг-Хемский район;Подъезд к с.Торгалыг;Региональная или межмуниципальная (дорога регионального или межмуниципального значения);5.0;Вне НП;Отсутствие в непосредственной близости объектов УДС и объектов притяжения;Перегон (нет объектов на месте ДТП);Не установлены;Сведения отсутствуют;Ясно;Сухое;В темное время суток, освещение отсутствует;Движение частично перекрыто;2.0;2.0;0.0;1.0
8.0;27.10.2024;22:43;600.0;51.435176;91.353722;930002297.0;Съезд с дороги;Сут-Хольский район;СУГ-АКСЫ - ИШКИН;Региональная или межмуниципальная (дорога регионального или межмуниципального значения);6.0;Вне НП;Отсутствие в непосредственной близости объектов УДС и объектов притяжения;Перегон (нет объектов на месте ДТП);Не установлены;Сведения отсутствуют;Ясно;Сухое;В темное время суток, освещение отсутствует;Режим движения не изменялся;1.0;1.0;1.0;0.0
9.0;25.10.2024;12:55;130.0;51.698769;94.434668;930002281.0;Столкновение;г.Кызыл;;Местного значения (дорога местного значения, включая относящиеся к собственности поселений, муниципальных районов, городских округов);;Улицы и дороги местного значения в жилой застройке;АЗС;Выезд с прилегающей территории;Не установлены;Сведения отсутствуют;Ясно;Сухое;Светлое время суток;Движение частично перекрыто;2.0;2.0;0.0;1.0
10.0;24.10.2024;13:01;720.0;51.714825;94.439142;930002268.0;Наезд на пешехода;г.Кызыл;;Местного значения (дорога местного значения, включая относящиеся к собственности поселений, муниципальных районов, городских округов);;Улицы и дороги местного значения в жилой застройке;Жилые дома индивидуальной застройки;Регулируемый пешеходный переход | Регулируемый перекресток;Не установлены;Сведения отсутствуют;Ясно;Мокрое;Светлое время суток;Движение частично перекрыто;1.0;2.0;0.0;1.0
12.0;24.10.2024;19:25;810.0;52.117257;93.943068;930002273.0;Наезд на пешехода;Пий-Хемский район;Р-257 Енисей Красноярск - Абакан - Кызыл - граница с Монголией;Федеральная (дорога федерального значения);5.0;Вне НП;Отсутствие в непосредственной близости объектов УДС и объектов притяжения;Перегон (нет объектов на месте ДТП);Не установлены;Сведения отсутствуют;Ясно;Сухое;В темное время суток, освещение отсутствует;Движение частично перекрыто;2.0;2.0;0.0;1.0
13.0;24.10.2024;21:52;500.0;51.690603;94.626489;930002275.0;Столкновение;Кызылский район;КЫЗЫЛ - САРЫГ-СЕП;Региональная или межмуниципальная (дорога регионального или межмуниципального значения);5.0;;Жилые дома индивидуальной застройки;Нерегулируемый перекрёсток неравнозначных улиц (дорог);Не установлены;Сведения отсутствуют;Ясно;Сухое;В темное время суток, освещение отсутствует;Движение частично перекрыто;2.0;2.0;0.0;1.0
14.0;23.10.2024;18:39;820.0;51.700944;94.452488;930002265.0;Наезд на пешехода;г.Кызыл;;Местного значения (дорога местного значения, включая относящиеся к собственности поселений, муниципальных районов, городских округов);;Иные места;Крупный торговый объект (являющийся объектом массового тяготения пешеходов и (или) транспорта);Перегон (нет объектов на месте ДТП);Не установлены;Сведения отсутствуют;Пасмурно;Сухое;В темное время суток, освещение отсутствует;Движение частично перекрыто;1.0;2.0;0.0;1.0
16.0;21.10.2024;18:50;820.0;51.711302;94.475534;930002252.0;Наезд на пешехода;г.Кызыл;;Местного значения (дорога местного значения, включая относящиеся к собственности поселений, муниципальных районов, городских округов);;Улицы и дороги местного значения в жилой застройке;Жилые дома индивидуальной застройки;Нерегулируемый перекрёсток неравнозначных улиц (дорог);Не установлены;Сведения отсутствуют;Пасмурно;Сухое;В темное время суток, освещение включено;Режим движения не изменялся;1.0;2.0;0.0;1.0
17.0;20.10.2024;07:34;600.0;51.177056;90.73441;930002245.0;Съезд с дороги;Барун-Хемчикский район;А162-Г.КЫЗЫЛ - Г.АК-ДОВУРАК;Региональная или межмуниципальная (дорога регионального или межмуниципального значения);6.0;Вне НП;Отсутствие в непосредственной близости объектов УДС и объектов притяжения;Перегон (нет объектов на месте ДТП);Не установлены;Сведения отсутствуют;Ясно;Мокрое;Светлое время суток;Режим движения не изменялся;1.0;1.0;1.0;0.0
19.0;18.10.2024;18:35;600.0;50.290546;90.427008;930002239.0;Съезд с дороги;Монгун-Тайгинский район;МУГУР-АКСЫ - КЫЗЫЛ-ХАЯ;Региональная или межмуниципальная (дорога регионального или межмуниципального значения);5.0;Вне НП;Отсутствие в непосредственной близости объектов УДС и объектов притяжения;Перегон (нет объектов на месте ДТП);Не установлены;Сведения отсутствуют;Пасмурно;Сухое;Сумерки;Режим движения не изменялся;1.0;6.0;0.0;4.0
20.0;17.10.2024;19:48;820.0;51.709414;94.516121;930002233.0;Наезд на пешехода;г.Кызыл;;Местного значения (дорога местного значения, включая относящиеся к собственности поселений, муниципальных районов, городских округов);;Улицы и дороги местного значения в жилой застройке;Отсутствие в непосредственной близости объектов УДС и объектов притяжения;Перегон (нет объектов на месте ДТП);Отсутствие освещения | Неисправное освещение;Сведения отсутствуют;Ясно;Сухое;В темное время суток, освещение отсутствует;Движение частично перекрыто;1.0;2.0;0.0;1.0
22.0;16.10.2024;19:02;820.0;51.69456;94.371325;930002225.0;Наезд на пешехода;г.Кызыл;;Местного значения (дорога местного значения, включая относящиеся к собственности поселений, муниципальных районов, городских округов);;Магистральные улицы общегородского значения;АЗС;Нерегулируемый перекрёсток неравнозначных улиц (дорог) | Остановка общественного транспорта;Неисправное освещение;Сведения отсутствуют;Ясно;Сухое;В темное время суток, освещение включено;Движение частично перекрыто;1.0;2.0;1.0;0.0
24.0;15.10.2024;16:39;600.0;51.282078;92.041097;930002218.0;Съезд с дороги;Чаа-Хольский район;Р-257 Енисей Красноярск - Абакан - Кызыл - граница с Монголией;Федеральная (дорога федерального значения);5.0;Вне НП;Отсутствие в непосредственной близости объектов УДС и объектов притяжения;Перегон (нет объектов на месте ДТП);Не установлены;Сведения отсутствуют;Ясно;Гололедица;Светлое время суток;Режим движения не изменялся;1.0;3.0;0.0;2.0
25.0;15.10.2024;13:21;500.0;51.692159;94.558275;930002214.0;Столкновение;Кызылский район;;Местного значения (дорога местного значения, включая относящиеся к собственности поселений, муниципальных районов, городских округов);;Поселковые дороги;Жилые дома индивидуальной застройки;Нерегулируемый перекрёсток неравнозначных улиц (дорог);Не установлены;Сведения отсутствуют;Ясно;Сухое;Светлое время суток;Движение частично перекрыто;2.0;3.0;0.0;1.0
26.0;14.10.2024;02:51;830.0;51.519088;92.91959;930002201.0;Наезд на пешехода;Улуг-Хемский район;Р-257 Енисей Красноярск - Абакан - Кызыл - граница с Монголией;Федеральная (дорога федерального значения);5.0;;АЗС;Перегон (нет объектов на месте ДТП);Отсутствие освещения;Сведения отсутствуют;Ясно;Сухое;В темное время суток, освещение отсутствует;Движение частично перекрыто;1.0;5.0;1.0;0.0
27.0;13.10.2024;14:47;500.0;51.51348;92.327229;930002199.0;Столкновение;Чаа-Хольский район;;Местного значения (дорога местного значения, включая относящиеся к собственности поселений, муниципальных районов, городских округов);;Поселковые дороги;Жилые дома индивидуальной застройки;Нерегулируемый пешеходный переход | Нерегулируемый перекрёсток неравнозначных улиц (дорог);Не установлены;Сведения отсутствуют;Ясно;Сухое;Светлое время суток;Движение частично перекрыто;2.0;3.0;0.0;1.0
29.0;12.10.2024;17:20;600.0;51.117344;95.0559;930002191.0;Съезд с дороги;Тандинский район;Кызыл-Эрзин-граница с Монголией;Региональная или межмуниципальная (дорога регионального или межмуниципального значения);5.0;Вне НП;Отсутствие в непосредственной близости объектов УДС и объектов притяжения;Перегон (нет объектов на месте ДТП);Не установлены;Сведения отсутствуют;Ясно;Сухое;Светлое время суток;Движение частично перекрыто;1.0;3.0;0.0;1.0
30.0;11.10.2024;17:25;300.0;51.70351;94.47371;930002178.0;Столкновение;г.Кызыл;;Местного значения (дорога местного значения, включая относящиеся к собственности поселений, муниципальных районов, городских округов);;Магистральные улицы общегородского значения;Многоквартирные жилые дома | Объект (здание, сооружение) религиозного культа | Одиночный торговый объект, являющийся местом притяжения транспорта и (или) пешеходов;Регулируемый пешеходный переход | Регулируемый перекресток;Не установлены;Сведения отсутствуют;Ясно;Сухое;Светлое время суток;Движение частично перекрыто;2.0;5.0;0.0;4.0
31.0;11.10.2024;14:36;870.0;51.283555;91.570959;930002175.0;Наезд на пешехода;Дзун-Хемчикский район;;Местного значения (дорога местного значения, включая относящиеся к собственности поселений, муниципальных районов, городских округов);;Улицы и дороги местного значения научно-производственных промышленных и коммунально-складских районов;Жилые дома индивидуальной застройки | Одиночный торговый объект, являющийся местом притяжения транспорта и (или) пешеходов;Перегон (нет объектов на месте ДТП);Не установлены;Сведения отсутствуют;Ясно;Сухое;Светлое время суток;Движение частично перекрыто;1.0;2.0;0.0;1.0
33.0;11.10.2024;18:27;600.0;51.529578;92.929906;930002177.0;Опрокидывание;Улуг-Хемский район;;Местного значения (дорога местного значения, включая относящиеся к собственности поселений, муниципальных районов, городских округов);;Иные места;Жилые дома индивидуальной застройки;Перегон (нет объектов на месте ДТП);Не установлены;Сведения отсутствуют;Ясно;Сухое;Сумерки;Движение частично перекрыто;1.0;1.0;0.0;1.0
34.0;10.10.2024;13:38;420.0;51.714905;94.49108;930002167.0;Столкновение;г.Кызыл;;Местного значения (дорога местного значения, включая относящиеся к собственности поселений, муниципальных районов, городских округов);;Магистральные улицы общегородского значения;Крупный торговый объект (являющийся объектом массового тяготения пешеходов и (или) транспорта);Нерегулируемый пешеходный переход | Нерегулируемый перекрёсток неравнозначных улиц (дорог);Не установлены;Сведения отсутствуют;Пасмурно;Сухое;Светлое время суток;Движение частично перекрыто;2.0;2.0;0.0;1.0
35.0;10.10.2024;18:28;700.0;51.717843;94.438348;930002168.0;Наезд на пешехода;г.Кызыл;;Местного значения (дорога местного значения, включая относящиеся к собственности поселений, муниципальных районов, городских округов);;Магистральные улицы общегородского значения;Крупный торговый объект (являющийся объектом массового тяготения пешеходов и (или) транспорта);Нерегулируемый пешеходный переход | Нерегулируемый перекрёсток неравнозначных улиц (дорог);Дефекты покрытия | Неисправное освещение;Сведения отсутствуют;Пасмурно;Сухое;В темное время суток, освещение включено;Движение частично перекрыто;1.0;2.0;0.0;1.0
36.0;09.10.2024;20:03;840.0;51.740146;94.391125;930002161.0;Наезд на пешехода;Пий-Хемский район;ПОДЪЕЗД К Г.КЫЗЫЛУ (9КМ);Региональная или межмуниципальная (дорога регионального или межмуниципального значения);5.0;Вне НП;Отсутствие в непосредственной близости объектов УДС и объектов притяжения;Перегон (нет объектов на месте ДТП);Не установлены;Сведения отсутствуют;Пасмурно;Сухое;В темное время суток, освещение отсутствует;Движение частично перекрыто;1.0;2.0;1.0;0.0
37.0;08.10.2024;19:24;830.0;51.699966;94.418939;930002154.0;Наезд на пешехода;г.Кызыл;;Местного значения (дорога местного значения, включая относящиеся к собственности поселений, муниципальных районов, городских округов);;Иные места;Крупный торговый объект (являющийся объектом массового тяготения пешеходов и (или) транспорта) | Многоквартирные жилые дома;Внутридворовая территория;Не установлены;Сведения отсутствуют;Пасмурно;Мокрое;В темное время суток, освещение включено;Режим движения не изменялся;1.0;2.0;0.0;1.0
38.0;08.10.2024;13:28;300.0;50.594074;94.997707;930002149.0;Столкновение;Тес-Хемский район;;Местного значения (дорога местного значения, включая относящиеся к собственности поселений, муниципальных районов, городских округов);;Основные улицы в жилой застройке;Жилые дома индивидуальной застройки;Нерегулируемый перекрёсток неравнозначных улиц (дорог);Не установлены;Сведения отсутствуют;Ясно;Сухое;Светлое время суток;Движение частично перекрыто;2.0;2.0;0.0;1.0
39.0;07.10.2024;19:08;200.0;50.993987;95.1666;930002145.0;Столкновение;Тандинский район;;Местного значения (дорога местного значения, включая относящиеся к собственности поселений, муниципальных районов, городских округов);;Поселковые дороги;Жилые дома индивидуальной застройки;Перегон (нет объектов на месте ДТП);Не установлены;Сведения отсутствуют;Ясно;Сухое;В темное время суток, освещение включено;Движение частично перекрыто;2.0;7.0;0.0;2.0
40.0;07.10.2024;19:31;860.0;51.010238;90.199556;930002200.0;Наезд на пешехода;Бай-Тайгинский район;;Местного значения (дорога местного значения, включая относящиеся к собственности поселений, муниципальных районов, городских округов);;Поселковые дороги;Жилые дома индивидуальной застройки;Нерегулируемый перекрёсток неравнозначных улиц (дорог);Не установлены;Сведения отсутствуют;Ясно;Сухое;В темное время суток, освещение не включено;Режим движения не изменялся;1.0;2.0;1.0;0.0
42.0;07.10.2024;18:30;610.0;52.02753;93.508174;930002150.0;Опрокидывание;Пий-Хемский район;;Местного значения (дорога местного значения, включая относящиеся к собственности поселений, муниципальных районов, городских округов);;Вне НП;Отсутствие в непосредственной близости объектов УДС и объектов притяжения;Перегон (нет объектов на месте ДТП);Не установлены;Сведения отсутствуют;Ясно;Сухое;Сумерки;Режим движения не изменялся;1.0;1.0;0.0;1.0
44.0;06.10.2024;12:25;600.0;52.155083;93.859924;930002134.0;Съезд с дороги;Пий-Хемский район;Р-257 Енисей Красноярск - Абакан - Кызыл - граница с Монголией;Федеральная (дорога федерального значения);5.0;Вне НП;Отсутствие в непосредственной близости объектов УДС и объектов притяжения;Нерегулируемый перекрёсток неравнозначных улиц (дорог);Не установлены;Сведения отсутствуют;Ясно;Сухое;Светлое время суток;Режим движения не изменялся;1.0;2.0;0.0;1.0
45.0;06.10.2024;19:51;820.0;51.717517;94.379522;930002139.0;Наезд на пешехода;г.Кызыл;;Местного значения (дорога местного значения, включая относящиеся к собственности поселений, муниципальных районов, городских округов);;Улицы и дороги местного значения в жилой застройке;Жилые дома индивидуальной застройки;Нерегулируемый перекрёсток неравнозначных улиц (дорог);Отсутствие освещения;Сведения отсутствуют;Ясно;Сухое;В темное время суток, освещение отсутствует;Движение частично перекрыто;1.0;2.0;1.0;0.0
46.0;06.10.2024;19:40;900.0;51.558263;93.18552;930002138.0;Наезд на животное;Улуг-Хемский район;Р-257 Енисей Красноярск - Абакан - Кызыл - граница с Монголией;Федеральная (дорога федерального значения);8.0;Вне НП;Отсутствие в непосредственной близости объектов УДС и объектов притяжения;Перегон (нет объектов на месте ДТП);Не установлены;Сведения отсутствуют;Ясно;Сухое;В темное время суток, освещение отсутствует;Движение частично перекрыто;1.0;5.0;0.0;3.0
47.0;05.10.2024;04:02;930.0;51.690383;94.435258;930002122.0;Съезд с дороги;г.Кызыл;Кызыл-Эрзин-граница с Монголией;Региональная или межмуниципальная (дорога регионального или межмуниципального значения);5.0;;АЗС;Нерегулируемое пересечение с круговым движением;Отсутствие освещения;Сведения отсутствуют;Ясно;Сухое;В темное время суток, освещение включено;Режим движения не изменялся;1.0;2.0;0.0;2.0
48.0;05.10.2024;22:18;610.0;51.703291;94.510789;930002131.0;Съезд с дороги;г.Кызыл;;Местного значения (дорога местного значения, включая относящиеся к собственности поселений, муниципальных районов, городских округов);;Магистральные улицы общегородского значения;Одиночный торговый объект, являющийся местом притяжения транспорта и (или) пешеходов;Выезд с прилегающей территории;Не установлены;Сведения отсутствуют;Ясно;Сухое;В темное время суток, освещение включено;Движение частично перекрыто;1.0;1.0;1.0;0.0
49.0;04.10.2024;21:15;820.0;51.55792;93.089812;930002113.0;Наезд на пешехода;Улуг-Хемский район;Р-257 Енисей Красноярск - Абакан - Кызыл - граница с Монголией;Федеральная (дорога федерального значения);5.0;Вне НП;Отсутствие в непосредственной близости объектов УДС и объектов притяжения;Перегон (нет объектов на месте ДТП);Не установлены;Сведения отсутствуют;Ясно;Сухое;В темное время суток, освещение отсутствует;Движение частично перекрыто;1.0;2.0;1.0;0.0
50.0;04.10.2024;13:50;500.0;51.71198;94.450697;930002105.0;Столкновение;г.Кызыл;;Местного значения (дорога местного значения, включая относящиеся к собственности поселений, муниципальных районов, городских округов);;Улицы и дороги местного значения в жилой застройке;Жилые дома индивидуальной застройки;Нерегулируемый перекрёсток неравнозначных улиц (дорог);Не установлены;Сведения отсутствуют;Ясно;Сухое;Светлое время суток;Движение частично перекрыто;2.0;2.0;0.0;1.0
51.0;04.10.2024;22:43;830.0;51.791756;94.454795;930002116.0;Наезд на пешехода;г.Кызыл;Подъезд к С.КАРА-ХААК;Региональная или межмуниципальная (дорога регионального или межмуниципального значения);5.0;;Жилые дома индивидуальной застройки;Перегон (нет объектов на месте ДТП);Отсутствие освещения;Сведения отсутствуют;Ясно;Сухое;В темное время суток, освещение отсутствует;Движение частично перекрыто;1.0;2.0;1.0;0.0
53.0;02.10.2024;21:30;70.0;51.484386;95.567016;930002079.0;Столкновение;Каа-Хемский район;;Местного значения (дорога местного значения, включая относящиеся к собственности поселений, муниципальных районов, городских округов);;Главные улицы;Отсутствие в непосредственной близости объектов УДС и объектов притяжения;Перегон (нет объектов на месте ДТП);Неисправное освещение;Сведения отсутствуют;Дождь;Мокрое;В темное время суток, освещение не включено;Движение полностью перекрыто;2.0;2.0;1.0;0.0
54.0;02.10.2024;18:50;720.0;51.696914;94.412835;930002080.0;Наезд на пешехода;г.Кызыл;;Местного значения (дорога местного значения, включая относящиеся к собственности поселений, муниципальных районов, городских округов);;Улицы и дороги местного значения научно-производственных промышленных и коммунально-складских районов;Многоквартирные жилые дома;Регулируемый пешеходный переход | Регулируемый перекресток;Не установлены;Сведения отсутствуют;Дождь;Мокрое;В темное время суток, освещение включено;Движение частично перекрыто;1.0;2.0;0.0;1.0
55.0;02.10.2024;19:25;910.0;51.222206;90.521421;930002078.0;Наезд на стоящее ТС;Барун-Хемчикский район;АБАКАН-АК-ДОВУРАК;Региональная или межмуниципальная (дорога регионального или межмуниципального значения);5.0;Вне НП;Отсутствие в непосредственной близости объектов УДС и объектов притяжения;Перегон (нет объектов на месте ДТП);Не установлены;Сведения отсутствуют;Пасмурно;Мокрое;В темное время суток, освещение отсутствует;Движение частично перекрыто;2.0;3.0;0.0;2.0
56.0;01.10.2024;23:10;820.0;51.19138;90.599173;930002749.0;Наезд на пешехода;г.Ак-Довурак;;Местного значения (дорога местного значения, включая относящиеся к собственности поселений, муниципальных районов, городских округов);;Магистральные улицы районного значения;Административные здания | Нерегулируемый пешеходный переход | Многоквартирные жилые дома;Перегон (нет объектов на месте ДТП);Не установлены;Сведения отсутствуют;Ясно;Сухое;В темное время суток, освещение включено;Режим движения не изменялся;1.0;2.0;0.0;1.0
57.0;01.10.2024;19:15;910.0;51.540283;93.90447;930002069.0;Наезд на стоящее ТС;Тандинский район;Р-257 Енисей Красноярск - Абакан - Кызыл - граница с Монголией;Федеральная (дорога федерального значения);5.0;Вне НП;Отсутствие в непосредственной близости объектов УДС и объектов притяжения;Перегон (нет объектов на месте ДТП);Не установлены;Сведения отсутствуют;Ясно;Сухое;В темное время суток, освещение отсутствует;Движение частично перекрыто;3.0;5.0;1.0;3.0
1.0;30.11.2024;19:18;760.0;51.782464;94.453347;930002595.0;Наезд на пешехода;г.Кызыл;Подъезд к С.КАРА-ХААК;Региональная или межмуниципальная (дорога регионального или межмуниципального значения);5.0;;Крупный торговый объект (являющийся объектом массового тяготения пешеходов и (или) транспорта) | Жилые дома индивидуальной застройки;Нерегулируемый перекрёсток неравнозначных улиц (дорог);Не установлены;Сведения отсутствуют;Пасмурно;Со снежным накатом;В темное время суток, освещение включено;Режим движения не изменялся;1.0;2.0;0.0;1.0
2.0;30.11.2024;19:55;200.0;51.38591;93.895501;930002601.0;Столкновение;Чеди-Хольский район;Подъезд к - с.Хову-Аксы;Региональная или межмуниципальная (дорога регионального или межмуниципального значения);5.0;Вне НП;Отсутствие в непосредственной близости объектов УДС и объектов притяжения;Перегон (нет объектов на месте ДТП);Не установлены;Сведения отсутствуют;Ясно;Сухое;В темное время суток, освещение отсутствует;Движение частично перекрыто;2.0;5.0;0.0;3.0
3.0;30.11.2024;00:53;940.0;51.748322;95.422322;930002589.0;Наезд на препятствие;Каа-Хемский район;БОЯРОВКА - ТООРА-ХЕМ;Региональная или межмуниципальная (дорога регионального или межмуниципального значения);8.0;Вне НП;Отсутствие в непосредственной близости объектов УДС и объектов притяжения;Перегон (нет объектов на месте ДТП);Не установлены;Сведения отсутствуют;Ясно;Заснеженное;В темное время суток, освещение отсутствует;Режим движения не изменялся;1.0;3.0;0.0;3.0
4.0;28.11.2024;09:40;600.0;50.380735;95.071156;930002582.0;Съезд с дороги;Эрзинский район;Кызыл-Эрзин-граница с Монголией;Региональная или межмуниципальная (дорога регионального или межмуниципального значения);5.0;Вне НП;Отсутствие в непосредственной близости объектов УДС и объектов притяжения;Перегон (нет объектов на месте ДТП);Не установлены;Сведения отсутствуют;Ясно;Сухое;Светлое время суток;Движение частично перекрыто;1.0;5.0;4.0;1.0
7.0;27.11.2024;01:40;200.0;51.733049;94.412041;930002567.0;Столкновение;г.Кызыл;;Местного значения (дорога местного значения, включая относящиеся к собственности поселений, муниципальных районов, городских округов);;Улицы и дороги местного значения в жилой застройке;АЗС;Нерегулируемое пересечение с круговым движением;Не установлены;Сведения отсутствуют;Пасмурно;Со снежным накатом;В темное время суток, освещение включено;Режим движения не изменялся;2.0;4.0;0.0;3.0
8.0;27.11.2024;03:03;900.0;52.173742;93.826385;930002568.0;Наезд на животное;Пий-Хемский район;Р-257 Енисей Красноярск - Абакан - Кызыл - граница с Монголией;Федеральная (дорога федерального значения);8.0;Вне НП;Отсутствие в непосредственной близости объектов УДС и объектов притяжения;Перегон (нет объектов на месте ДТП);Не установлены;Сведения отсутствуют;Туман;Сухое;В темное время суток, освещение отсутствует;Режим движения не изменялся;1.0;3.0;0.0;1.0
9.0;24.11.2024;13:30;200.0;51.865388;95.437889;930002552.0;Столкновение;Каа-Хемский район;БОЯРОВКА - ТООРА-ХЕМ;Региональная или межмуниципальная (дорога регионального или межмуниципального значения);5.0;Вне НП;Мост;Перегон (нет объектов на месте ДТП);Не установлены;Сведения отсутствуют;Пасмурно;Заснеженное;Светлое время суток;Режим движения не изменялся;2.0;3.0;0.0;1.0
10.0;24.11.2024;09:15;600.0;50.264244;95.184925;930002550.0;Съезд с дороги;Эрзинский район;ЭРЗИН - НАРЫН;Региональная или межмуниципальная (дорога регионального или межмуниципального значения);5.0;Вне НП;Отсутствие в непосредственной близости объектов УДС и объектов притяжения;Перегон (нет объектов на месте ДТП);Не установлены;Сведения отсутствуют;Пасмурно;Сухое;Светлое время суток;Режим движения не изменялся;1.0;1.0;0.0;1.0
12.0;20.11.2024;18:00;820.0;51.172637;90.59117;930002522.0;Наезд на пешехода;г.Ак-Довурак;;Местного значения (дорога местного значения, включая относящиеся к собственности поселений, муниципальных районов, городских округов);;Улицы и дороги местного значения в жилой застройке;Жилые дома индивидуальной застройки;Нерегулируемый перекрёсток неравнозначных улиц (дорог);Не установлены;Сведения отсутствуют;Ясно;Сухое;В темное время суток, освещение включено;Режим движения не изменялся;1.0;2.0;1.0;0.0
14.0;20.11.2024;07:55;820.0;51.171648;90.593444;930002515.0;Наезд на пешехода;г.Ак-Довурак;;Местного значения (дорога местного значения, включая относящиеся к собственности поселений, муниципальных районов, городских округов);;Улицы и дороги местного значения в жилой застройке;Жилые дома индивидуальной застройки;Нерегулируемый перекрёсток неравнозначных улиц (дорог);Не установлены;Сведения отсутствуют;Ясно;Сухое;Светлое время суток;Режим движения не изменялся;1.0;2.0;0.0;1.0
15.0;20.11.2024;04:00;600.0;51.383393;92.421134;930002512.0;Съезд с дороги;Чаа-Хольский район;Р-257 Енисей Красноярск - Абакан - Кызыл - граница с Монголией;Федеральная (дорога федерального значения);5.0;Вне НП;Отсутствие в непосредственной близости объектов УДС и объектов притяжения;Перегон (нет объектов на месте ДТП);Не установлены;Сведения отсутствуют;Ясно;Сухое;В темное время суток, освещение отсутствует;Режим движения не изменялся;1.0;2.0;1.0;1.0
16.0;20.11.2024;22:18;930.0;51.693329;94.578509;930002524.0;Наезд на препятствие;Кызылский район;;Местного значения (дорога местного значения, включая относящиеся к собственности поселений, муниципальных районов, городских округов);;Улицы и дороги местного значения в производственных, промышленных и коммунально-складских зонах;Жилые дома индивидуальной застройки;Нерегулируемый перекрёсток неравнозначных улиц (дорог);Не установлены;Сведения отсутствуют;Ясно;Сухое;В темное время суток, освещение включено;Режим движения не изменялся;1.0;2.0;0.0;2.0
17.0;19.11.2024;03:11;770.0;51.287822;91.57819;930002504.0;Наезд на пешехода;Дзун-Хемчикский район;;Местного значения (дорога местного значения, включая относящиеся к собственности поселений, муниципальных районов, городских округов);;Улицы и дороги местного значения в жилой застройке;Жилые дома индивидуальной застройки;Нерегулируемый перекрёсток неравнозначных улиц (дорог);Не установлены;Сведения отсутствуют;Ясно;Сухое;В темное время суток, освещение включено;Режим движения не изменялся;1.0;2.0;0.0;1.0
18.0;18.11.2024;17:45;940.0;51.835883;94.342239;930002500.0;Наезд на препятствие;Пий-Хемский район;Р-257 Енисей Красноярск - Абакан - Кызыл - граница с Монголией;Федеральная (дорога федерального значения);5.0;Вне НП;Отсутствие в непосредственной близости объектов УДС и объектов притяжения;Перегон (нет объектов на месте ДТП);Не установлены;Сведения отсутствуют;Ясно;Сухое;В темное время суток, освещение отсутствует;Движение частично перекрыто;1.0;2.0;0.0;1.0
19.0;18.11.2024;16:45;720.0;51.715716;94.431621;930002498.0;Наезд на пешехода;г.Кызыл;;Местного значения (дорога местного значения, включая относящиеся к собственности поселений, муниципальных районов, городских округов);;Улицы и дороги местного значения в жилой застройке;Многоквартирные жилые дома;Регулируемый пешеходный переход | Регулируемый перекресток;Не установлены;Сведения отсутствуют;Ясно;Сухое;Сумерки;Движение частично перекрыто;1.0;2.0;0.0;1.0
21.0;16.11.2024;17:50;600.0;51.278884;91.629281;930002480.0;Съезд с дороги;Дзун-Хемчикский район;ЧАДАН - БАЖЫН-АЛААК;Региональная или межмуниципальная (дорога регионального или межмуниципального значения);6.0;Вне НП;Отсутствие в непосредственной близости объектов УДС и объектов притяжения;Перегон (нет объектов на месте ДТП);Не установлены;Сведения отсутствуют;Пасмурно;Сухое;В темное время суток, освещение отсутствует;Режим движения не изменялся;1.0;1.0;0.0;1.0
22.0;16.11.2024;06:40;830.0;51.686639;94.402642;930002474.0;Наезд на пешехода;г.Кызыл;Кызыл-Эрзин-граница с Монголией;Региональная или межмуниципальная (дорога регионального или межмуниципального значения);5.0;;Иная образовательная организация | Жилые дома индивидуальной застройки;Перегон (нет объектов на месте ДТП);Не установлены;Сведения отсутствуют;Ясно;Сухое;В темное время суток, освещение отсутствует;Движение частично перекрыто;1.0;2.0;1.0;0.0
23.0;16.11.2024;18:11;200.0;50.897133;95.193658;930002483.0;Столкновение;Тандинский район;Кызыл-Эрзин-граница с Монголией;Региональная или межмуниципальная (дорога регионального или межмуниципального значения);5.0;Вне НП;Отсутствие в непосредственной близости объектов УДС и объектов притяжения;Перегон (нет объектов на месте ДТП);Недостатки зимнего содержания;Сведения отсутствуют;Ясно;Сухое;В темное время суток, освещение отсутствует;Режим движения не изменялся;2.0;4.0;2.0;2.0
24.0;15.11.2024;20:33;200.0;51.890609;94.344583;930002469.0;Столкновение;Пий-Хемский район;Р-257 Енисей Красноярск - Абакан - Кызыл - граница с Монголией;Федеральная (дорога федерального значения);5.0;Вне НП;Отсутствие в непосредственной близости объектов УДС и объектов притяжения;Перегон (нет объектов на месте ДТП);Не установлены;Сведения отсутствуют;Ясно;Сухое;В темное время суток, освещение отсутствует;Режим движения не изменялся;2.0;6.0;0.0;4.0
25.0;14.11.2024;14:00;610.0;52.01734;93.682779;930002462.0;Съезд с дороги;Пий-Хемский район;Подъезд к с.Хадын;Региональная или межмуниципальная (дорога регионального или межмуниципального значения);5.0;Вне НП;Мост;Мост, эстакада, путепровод;Не установлены;Сведения отсутствуют;Ясно;Заснеженное;Светлое время суток;Режим движения не изменялся;1.0;1.0;0.0;1.0
26.0;13.11.2024;00:40;70.0;51.559137;93.131962;930002450.0;Столкновение;Улуг-Хемский район;Р-257 Енисей Красноярск - Абакан - Кызыл - граница с Монголией;Федеральная (дорога федерального значения);5.0;Вне НП;Остановка общественного транспорта;Нерегулируемый пешеходный переход;Не установлены;Сведения отсутствуют;Пасмурно;Сухое;В темное время суток, освещение отсутствует;Режим движения не изменялся;2.0;4.0;1.0;2.0
27.0;13.11.2024;22:46;830.0;51.701156;94.409541;930002458.0;Наезд на пешехода;г.Кызыл;;Местного значения (дорога местного значения, включая относящиеся к собственности поселений, муниципальных районов, городских округов);;Иные места;Многоквартирные жилые дома;Внутридворовая территория;Не установлены;Сведения отсутствуют;Пасмурно;Сухое;В темное время суток, освещение не включено;Режим движения не изменялся;1.0;2.0;0.0;1.0
28.0;12.11.2024;19:01;820.0;51.810412;94.45737;930002443.0;Наезд на пешехода;г.Кызыл;Подъезд к С.КАРА-ХААК;Региональная или межмуниципальная (дорога регионального или межмуниципального значения);5.0;;Жилые дома индивидуальной застройки;Перегон (нет объектов на месте ДТП);Не установлены;Сведения отсутствуют;Пасмурно;Сухое;В темное время суток, освещение отсутствует;Движение частично перекрыто;1.0;2.0;1.0;0.0
29.0;12.11.2024;15:50;600.0;51.208362;93.714033;930002441.0;Съезд с дороги;Чеди-Хольский район;Подъезд к - с.Хову-Аксы;Региональная или межмуниципальная (дорога регионального или межмуниципального значения);6.0;Вне НП;Отсутствие в непосредственной близости объектов УДС и объектов притяжения;Перегон (нет объектов на месте ДТП);Не установлены;Сведения отсутствуют;Снегопад;Заснеженное;Светлое время суток;Режим движения не изменялся;1.0;2.0;0.0;2.0
30.0;11.11.2024;22:55;70.0;51.151275;90.600697;930002436.0;Столкновение;Барун-Хемчикский район;;Местного значения (дорога местного значения, включая относящиеся к собственности поселений, муниципальных районов, городских округов);;Главные улицы;АЗС;Перегон (нет объектов на месте ДТП);Не установлены;Сведения отсутствуют;Ясно;Сухое;В темное время суток, освещение отсутствует;Режим движения не изменялся;2.0;3.0;0.0;1.0
31.0;11.11.2024;19:03;20.0;51.63488;94.438262;930002434.0;Столкновение;Кызылский район;Кызыл-Эрзин-граница с Монголией;Региональная или межмуниципальная (дорога регионального или межмуниципального значения);5.0;Вне НП;Отсутствие в непосредственной близости объектов УДС и объектов притяжения;Перегон (нет объектов на месте ДТП);Не установлены;Сведения отсутствуют;Пасмурно;Сухое;В темное время суток, освещение отсутствует;Режим движения не изменялся;2.0;4.0;0.0;2.0
32.0;10.11.2024;20:30;70.0;51.620575;95.344999;930002426.0;Столкновение;Каа-Хемский район;БОЯРОВКА - ТООРА-ХЕМ;Региональная или межмуниципальная (дорога регионального или межмуниципального значения);8.0;Вне НП;Отсутствие в непосредственной близости объектов УДС и объектов притяжения;Перегон (нет объектов на месте ДТП);Не установлены;Сведения отсутствуют;Снегопад;Гололедица;В темное время суток, освещение отсутствует;Движение частично перекрыто;2.0;2.0;1.0;0.0
33.0;10.11.2024;19:34;610.0;51.554167;93.519756;930002425.0;Съезд с дороги;Улуг-Хемский район;Р-257 Енисей Красноярск - Абакан - Кызыл - граница с Монголией;Федеральная (дорога федерального значения);5.0;;Отсутствие в непосредственной близости объектов УДС и объектов притяжения;Перегон (нет объектов на месте ДТП);Не установлены;Сведения отсутствуют;Ясно;Сухое;В темное время суток, освещение отсутствует;Режим движения не изменялся;1.0;5.0;0.0;4.0
34.0;10.11.2024;21:16;500.0;51.713489;94.437575;930002424.0;Столкновение;г.Кызыл;;Местного значения (дорога местного значения, включая относящиеся к собственности поселений, муниципальных районов, городских округов);;Улицы и дороги местного значения в жилой застройке;Жилые дома индивидуальной застройки;Нерегулируемый перекрёсток неравнозначных улиц (дорог);Не установлены;Сведения отсутствуют;Пасмурно;Сухое;В темное время суток, освещение включено;Режим движения не изменялся;2.0;5.0;0.0;4.0
35.0;08.11.2024;14:52;840.0;51.17074;90.592672;930002410.0;Наезд на пешехода;г.Ак-Довурак;;Местного значения (дорога местного значения, включая относящиеся к собственности поселений, муниципальных районов, городских округов);;Основные улицы в жилой застройке;Жилые дома индивидуальной застройки;Перегон (нет объектов на месте ДТП);Не установлены;Сведения отсутствуют;Ясно;Сухое;Светлое время суток;Режим движения не изменялся;1.0;2.0;0.0;1.0
36.0;07.11.2024;10:33;610.0;51.278508;91.340847;930002399.0;Съезд с дороги;Дзун-Хемчикский район;А162-Г.КЫЗЫЛ - Г.АК-ДОВУРАК;Региональная или межмуниципальная (дорога регионального или межмуниципального значения);6.0;Вне НП;Иной объект;Иное место;Не установлены;Сведения отсутствуют;Туман;Гололедица;Светлое время суток;Режим движения не изменялся;1.0;2.0;0.0;2.0
39.0;06.11.2024;18:33;900.0;52.122398;93.932633;930002393.0;Наезд на животное;Пий-Хемский район;Р-257 Енисей Красноярск - Абакан - Кызыл - граница с Монголией;Федеральная (дорога федерального значения);5.0;Вне НП;Отсутствие в непосредственной близости объектов УДС и объектов притяжения;Перегон (нет объектов на месте ДТП);Не установлены;Оказание влияния на движение транспортного потока или отдельного транспортного средства, наличия или внезапного появления на проезжей части животных;Ясно;Сухое;В темное время суток, освещение отсутствует;Режим движения не изменялся;1.0;2.0;0.0;1.0
40.0;05.11.2024;21:25;740.0;51.703224;94.512506;930002385.0;Наезд на пешехода;г.Кызыл;;Местного значения (дорога местного значения, включая относящиеся к собственности поселений, муниципальных районов, городских округов);;Магистральные улицы общегородского значения;Остановка общественного транспорта | Жилые дома индивидуальной застройки;Нерегулируемый пешеходный переход;Не установлены;Сведения отсутствуют;Ясно;Сухое;В темное время суток, освещение включено;Режим движения не изменялся;1.0;2.0;0.0;1.0
41.0;05.11.2024;15:23;500.0;51.687749;94.583992;930002380.0;Столкновение;Кызылский район;;Местного значения (дорога местного значения, включая относящиеся к собственности поселений, муниципальных районов, городских округов);;Основные улицы в жилой застройке;Жилые дома индивидуальной застройки;Нерегулируемый перекрёсток неравнозначных улиц (дорог);Не установлены;Сведения отсутствуют;Ясно;Сухое;Светлое время суток;Режим движения не изменялся;2.0;3.0;0.0;1.0
42.0;04.11.2024;23:40;900.0;51.076028;91.620655;930002376.0;Наезд на животное;Дзун-Хемчикский район;Р-257 Енисей Красноярск - Абакан - Кызыл - граница с Монголией;Федеральная (дорога федерального значения);5.0;Вне НП;Отсутствие в непосредственной близости объектов УДС и объектов притяжения;Перегон (нет объектов на месте ДТП);Не установлены;Сведения отсутствуют;Ясно;Сухое;В темное время суток, освещение отсутствует;Режим движения не изменялся;1.0;2.0;0.0;1.0
44.0;03.11.2024;21:43;300.0;51.184824;90.597564;930002366.0;Столкновение;г.Ак-Довурак;;Местного значения (дорога местного значения, включая относящиеся к собственности поселений, муниципальных районов, городских округов);;Магистральные улицы районного значения;Административные здания | Многоквартирные жилые дома | Территориальное подразделение МВД России (либо его структурное подразделение);Регулируемый перекресток;Не установлены;Сведения отсутствуют;Ясно;Сухое;В темное время суток, освещение включено;Режим движения не изменялся;2.0;5.0;0.0;4.0
45.0;03.11.2024;20:52;600.0;51.43761;92.595219;930002362.0;Съезд с дороги;Улуг-Хемский район;Р-257 Енисей Красноярск - Абакан - Кызыл - граница с Монголией;Федеральная (дорога федерального значения);5.0;Вне НП;Отсутствие в непосредственной близости объектов УДС и объектов притяжения;Перегон (нет объектов на месте ДТП);Не установлены;Сведения отсутствуют;Пасмурно;Гололедица;В темное время суток, освещение отсутствует;Режим движения не изменялся;1.0;7.0;0.0;6.0
46.0;03.11.2024;20:45;730.0;51.696508;94.406451;930002364.0;Наезд на пешехода;г.Кызыл;;Местного значения (дорога местного значения, включая относящиеся к собственности поселений, муниципальных районов, городских округов);;Улицы и дороги местного значения научно-производственных промышленных и коммунально-складских районов;Административные здания | Многоквартирные жилые дома;Регулируемый пешеходный переход | Регулируемый перекресток;Не установлены;Сведения отсутствуют;Пасмурно;Сухое;В темное время суток, освещение включено;Режим движения не изменялся;1.0;2.0;0.0;1.0
47.0;03.11.2024;20:10;70.0;51.70242;94.458593;930002361.0;Столкновение;г.Кызыл;;Местного значения (дорога местного значения, включая относящиеся к собственности поселений, муниципальных районов, городских округов);;Улицы и дороги местного значения научно-производственных промышленных и коммунально-складских районов;Спортивные и развлекательные объекты | Регулируемый пешеходный переход | Жилые дома индивидуальной застройки;Регулируемый перекресток;Не установлены;Сведения отсутствуют;Пасмурно;Сухое;В темное время суток, освещение включено;Движение частично перекрыто;2.0;6.0;0.0;4.0
48.0;02.11.2024;20:50;940.0;51.078299;94.647206;930002355.0;Наезд на препятствие;Тандинский район;Бай-Хаак - Балгазын;Региональная или межмуниципальная (дорога регионального или межмуниципального значения);7.0;Вне НП;Отсутствие в непосредственной близости объектов УДС и объектов притяжения;Перегон (нет объектов на месте ДТП);Не установлены;Сведения отсутствуют;Ясно;Сухое;В темное время суток, освещение отсутствует;Режим движения не изменялся;1.0;4.0;0.0;3.0
49.0;02.11.2024;17:58;820.0;51.523851;92.931933;930002349.0;Наезд на пешехода;Улуг-Хемский район;Р-257 Енисей Красноярск - Абакан - Кызыл - граница с Монголией;Федеральная (дорога федерального значения);5.0;;Административные здания | Жилые дома индивидуальной застройки;Нерегулируемый перекрёсток неравнозначных улиц (дорог);Не установлены;Сведения отсутствуют;Ясно;Сухое;В темное время суток, освещение отсутствует;Режим движения не изменялся;1.0;2.0;0.0;1.0
50.0;02.11.2024;04:15;600.0;51.216992;93.720417;930002344.0;Съезд с дороги;Чеди-Хольский район;Подъезд к - с.Хову-Аксы;Региональная или межмуниципальная (дорога регионального или межмуниципального значения);5.0;Вне НП;Отсутствие в непосредственной близости объектов УДС и объектов притяжения;Перегон (нет объектов на месте ДТП);Не установлены;Сведения отсутствуют;Пасмурно;Со снежным накатом;В темное время суток, освещение отсутствует;Режим движения не изменялся;1.0;1.0;0.0;1.0
51.0;02.11.2024;04:50;820.0;51.777426;94.452596;930002342.0;Наезд на пешехода;г.Кызыл;Подъезд к С.КАРА-ХААК;Региональная или межмуниципальная (дорога регионального или межмуниципального значения);5.0;;Жилые дома индивидуальной застройки;Перегон (нет объектов на месте ДТП);Не установлены;Сведения отсутствуют;Ясно;Сухое;В темное время суток, освещение отсутствует;Режим движения не изменялся;1.0;2.0;0.0;1.0
52.0;02.11.2024;07:12;930.0;51.189195;90.603443;930002345.0;Наезд на препятствие;г.Ак-Довурак;;Местного значения (дорога местного значения, включая относящиеся к собственности поселений, муниципальных районов, городских округов);;Улицы и дороги местного значения научно-производственных промышленных и коммунально-складских районов;Административные здания | Многоквартирные жилые дома;Нерегулируемый перекрёсток неравнозначных улиц (дорог);Не установлены;Сведения отсутствуют;Ясно;Сухое;Светлое время суток;Режим движения не изменялся;1.0;2.0;0.0;2.0
53.0;01.11.2024;16:22;500.0;51.708636;94.444731;930002337.0;Столкновение;г.Кызыл;;Местного значения (дорога местного значения, включая относящиеся к собственности поселений, муниципальных районов, городских округов);;Улицы и дороги местного значения в жилой застройке;Крупный торговый объект (являющийся объектом массового тяготения пешеходов и (или) транспорта) | Жилые дома индивидуальной застройки;Нерегулируемый пешеходный переход | Нерегулируемый перекрёсток неравнозначных улиц (дорог);Не установлены;Сведения отсутствуют;Ясно;Сухое;В темное время суток, освещение включено;Движение частично перекрыто;2.0;5.0;0.0;1.0
1.0;30.12.2024;20:13;200.0;51.193035;93.543509;930002897.0;Столкновение;Чеди-Хольский район;ПОДЪЕЗД К С.АК-ТАЛ;Региональная или межмуниципальная (дорога регионального или межмуниципального значения);6.0;Вне НП;Отсутствие в непосредственной близости объектов УДС и объектов притяжения;Перегон (нет объектов на месте ДТП);Не установлены;Сведения отсутствуют;Ясно;Заснеженное;В темное время суток, освещение отсутствует;Режим движения не изменялся;2.0;6.0;0.0;1.0
2.0;29.12.2024;12:10;70.0;51.740325;94.390166;930002891.0;Столкновение;Пий-Хемский район;ПОДЪЕЗД К Г.КЫЗЫЛУ (9КМ);Региональная или межмуниципальная (дорога регионального или межмуниципального значения);5.0;Вне НП;Отсутствие в непосредственной близости объектов УДС и объектов притяжения;Перегон (нет объектов на месте ДТП);Не установлены;Сведения отсутствуют;Ясно;Сухое;Светлое время суток;Режим движения не изменялся;2.0;3.0;0.0;1.0
3.0;29.12.2024;13:53;820.0;51.710983;94.43838;930002881.0;Наезд на пешехода;г.Кызыл;;Местного значения (дорога местного значения, включая относящиеся к собственности поселений, муниципальных районов, городских округов);;Улицы и дороги местного значения в жилой застройке;Крупный торговый объект (являющийся объектом массового тяготения пешеходов и (или) транспорта) | Производственное предприятие | Нерегулируемый пешеходный переход | Кладбище;Нерегулируемое пересечение с круговым движением;Не установлены;Сведения отсутствуют;Ясно;Со снежным накатом;Светлое время суток;Режим движения не изменялся;1.0;2.0;0.0;1.0
4.0;28.12.2024;04:38;940.0;51.290627;91.590807;930002861.0;Наезд на препятствие;Дзун-Хемчикский район;;Местного значения (дорога местного значения, включая относящиеся к собственности поселений, муниципальных районов, городских округов);;Улицы и дороги местного значения в жилой застройке;АЗС;Нерегулируемое пересечение с круговым движением;Не установлены;Участок, оборудованный искусственными неровностями;Ясно;Обработанное противогололедными материалами;В темное время суток, освещение включено;Режим движения не изменялся;1.0;5.0;0.0;2.0
5.0;27.12.2024;02:15;40.0;51.720648;94.452081;930002851.0;Столкновение;г.Кызыл;;Местного значения (дорога местного значения, включая относящиеся к собственности поселений, муниципальных районов, городских округов);;Улицы и дороги местного значения в жилой застройке;Крупный торговый объект (являющийся объектом массового тяготения пешеходов и (или) транспорта) | Административные здания | Многоквартирные жилые дома;Перегон (нет объектов на месте ДТП);Не установлены;Сведения отсутствуют;Ясно | Температура ниже -30С;Со снежным накатом;В темное время суток, освещение включено;Режим движения не изменялся;2.0;4.0;0.0;2.0
6.0;27.12.2024;16:15;990.0;51.33403;96.318104;930002882.0;Опрокидывание;Каа-Хемский район;;Местного значения (дорога местного значения, включая относящиеся к собственности поселений, муниципальных районов, городских округов);;Вне НП;Отсутствие в непосредственной близости объектов УДС и объектов притяжения;Перегон (нет объектов на месте ДТП);Не установлены;Сведения отсутствуют;Ясно;Заснеженное;Светлое время суток;Режим движения не изменялся;1.0;2.0;1.0;1.0
7.0;26.12.2024;17:54;200.0;51.57919;94.495897;930002848.0;Столкновение;Кызылский район;Кызыл-Эрзин-граница с Монголией;Региональная или межмуниципальная (дорога регионального или межмуниципального значения);5.0;Вне НП;Отсутствие в непосредственной близости объектов УДС и объектов притяжения;Перегон (нет объектов на месте ДТП);Не установлены;Сведения отсутствуют;Пасмурно;Со снежным накатом;В темное время суток, освещение отсутствует;Режим движения не изменялся;2.0;3.0;0.0;1.0
8.0;26.12.2024;01:00;610.0;50.513386;94.65507;930002846.0;Съезд с дороги;Тес-Хемский район;Подъезд к с.Ак-Эрик;Региональная или межмуниципальная (дорога регионального или межмуниципального значения);7.0;Вне НП;Отсутствие в непосредственной близости объектов УДС и объектов притяжения;Перегон (нет объектов на месте ДТП);Не установлены;Сведения отсутствуют;Ясно;Сухое;В темное время суток, освещение отсутствует;Режим движения не изменялся;1.0;3.0;0.0;2.0
9.0;24.12.2024;08:20;840.0;52.148258;93.914919;930002815.0;Наезд на пешехода;Пий-Хемский район;;Местного значения (дорога местного значения, включая относящиеся к собственности поселений, муниципальных районов, городских округов);;Улицы и дороги местного значения в жилой застройке;Жилые дома индивидуальной застройки;Перегон (нет объектов на месте ДТП);Недостатки зимнего содержания;Сведения отсутствуют;Пасмурно;Заснеженное;Светлое время суток;Режим движения не изменялся;1.0;2.0;0.0;1.0
10.0;23.12.2024;11:00;610.0;51.679428;94.356734;930002801.0;Съезд с дороги;г.Кызыл;Кызыл-Эрзин-граница с Монголией;Региональная или межмуниципальная (дорога регионального или межмуниципального значения);5.0;;Отсутствие в непосредственной близости объектов УДС и объектов притяжения;Перегон (нет объектов на месте ДТП);Не установлены;Сведения отсутствуют;Снегопад;Заснеженное;Светлое время суток;Режим движения не изменялся;1.0;1.0;0.0;1.0
12.0;22.12.2024;03:25;610.0;51.183123;94.556365;930002787.0;Съезд с дороги;Тандинский район;Подъезд к с.Бай-Хаак;Региональная или межмуниципальная (дорога регионального или межмуниципального значения);5.0;Вне НП;Отсутствие в непосредственной близости объектов УДС и объектов притяжения;Перегон (нет объектов на месте ДТП);Не установлены;Сведения отсутствуют;Ясно;Сухое;В темное время суток, освещение отсутствует;Режим движения не изменялся;1.0;5.0;1.0;4.0
14.0;22.12.2024;05:47;740.0;51.703045;94.523578;930002785.0;Наезд на пешехода;г.Кызыл;;Местного значения (дорога местного значения, включая относящиеся к собственности поселений, муниципальных районов, городских округов);;Улицы и дороги местного значения научно-производственных промышленных и коммунально-складских районов;Жилые дома индивидуальной застройки;Нерегулируемый пешеходный переход | Нерегулируемый перекрёсток неравнозначных улиц (дорог);Недостатки зимнего содержания;Сведения отсутствуют;Пасмурно | Температура ниже -30С;Со снежным накатом;В темное время суток, освещение включено;Режим движения не изменялся;1.0;2.0;1.0;1.0
15.0;21.12.2024;09:30;590.0;51.544293;93.013387;930002777.0;Съезд с дороги;Улуг-Хемский район;Р-257 Енисей Красноярск - Абакан - Кызыл - граница с Монголией;Федеральная (дорога федерального значения);5.0;Вне НП;Отсутствие в непосредственной близости объектов УДС и объектов притяжения;Нерегулируемый перекрёсток неравнозначных улиц (дорог);Не установлены;Сведения отсутствуют;Ясно;Заснеженное;Светлое время суток;Режим движения не изменялся;1.0;1.0;0.0;1.0
16.0;21.12.2024;18:49;610.0;51.176451;90.607274;930002781.0;Съезд с дороги;г.Ак-Довурак;;Местного значения (дорога местного значения, включая относящиеся к собственности поселений, муниципальных районов, городских округов);;Улицы и дороги местного значения в жилой застройке;Отсутствие в непосредственной близости объектов УДС и объектов притяжения;Перегон (нет объектов на месте ДТП);Не установлены;Сведения отсутствуют;Снегопад;Заснеженное;В темное время суток, освещение отсутствует;Режим движения не изменялся;1.0;1.0;0.0;1.0
17.0;21.12.2024;20:33;900.0;51.54384;93.004868;930002784.0;Наезд на животное;Улуг-Хемский район;Р-257 Енисей Красноярск - Абакан - Кызыл - граница с Монголией;Федеральная (дорога федерального значения);5.0;Вне НП;Отсутствие в непосредственной близости объектов УДС и объектов притяжения;Перегон (нет объектов на месте ДТП);Не установлены;Сведения отсутствуют;Ясно;Сухое;В темное время суток, освещение отсутствует;Режим движения не изменялся;1.0;6.0;0.0;1.0
18.0;19.12.2024;16:32;300.0;51.29213;91.596129;930002766.0;Столкновение;Дзун-Хемчикский район;Р-257 Енисей Красноярск - Абакан - Кызыл - граница с Монголией;Федеральная (дорога федерального значения);5.0;Вне НП;АЗС;Перегон (нет объектов на месте ДТП);Не установлены;Сведения отсутствуют;Пасмурно;Сухое;В темное время суток, освещение включено;Режим движения не изменялся;2.0;4.0;0.0;3.0
19.0;18.12.2024;06:20;70.0;52.193009;93.791571;930002756.0;Столкновение;Пий-Хемский район;Р-257 Енисей Красноярск - Абакан - Кызыл - граница с Монголией;Федеральная (дорога федерального значения);5.0;Вне НП;Отсутствие в непосредственной близости объектов УДС и объектов притяжения;Перегон (нет объектов на месте ДТП);Не установлены;Сведения отсутствуют;Ясно;Сухое;В темное время суток, освещение отсутствует;Режим движения не изменялся;2.0;12.0;0.0;11.0
20.0;18.12.2024;18:14;70.0;51.704505;94.435088;930002760.0;Столкновение;г.Кызыл;;Местного значения (дорога местного значения, включая относящиеся к собственности поселений, муниципальных районов, городских округов);;Магистральные улицы общегородского значения;Многоквартирные жилые дома;Нерегулируемое пересечение с круговым движением;Не установлены;Сведения отсутствуют;Пасмурно;Со снежным накатом;В темное время суток, освещение включено;Движение частично перекрыто;2.0;3.0;0.0;1.0
21.0;16.12.2024;17:35;740.0;51.693655;94.576278;930002741.0;Наезд на пешехода;Кызылский район;;Местного значения (дорога местного значения, включая относящиеся к собственности поселений, муниципальных районов, городских округов);;Улицы и дороги местного значения в производственных, промышленных и коммунально-складских зонах;Остановка общественного транспорта;Нерегулируемый пешеходный переход;Не установлены;Сведения отсутствуют;Пасмурно;Сухое;В темное время суток, освещение включено;Движение частично перекрыто;1.0;3.0;0.0;1.0
22.0;16.12.2024;03:50;600.0;51.730098;94.409112;930002732.0;Съезд с дороги;г.Кызыл;;Местного значения (дорога местного значения, включая относящиеся к собственности поселений, муниципальных районов, городских округов);;Улицы и дороги местного значения научно-производственных промышленных и коммунально-складских районов;Жилые дома индивидуальной застройки;Нерегулируемый перекрёсток неравнозначных улиц (дорог);Не установлены;Сведения отсутствуют;Ясно;Гололедица;В темное время суток, освещение не включено;Режим движения не изменялся;1.0;1.0;1.0;0.0
24.0;13.12.2024;21:52;200.0;51.162344;90.675412;930002718.0;Столкновение;Барун-Хемчикский район;А162-Г.КЫЗЫЛ - Г.АК-ДОВУРАК;Региональная или межмуниципальная (дорога регионального или межмуниципального значения);6.0;;Отсутствие в непосредственной близости объектов УДС и объектов притяжения;Перегон (нет объектов на месте ДТП);Не установлены;Сведения отсутствуют;Ясно | Температура ниже -30С;Заснеженное;В темное время суток, освещение отсутствует;Движение частично перекрыто;2.0;6.0;0.0;5.0
26.0;09.12.2024;14:10;940.0;51.917995;94.339861;930002695.0;Наезд на препятствие;Пий-Хемский район;Р-257 Енисей Красноярск - Абакан - Кызыл - граница с Монголией;Федеральная (дорога федерального значения);5.0;Вне НП;Отсутствие в непосредственной близости объектов УДС и объектов притяжения;Перегон (нет объектов на месте ДТП);Не установлены;Сведения отсутствуют;Ясно;Сухое;Светлое время суток;Режим движения не изменялся;1.0;1.0;0.0;1.0
27.0;09.12.2024;17:00;610.0;52.518088;96.08443;930002678.0;Съезд с дороги;Тоджинский район;Тоора-Хем - Ий;Региональная или межмуниципальная (дорога регионального или межмуниципального значения);7.0;Вне НП;Отсутствие в непосредственной близости объектов УДС и объектов притяжения;Перегон (нет объектов на месте ДТП);Не установлены;Сведения отсутствуют;Пасмурно;Заснеженное;Светлое время суток;Режим движения не изменялся;1.0;1.0;0.0;1.0
28.0;07.12.2024;06:29;940.0;51.811387;94.467273;930002665.0;Наезд на препятствие;г.Кызыл;;Местного значения (дорога местного значения, включая относящиеся к собственности поселений, муниципальных районов, городских округов);;Иные места;Жилые дома индивидуальной застройки;Тротуар, пешеходная дорожка;Не установлены;Сведения отсутствуют;Ясно;Со снежным накатом;Светлое время суток;Режим движения не изменялся;1.0;2.0;0.0;1.0
29.0;07.12.2024;01:08;890.0;51.428835;92.600434;930002664.0;Наезд на пешехода;Улуг-Хемский район;;Местного значения (дорога местного значения, включая относящиеся к собственности поселений, муниципальных районов, городских округов);;Поселковые дороги;Отсутствие в непосредственной близости объектов УДС и объектов притяжения;Перегон (нет объектов на месте ДТП);Не установлены;Сведения отсутствуют;Ясно;Со снежным накатом;В темное время суток, освещение отсутствует;Режим движения не изменялся;1.0;3.0;0.0;1.0
30.0;06.12.2024;18:08;760.0;51.692917;94.558811;930002663.0;Наезд на пешехода;Кызылский район;;Местного значения (дорога местного значения, включая относящиеся к собственности поселений, муниципальных районов, городских округов);;Второстепенные улицы в жилой застройке (переулки);Жилые дома индивидуальной застройки;Нерегулируемый перекрёсток неравнозначных улиц (дорог);Недостатки зимнего содержания;Сведения отсутствуют;Пасмурно;Со снежным накатом;В темное время суток, освещение включено;Движение частично перекрыто;1.0;2.0;0.0;1.0
31.0;06.12.2024;14:05;600.0;51.458045;95.613692;930002661.0;Съезд с дороги;Каа-Хемский район;;Местного значения (дорога местного значения, включая относящиеся к собственности поселений, муниципальных районов, городских округов);;Главные улицы;Остановка общественного транспорта | Нерегулируемый пешеходный переход | Жилые дома индивидуальной застройки;Нерегулируемый перекрёсток неравнозначных улиц (дорог);Недостатки зимнего содержания;Сведения отсутствуют;Ясно;Заснеженное;Светлое время суток;Режим движения не изменялся;2.0;5.0;0.0;1.0
32.0;04.12.2024;17:47;700.0;51.702912;94.418542;930002644.0;Наезд на пешехода;г.Кызыл;;Местного значения (дорога местного значения, включая относящиеся к собственности поселений, муниципальных районов, городских округов);;Магистральные улицы общегородского значения;Многоквартирные жилые дома;Регулируемый пешеходный переход | Регулируемый перекресток;Недостатки зимнего содержания;Участок, контролируемый стационарными камерами автоматической фотовидеофиксации нарушений ПДД, обозначенный соответствующим предупреждающим знаком;Пасмурно;Со снежным накатом;В темное время суток, освещение включено;Движение частично перекрыто;1.0;3.0;0.0;2.0
33.0;03.12.2024;11:30;990.0;50.381707;90.437039;930002624.0;Опрокидывание;Монгун-Тайгинский район;;Местного значения (дорога местного значения, включая относящиеся к собственности поселений, муниципальных районов, городских округов);;Главные улицы;Жилые дома индивидуальной застройки;Нерегулируемый перекрёсток равнозначных улиц (дорог);Не установлены;Сведения отсутствуют;Ясно;Заснеженное;Светлое время суток;Режим движения не изменялся;1.0;1.0;0.0;1.0
34.0;01.12.2024;00:35;430.0;51.711661;94.425731;930002600.0;Столкновение;г.Кызыл;;Местного значения (дорога местного значения, включая относящиеся к собственности поселений, муниципальных районов, городских округов);;Улицы и дороги местного значения в жилой застройке;Медицинские (лечебные) организации | Жилые дома индивидуальной застройки | Многоквартирные жилые дома;Нерегулируемый пешеходный переход | Нерегулируемый перекрёсток неравнозначных улиц (дорог);Не установлены;Сведения отсутствуют;Пасмурно;Сухое;В темное время суток, освещение включено;Режим движения не изменялся;2.0;5.0;0.0;2.0
2.0;30.01.2021;02:45;930.0;51.713596;94.424561;930000178.0;Наезд на препятствие;г.Кызыл;;Местного значения (дорога местного значения, включая относящиеся к собственности поселений, муниципальных районов, городских округов);;Улицы и дороги местного значения в жилой застройке;Жилые дома индивидуальной застройки;Перегон (нет объектов на месте ДТП);Не установлены;Сведения отсутствуют;Пасмурно | Снегопад;Заснеженное;В темное время суток, освещение включено;Режим движения не изменялся;1.0;3.0;0.0;1.0
3.0;29.01.2021;17:00;710.0;51.714991;94.439152;930000171.0;Наезд на пешехода;г.Кызыл;;Местного значения (дорога местного значения, включая относящиеся к собственности поселений, муниципальных районов, городских округов);;Магистральные улицы общегородского значения;Крупный торговый объект (являющийся объектом массового тяготения пешеходов и (или) транспорта) | Школа либо иная детская (в т.ч. дошкольная) организация | Жилые дома индивидуальной застройки | Многоквартирные жилые дома;Регулируемый пешеходный переход | Регулируемый перекресток;Не установлены;Сведения отсутствуют;Пасмурно;Заснеженное;Светлое время суток;Движение частично перекрыто;1.0;2.0;0.0;1.0
5.0;25.01.2021;00:18;940.0;51.712539;94.457102;930000137.0;Наезд на препятствие;г.Кызыл;;Местного значения (дорога местного значения, включая относящиеся к собственности поселений, муниципальных районов, городских округов);;Улицы и дороги местного значения научно-производственных промышленных и коммунально-складских районов;Жилые дома индивидуальной застройки;Нерегулируемый перекрёсток неравнозначных улиц (дорог);Не установлены;Сведения отсутствуют;Пасмурно;Заснеженное;В темное время суток, освещение включено;Режим движения не изменялся;1.0;1.0;0.0;1.0
6.0;24.01.2021;09:00;200.0;51.711794;94.430687;930000131.0;Столкновение;г.Кызыл;;Местного значения (дорога местного значения, включая относящиеся к собственности поселений, муниципальных районов, городских округов);;Улицы и дороги местного значения в жилой застройке;Жилые дома индивидуальной застройки;Перегон (нет объектов на месте ДТП);Не установлены;Сведения отсутствуют;Ясно;Со снежным накатом;Светлое время суток;Режим движения не изменялся;2.0;3.0;0.0;3.0
7.0;24.01.2021;20:23;500.0;51.71194;94.4506;930000136.0;Столкновение;г.Кызыл;;Местного значения (дорога местного значения, включая относящиеся к собственности поселений, муниципальных районов, городских округов);;Улицы и дороги местного значения научно-производственных промышленных и коммунально-складских районов;Жилые дома индивидуальной застройки;Нерегулируемый перекрёсток неравнозначных улиц (дорог);Недостатки зимнего содержания;Сведения отсутствуют;Ясно;Со снежным накатом;В темное время суток, освещение включено;Движение частично перекрыто;3.0;6.0;0.0;3.0
8.0;24.01.2021;18:24;820.0;51.710425;94.441513;930000135.0;Наезд на пешехода;г.Кызыл;;Местного значения (дорога местного значения, включая относящиеся к собственности поселений, муниципальных районов, городских округов);;Улицы и дороги местного значения в жилой застройке;Крупный торговый объект (являющийся объектом массового тяготения пешеходов и (или) транспорта) | Школа либо иная детская (в т.ч. дошкольная) организация | Жилые дома индивидуальной застройки;Перегон (нет объектов на месте ДТП);Отсутствие тротуаров (пешеходных дорожек) | Отсутствие освещения;Сведения отсутствуют;Ясно;Со снежным накатом;В темное время суток, освещение не включено;Движение частично перекрыто;1.0;2.0;0.0;1.0
9.0;22.01.2021;07:58;70.0;51.703503;94.475931;930000120.0;Столкновение;г.Кызыл;;Местного значения (дорога местного значения, включая относящиеся к собственности поселений, муниципальных районов, городских округов);;Магистральные улицы общегородского значения;Многоквартирные жилые дома;Остановка общественного транспорта;Не установлены;Сведения отсутствуют;Ясно;Со снежным накатом;Светлое время суток;Режим движения не изменялся;3.0;4.0;0.0;1.0
10.0;22.01.2021;18:20;900.0;51.585537;94.149957;930000123.0;Наезд на животное;Кызылский район;Р-257 Енисей Красноярск - Абакан - Кызыл - граница с Монголией;Федеральная (дорога федерального значения);5.0;Вне НП;Отсутствие в непосредственной близости объектов УДС и объектов притяжения;Перегон (нет объектов на месте ДТП);Не установлены;Оказание влияния на движение транспортного потока или отдельного транспортного средства, наличия или внезапного появления на проезжей части животных;Ясно;Со снежным накатом;В темное время суток, освещение отсутствует;Режим движения не изменялся;1.0;6.0;0.0;1.0
11.0;21.01.2021;19:50;830.0;52.490437;96.088936;930000116.0;Наезд на пешехода;Тоджинский район;Тоора-Хем - Ий;Региональная или межмуниципальная (дорога регионального или межмуниципального значения);6.0;Вне НП;Отсутствие в непосредственной близости объектов УДС и объектов притяжения;Перегон (нет объектов на месте ДТП);Не установлены;Сведения отсутствуют;Снегопад;Заснеженное;В темное время суток, освещение отсутствует;Режим движения не изменялся;1.0;5.0;0.0;1.0
13.0;21.01.2021;07:55;910.0;51.694959;94.418972;930000193.0;Наезд на стоящее ТС;г.Кызыл;;Местного значения (дорога местного значения, включая относящиеся к собственности поселений, муниципальных районов, городских округов);;Улицы и дороги местного значения научно-производственных промышленных и коммунально-складских районов;Школа либо иная детская (в т.ч. дошкольная) организация | Нерегулируемый пешеходный переход;Нерегулируемый перекрёсток неравнозначных улиц (дорог);Не установлены;Сведения отсутствуют;Ясно;Со снежным накатом;Светлое время суток;Движение частично перекрыто;2.0;2.0;0.0;1.0
14.0;19.01.2021;04:10;900.0;51.329754;91.804032;930000107.0;Наезд на животное;Дзун-Хемчикский район;Р-257 Енисей Красноярск - Абакан - Кызыл - граница с Монголией;Федеральная (дорога федерального значения);5.0;Вне НП;Отсутствие в непосредственной близости объектов УДС и объектов притяжения;Перегон (нет объектов на месте ДТП);Не установлены;Оказание влияния на движение транспортного потока или отдельного транспортного средства, наличия или внезапного появления на проезжей части животных;Ясно;Сухое;В темное время суток, освещение отсутствует;Режим движения не изменялся;1.0;3.0;1.0;1.0
15.0;16.01.2021;18:57;600.0;51.555435;93.061795;930000091.0;Опрокидывание;Улуг-Хемский район;Р-257 Енисей Красноярск - Абакан - Кызыл - граница с Монголией;Федеральная (дорога федерального значения);5.0;Вне НП;Отсутствие в непосредственной близости объектов УДС и объектов притяжения;Перегон (нет объектов на месте ДТП);Не установлены;Сведения отсутствуют;Ясно;Сухое;В темное время суток, освещение отсутствует;Режим движения не изменялся;1.0;3.0;0.0;1.0
17.0;15.01.2021;17:40;430.0;50.569555;94.969726;930000085.0;Столкновение;Тес-Хемский район;;Местного значения (дорога местного значения, включая относящиеся к собственности поселений, муниципальных районов, городских округов);;Поселковые дороги;Нерегулируемый пешеходный переход | Жилые дома индивидуальной застройки | Одиночный торговый объект, являющийся местом притяжения транспорта и (или) пешеходов;Нерегулируемый перекрёсток неравнозначных улиц (дорог);Недостатки зимнего содержания;Сведения отсутствуют;Пасмурно | Температура ниже -30С;Заснеженное;Светлое время суток;Режим движения не изменялся;2.0;2.0;0.0;1.0
18.0;14.01.2021;04:27;600.0;51.558557;93.586704;930000073.0;Съезд с дороги;Кызылский район;Р-257 Енисей Красноярск - Абакан - Кызыл - граница с Монголией;Федеральная (дорога федерального значения);5.0;Вне НП;Отсутствие в непосредственной близости объектов УДС и объектов притяжения;Перегон (нет объектов на месте ДТП);Не установлены;Сведения отсутствуют;Ясно | Температура ниже -30С;Сухое;В темное время суток, освещение отсутствует;Режим движения не изменялся;1.0;3.0;0.0;3.0
23.0;11.01.2021;10:01;600.0;51.199489;93.681439;930000054.0;Съезд с дороги;Чеди-Хольский район;Подъезд к - с.Хову-Аксы;Региональная или межмуниципальная (дорога регионального или межмуниципального значения);6.0;Вне НП;Отсутствие в непосредственной близости объектов УДС и объектов притяжения;Перегон (нет объектов на месте ДТП);Не установлены;Сведения отсутствуют;Снегопад;Со снежным накатом;Светлое время суток;Режим движения не изменялся;1.0;3.0;0.0;2.0
24.0;04.01.2021;09:45;200.0;50.616469;94.861279;930000020.0;Столкновение;Тес-Хемский район;САМАГАЛТАЙ - АК-ЧЫРАА;Региональная или межмуниципальная (дорога регионального или межмуниципального значения);8.0;Вне НП;Отсутствие в непосредственной близости объектов УДС и объектов притяжения;Перегон (нет объектов на месте ДТП);Не установлены;Сведения отсутствуют;Пасмурно | Температура ниже -30С;Заснеженное;Светлое время суток;Движение частично перекрыто;2.0;6.0;2.0;2.0
25.0;03.01.2021;23:10;300.0;51.535118;92.918007;930000019.0;Столкновение;Улуг-Хемский район;;Местного значения (дорога местного значения, включая относящиеся к собственности поселений, муниципальных районов, городских округов);;Улицы и дороги местного значения научно-производственных промышленных и коммунально-складских районов;Административные здания | Спортивные и развлекательные объекты | Многоквартирные жилые дома | Территориальное подразделение МВД России (либо его структурное подразделение);Нерегулируемый пешеходный переход | Нерегулируемый перекрёсток неравнозначных улиц (дорог);Недостатки зимнего содержания | Отсутствие дорожных знаков в необходимых местах;Сведения отсутствуют;Пасмурно | Температура ниже -30С;Со снежным накатом;В темное время суток, освещение включено;Движение частично перекрыто;2.0;5.0;0.0;2.0
26.0;03.01.2021;16:02;200.0;51.383352;92.421455;930000018.0;Столкновение;Улуг-Хемский район;Р-257 Енисей Красноярск - Абакан - Кызыл - граница с Монголией;Федеральная (дорога федерального значения);5.0;Вне НП;Отсутствие в непосредственной близости объектов УДС и объектов притяжения;Перегон (нет объектов на месте ДТП);Недостатки зимнего содержания;Сведения отсутствуют;Ясно | Температура ниже -30С;Сухое;Светлое время суток;Движение частично перекрыто;2.0;11.0;9.0;2.0
27.0;01.01.2021;22:31;940.0;51.689944;94.568274;930000008.0;Наезд на препятствие;Кызылский район;;Местного значения (дорога местного значения, включая относящиеся к собственности поселений, муниципальных районов, городских округов);;Улицы и дороги местного значения в производственных, промышленных и коммунально-складских зонах;Крупный торговый объект (являющийся объектом массового тяготения пешеходов и (или) транспорта) | Жилые дома индивидуальной застройки;Перегон (нет объектов на месте ДТП);Недостатки зимнего содержания;Сведения отсутствуют;Пасмурно | Температура ниже -30С;Со снежным накатом;В темное время суток, освещение включено;Режим движения не изменялся;1.0;5.0;1.0;1.0
1.0;26.02.2021;17:55;740.0;51.717345;94.47533;930000354.0;Наезд на пешехода;г.Кызыл;;Местного значения (дорога местного значения, включая относящиеся к собственности поселений, муниципальных районов, городских округов);;Магистральные улицы общегородского значения;Остановка общественного транспорта | Административные здания | Медицинские (лечебные) организации | Нерегулируемый перекрёсток;Нерегулируемый пешеходный переход;Отсутствие, плохая различимость горизонтальной разметки проезжей части;Участок, оборудованный искусственными неровностями;Ясно;Сухое;Светлое время суток;Движение частично перекрыто;1.0;2.0;0.0;1.0
2.0;26.02.2021;13:35;300.0;51.7142;94.432168;930000352.0;Столкновение;г.Кызыл;;Местного значения (дорога местного значения, включая относящиеся к собственности поселений, муниципальных районов, городских округов);;Улицы и дороги местного значения в жилой застройке;Регулируемый пешеходный переход | Жилые дома индивидуальной застройки;Регулируемый перекресток;Не установлены;Сведения отсутствуют;Ясно;Сухое;Светлое время суток;Движение частично перекрыто;2.0;4.0;0.0;3.0
3.0;25.02.2021;21:20;300.0;51.71991;94.444871;930000400.0;Столкновение;г.Кызыл;;Местного значения (дорога местного значения, включая относящиеся к собственности поселений, муниципальных районов, городских округов);;Магистральные улицы общегородского значения;Остановка общественного транспорта | Автостоянка (отделенная от проезжей части) | Регулируемый пешеходный переход | Одиночный торговый объект, являющийся местом притяжения транспорта и (или) пешеходов;Регулируемый перекресток;Не установлены;Сведения отсутствуют;Ясно;Сухое;В темное время суток, освещение включено;Режим движения не изменялся;2.0;3.0;0.0;1.0
4.0;24.02.2021;02:15;690.0;51.706422;94.405228;930000337.0;Наезд на пешехода;г.Кызыл;;Местного значения (дорога местного значения, включая относящиеся к собственности поселений, муниципальных районов, городских округов);;Улицы и дороги местного значения в жилой застройке;Административные здания | Нерегулируемое пересечение с круговым движением;Нерегулируемый пешеходный переход;Не установлены;Сведения отсутствуют;Ясно;Сухое;В темное время суток, освещение включено;Режим движения не изменялся;1.0;4.0;0.0;3.0
5.0;22.02.2021;19:50;200.0;51.222153;91.048336;930000331.0;Столкновение;Дзун-Хемчикский район;А162-Г.КЫЗЫЛ - Г.АК-ДОВУРАК;Региональная или межмуниципальная (дорога регионального или межмуниципального значения);6.0;Вне НП;Отсутствие в непосредственной близости объектов УДС и объектов притяжения;Перегон (нет объектов на месте ДТП);Не установлены;Сведения отсутствуют;Снегопад;Заснеженное;В темное время суток, освещение отсутствует;Режим движения не изменялся;2.0;5.0;0.0;3.0
6.0;22.02.2021;14:00;200.0;51.68135;94.316651;930000330.0;Столкновение;г.Кызыл;;Местного значения (дорога местного значения, включая относящиеся к собственности поселений, муниципальных районов, городских округов);;Улицы и дороги местного значения в жилой застройке;Жилые дома индивидуальной застройки;Перегон (нет объектов на месте ДТП);Не установлены;Сведения отсутствуют;Ясно;Сухое;Светлое время суток;Движение частично перекрыто;2.0;19.0;0.0;13.0
8.0;21.02.2021;19:18;130.0;51.710897;94.410453;930000325.0;Столкновение;г.Кызыл;;Местного значения (дорога местного значения, включая относящиеся к собственности поселений, муниципальных районов, городских округов);;Улицы и дороги местного значения научно-производственных промышленных и коммунально-складских районов;Жилые дома индивидуальной застройки;Нерегулируемый перекрёсток неравнозначных улиц (дорог);Не установлены;Сведения отсутствуют;Ясно;Сухое;В темное время суток, освещение включено;Режим движения не изменялся;2.0;3.0;0.0;1.0
9.0;20.02.2021;11:07;780.0;51.704813;94.451845;930000316.0;Наезд на пешехода;г.Кызыл;;Местного значения (дорога местного значения, включая относящиеся к собственности поселений, муниципальных районов, городских округов);;Улицы и дороги местного значения научно-производственных промышленных и коммунально-складских районов;АЗС | Крупный торговый объект (являющийся объектом массового тяготения пешеходов и (или) транспорта) | Многоквартирные жилые дома;Нерегулируемый перекрёсток неравнозначных улиц (дорог);Недостатки зимнего содержания;Сведения отсутствуют;Снегопад;Заснеженное;Светлое время суток;Режим движения не изменялся;1.0;2.0;0.0;1.0
10.0;19.02.2021;13:25;910.0;51.696834;94.374672;930000309.0;Наезд на стоящее ТС;г.Кызыл;;Местного значения (дорога местного значения, включая относящиеся к собственности поселений, муниципальных районов, городских округов);;Магистральные улицы общегородского значения;АЗС | Административные здания;Регулируемый пешеходный переход | Регулируемый перекресток;Недостатки зимнего содержания;Сведения отсутствуют;Пасмурно;Заснеженное;Светлое время суток;Движение частично перекрыто;2.0;5.0;0.0;2.0
12.0;17.02.2021;09:00;850.0;51.703344;94.552792;930000293.0;Наезд на пешехода;Кызылский район;;Местного значения (дорога местного значения, включая относящиеся к собственности поселений, муниципальных районов, городских округов);;Второстепенные улицы в жилой застройке (переулки);Производственное предприятие | Жилые дома индивидуальной застройки | Многоквартирные жилые дома;Перегон (нет объектов на месте ДТП);Не установлены;Сведения отсутствуют;Ясно;Со снежным накатом;Светлое время суток;Режим движения не изменялся;1.0;2.0;0.0;1.0
15.0;11.02.2021;18:45;730.0;51.719079;94.437865;930000264.0;Наезд на пешехода;г.Кызыл;;Местного значения (дорога местного значения, включая относящиеся к собственности поселений, муниципальных районов, городских округов);;Магистральные улицы общегородского значения;Крупный торговый объект (являющийся объектом массового тяготения пешеходов и (или) транспорта) | Административные здания | Многоквартирные жилые дома;Регулируемый пешеходный переход | Регулируемый перекресток;Не установлены;Участок, контролируемый стационарными камерами автоматической фотовидеофиксации нарушений ПДД, обозначенный соответствующим предупреждающим знаком;Ясно;Заснеженное;В темное время суток, освещение включено;Режим движения не изменялся;1.0;2.0;0.0;1.0
17.0;10.02.2021;12:45;610.0;51.162068;90.417953;930000253.0;Съезд с дороги;Барун-Хемчикский район;Подъезд к с.Тээли;Региональная или межмуниципальная (дорога регионального или межмуниципального значения);6.0;Вне НП;Отсутствие в непосредственной близости объектов УДС и объектов притяжения;Перегон (нет объектов на месте ДТП);Недостатки зимнего содержания;Сведения отсутствуют;Ясно;Заснеженное;Светлое время суток;Режим движения не изменялся;1.0;1.0;0.0;1.0
18.0;10.02.2021;11:20;200.0;51.711648;94.425666;930000252.0;Столкновение;г.Кызыл;;Местного значения (дорога местного значения, включая относящиеся к собственности поселений, муниципальных районов, городских округов);;Улицы и дороги местного значения в жилой застройке;Остановка общественного транспорта | Медицинские (лечебные) организации;Нерегулируемый перекрёсток неравнозначных улиц (дорог);Не установлены;Сведения отсутствуют;Ясно;Сухое;Светлое время суток;Движение частично перекрыто;2.0;7.0;0.0;2.0
19.0;07.02.2021;00:47;930.0;51.690423;94.435301;930000227.0;Наезд на препятствие;г.Кызыл;Кызыл-Эрзин-граница с Монголией;Региональная или межмуниципальная (дорога регионального или межмуниципального значения);5.0;;Отсутствие в непосредственной близости объектов УДС и объектов притяжения;Нерегулируемое пересечение с круговым движением;Недостатки зимнего содержания | Неисправное освещение;Сведения отсутствуют;Ясно;Со снежным накатом;В темное время суток, освещение включено;Режим движения не изменялся;1.0;3.0;0.0;1.0
20.0;07.02.2021;21:55;900.0;51.155528;90.575205;930000230.0;Наезд на животное;Барун-Хемчикский район;А162-Г.КЫЗЫЛ - Г.АК-ДОВУРАК;Региональная или межмуниципальная (дорога регионального или межмуниципального значения);6.0;Вне НП;Отсутствие в непосредственной близости объектов УДС и объектов притяжения;Мост, эстакада, путепровод;Отсутствие, плохая различимость горизонтальной разметки проезжей части | Отсутствие освещения | Недостаточное освещение;Сведения отсутствуют;Ясно;Сухое;В темное время суток, освещение отсутствует;Движение частично перекрыто;1.0;4.0;0.0;2.0
21.0;05.02.2021;09:50;940.0;51.686944;94.359845;930000215.0;Наезд на препятствие;г.Кызыл;;Местного значения (дорога местного значения, включая относящиеся к собственности поселений, муниципальных районов, городских округов);;Магистральные улицы общегородского значения;Производственное предприятие;Нерегулируемый перекрёсток неравнозначных улиц (дорог);Не установлены;Сведения отсутствуют;Ясно;Сухое;Светлое время суток;Движение частично перекрыто;1.0;6.0;0.0;4.0
1.0;31.03.2021;08:10;70.0;51.716946;94.477851;930000494.0;Столкновение;г.Кызыл;;Местного значения (дорога местного значения, включая относящиеся к собственности поселений, муниципальных районов, городских округов);;Магистральные улицы общегородского значения;Административные здания | Медицинские (лечебные) организации | Многоквартирные жилые дома;Перегон (нет объектов на месте ДТП);Не установлены;Сведения отсутствуют;Ясно;Сухое;Светлое время суток;Режим движения не изменялся;2.0;2.0;0.0;1.0
2.0;27.03.2021;20:25;710.0;51.719545;94.44147;930000483.0;Наезд на пешехода;г.Кызыл;;Местного значения (дорога местного значения, включая относящиеся к собственности поселений, муниципальных районов, городских округов);;Магистральные улицы общегородского значения;Остановка общественного транспорта | Крупный торговый объект (являющийся объектом массового тяготения пешеходов и (или) транспорта) | Административные здания | Многоквартирные жилые дома;Регулируемый пешеходный переход | Регулируемый перекресток;Не установлены;Сведения отсутствуют;Ясно;Сухое;В темное время суток, освещение включено;Режим движения не изменялся;1.0;2.0;0.0;1.0
4.0;26.03.2021;02:05;900.0;51.304406;94.834542;930000472.0;Наезд на животное;Кызылский район;Кызыл-Эрзин-граница с Монголией;Региональная или межмуниципальная (дорога регионального или межмуниципального значения);5.0;Вне НП;Отсутствие в непосредственной близости объектов УДС и объектов притяжения;Перегон (нет объектов на месте ДТП);Не установлены;Оказание влияния на движение транспортного потока или отдельного транспортного средства, наличия или внезапного появления на проезжей части животных;Пасмурно;Сухое;В темное время суток, освещение отсутствует;Режим движения не изменялся;2.0;4.0;0.0;1.0
5.0;25.03.2021;18:20;300.0;51.718727;94.434485;930000470.0;Столкновение;г.Кызыл;;Местного значения (дорога местного значения, включая относящиеся к собственности поселений, муниципальных районов, городских округов);;Магистральные улицы общегородского значения;Административные здания | Регулируемый пешеходный переход | Многоквартирные жилые дома;Регулируемый перекресток;Не установлены;Сведения отсутствуют;Ясно;Сухое;Светлое время суток;Режим движения не изменялся;2.0;2.0;0.0;1.0
6.0;24.03.2021;20:25;610.0;51.15974;90.570302;930000465.0;Съезд с дороги;г.Ак-Довурак;А162-Г.КЫЗЫЛ - Г.АК-ДОВУРАК;Региональная или межмуниципальная (дорога регионального или межмуниципального значения);6.0;Вне НП;Нерегулируемое пересечение с круговым движением;Перегон (нет объектов на месте ДТП);Не установлены;Сведения отсутствуют;Пасмурно;Сухое;Светлое время суток;Режим движения не изменялся;1.0;2.0;0.0;1.0
8.0;21.03.2021;19:30;820.0;51.71218;94.507678;930000452.0;Наезд на пешехода;г.Кызыл;;Местного значения (дорога местного значения, включая относящиеся к собственности поселений, муниципальных районов, городских округов);;Улицы и дороги местного значения в жилой застройке;АЗС | Иная образовательная организация | Жилые дома индивидуальной застройки | Одиночный торговый объект, являющийся местом притяжения транспорта и (или) пешеходов;Остановка общественного транспорта;Отсутствие тротуаров (пешеходных дорожек);Сведения отсутствуют;Ясно;Мокрое;В темное время суток, освещение включено;Движение частично перекрыто;1.0;3.0;1.0;0.0
9.0;20.03.2021;13:40;410.0;51.71196;94.432726;930000446.0;Столкновение;г.Кызыл;;Местного значения (дорога местного значения, включая относящиеся к собственности поселений, муниципальных районов, городских округов);;Магистральные улицы общегородского значения;Медицинские (лечебные) организации | Регулируемый пешеходный переход | Жилые дома индивидуальной застройки | Многоквартирные жилые дома;Регулируемый перекресток;Не установлены;Сведения отсутствуют;Ясно;Сухое;Светлое время суток;Движение частично перекрыто;2.0;7.0;0.0;1.0
10.0;16.03.2021;17:15;700.0;51.70373;94.427844;930000433.0;Наезд на пешехода;г.Кызыл;;Местного значения (дорога местного значения, включая относящиеся к собственности поселений, муниципальных районов, городских округов);;Магистральные улицы общегородского значения;АЗС | Административные здания | Многоквартирные жилые дома;Регулируемый пешеходный переход | Регулируемый перекресток;Отсутствие, плохая различимость горизонтальной разметки проезжей части | Отсутствие дорожных знаков в необходимых местах;Сведения отсутствуют;Ясно;Сухое;В темное время суток, освещение включено;Режим движения не изменялся;1.0;2.0;0.0;1.0
11.0;16.03.2021;11:10;610.0;51.28232;91.383634;930000430.0;Съезд с дороги;Дзун-Хемчикский район;А162-Г.КЫЗЫЛ - Г.АК-ДОВУРАК;Региональная или межмуниципальная (дорога регионального или межмуниципального значения);6.0;Вне НП;Отсутствие в непосредственной близости объектов УДС и объектов притяжения;Перегон (нет объектов на месте ДТП);Недостатки зимнего содержания;Сведения отсутствуют;Пасмурно;Заснеженное;Светлое время суток;Режим движения не изменялся;1.0;4.0;0.0;1.0
12.0;12.03.2021;20:10;740.0;51.706655;94.427662;930000413.0;Наезд на пешехода;г.Кызыл;;Местного значения (дорога местного значения, включая относящиеся к собственности поселений, муниципальных районов, городских округов);;Улицы и дороги местного значения научно-производственных промышленных и коммунально-складских районов;Остановка общественного транспорта | Крупный торговый объект (являющийся объектом массового тяготения пешеходов и (или) транспорта) | Многоквартирные жилые дома;Нерегулируемый пешеходный переход | Нерегулируемый перекрёсток неравнозначных улиц (дорог);Не установлены;Сведения отсутствуют;Ясно;Гололедица;В темное время суток, освещение включено;Режим движения не изменялся;1.0;2.0;0.0;1.0
13.0;06.03.2021;09:10;200.0;51.649501;94.279904;930000379.0;Столкновение;Кызылский район;;Местного значения (дорога местного значения, включая относящиеся к собственности поселений, муниципальных районов, городских округов);;Иные места;Жилые дома индивидуальной застройки;Перегон (нет объектов на месте ДТП);Не установлены;Сведения отсутствуют;Ясно;Сухое;Светлое время суток;Движение частично перекрыто;2.0;3.0;0.0;1.0
14.0;06.03.2021;12:39;500.0;51.703337;94.491091;930000380.0;Столкновение;г.Кызыл;;Местного значения (дорога местного значения, включая относящиеся к собственности поселений, муниципальных районов, городских округов);;Магистральные улицы общегородского значения;Жилые дома индивидуальной застройки;Нерегулируемый перекрёсток неравнозначных улиц (дорог);Недостатки зимнего содержания;Участок, контролируемый стационарными камерами автоматической фотовидеофиксации нарушений ПДД, обозначенный соответствующим предупреждающим знаком;Ясно;Сухое;Светлое время суток;Движение частично перекрыто;2.0;5.0;0.0;3.0
16.0;03.03.2021;20:30;500.0;51.71549;94.461361;930000365.0;Столкновение;г.Кызыл;;Местного значения (дорога местного значения, включая относящиеся к собственности поселений, муниципальных районов, городских округов);;Улицы и дороги местного значения в жилой застройке;Жилые дома индивидуальной застройки;Нерегулируемый перекрёсток неравнозначных улиц (дорог);Не установлены;Сведения отсутствуют;Ясно;Сухое;В темное время суток, освещение включено;Движение частично перекрыто;2.0;3.0;0.0;1.0
1.0;30.04.2021;17:26;730.0;51.708862;94.451523;930000664.0;Наезд на пешехода;г.Кызыл;;Местного значения (дорога местного значения, включая относящиеся к собственности поселений, муниципальных районов, городских округов);;Улицы и дороги местного значения научно-производственных промышленных и коммунально-складских районов;Жилые дома индивидуальной застройки;Регулируемый пешеходный переход | Регулируемый перекресток;Отсутствие, плохая различимость горизонтальной разметки проезжей части;Сведения отсутствуют;Ясно;Сухое;Светлое время суток;Режим движения не изменялся;1.0;2.0;0.0;1.0
2.0;30.04.2021;19:20;610.0;51.55338;91.403847;930000665.0;Съезд с дороги;Сут-Хольский район;СУГ-АКСЫ - ИШКИН;Региональная или межмуниципальная (дорога регионального или межмуниципального значения);7.0;Вне НП;Отсутствие в непосредственной близости объектов УДС и объектов притяжения;Перегон (нет объектов на месте ДТП);Не установлены;Сведения отсутствуют;Ясно;Сухое;В темное время суток, освещение отсутствует;Режим движения не изменялся;1.0;2.0;0.0;2.0
3.0;30.04.2021;16:30;590.0;50.206462;95.539341;930000661.0;Опрокидывание;Эрзинский район;ЭРЗИН - НАРЫН;Региональная или межмуниципальная (дорога регионального или межмуниципального значения);7.0;Вне НП;Отсутствие в непосредственной близости объектов УДС и объектов притяжения;Перегон (нет объектов на месте ДТП);Не установлены;Сведения отсутствуют;Ясно;Сухое;Светлое время суток;Режим движения не изменялся;1.0;1.0;0.0;1.0
4.0;29.04.2021;22:30;850.0;51.544307;94.029515;930000658.0;Наезд на пешехода;Кызылский район;Р-257 Енисей Красноярск - Абакан - Кызыл - граница с Монголией;Федеральная (дорога федерального значения);5.0;Вне НП;Отсутствие в непосредственной близости объектов УДС и объектов притяжения;Перегон (нет объектов на месте ДТП);Не установлены;Сведения отсутствуют;Ясно;Сухое;В темное время суток, освещение не включено;Режим движения не изменялся;1.0;2.0;0.0;1.0
6.0;28.04.2021;13:20;740.0;51.718381;94.43102;930000648.0;Наезд на пешехода;г.Кызыл;;Местного значения (дорога местного значения, включая относящиеся к собственности поселений, муниципальных районов, городских округов);;Магистральные улицы общегородского значения;Остановка общественного транспорта | Крупный торговый объект (являющийся объектом массового тяготения пешеходов и (или) транспорта) | Многоквартирные жилые дома;Регулируемый пешеходный переход | Регулируемый перекресток;Не установлены;Сведения отсутствуют;Пасмурно;Сухое;Светлое время суток;Режим движения не изменялся;1.0;2.0;0.0;1.0
7.0;26.04.2021;05:55;930.0;51.712352;94.410625;930000637.0;Наезд на препятствие;г.Кызыл;;Местного значения (дорога местного значения, включая относящиеся к собственности поселений, муниципальных районов, городских округов);;Магистральные улицы общегородского значения;Жилые дома индивидуальной застройки | Одиночный торговый объект, являющийся местом притяжения транспорта и (или) пешеходов;Нерегулируемый перекрёсток неравнозначных улиц (дорог);Не установлены;Сведения отсутствуют;Ясно;Сухое;В темное время суток, освещение включено;Режим движения не изменялся;1.0;4.0;0.0;3.0
8.0;25.04.2021;13:50;210.0;52.077211;95.933969;930000640.0;Столкновение;Тоджинский район;БОЯРОВКА - ТООРА-ХЕМ;Региональная или межмуниципальная (дорога регионального или межмуниципального значения);7.0;Вне НП;Отсутствие в непосредственной близости объектов УДС и объектов притяжения;Перегон (нет объектов на месте ДТП);Не установлены;Сведения отсутствуют;Снегопад;Заснеженное;Светлое время суток;Режим движения не изменялся;2.0;2.0;0.0;1.0
10.0;25.04.2021;16:40;600.0;51.517182;92.341805;930000636.0;Падение пассажира;Чаа-Хольский район;;Местного значения (дорога местного значения, включая относящиеся к собственности поселений, муниципальных районов, городских округов);;Иные места;Отсутствие в непосредственной близости объектов УДС и объектов притяжения;Перегон (нет объектов на месте ДТП);Не установлены;Сведения отсутствуют;Ясно;Пыльное;Светлое время суток;Режим движения не изменялся;1.0;3.0;0.0;1.0
12.0;22.04.2021;20:35;690.0;51.698383;94.40703;930000620.0;Наезд на велосипедиста;г.Кызыл;;Местного значения (дорога местного значения, включая относящиеся к собственности поселений, муниципальных районов, городских округов);;Иные места;Остановка общественного транспорта | Крупный торговый объект (являющийся объектом массового тяготения пешеходов и (или) транспорта) | Автостоянка (отделенная от проезжей части) | Многоквартирные жилые дома;Внутридворовая территория;Не установлены;Сведения отсутствуют;Ясно;Сухое;В темное время суток, освещение включено;Режим движения не изменялся;2.0;2.0;0.0;1.0
13.0;20.04.2021;20:30;770.0;51.710338;94.48254;930000612.0;Наезд на пешехода;г.Кызыл;;Местного значения (дорога местного значения, включая относящиеся к собственности поселений, муниципальных районов, городских округов);;Улицы и дороги местного значения в жилой застройке;Жилые дома индивидуальной застройки;Нерегулируемый перекрёсток неравнозначных улиц (дорог);Отсутствие тротуаров (пешеходных дорожек);Сведения отсутствуют;Пасмурно;Сухое;В темное время суток, освещение отсутствует;Режим движения не изменялся;1.0;2.0;0.0;1.0
15.0;19.04.2021;03:40;880.0;52.229692;93.941002;930000601.0;Наезд на пешехода;Пий-Хемский район;Подъезд к мараловодческому Хозяйству Туран;Региональная или межмуниципальная (дорога регионального или межмуниципального значения);7.0;Вне НП;Отсутствие в непосредственной близости объектов УДС и объектов притяжения;Перегон (нет объектов на месте ДТП);Не установлены;Сведения отсутствуют;Пасмурно;Заснеженное;В темное время суток, освещение отсутствует;Режим движения не изменялся;1.0;2.0;0.0;1.0
17.0;18.04.2021;22:35;930.0;51.189847;90.604227;930000598.0;Наезд на препятствие;г.Ак-Довурак;;Местного значения (дорога местного значения, включая относящиеся к собственности поселений, муниципальных районов, городских округов);;Улицы и дороги местного значения научно-производственных промышленных и коммунально-складских районов;Жилые дома индивидуальной застройки;Гаражные постройки (гаражный кооператив, товарищество либо иное место концентрированного размещения гаражей);Не установлены;Сведения отсутствуют;Ясно;Сухое;В темное время суток, освещение включено;Режим движения не изменялся;1.0;1.0;0.0;1.0
18.0;17.04.2021;20:20;610.0;51.127472;93.69441;930000596.0;Съезд с дороги;Чеди-Хольский район;Подъезд к с.Сайлыг;Региональная или межмуниципальная (дорога регионального или межмуниципального значения);6.0;;Производственное предприятие;Перегон (нет объектов на месте ДТП);Не установлены;Сведения отсутствуют;Ясно;Сухое;В темное время суток, освещение отсутствует;Режим движения не изменялся;1.0;1.0;0.0;1.0
20.0;15.04.2021;19:41;590.0;51.579203;94.134679;930000580.0;Съезд с дороги;Кызылский район;Р-257 Енисей Красноярск - Абакан - Кызыл - граница с Монголией;Федеральная (дорога федерального значения);5.0;Вне НП;Отсутствие в непосредственной близости объектов УДС и объектов притяжения;Перегон (нет объектов на месте ДТП);Не установлены;Сведения отсутствуют;Ясно;Сухое;В темное время суток, освещение отсутствует;Движение частично перекрыто;2.0;6.0;0.0;2.0
21.0;15.04.2021;16:55;610.0;51.633229;93.567338;930000579.0;Съезд с дороги;Кызылский район;Кызыл - Ээрбек - Баян-Кол;Региональная или межмуниципальная (дорога регионального или межмуниципального значения);7.0;Вне НП;Отсутствие в непосредственной близости объектов УДС и объектов притяжения;Перегон (нет объектов на месте ДТП);Не установлены;Сведения отсутствуют;Ясно;Сухое;Светлое время суток;Режим движения не изменялся;1.0;6.0;1.0;0.0
22.0;15.04.2021;21:40;500.0;51.717723;94.473013;930000581.0;Столкновение;г.Кызыл;;Местного значения (дорога местного значения, включая относящиеся к собственности поселений, муниципальных районов, городских округов);;Магистральные улицы общегородского значения;Крупный торговый объект (являющийся объектом массового тяготения пешеходов и (или) транспорта) | Административные здания | Нерегулируемый пешеходный переход | Жилые дома индивидуальной застройки;Нерегулируемое пересечение с круговым движением;Не установлены;Сведения отсутствуют;Ясно;Сухое;В темное время суток, освещение включено;Движение частично перекрыто;2.0;3.0;0.0;1.0
24.0;14.04.2021;17:00;890.0;51.87722;94.256172;930000573.0;Наезд на пешехода;Пий-Хемский район;;Местного значения (дорога местного значения, включая относящиеся к собственности поселений, муниципальных районов, городских округов);;Улицы и дороги местного значения в жилой застройке;Жилые дома индивидуальной застройки;Перегон (нет объектов на месте ДТП);Не установлены;Сведения отсутствуют;Ясно;Сухое;Светлое время суток;Режим движения не изменялся;1.0;2.0;0.0;1.0
25.0;13.04.2021;22:16;200.0;51.312481;91.938572;930000569.0;Столкновение;Дзун-Хемчикский район;Р-257 Енисей Красноярск - Абакан - Кызыл - граница с Монголией;Федеральная (дорога федерального значения);6.0;Вне НП;Отсутствие в непосредственной близости объектов УДС и объектов притяжения;Перегон (нет объектов на месте ДТП);Не установлены;Сведения отсутствуют;Дождь;Мокрое;В темное время суток, освещение отсутствует;Режим движения не изменялся;2.0;5.0;0.0;3.0
26.0;12.04.2021;20:42;820.0;51.694533;94.485211;930000578.0;Наезд на пешехода;г.Кызыл;;Местного значения (дорога местного значения, включая относящиеся к собственности поселений, муниципальных районов, городских округов);;Улицы и дороги местного значения научно-производственных промышленных и коммунально-складских районов;Остановка общественного транспорта | Нерегулируемый пешеходный переход | Жилые дома индивидуальной застройки | Многоквартирные жилые дома;Перегон (нет объектов на месте ДТП);Не установлены;Сведения отсутствуют;Ясно;Сухое;В темное время суток, освещение не включено;Режим движения не изменялся;1.0;2.0;0.0;1.0
27.0;11.04.2021;17:20;990.0;51.02018;90.258393;930000562.0;Опрокидывание;Бай-Тайгинский район;ТЭЭЛИ - БАЙ-ТАЛ;Региональная или межмуниципальная (дорога регионального или межмуниципального значения);7.0;Вне НП;Отсутствие в непосредственной близости объектов УДС и объектов притяжения;Перегон (нет объектов на месте ДТП);Не установлены;Сведения отсутствуют;Ясно;Сухое;Светлое время суток;Режим движения не изменялся;1.0;2.0;0.0;1.0
31.0;11.04.2021;12:39;590.0;51.557042;93.067814;930000560.0;Опрокидывание;Улуг-Хемский район;Р-257 Енисей Красноярск - Абакан - Кызыл - граница с Монголией;Федеральная (дорога федерального значения);5.0;Вне НП;Отсутствие в непосредственной близости объектов УДС и объектов притяжения;Перегон (нет объектов на месте ДТП);Не установлены;Сведения отсутствуют;Ясно;Сухое;Светлое время суток;Движение частично перекрыто;1.0;2.0;0.0;1.0
32.0;11.04.2021;03:05;590.0;51.694759;94.489202;930000557.0;Опрокидывание;г.Кызыл;;Местного значения (дорога местного значения, включая относящиеся к собственности поселений, муниципальных районов, городских округов);;Улицы и дороги местного значения научно-производственных промышленных и коммунально-складских районов;Жилые дома индивидуальной застройки;Перегон (нет объектов на месте ДТП);Недостаточное освещение;Сведения отсутствуют;Ясно;Сухое;В темное время суток, освещение отсутствует;Движение частично перекрыто;1.0;2.0;1.0;1.0
34.0;09.04.2021;08:05;910.0;51.702805;94.462788;930000549.0;Наезд на стоящее ТС;г.Кызыл;;Местного значения (дорога местного значения, включая относящиеся к собственности поселений, муниципальных районов, городских округов);;Улицы и дороги местного значения в жилой застройке;Жилые дома индивидуальной застройки;Регулируемый пешеходный переход | Регулируемый перекресток;Не установлены;Сведения отсутствуют;Ясно;Сухое;Светлое время суток;Движение частично перекрыто;3.0;3.0;0.0;1.0
35.0;08.04.2021;18:34;390.0;51.187185;90.600493;930000546.0;Столкновение;г.Ак-Довурак;;Местного значения (дорога местного значения, включая относящиеся к собственности поселений, муниципальных районов, городских округов);;Магистральные улицы районного значения;Административные здания | Многоквартирные жилые дома;Нерегулируемый перекрёсток неравнозначных улиц (дорог);Не установлены;Сведения отсутствуют;Ясно;Сухое;Светлое время суток;Режим движения не изменялся;2.0;4.0;0.0;1.0
37.0;07.04.2021;15:35;600.0;51.60685;94.190469;930000536.0;Опрокидывание;Кызылский район;Р-257 Енисей Красноярск - Абакан - Кызыл - граница с Монголией;Федеральная (дорога федерального значения);5.0;Вне НП;Отсутствие в непосредственной близости объектов УДС и объектов притяжения;Перегон (нет объектов на месте ДТП);Не установлены;Сведения отсутствуют;Ясно;Сухое;Светлое время суток;Режим движения не изменялся;1.0;3.0;0.0;1.0
38.0;06.04.2021;17:00;750.0;51.697672;94.55688;930000531.0;Наезд на пешехода;Кызылский район;;Местного значения (дорога местного значения, включая относящиеся к собственности поселений, муниципальных районов, городских округов);;Улицы и дороги местного значения научно-производственных промышленных и коммунально-складских районов;Остановка маршрутного такси | Административные здания | Медицинские (лечебные) организации | Жилые дома индивидуальной застройки;Нерегулируемый пешеходный переход;Отсутствие, плохая различимость горизонтальной разметки проезжей части;Участок, оборудованный искусственными неровностями | Участок, контролируемый стационарными камерами автоматической фотовидеофиксации нарушений ПДД, обозначенный соответствующим предупреждающим знаком;Ясно;Сухое;Светлое время суток;Режим движения не изменялся;1.0;2.0;0.0;1.0
39.0;05.04.2021;02:00;610.0;50.563204;91.455946;930000526.0;Съезд с дороги;Овюрский район;ХАНДАГАЙТЫ - МУГУР-АКСЫ;Региональная или межмуниципальная (дорога регионального или межмуниципального значения);7.0;Вне НП;Отсутствие в непосредственной близости объектов УДС и объектов притяжения;Перегон (нет объектов на месте ДТП);Не установлены;Сведения отсутствуют;Ясно;Сухое;В темное время суток, освещение отсутствует;Режим движения не изменялся;1.0;1.0;0.0;1.0
40.0;03.04.2021;19:40;990.0;51.690922;94.568886;930000519.0;Опрокидывание;Кызылский район;;Местного значения (дорога местного значения, включая относящиеся к собственности поселений, муниципальных районов, городских округов);;Улицы и дороги местного значения в производственных, промышленных и коммунально-складских зонах;Жилые дома индивидуальной застройки;Перегон (нет объектов на месте ДТП);Не установлены;Сведения отсутствуют;Ясно;Сухое;В темное время суток, освещение включено;Режим движения не изменялся;1.0;1.0;0.0;1.0
42.0;02.04.2021;09:57;10.0;50.733196;92.074871;930000510.0;Столкновение;Овюрский район;Р-257 Енисей Красноярск - Абакан - Кызыл - граница с Монголией;Федеральная (дорога федерального значения);5.0;Главные улицы;Административные здания | Нерегулируемый пешеходный переход | Жилые дома индивидуальной застройки;Перегон (нет объектов на месте ДТП);Не установлены;Сведения отсутствуют;Ясно;Сухое;Светлое время суток;Режим движения не изменялся;2.0;3.0;0.0;1.0
43.0;01.04.2021;17:00;820.0;51.721392;94.406633;930000504.0;Наезд на пешехода;г.Кызыл;;Местного значения (дорога местного значения, включая относящиеся к собственности поселений, муниципальных районов, городских округов);;Улицы и дороги местного значения научно-производственных промышленных и коммунально-складских районов;Административные здания | Жилые дома индивидуальной застройки | Многоквартирные жилые дома;Нерегулируемый перекрёсток неравнозначных улиц (дорог);Не установлены;Сведения отсутствуют;Ясно;Сухое;Светлое время суток;Движение частично перекрыто;1.0;2.0;0.0;1.0
1.0;31.05.2021;20:20;40.0;51.716547;94.417663;930000844.0;Столкновение;г.Кызыл;;Местного значения (дорога местного значения, включая относящиеся к собственности поселений, муниципальных районов, городских округов);;Магистральные улицы общегородского значения;Нерегулируемый пешеходный переход | Многоквартирные жилые дома;Нерегулируемое пересечение с круговым движением;Не установлены;Сведения отсутствуют;Ясно;Сухое;Светлое время суток;Режим движения не изменялся;2.0;3.0;0.0;1.0
3.0;30.05.2021;00:50;840.0;51.174204;90.600214;930000836.0;Наезд на пешехода;г.Ак-Довурак;;Местного значения (дорога местного значения, включая относящиеся к собственности поселений, муниципальных районов, городских округов);;Улицы и дороги местного значения в жилой застройке;Жилые дома индивидуальной застройки;Нерегулируемый перекрёсток неравнозначных улиц (дорог);Дефекты покрытия | Отсутствие, плохая различимость горизонтальной разметки проезжей части | Отсутствие тротуаров (пешеходных дорожек) | Отсутствие освещения;Сведения отсутствуют;Ясно;Сухое;В темное время суток, освещение включено;Движение частично перекрыто;1.0;2.0;1.0;0.0
4.0;30.05.2021;16:50;600.0;51.206561;93.711834;930000839.0;Опрокидывание;Чеди-Хольский район;Подъезд к - с.Хову-Аксы;Региональная или межмуниципальная (дорога регионального или межмуниципального значения);6.0;Вне НП;Отсутствие в непосредственной близости объектов УДС и объектов притяжения;Перегон (нет объектов на месте ДТП);Дефекты покрытия;Сведения отсутствуют;Ясно;Сухое;Светлое время суток;Режим движения не изменялся;1.0;1.0;0.0;1.0
7.0;28.05.2021;18:15;600.0;51.849512;94.342175;930000831.0;Съезд с дороги;Пий-Хемский район;Р-257 Енисей Красноярск - Абакан - Кызыл - граница с Монголией;Федеральная (дорога федерального значения);5.0;Вне НП;Отсутствие в непосредственной близости объектов УДС и объектов притяжения;Перегон (нет объектов на месте ДТП);Не установлены;Сведения отсутствуют;Ясно;Сухое;Светлое время суток;Режим движения не изменялся;1.0;7.0;0.0;7.0
8.0;27.05.2021;19:00;600.0;51.541664;93.993616;930000824.0;Съезд с дороги;Кызылский район;Р-257 Енисей Красноярск - Абакан - Кызыл - граница с Монголией;Федеральная (дорога федерального значения);5.0;Вне НП;Отсутствие в непосредственной близости объектов УДС и объектов притяжения;Перегон (нет объектов на месте ДТП);Не установлены;Сведения отсутствуют;Ясно;Сухое;Светлое время суток;Режим движения не изменялся;1.0;2.0;1.0;1.0
9.0;27.05.2021;02:37;70.0;51.703018;94.52847;930000819.0;Наезд на велосипедиста;г.Кызыл;;Местного значения (дорога местного значения, включая относящиеся к собственности поселений, муниципальных районов, городских округов);;Улицы и дороги местного значения в жилой застройке;Остановка общественного транспорта | Нерегулируемый пешеходный переход | Нерегулируемый перекрёсток | Жилые дома индивидуальной застройки;Перегон (нет объектов на месте ДТП);Не установлены;Сведения отсутствуют;Пасмурно;Мокрое;В темное время суток, освещение включено;Режим движения не изменялся;2.0;2.0;0.0;1.0
10.0;24.05.2021;23:40;600.0;51.403449;92.263978;930000808.0;Опрокидывание;Чаа-Хольский район;ПОДЪЕЗД К с. ЧАА-ХОЛЬ;Региональная или межмуниципальная (дорога регионального или межмуниципального значения);6.0;Вне НП;Отсутствие в непосредственной близости объектов УДС и объектов притяжения;Перегон (нет объектов на месте ДТП);Не установлены;Сведения отсутствуют;Ясно;Сухое;В темное время суток, освещение отсутствует;Режим движения не изменялся;1.0;1.0;0.0;1.0
11.0;24.05.2021;08:30;600.0;51.459516;92.750745;930000801.0;Опрокидывание;Улуг-Хемский район;Р-257 Енисей Красноярск - Абакан - Кызыл - граница с Монголией;Федеральная (дорога федерального значения);5.0;Вне НП;Отсутствие в непосредственной близости объектов УДС и объектов притяжения;Перегон (нет объектов на месте ДТП);Не установлены;Сведения отсутствуют;Ясно;Сухое;Светлое время суток;Режим движения не изменялся;1.0;1.0;0.0;1.0
14.0;22.05.2021;20:02;70.0;51.703244;94.500446;930000792.0;Столкновение;г.Кызыл;;Местного значения (дорога местного значения, включая относящиеся к собственности поселений, муниципальных районов, городских округов);;Магистральные улицы общегородского значения;АЗС | Административные здания;Перегон (нет объектов на месте ДТП);Не установлены;Сведения отсутствуют;Ясно;Сухое;Светлое время суток;Режим движения не изменялся;2.0;3.0;0.0;1.0
15.0;22.05.2021;12:20;90.0;51.645054;94.261354;930000788.0;Падение пассажира;Кызылский район;;Местного значения (дорога местного значения, включая относящиеся к собственности поселений, муниципальных районов, городских округов);;Поселковые дороги;Жилые дома индивидуальной застройки;Нерегулируемый перекрёсток равнозначных улиц (дорог);Не установлены;Сведения отсутствуют;Ясно;Сухое;Светлое время суток;Режим движения не изменялся;1.0;2.0;0.0;1.0
16.0;22.05.2021;11:21;610.0;51.076783;91.620827;930000789.0;Съезд с дороги;Дзун-Хемчикский район;Р-257 Енисей Красноярск - Абакан - Кызыл - граница с Монголией;Федеральная (дорога федерального значения);5.0;Вне НП;Отсутствие в непосредственной близости объектов УДС и объектов притяжения;Перегон (нет объектов на месте ДТП);Не установлены;Сведения отсутствуют;Ясно;Сухое;Светлое время суток;Режим движения не изменялся;1.0;1.0;0.0;1.0
17.0;22.05.2021;17:45;300.0;51.718827;94.430827;930000791.0;Столкновение;г.Кызыл;;Местного значения (дорога местного значения, включая относящиеся к собственности поселений, муниципальных районов, городских округов);;Улицы и дороги местного значения в жилой застройке;Регулируемый пешеходный переход | Регулируемый перекрёсток | Многоквартирные жилые дома | Объект строительства;Выезд с прилегающей территории;Не установлены;Сведения отсутствуют;Ясно;Сухое;Светлое время суток;Режим движения не изменялся;2.0;3.0;0.0;1.0
18.0;21.05.2021;05:14;950.0;51.290157;91.534095;930000779.0;Опрокидывание;Дзун-Хемчикский район;Р-257 Енисей Красноярск - Абакан - Кызыл - граница с Монголией;Федеральная (дорога федерального значения);5.0;Вне НП;Жилые дома индивидуальной застройки;Перегон (нет объектов на месте ДТП);Не установлены;Сведения отсутствуют;Пасмурно;Мокрое;Светлое время суток;Режим движения не изменялся;1.0;2.0;0.0;1.0
19.0;20.05.2021;13:20;500.0;51.145446;90.579282;930000778.0;Столкновение;Барун-Хемчикский район;;Местного значения (дорога местного значения, включая относящиеся к собственности поселений, муниципальных районов, городских округов);;Главные улицы;Административные здания;Нерегулируемый перекрёсток неравнозначных улиц (дорог);Не установлены;Сведения отсутствуют;Дождь;Мокрое;Светлое время суток;Режим движения не изменялся;2.0;3.0;0.0;1.0
22.0;16.05.2021;06:05;830.0;51.679661;94.482765;930000753.0;Наезд на пешехода;г.Кызыл;;Местного значения (дорога местного значения, включая относящиеся к собственности поселений, муниципальных районов, городских округов);;Улицы и дороги местного значения в жилой застройке;Отсутствие в непосредственной близости объектов УДС и объектов притяжения;Перегон (нет объектов на месте ДТП);Дефекты покрытия;Сведения отсутствуют;Ясно;Сухое;Светлое время суток;Режим движения не изменялся;1.0;2.0;1.0;0.0
23.0;16.05.2021;16:10;600.0;51.288386;91.499119;930000756.0;Опрокидывание;Дзун-Хемчикский район;Р-257 Енисей Красноярск - Абакан - Кызыл - граница с Монголией;Федеральная (дорога федерального значения);5.0;Вне НП;Жилые дома индивидуальной застройки;Перегон (нет объектов на месте ДТП);Не установлены;Сведения отсутствуют;Ясно;Сухое;Светлое время суток;Режим движения не изменялся;1.0;4.0;1.0;2.0
25.0;16.05.2021;15:00;710.0;51.71983;94.430526;930000755.0;Наезд на пешехода;г.Кызыл;;Местного значения (дорога местного значения, включая относящиеся к собственности поселений, муниципальных районов, городских округов);;Улицы и дороги местного значения в жилой застройке;Административные здания | Многоквартирные жилые дома;Регулируемый пешеходный переход | Регулируемый перекресток;Не установлены;Сведения отсутствуют;Ясно;Сухое;Светлое время суток;Режим движения не изменялся;1.0;2.0;0.0;1.0
27.0;16.05.2021;00:03;70.0;51.559077;93.131618;930000752.0;Столкновение;Улуг-Хемский район;Р-257 Енисей Красноярск - Абакан - Кызыл - граница с Монголией;Федеральная (дорога федерального значения);5.0;Вне НП;Остановка общественного транспорта | Нерегулируемый пешеходный переход | Жилые дома индивидуальной застройки;Нерегулируемый перекрёсток неравнозначных улиц (дорог);Не установлены;Сведения отсутствуют;Ясно;Сухое;В темное время суток, освещение отсутствует;Режим движения не изменялся;2.0;2.0;0.0;1.0
28.0;14.05.2021;13:45;740.0;51.719538;94.441363;930000747.0;Наезд на пешехода;г.Кызыл;;Местного значения (дорога местного значения, включая относящиеся к собственности поселений, муниципальных районов, городских округов);;Магистральные улицы общегородского значения;Остановка общественного транспорта | Крупный торговый объект (являющийся объектом массового тяготения пешеходов и (или) транспорта);Регулируемый пешеходный переход | Регулируемый перекресток;Не установлены;Сведения отсутствуют;Ясно;Сухое;Светлое время суток;Движение частично перекрыто;1.0;2.0;0.0;1.0
29.0;13.05.2021;14:30;740.0;51.694992;94.406408;930000742.0;Наезд на пешехода;г.Кызыл;;Местного значения (дорога местного значения, включая относящиеся к собственности поселений, муниципальных районов, городских округов);;Улицы и дороги местного значения в жилой застройке;Остановка общественного транспорта | Жилые дома индивидуальной застройки;Нерегулируемый пешеходный переход;Не установлены;Сведения отсутствуют;Ясно;Сухое;Светлое время суток;Режим движения не изменялся;1.0;2.0;0.0;1.0
31.0;12.05.2021;10:13;610.0;51.557743;93.676879;930000735.0;Съезд с дороги;Кызылский район;Р-257 Енисей Красноярск - Абакан - Кызыл - граница с Монголией;Федеральная (дорога федерального значения);5.0;Вне НП;Отсутствие в непосредственной близости объектов УДС и объектов притяжения;Перегон (нет объектов на месте ДТП);Не установлены;Сведения отсутствуют;Ясно;Сухое;Светлое время суток;Режим движения не изменялся;1.0;1.0;1.0;0.0
34.0;09.05.2021;22:10;70.0;51.513256;92.336912;930000727.0;Столкновение;Чаа-Хольский район;;Местного значения (дорога местного значения, включая относящиеся к собственности поселений, муниципальных районов, городских округов);;Главные улицы;Нерегулируемый пешеходный переход | Жилые дома индивидуальной застройки;Нерегулируемый перекрёсток неравнозначных улиц (дорог);Не установлены;Участок, оборудованный искусственными неровностями;Ясно;Сухое;В темное время суток, освещение включено;Режим движения не изменялся;2.0;3.0;0.0;3.0
35.0;09.05.2021;21:27;990.0;51.389566;92.496815;930000726.0;Иной вид ДТП;Улуг-Хемский район;Р-257 Енисей Красноярск - Абакан - Кызыл - граница с Монголией;Федеральная (дорога федерального значения);5.0;Вне НП;Отсутствие в непосредственной близости объектов УДС и объектов притяжения;Перегон (нет объектов на месте ДТП);Не установлены;Сведения отсутствуют;Ясно;Сухое;В темное время суток, освещение отсутствует;Режим движения не изменялся;1.0;2.0;0.0;1.0
36.0;08.05.2021;14:10;70.0;51.604745;94.182315;930000718.0;Столкновение;Кызылский район;Р-257 Енисей Красноярск - Абакан - Кызыл - граница с Монголией;Федеральная (дорога федерального значения);5.0;Вне НП;Отсутствие в непосредственной близости объектов УДС и объектов притяжения;Перегон (нет объектов на месте ДТП);Не установлены;Сведения отсутствуют;Ясно;Сухое;Светлое время суток;Движение частично перекрыто;2.0;6.0;0.0;1.0
38.0;06.05.2021;08:53;130.0;51.697991;94.380884;930000706.0;Столкновение;г.Кызыл;;Местного значения (дорога местного значения, включая относящиеся к собственности поселений, муниципальных районов, городских округов);;Магистральные улицы общегородского значения;Крупный торговый объект (являющийся объектом массового тяготения пешеходов и (или) транспорта) | Жилые дома индивидуальной застройки;Выезд с прилегающей территории;Не установлены;Сведения отсутствуют;Ясно;Сухое;Светлое время суток;Режим движения не изменялся;3.0;2.0;0.0;1.0
43.0;04.05.2021;21:30;300.0;51.696974;94.37493;930000698.0;Столкновение;г.Кызыл;;Местного значения (дорога местного значения, включая относящиеся к собственности поселений, муниципальных районов, городских округов);;Улицы и дороги местного значения в жилой застройке;АЗС | Жилые дома индивидуальной застройки;Регулируемый перекресток;Не установлены;Сведения отсутствуют;Ясно;Сухое;В темное время суток, освещение включено;Режим движения не изменялся;2.0;3.0;0.0;1.0
44.0;04.05.2021;22:25;200.0;51.565066;94.093148;930000699.0;Наезд на велосипедиста;Кызылский район;;Местного значения (дорога местного значения, включая относящиеся к собственности поселений, муниципальных районов, городских округов);;Второстепенные улицы в жилой застройке (переулки);Школа либо иная детская (в т.ч. дошкольная) организация | Жилые дома индивидуальной застройки;Перегон (нет объектов на месте ДТП);Отсутствие освещения;Сведения отсутствуют;Ясно;Сухое;В темное время суток, освещение отсутствует;Режим движения не изменялся;2.0;2.0;0.0;1.0
45.0;04.05.2021;10:00;880.0;50.364956;96.632395;930000697.0;Опрокидывание;Эрзинский район;;Местного значения (дорога местного значения, включая относящиеся к собственности поселений, муниципальных районов, городских округов);;Вне НП;Отсутствие в непосредственной близости объектов УДС и объектов притяжения;Перегон (нет объектов на месте ДТП);Не установлены;Сведения отсутствуют;Ясно;Загрязненное;Светлое время суток;Режим движения не изменялся;1.0;14.0;0.0;4.0
47.0;02.05.2021;07:45;600.0;51.547509;93.034286;930000680.0;Съезд с дороги;Улуг-Хемский район;Р-257 Енисей Красноярск - Абакан - Кызыл - граница с Монголией;Федеральная (дорога федерального значения);5.0;Вне НП;Отсутствие в непосредственной близости объектов УДС и объектов притяжения;Перегон (нет объектов на месте ДТП);Не установлены;Сведения отсутствуют;Пасмурно;Сухое;Светлое время суток;Режим движения не изменялся;1.0;3.0;0.0;2.0
49.0;01.05.2021;19:05;600.0;51.469889;95.586462;930000678.0;Съезд с дороги;Каа-Хемский район;ПОДЪЕЗД К С.УСТЬ-БУРЕН;Региональная или межмуниципальная (дорога регионального или межмуниципального значения);6.0;Вне НП;Отсутствие в непосредственной близости объектов УДС и объектов притяжения;Перегон (нет объектов на месте ДТП);Не установлены;Сведения отсутствуют;Дождь;Мокрое;Светлое время суток;Режим движения не изменялся;1.0;3.0;0.0;1.0
51.0;01.05.2021;20:45;200.0;51.55382;93.48346;930000677.0;Столкновение;Улуг-Хемский район;Р-257 Енисей Красноярск - Абакан - Кызыл - граница с Монголией;Федеральная (дорога федерального значения);5.0;Вне НП;Отсутствие в непосредственной близости объектов УДС и объектов притяжения;Перегон (нет объектов на месте ДТП);Не установлены;Сведения отсутствуют;Пасмурно;Мокрое;В темное время суток, освещение отсутствует;Режим движения не изменялся;2.0;3.0;0.0;1.0
1.0;30.06.2021;19:10;70.0;51.583277;94.145011;930001002.0;Столкновение;Кызылский район;Р-257 Енисей Красноярск - Абакан - Кызыл - граница с Монголией;Федеральная (дорога федерального значения);5.0;Вне НП;Отсутствие в непосредственной близости объектов УДС и объектов притяжения;Перегон (нет объектов на месте ДТП);Не установлены;Сведения отсутствуют;Ясно;Сухое;Светлое время суток;Режим движения не изменялся;2.0;3.0;0.0;1.0
3.0;29.06.2021;19:58;190.0;51.286105;91.599712;930000997.0;Опрокидывание;Дзун-Хемчикский район;ЧАДАН - БАЖЫН-АЛААК;Региональная или межмуниципальная (дорога регионального или межмуниципального значения);7.0;;Жилые дома индивидуальной застройки;Нерегулируемый перекрёсток неравнозначных улиц (дорог);Не установлены;Сведения отсутствуют;Ясно;Сухое;Светлое время суток;Режим движения не изменялся;1.0;7.0;1.0;2.0
4.0;28.06.2021;07:50;610.0;51.611448;94.461608;930000988.0;Съезд с дороги;Кызылский район;Кызыл-Эрзин-граница с Монголией;Региональная или межмуниципальная (дорога регионального или межмуниципального значения);5.0;Вне НП;Отсутствие в непосредственной близости объектов УДС и объектов притяжения;Перегон (нет объектов на месте ДТП);Не установлены;Сведения отсутствуют;Ясно;Сухое;Светлое время суток;Режим движения не изменялся;1.0;2.0;0.0;1.0
6.0;25.06.2021;19:25;70.0;51.57803;94.131546;930000975.0;Столкновение;Кызылский район;Р-257 Енисей Красноярск - Абакан - Кызыл - граница с Монголией;Федеральная (дорога федерального значения);5.0;Вне НП;Отсутствие в непосредственной близости объектов УДС и объектов притяжения;Перегон (нет объектов на месте ДТП);Не установлены;Сведения отсутствуют;Дождь;Мокрое;Светлое время суток;Режим движения не изменялся;2.0;5.0;0.0;2.0
7.0;24.06.2021;21:53;300.0;51.705631;94.470341;930000969.0;Столкновение;г.Кызыл;;Местного значения (дорога местного значения, включая относящиеся к собственности поселений, муниципальных районов, городских округов);;Улицы и дороги местного значения в жилой застройке;Жилые дома индивидуальной застройки;Регулируемый перекресток;Не установлены;Сведения отсутствуют;Ясно;Сухое;В темное время суток, освещение включено;Режим движения не изменялся;2.0;3.0;0.0;1.0
8.0;23.06.2021;21:03;300.0;51.719917;94.430537;930000963.0;Столкновение;г.Кызыл;;Местного значения (дорога местного значения, включая относящиеся к собственности поселений, муниципальных районов, городских округов);;Улицы и дороги местного значения в жилой застройке;Крупный торговый объект (являющийся объектом массового тяготения пешеходов и (или) транспорта) | Многоквартирные жилые дома;Регулируемый пешеходный переход | Регулируемый перекресток;Не установлены;Сведения отсутствуют;Пасмурно;Сухое;Сумерки;Движение частично перекрыто;2.0;2.0;0.0;1.0
10.0;22.06.2021;17:05;200.0;51.395323;92.401607;930000956.0;Столкновение;Улуг-Хемский район;Р-257 Енисей Красноярск - Абакан - Кызыл - граница с Монголией;Федеральная (дорога федерального значения);5.0;Вне НП;Отсутствие в непосредственной близости объектов УДС и объектов притяжения;Перегон (нет объектов на месте ДТП);Не установлены;Сведения отсутствуют;Ясно;Сухое;Светлое время суток;Режим движения не изменялся;2.0;6.0;0.0;3.0
11.0;22.06.2021;20:30;730.0;51.702958;94.418285;930000958.0;Наезд на пешехода;г.Кызыл;;Местного значения (дорога местного значения, включая относящиеся к собственности поселений, муниципальных районов, городских округов);;Магистральные улицы общегородского значения;Многоквартирные жилые дома;Регулируемый пешеходный переход | Регулируемый перекресток;Не установлены;Участок, контролируемый стационарными камерами автоматической фотовидеофиксации нарушений ПДД, обозначенный соответствующим предупреждающим знаком;Пасмурно;Сухое;Сумерки;Режим движения не изменялся;1.0;2.0;0.0;1.0
12.0;22.06.2021;00:20;610.0;51.291768;91.564801;930000950.0;Съезд с дороги;Дзун-Хемчикский район;Р-257 Енисей Красноярск - Абакан - Кызыл - граница с Монголией;Федеральная (дорога федерального значения);5.0;;Нерегулируемый пешеходный переход | Нерегулируемый перекрёсток | Жилые дома индивидуальной застройки;Перегон (нет объектов на месте ДТП);Не установлены;Участок, оборудованный шумовыми полосами;Ясно;Сухое;В темное время суток, освещение включено;Режим движения не изменялся;1.0;4.0;0.0;1.0
14.0;21.06.2021;14:30;300.0;51.711821;94.432737;930000945.0;Столкновение;г.Кызыл;;Местного значения (дорога местного значения, включая относящиеся к собственности поселений, муниципальных районов, городских округов);;Улицы и дороги местного значения в жилой застройке;Медицинские (лечебные) организации | Регулируемый пешеходный переход | Жилые дома индивидуальной застройки | Кладбище;Регулируемый перекресток;Не установлены;Сведения отсутствуют;Ясно;Сухое;Светлое время суток;Движение частично перекрыто;2.0;5.0;0.0;1.0
15.0;20.06.2021;11:20;200.0;51.678184;94.370306;930000937.0;Столкновение;г.Кызыл;Кызыл-Эрзин-граница с Монголией;Региональная или межмуниципальная (дорога регионального или межмуниципального значения);5.0;;Отсутствие в непосредственной близости объектов УДС и объектов притяжения;Иное место;Не установлены;Сведения отсутствуют;Ясно;Сухое;Светлое время суток;Движение частично перекрыто;2.0;5.0;1.0;3.0
17.0;18.06.2021;08:30;610.0;51.557409;93.072309;930000926.0;Съезд с дороги;Улуг-Хемский район;Р-257 Енисей Красноярск - Абакан - Кызыл - граница с Монголией;Федеральная (дорога федерального значения);5.0;Вне НП;Отсутствие в непосредственной близости объектов УДС и объектов притяжения;Перегон (нет объектов на месте ДТП);Не установлены;Сведения отсутствуют;Ясно;Сухое;В темное время суток, освещение отсутствует;Режим движения не изменялся;1.0;2.0;0.0;1.0
18.0;18.06.2021;18:05;730.0;51.715703;94.446073;930000928.0;Наезд на велосипедиста;г.Кызыл;;Местного значения (дорога местного значения, включая относящиеся к собственности поселений, муниципальных районов, городских округов);;Магистральные улицы общегородского значения;Жилые дома индивидуальной застройки;Регулируемый пешеходный переход | Регулируемый перекресток;Не установлены;Сведения отсутствуют;Ясно;Сухое;Светлое время суток;Режим движения не изменялся;2.0;2.0;0.0;1.0
19.0;17.06.2021;08:00;300.0;51.723812;94.409176;930000922.0;Столкновение;г.Кызыл;;Местного значения (дорога местного значения, включая относящиеся к собственности поселений, муниципальных районов, городских округов);;Улицы и дороги местного значения в жилой застройке;АЗС | Жилые дома индивидуальной застройки;Регулируемый пешеходный переход | Регулируемый перекресток;Не установлены;Сведения отсутствуют;Ясно;Сухое;Светлое время суток;Движение частично перекрыто;2.0;6.0;0.0;3.0
20.0;15.06.2021;19:15;840.0;51.683439;94.317498;930000915.0;Наезд на пешехода;г.Кызыл;;Местного значения (дорога местного значения, включая относящиеся к собственности поселений, муниципальных районов, городских округов);;Улицы и дороги местного значения в жилой застройке;Жилые дома индивидуальной застройки;Нерегулируемый перекрёсток неравнозначных улиц (дорог);Не установлены;Сведения отсутствуют;Ясно;Сухое;Светлое время суток;Режим движения не изменялся;1.0;2.0;0.0;1.0
21.0;14.06.2021;15:45;610.0;51.287205;94.866385;930000911.0;Съезд с дороги;Кызылский район;Кызыл-Эрзин-граница с Монголией;Региональная или межмуниципальная (дорога регионального или межмуниципального значения);5.0;Вне НП;Отсутствие в непосредственной близости объектов УДС и объектов притяжения;Перегон (нет объектов на месте ДТП);Не установлены;Сведения отсутствуют;Ясно;Сухое;Светлое время суток;Режим движения не изменялся;1.0;4.0;1.0;3.0
23.0;13.06.2021;17:03;800.0;51.718322;94.444356;930000908.0;Наезд на пешехода;г.Кызыл;;Местного значения (дорога местного значения, включая относящиеся к собственности поселений, муниципальных районов, городских округов);;Магистральные улицы общегородского значения;Крупный торговый объект (являющийся объектом массового тяготения пешеходов и (или) транспорта) | Нерегулируемый пешеходный переход | Многоквартирные жилые дома;Перегон (нет объектов на месте ДТП);Не установлены;Сведения отсутствуют;Пасмурно;Сухое;Светлое время суток;Движение частично перекрыто;1.0;2.0;0.0;1.0
25.0;13.06.2021;18:00;830.0;51.058903;91.005785;930000972.0;Наезд на пешехода;Дзун-Хемчикский район;;Местного значения (дорога местного значения, включая относящиеся к собственности поселений, муниципальных районов, городских округов);;Поселковые дороги;Жилые дома индивидуальной застройки;Перегон (нет объектов на месте ДТП);Не установлены;Сведения отсутствуют;Ясно;Сухое;Светлое время суток;Режим движения не изменялся;1.0;2.0;0.0;1.0
27.0;12.06.2021;04:00;600.0;51.201828;90.522881;930000898.0;Опрокидывание;г.Ак-Довурак;АБАКАН-АК-ДОВУРАК;Региональная или межмуниципальная (дорога регионального или межмуниципального значения);6.0;Вне НП;Отсутствие в непосредственной близости объектов УДС и объектов притяжения;Перегон (нет объектов на месте ДТП);Не установлены;Сведения отсутствуют;Пасмурно;Сухое;В темное время суток, освещение отсутствует;Режим движения не изменялся;1.0;1.0;0.0;1.0
28.0;11.06.2021;17:19;200.0;51.555982;93.516161;930000893.0;Столкновение;Улуг-Хемский район;Р-257 Енисей Красноярск - Абакан - Кызыл - граница с Монголией;Федеральная (дорога федерального значения);5.0;Вне НП;Отсутствие в непосредственной близости объектов УДС и объектов притяжения;Перегон (нет объектов на месте ДТП);Не установлены;Сведения отсутствуют;Ясно;Сухое;Светлое время суток;Движение частично перекрыто;2.0;5.0;0.0;5.0
30.0;09.06.2021;15:10;610.0;51.142444;90.566697;930000888.0;Опрокидывание;Барун-Хемчикский район;;Местного значения (дорога местного значения, включая относящиеся к собственности поселений, муниципальных районов, городских округов);;Главные улицы;Жилые дома индивидуальной застройки;Перегон (нет объектов на месте ДТП);Не установлены;Сведения отсутствуют;Ясно;Сухое;Светлое время суток;Режим движения не изменялся;1.0;1.0;0.0;1.0
32.0;05.06.2021;15:10;740.0;51.712951;94.504395;930000869.0;Наезд на пешехода;г.Кызыл;;Местного значения (дорога местного значения, включая относящиеся к собственности поселений, муниципальных районов, городских округов);;Улицы и дороги местного значения в жилой застройке;Остановка общественного транспорта | Административные здания;Нерегулируемый пешеходный переход;Отсутствие пешеходных ограждений в необходимых местах;Сведения отсутствуют;Пасмурно;Сухое;Светлое время суток;Режим движения не изменялся;1.0;2.0;0.0;1.0
33.0;04.06.2021;13:40;610.0;50.254696;95.159068;930000864.0;Опрокидывание;Эрзинский район;Кызыл-Эрзин-граница с Монголией;Региональная или межмуниципальная (дорога регионального или межмуниципального значения);5.0;Вне НП;Отсутствие в непосредственной близости объектов УДС и объектов притяжения;Перегон (нет объектов на месте ДТП);Не установлены;Сведения отсутствуют;Ясно;Сухое;Светлое время суток;Режим движения не изменялся;1.0;3.0;0.0;2.0
34.0;04.06.2021;08:30;610.0;51.575469;95.211124;930000863.0;Опрокидывание;Каа-Хемский район;КЫЗЫЛ - САРЫГ-СЕП;Региональная или межмуниципальная (дорога регионального или межмуниципального значения);5.0;Вне НП;Отсутствие в непосредственной близости объектов УДС и объектов притяжения;Перегон (нет объектов на месте ДТП);Не установлены;Сведения отсутствуют;Ясно;Сухое;Светлое время суток;Режим движения не изменялся;1.0;4.0;0.0;4.0
35.0;03.06.2021;19:42;610.0;51.42909;94.558768;930000856.0;Съезд с дороги;Тандинский район;Подъезд к оз. Дус-Холь;Региональная или межмуниципальная (дорога регионального или межмуниципального значения);6.0;Вне НП;Отсутствие в непосредственной близости объектов УДС и объектов притяжения;Перегон (нет объектов на месте ДТП);Не установлены;Сведения отсутствуют;Ясно;Сухое;Светлое время суток;Режим движения не изменялся;1.0;3.0;0.0;2.0
36.0;02.06.2021;16:25;600.0;51.849777;94.34226;930000851.0;Съезд с дороги;Пий-Хемский район;Р-257 Енисей Красноярск - Абакан - Кызыл - граница с Монголией;Федеральная (дорога федерального значения);5.0;Вне НП;Отсутствие в непосредственной близости объектов УДС и объектов притяжения;Перегон (нет объектов на месте ДТП);Не установлены;Сведения отсутствуют;Ясно;Сухое;Светлое время суток;Режим движения не изменялся;1.0;1.0;0.0;1.0
37.0;01.06.2021;01:10;70.0;51.297027;92.126069;930000845.0;Столкновение;Чаа-Хольский район;Р-257 Енисей Красноярск - Абакан - Кызыл - граница с Монголией;Федеральная (дорога федерального значения);5.0;Вне НП;Отсутствие в непосредственной близости объектов УДС и объектов притяжения;Перегон (нет объектов на месте ДТП);Не установлены;Сведения отсутствуют;Ясно;Сухое;В темное время суток, освещение отсутствует;Движение частично перекрыто;3.0;5.0;2.0;0.0
39.0;01.06.2021;14:00;610.0;50.539727;94.793644;930000847.0;Опрокидывание;Тес-Хемский район;Подъезд к с.Ак-Эрик;Региональная или межмуниципальная (дорога регионального или межмуниципального значения);6.0;Вне НП;Отсутствие в непосредственной близости объектов УДС и объектов притяжения;Перегон (нет объектов на месте ДТП);Не установлены;Сведения отсутствуют;Ясно;Сухое;Светлое время суток;Режим движения не изменялся;1.0;4.0;0.0;4.0
1.0;31.07.2021;05:00;820.0;51.664304;94.292006;930001165.0;Наезд на пешехода;г.Кызыл;;Местного значения (дорога местного значения, включая относящиеся к собственности поселений, муниципальных районов, городских округов);;Улицы и дороги местного значения в жилой застройке;Жилые дома индивидуальной застройки;Перегон (нет объектов на месте ДТП);Не установлены;Сведения отсутствуют;Дождь;Мокрое;Сумерки;Режим движения не изменялся;1.0;2.0;1.0;0.0
3.0;27.07.2021;07:50;610.0;51.082175;90.644159;930001147.0;Съезд с дороги;Барун-Хемчикский район;КЫЗЫЛ-МАЖАЛЫК - АЯНГАТЫ;Региональная или межмуниципальная (дорога регионального или межмуниципального значения);7.0;Вне НП;Отсутствие в непосредственной близости объектов УДС и объектов притяжения;Перегон (нет объектов на месте ДТП);Не установлены;Сведения отсутствуют;Ясно;Сухое;Светлое время суток;Режим движения не изменялся;1.0;2.0;0.0;1.0
4.0;27.07.2021;22:10;820.0;51.663426;94.290097;930001150.0;Наезд на пешехода;г.Кызыл;;Местного значения (дорога местного значения, включая относящиеся к собственности поселений, муниципальных районов, городских округов);;Улицы и дороги местного значения в жилой застройке;Жилые дома индивидуальной застройки;Перегон (нет объектов на месте ДТП);Не установлены;Сведения отсутствуют;Ясно;Сухое;В темное время суток, освещение отсутствует;Режим движения не изменялся;1.0;2.0;0.0;1.0
5.0;26.07.2021;13:30;710.0;51.716633;94.456415;930001154.0;Наезд на пешехода;г.Кызыл;;Местного значения (дорога местного значения, включая относящиеся к собственности поселений, муниципальных районов, городских округов);;Улицы и дороги местного значения в жилой застройке;Школа либо иная детская (в т.ч. дошкольная) организация | Жилые дома индивидуальной застройки;Регулируемый пешеходный переход | Регулируемый перекресток;Не установлены;Сведения отсутствуют;Ясно;Сухое;Светлое время суток;Режим движения не изменялся;1.0;2.0;0.0;1.0
6.0;26.07.2021;10:05;610.0;51.330343;95.600367;930001143.0;Опрокидывание;Каа-Хемский район;САРЫГ-СЕП-БАЛГАЗЫН;Региональная или межмуниципальная (дорога регионального или межмуниципального значения);7.0;Вне НП;Отсутствие в непосредственной близости объектов УДС и объектов притяжения;Перегон (нет объектов на месте ДТП);Не установлены;Сведения отсутствуют;Ясно;Сухое;Светлое время суток;Режим движения не изменялся;1.0;2.0;0.0;1.0
7.0;26.07.2021;16:04;740.0;51.702267;94.448808;930001144.0;Наезд на пешехода;г.Кызыл;;Местного значения (дорога местного значения, включая относящиеся к собственности поселений, муниципальных районов, городских округов);;Магистральные улицы общегородского значения;Остановка общественного транспорта | АЗС | Жилые дома индивидуальной застройки;Нерегулируемый пешеходный переход;Отсутствие пешеходных ограждений в необходимых местах;Сведения отсутствуют;Ясно;Сухое;Светлое время суток;Режим движения не изменялся;1.0;2.0;0.0;1.0
9.0;25.07.2021;22:30;730.0;51.715331;94.473903;930001163.0;Наезд на пешехода;г.Кызыл;;Местного значения (дорога местного значения, включая относящиеся к собственности поселений, муниципальных районов, городских округов);;Улицы и дороги местного значения в жилой застройке;Жилые дома индивидуальной застройки;Регулируемый пешеходный переход | Регулируемый перекресток;Иные недостатки;Сведения отсутствуют;Ясно;Сухое;Светлое время суток;Режим движения не изменялся;1.0;2.0;0.0;1.0
11.0;23.07.2021;22:00;600.0;50.999713;90.476532;930001128.0;Съезд с дороги;Барун-Хемчикский район;Кызыл-Мажалык - Эрги-Барлык;Региональная или межмуниципальная (дорога регионального или межмуниципального значения);5.0;Вне НП;Отсутствие в непосредственной близости объектов УДС и объектов притяжения;Перегон (нет объектов на месте ДТП);Не установлены;Сведения отсутствуют;Пасмурно;Сухое;В темное время суток, освещение отсутствует;Режим движения не изменялся;1.0;5.0;5.0;0.0
12.0;23.07.2021;21:00;500.0;51.730537;94.411011;930001127.0;Столкновение;г.Кызыл;ПОДЪЕЗД К Г.КЫЗЫЛУ (9КМ);Региональная или межмуниципальная (дорога регионального или межмуниципального значения);5.0;;Нерегулируемый пешеходный переход | Жилые дома индивидуальной застройки;Нерегулируемое пересечение с круговым движением;Не установлены;Сведения отсутствуют;Ясно;Сухое;Светлое время суток;Движение частично перекрыто;2.0;7.0;3.0;3.0
14.0;22.07.2021;21:15;990.0;51.712366;94.49182;930001123.0;Наезд на велосипедиста;г.Кызыл;;Местного значения (дорога местного значения, включая относящиеся к собственности поселений, муниципальных районов, городских округов);;Иные места;Многоквартирные жилые дома;Перегон (нет объектов на месте ДТП);Не установлены;Сведения отсутствуют;Ясно;Сухое;В темное время суток, освещение не включено;Режим движения не изменялся;2.0;2.0;0.0;1.0
17.0;20.07.2021;12:05;840.0;52.1438;93.909545;930001112.0;Наезд на пешехода;Пий-Хемский район;;Местного значения (дорога местного значения, включая относящиеся к собственности поселений, муниципальных районов, городских округов);;Улицы и дороги местного значения в жилой застройке;Жилые дома индивидуальной застройки;Перегон (нет объектов на месте ДТП);Не установлены;Сведения отсутствуют;Ясно;Сухое;Светлое время суток;Режим движения не изменялся;1.0;2.0;0.0;1.0
19.0;20.07.2021;18:50;610.0;51.497803;95.544856;930001113.0;Съезд с дороги;Каа-Хемский район;;Местного значения (дорога местного значения, включая относящиеся к собственности поселений, муниципальных районов, городских округов);;Главные улицы;Жилые дома индивидуальной застройки;Перегон (нет объектов на месте ДТП);Неудовлетворительное состояние обочин | Отсутствие тротуаров (пешеходных дорожек) | Отсутствие освещения;Сведения отсутствуют;Ясно;Сухое;Светлое время суток;Режим движения не изменялся;1.0;2.0;1.0;0.0
20.0;19.07.2021;00:20;930.0;51.762833;94.443476;930001108.0;Наезд на препятствие;г.Кызыл;Подъезд к С.КАРА-ХААК;Региональная или межмуниципальная (дорога регионального или межмуниципального значения);5.0;;Жилые дома индивидуальной застройки;Остановка общественного транспорта;Не установлены;Сведения отсутствуют;Ясно;Сухое;В темное время суток, освещение отсутствует;Режим движения не изменялся;1.0;1.0;1.0;0.0
21.0;17.07.2021;11:55;500.0;51.712532;94.464526;930001100.0;Столкновение;г.Кызыл;;Местного значения (дорога местного значения, включая относящиеся к собственности поселений, муниципальных районов, городских округов);;Улицы и дороги местного значения в жилой застройке;Жилые дома индивидуальной застройки;Нерегулируемый перекрёсток неравнозначных улиц (дорог);Не установлены;Сведения отсутствуют;Ясно;Сухое;Светлое время суток;Режим движения не изменялся;2.0;3.0;0.0;1.0
22.0;17.07.2021;20:40;500.0;51.712539;94.464515;930001105.0;Столкновение;г.Кызыл;;Местного значения (дорога местного значения, включая относящиеся к собственности поселений, муниципальных районов, городских округов);;Улицы и дороги местного значения в жилой застройке;Жилые дома индивидуальной застройки;Нерегулируемый перекрёсток неравнозначных улиц (дорог);Не установлены;Сведения отсутствуют;Ясно;Сухое;Светлое время суток;Режим движения не изменялся;2.0;3.0;0.0;1.0
24.0;15.07.2021;00:00;820.0;51.710504;94.409294;930001086.0;Наезд на пешехода;г.Кызыл;;Местного значения (дорога местного значения, включая относящиеся к собственности поселений, муниципальных районов, городских округов);;Улицы и дороги местного значения в жилой застройке;Жилые дома индивидуальной застройки;Нерегулируемый перекрёсток неравнозначных улиц (дорог);Неудовлетворительное состояние обочин | Отсутствие тротуаров (пешеходных дорожек) | Отсутствие освещения;Сведения отсутствуют;Ясно;Сухое;В темное время суток, освещение отсутствует;Режим движения не изменялся;1.0;2.0;0.0;1.0
25.0;14.07.2021;12:35;200.0;51.716288;94.482207;930001082.0;Столкновение;г.Кызыл;;Местного значения (дорога местного значения, включая относящиеся к собственности поселений, муниципальных районов, городских округов);;Магистральные улицы общегородского значения;Остановка общественного транспорта | Школа либо иная детская (в т.ч. дошкольная) организация | Нерегулируемый пешеходный переход | Многоквартирные жилые дома;Выезд с прилегающей территории;Не установлены;Сведения отсутствуют;Ясно | Температура выше +30С;Сухое;Светлое время суток;Режим движения не изменялся;3.0;3.0;0.0;1.0
26.0;14.07.2021;20:30;820.0;51.496334;95.547001;930001085.0;Наезд на пешехода;Каа-Хемский район;;Местного значения (дорога местного значения, включая относящиеся к собственности поселений, муниципальных районов, городских округов);;Главные улицы;Жилые дома индивидуальной застройки;Перегон (нет объектов на месте ДТП);Не установлены;Сведения отсутствуют;Ясно;Сухое;Светлое время суток;Режим движения не изменялся;1.0;2.0;0.0;1.0
28.0;14.07.2021;05:10;600.0;52.202728;95.994093;930001079.0;Съезд с дороги;Тоджинский район;БОЯРОВКА - ТООРА-ХЕМ;Региональная или межмуниципальная (дорога регионального или межмуниципального значения);8.0;Вне НП;Отсутствие в непосредственной близости объектов УДС и объектов притяжения;Перегон (нет объектов на месте ДТП);Не установлены;Сведения отсутствуют;Ясно;Сухое;Светлое время суток;Режим движения не изменялся;1.0;2.0;0.0;1.0
31.0;12.07.2021;23:55;880.0;51.702027;94.411536;930001073.0;Наезд на пешехода;г.Кызыл;;Местного значения (дорога местного значения, включая относящиеся к собственности поселений, муниципальных районов, городских округов);;Магистральные улицы общегородского значения;Крупный торговый объект (являющийся объектом массового тяготения пешеходов и (или) транспорта) | Многоквартирные жилые дома;Автостоянка (не отделённая от проезжей части);Не установлены;Сведения отсутствуют;Ясно;Сухое;В темное время суток, освещение включено;Режим движения не изменялся;1.0;2.0;0.0;1.0
32.0;11.07.2021;21:00;600.0;50.609089;95.017748;930001065.0;Съезд с дороги;Тес-Хемский район;Кызыл-Эрзин-граница с Монголией;Региональная или межмуниципальная (дорога регионального или межмуниципального значения);5.0;Вне НП;Отсутствие в непосредственной близости объектов УДС и объектов притяжения;Перегон (нет объектов на месте ДТП);Не установлены;Сведения отсутствуют;Ясно;Сухое;Сумерки;Режим движения не изменялся;1.0;2.0;0.0;2.0
33.0;11.07.2021;19:09;600.0;51.323331;90.199106;930001066.0;Опрокидывание;Барун-Хемчикский район;Подъезд к с.Хонделен;Региональная или межмуниципальная (дорога регионального или межмуниципального значения);6.0;Вне НП;Отсутствие в непосредственной близости объектов УДС и объектов притяжения;Перегон (нет объектов на месте ДТП);Не установлены;Сведения отсутствуют;Дождь;Мокрое;Светлое время суток;Режим движения не изменялся;1.0;4.0;0.0;4.0
34.0;11.07.2021;22:57;610.0;51.691434;94.695346;930001067.0;Съезд с дороги;Кызылский район;КЫЗЫЛ - САРЫГ-СЕП;Региональная или межмуниципальная (дорога регионального или межмуниципального значения);6.0;Вне НП;Отсутствие в непосредственной близости объектов УДС и объектов притяжения;Перегон (нет объектов на месте ДТП);Не установлены;Сведения отсутствуют;Ясно;Сухое;Светлое время суток;Режим движения не изменялся;1.0;1.0;1.0;0.0
35.0;11.07.2021;05:44;930.0;51.717571;94.423875;930001061.0;Наезд на препятствие;г.Кызыл;;Местного значения (дорога местного значения, включая относящиеся к собственности поселений, муниципальных районов, городских округов);;Магистральные улицы общегородского значения;Остановка общественного транспорта | Регулируемый пешеходный переход | Многоквартирные жилые дома;Регулируемый перекресток;Не установлены;Сведения отсутствуют;Ясно;Сухое;Светлое время суток;Режим движения не изменялся;1.0;2.0;0.0;2.0
38.0;09.07.2021;15:30;820.0;51.130057;93.715492;930001049.0;Наезд на пешехода;Чеди-Хольский район;;Местного значения (дорога местного значения, включая относящиеся к собственности поселений, муниципальных районов, городских округов);;Поселковые дороги;Административные здания | Медицинские (лечебные) организации;Нерегулируемый перекрёсток неравнозначных улиц (дорог);Не установлены;Сведения отсутствуют;Ясно;Сухое;Светлое время суток;Режим движения не изменялся;1.0;3.0;0.0;1.0
42.0;08.07.2021;02:03;930.0;51.71303;94.473099;930001040.0;Наезд на препятствие;г.Кызыл;;Местного значения (дорога местного значения, включая относящиеся к собственности поселений, муниципальных районов, городских округов);;Улицы и дороги местного значения в жилой застройке;Жилые дома индивидуальной застройки;Нерегулируемый перекрёсток неравнозначных улиц (дорог);Не установлены;Сведения отсутствуют;Ясно;Сухое;В темное время суток, освещение включено;Режим движения не изменялся;1.0;1.0;0.0;1.0
43.0;07.07.2021;17:15;610.0;50.861227;92.439995;930001037.0;Съезд с дороги;Овюрский район;ХАНДАГАЙТЫ - АК-ЧЫРАА;Региональная или межмуниципальная (дорога регионального или межмуниципального значения);7.0;Вне НП;Отсутствие в непосредственной близости объектов УДС и объектов притяжения;Перегон (нет объектов на месте ДТП);Не установлены;Сведения отсутствуют;Ясно;Сухое;Светлое время суток;Режим движения не изменялся;1.0;2.0;0.0;2.0
44.0;06.07.2021;22:10;600.0;50.776201;91.891365;930001035.0;Съезд с дороги;Овюрский район;ХАНДАГАЙТЫ - МУГУР-АКСЫ;Региональная или межмуниципальная (дорога регионального или межмуниципального значения);7.0;Вне НП;Отсутствие в непосредственной близости объектов УДС и объектов притяжения;Перегон (нет объектов на месте ДТП);Не установлены;Сведения отсутствуют;Ясно;Сухое;Сумерки;Режим движения не изменялся;1.0;3.0;0.0;3.0
45.0;05.07.2021;21:15;70.0;51.334902;91.838837;930001033.0;Столкновение;Дзун-Хемчикский район;Р-257 Енисей Красноярск - Абакан - Кызыл - граница с Монголией;Федеральная (дорога федерального значения);5.0;Вне НП;Отсутствие в непосредственной близости объектов УДС и объектов притяжения;Перегон (нет объектов на месте ДТП);Не установлены;Сведения отсутствуют;Ясно;Сухое;Светлое время суток;Режим движения не изменялся;3.0;5.0;0.0;1.0
47.0;04.07.2021;06:50;500.0;51.707985;94.457928;930001020.0;Столкновение;г.Кызыл;;Местного значения (дорога местного значения, включая относящиеся к собственности поселений, муниципальных районов, городских округов);;Улицы и дороги местного значения в жилой застройке;Регулируемый пешеходный переход | Жилые дома индивидуальной застройки | Многоквартирные жилые дома;Регулируемый перекресток;Не установлены;Сведения отсутствуют;Ясно;Сухое;Светлое время суток;Режим движения не изменялся;2.0;2.0;0.0;1.0
48.0;04.07.2021;09:00;740.0;51.717099;94.419658;930001046.0;Наезд на пешехода;г.Кызыл;;Местного значения (дорога местного значения, включая относящиеся к собственности поселений, муниципальных районов, городских округов);;Магистральные улицы общегородского значения;Остановка общественного транспорта | АЗС | Зоны отдыха | Нерегулируемое пересечение с круговым движением;Нерегулируемый пешеходный переход;Не установлены;Сведения отсутствуют;Ясно;Сухое;Светлое время суток;Режим движения не изменялся;1.0;2.0;0.0;1.0
50.0;03.07.2021;10:00;600.0;52.147118;93.874311;930001014.0;Съезд с дороги;Пий-Хемский район;Р-257 Енисей Красноярск - Абакан - Кызыл - граница с Монголией;Федеральная (дорога федерального значения);5.0;Вне НП;Отсутствие в непосредственной близости объектов УДС и объектов притяжения;Перегон (нет объектов на месте ДТП);Не установлены;Сведения отсутствуют;Ясно;Сухое;Светлое время суток;Режим движения не изменялся;1.0;1.0;0.0;1.0
56.0;02.07.2021;23:44;200.0;50.982303;90.168872;930001013.0;Столкновение;Бай-Тайгинский район;ТЭЭЛИ - БАЙ-ТАЛ;Региональная или межмуниципальная (дорога регионального или межмуниципального значения);7.0;Вне НП;Отсутствие в непосредственной близости объектов УДС и объектов притяжения;Перегон (нет объектов на месте ДТП);Не установлены;Сведения отсутствуют;Ясно;Сухое;В темное время суток, освещение отсутствует;Режим движения не изменялся;2.0;4.0;0.0;2.0
57.0;01.07.2021;09:05;730.0;51.720236;94.44839;930001004.0;Наезд на пешехода;г.Кызыл;;Местного значения (дорога местного значения, включая относящиеся к собственности поселений, муниципальных районов, городских округов);;Улицы и дороги местного значения научно-производственных промышленных и коммунально-складских районов;Административные здания | Регулируемый пешеходный переход | Жилые дома индивидуальной застройки | Многоквартирные жилые дома;Регулируемый пешеходный переход | Регулируемый перекресток;Не установлены;Сведения отсутствуют;Ясно;Сухое;Светлое время суток;Режим движения не изменялся;1.0;2.0;0.0;1.0
58.0;01.07.2021;19:40;500.0;51.703377;94.49108;930001010.0;Столкновение;г.Кызыл;;Местного значения (дорога местного значения, включая относящиеся к собственности поселений, муниципальных районов, городских округов);;Магистральные улицы общегородского значения;Административные здания | Жилые дома индивидуальной застройки;Нерегулируемый перекрёсток неравнозначных улиц (дорог);Не установлены;Участок, контролируемый стационарными камерами автоматической фотовидеофиксации нарушений ПДД, обозначенный соответствующим предупреждающим знаком;Пасмурно;Сухое;Светлое время суток;Движение частично перекрыто;2.0;2.0;0.0;1.0
4.0;29.08.2021;20:48;890.0;51.292036;91.584681;930001340.0;Наезд на пешехода;Дзун-Хемчикский район;Р-257 Енисей Красноярск - Абакан - Кызыл - граница с Монголией;Федеральная (дорога федерального значения);5.0;;АЗС | Нерегулируемый пешеходный переход | Жилые дома индивидуальной застройки;Нерегулируемый перекрёсток неравнозначных улиц (дорог);Не установлены;Сведения отсутствуют;Пасмурно;Сухое;В темное время суток, освещение включено;Режим движения не изменялся;1.0;3.0;0.0;2.0
5.0;29.08.2021;12:28;610.0;51.529452;95.462265;930001337.0;Съезд с дороги;Каа-Хемский район;КЫЗЫЛ - САРЫГ-СЕП;Региональная или межмуниципальная (дорога регионального или межмуниципального значения);6.0;Вне НП;Отсутствие в непосредственной близости объектов УДС и объектов притяжения;Перегон (нет объектов на месте ДТП);Не установлены;Сведения отсутствуют;Ясно;Сухое;Светлое время суток;Режим движения не изменялся;1.0;1.0;1.0;0.0
6.0;27.08.2021;20:45;820.0;51.462109;95.597706;930001327.0;Наезд на пешехода;Каа-Хемский район;САРЫГ-СЕП-БАЛГАЗЫН;Региональная или межмуниципальная (дорога регионального или межмуниципального значения);6.0;Вне НП;Отсутствие в непосредственной близости объектов УДС и объектов притяжения;Перегон (нет объектов на месте ДТП);Не установлены;Сведения отсутствуют;Ясно;Сухое;В темное время суток, освещение отсутствует;Режим движения не изменялся;1.0;2.0;1.0;0.0
7.0;27.08.2021;10:00;840.0;51.713655;94.423746;930001373.0;Наезд на пешехода;г.Кызыл;;Местного значения (дорога местного значения, включая относящиеся к собственности поселений, муниципальных районов, городских округов);;Улицы и дороги местного значения в жилой застройке;Отсутствие в непосредственной близости объектов УДС и объектов притяжения;Перегон (нет объектов на месте ДТП);Иные недостатки;Сведения отсутствуют;Ясно;Сухое;Светлое время суток;Режим движения не изменялся;1.0;2.0;0.0;1.0
8.0;26.08.2021;17:28;610.0;51.333829;91.780472;930001321.0;Съезд с дороги;Дзун-Хемчикский район;Р-257 Енисей Красноярск - Абакан - Кызыл - граница с Монголией;Федеральная (дорога федерального значения);6.0;Вне НП;Отсутствие в непосредственной близости объектов УДС и объектов притяжения;Перегон (нет объектов на месте ДТП);Не установлены;Сведения отсутствуют;Ясно;Сухое;Светлое время суток;Режим движения не изменялся;1.0;5.0;5.0;0.0
10.0;25.08.2021;21:40;840.0;51.147425;90.58131;930001316.0;Наезд на пешехода;Барун-Хемчикский район;;Местного значения (дорога местного значения, включая относящиеся к собственности поселений, муниципальных районов, городских округов);;Иные места;Административные здания | Жилые дома индивидуальной застройки;Остановка общественного транспорта;Не установлены;Сведения отсутствуют;Ясно;Сухое;В темное время суток, освещение отсутствует;Режим движения не изменялся;1.0;2.0;0.0;1.0
11.0;23.08.2021;16:45;200.0;51.774572;94.452263;930001303.0;Столкновение;г.Кызыл;Подъезд к С.КАРА-ХААК;Региональная или межмуниципальная (дорога регионального или межмуниципального значения);5.0;;Остановка общественного транспорта | Жилые дома индивидуальной застройки;Перегон (нет объектов на месте ДТП);Не установлены;Сведения отсутствуют;Ясно;Сухое;Светлое время суток;Режим движения не изменялся;2.0;11.0;0.0;1.0
12.0;22.08.2021;20:50;330.0;51.17337;90.584121;930001298.0;Столкновение;г.Ак-Довурак;;Местного значения (дорога местного значения, включая относящиеся к собственности поселений, муниципальных районов, городских округов);;Магистральные улицы районного значения;Административные здания | Жилые дома индивидуальной застройки;Перегон (нет объектов на месте ДТП);Неисправное освещение;Сведения отсутствуют;Ясно;Сухое;Светлое время суток;Движение частично перекрыто;2.0;3.0;0.0;1.0
13.0;22.08.2021;22:24;820.0;52.153543;93.92891;930001300.0;Наезд на пешехода;Пий-Хемский район;;Местного значения (дорога местного значения, включая относящиеся к собственности поселений, муниципальных районов, городских округов);;Улицы и дороги местного значения в жилой застройке;Жилые дома индивидуальной застройки;Перегон (нет объектов на месте ДТП);Не установлены;Сведения отсутствуют;Ясно;Сухое;В темное время суток, освещение отсутствует;Режим движения не изменялся;1.0;2.0;1.0;0.0
14.0;22.08.2021;22:00;900.0;51.184938;94.580827;930001301.0;Наезд на животное;Тандинский район;Подъезд к с.Бай-Хаак;Региональная или межмуниципальная (дорога регионального или межмуниципального значения);5.0;Вне НП;Отсутствие в непосредственной близости объектов УДС и объектов притяжения;Перегон (нет объектов на месте ДТП);Не установлены;Сведения отсутствуют;Ясно;Сухое;В темное время суток, освещение отсутствует;Режим движения не изменялся;1.0;2.0;0.0;2.0
15.0;22.08.2021;17:18;990.0;51.225915;91.059837;930001297.0;Опрокидывание;Дзун-Хемчикский район;А162-Г.КЫЗЫЛ - Г.АК-ДОВУРАК;Региональная или межмуниципальная (дорога регионального или межмуниципального значения);6.0;Вне НП;Отсутствие в непосредственной близости объектов УДС и объектов притяжения;Перегон (нет объектов на месте ДТП);Не установлены;Сведения отсутствуют;Ясно;Сухое;Светлое время суток;Режим движения не изменялся;1.0;1.0;1.0;0.0
19.0;21.08.2021;22:45;600.0;51.03686;90.268221;930001293.0;Опрокидывание;Бай-Тайгинский район;Подъезд к с.Тээли;Региональная или межмуниципальная (дорога регионального или межмуниципального значения);5.0;Вне НП;Отсутствие в непосредственной близости объектов УДС и объектов притяжения;Перегон (нет объектов на месте ДТП);Не установлены;Сведения отсутствуют;Ясно;Сухое;В темное время суток, освещение отсутствует;Режим движения не изменялся;1.0;5.0;0.0;2.0
21.0;19.08.2021;14:50;610.0;51.651222;94.544353;930001275.0;Съезд с дороги;Кызылский район;Объездная в обход г.Кызыл и пгт.Каа-Хем;Региональная или межмуниципальная (дорога регионального или межмуниципального значения);5.0;Вне НП;Отсутствие в непосредственной близости объектов УДС и объектов притяжения;Перегон (нет объектов на месте ДТП);Не установлены;Сведения отсутствуют;Ясно;Сухое;Светлое время суток;Режим движения не изменялся;1.0;1.0;0.0;1.0
22.0;19.08.2021;18:55;500.0;51.700837;94.561054;930001278.0;Столкновение;Кызылский район;;Местного значения (дорога местного значения, включая относящиеся к собственности поселений, муниципальных районов, городских округов);;Поселковые дороги;Школа либо иная детская (в т.ч. дошкольная) организация | Административные здания | Жилые дома индивидуальной застройки;Нерегулируемый перекрёсток неравнозначных улиц (дорог);Не установлены;Сведения отсутствуют;Ясно;Сухое;Светлое время суток;Движение полностью перекрыто;2.0;11.0;0.0;4.0
23.0;17.08.2021;08:20;300.0;51.725407;94.409251;930001263.0;Столкновение;г.Кызыл;;Местного значения (дорога местного значения, включая относящиеся к собственности поселений, муниципальных районов, городских округов);;Улицы и дороги местного значения в жилой застройке;АЗС | Крупный торговый объект (являющийся объектом массового тяготения пешеходов и (или) транспорта) | Регулируемый пешеходный переход | Жилые дома индивидуальной застройки;Регулируемый перекресток;Отсутствие, плохая различимость горизонтальной разметки проезжей части;Сведения отсутствуют;Ясно;Сухое;Светлое время суток;Режим движения не изменялся;2.0;5.0;0.0;3.0
24.0;16.08.2021;18:20;70.0;51.703284;94.486842;930001260.0;Столкновение;г.Кызыл;;Местного значения (дорога местного значения, включая относящиеся к собственности поселений, муниципальных районов, городских округов);;Магистральные улицы общегородского значения;Остановка общественного транспорта | Жилые дома индивидуальной застройки;Нерегулируемый пешеходный переход;Не установлены;Участок, контролируемый стационарными камерами автоматической фотовидеофиксации нарушений ПДД, обозначенный соответствующим предупреждающим знаком;Ясно;Сухое;Светлое время суток;Режим движения не изменялся;2.0;3.0;0.0;1.0
26.0;15.08.2021;21:16;610.0;50.591792;97.488663;930001255.0;Съезд с дороги;Тере-Хольский район;;Местного значения (дорога местного значения, включая относящиеся к собственности поселений, муниципальных районов, городских округов);;Вне НП;Отсутствие в непосредственной близости объектов УДС и объектов притяжения;Перегон (нет объектов на месте ДТП);Не установлены;Сведения отсутствуют;Туман;Мокрое;В темное время суток, освещение отсутствует;Режим движения не изменялся;1.0;3.0;0.0;2.0
27.0;15.08.2021;20:03;70.0;51.715131;94.424926;930001254.0;Столкновение;г.Кызыл;;Местного значения (дорога местного значения, включая относящиеся к собственности поселений, муниципальных районов, городских округов);;Улицы и дороги местного значения в жилой застройке;Жилые дома индивидуальной застройки | Многоквартирные жилые дома;Регулируемый пешеходный переход | Регулируемый перекресток;Не установлены;Сведения отсутствуют;Дождь;Мокрое;В темное время суток, освещение включено;Движение частично перекрыто;2.0;3.0;0.0;1.0
29.0;14.08.2021;04:35;930.0;51.681177;94.35138;930001243.0;Наезд на препятствие;г.Кызыл;;Местного значения (дорога местного значения, включая относящиеся к собственности поселений, муниципальных районов, городских округов);;Магистральные улицы общегородского значения;Производственное предприятие | Кладбище | Мост;Нерегулируемый перекрёсток неравнозначных улиц (дорог);Не установлены;Участок, контролируемый стационарными камерами автоматической фотовидеофиксации нарушений ПДД, обозначенный соответствующим предупреждающим знаком;Пасмурно;Сухое;В темное время суток, освещение включено;Режим движения не изменялся;1.0;7.0;0.0;4.0
30.0;14.08.2021;18:50;740.0;51.701861;94.539714;930001249.0;Наезд на велосипедиста;г.Кызыл;;Местного значения (дорога местного значения, включая относящиеся к собственности поселений, муниципальных районов, городских округов);;Магистральные улицы общегородского значения;АЗС | Производственное предприятие | Административные здания;Нерегулируемый пешеходный переход;Не установлены;Участок, оборудованный искусственными неровностями;Ясно;Сухое;Светлое время суток;Режим движения не изменялся;2.0;2.0;0.0;1.0
31.0;12.08.2021;22:10;210.0;51.153186;90.617273;930001239.0;Столкновение;Барун-Хемчикский район;А162-Г.КЫЗЫЛ - Г.АК-ДОВУРАК;Региональная или межмуниципальная (дорога регионального или межмуниципального значения);6.0;Вне НП;Отсутствие в непосредственной близости объектов УДС и объектов притяжения;Перегон (нет объектов на месте ДТП);Не установлены;Сведения отсутствуют;Пасмурно;Сухое;В темное время суток, освещение отсутствует;Режим движения не изменялся;2.0;4.0;0.0;3.0
34.0;09.08.2021;07:02;70.0;51.58799;94.153969;930001219.0;Столкновение;Кызылский район;Р-257 Енисей Красноярск - Абакан - Кызыл - граница с Монголией;Федеральная (дорога федерального значения);5.0;Вне НП;Отсутствие в непосредственной близости объектов УДС и объектов притяжения;Перегон (нет объектов на месте ДТП);Не установлены;Сведения отсутствуют;Ясно;Сухое;Светлое время суток;Режим движения не изменялся;2.0;6.0;1.0;2.0
35.0;08.08.2021;01:40;500.0;51.713576;94.425248;930001213.0;Столкновение;г.Кызыл;;Местного значения (дорога местного значения, включая относящиеся к собственности поселений, муниципальных районов, городских округов);;Улицы и дороги местного значения в жилой застройке;Регулируемый пешеходный переход | Жилые дома индивидуальной застройки;Регулируемый перекресток;Отсутствие, плохая различимость горизонтальной разметки проезжей части | Отсутствие пешеходных ограждений в необходимых местах | Иные недостатки;Сведения отсутствуют;Ясно;Сухое;В темное время суток, освещение включено;Режим движения не изменялся;2.0;4.0;1.0;3.0
36.0;07.08.2021;15:44;70.0;51.700857;94.406483;930001209.0;Столкновение;г.Кызыл;;Местного значения (дорога местного значения, включая относящиеся к собственности поселений, муниципальных районов, городских округов);;Улицы и дороги местного значения в жилой застройке;Нерегулируемый пешеходный переход | Многоквартирные жилые дома;Нерегулируемое пересечение с круговым движением;Не установлены;Сведения отсутствуют;Ясно;Сухое;Светлое время суток;Режим движения не изменялся;2.0;3.0;0.0;1.0
37.0;07.08.2021;15:00;500.0;51.700924;94.55541;930001207.0;Столкновение;Кызылский район;;Местного значения (дорога местного значения, включая относящиеся к собственности поселений, муниципальных районов, городских округов);;Поселковые дороги;Крупный торговый объект (являющийся объектом массового тяготения пешеходов и (или) транспорта) | Жилые дома индивидуальной застройки;Нерегулируемый перекрёсток неравнозначных улиц (дорог);Не установлены;Сведения отсутствуют;Пасмурно;Сухое;Светлое время суток;Режим движения не изменялся;2.0;6.0;0.0;2.0
38.0;05.08.2021;12:15;500.0;51.71194;94.450686;930001196.0;Столкновение;г.Кызыл;;Местного значения (дорога местного значения, включая относящиеся к собственности поселений, муниципальных районов, городских округов);;Улицы и дороги местного значения научно-производственных промышленных и коммунально-складских районов;Жилые дома индивидуальной застройки;Нерегулируемый пешеходный переход | Нерегулируемый перекрёсток неравнозначных улиц (дорог);Отсутствие, плохая различимость горизонтальной разметки проезжей части;Сведения отсутствуют;Пасмурно;Сухое;Светлое время суток;Режим движения не изменялся;2.0;3.0;0.0;3.0
45.0;02.08.2021;17:05;610.0;51.163844;91.555939;930001231.0;Опрокидывание;Дзун-Хемчикский район;Р-257 Енисей Красноярск - Абакан - Кызыл - граница с Монголией;Федеральная (дорога федерального значения);5.0;Вне НП;Отсутствие в непосредственной близости объектов УДС и объектов притяжения;Перегон (нет объектов на месте ДТП);Не установлены;Сведения отсутствуют;Ясно;Сухое;Светлое время суток;Режим движения не изменялся;1.0;1.0;0.0;1.0
46.0;01.08.2021;19:20;800.0;51.715444;94.472594;930001172.0;Наезд на пешехода;г.Кызыл;;Местного значения (дорога местного значения, включая относящиеся к собственности поселений, муниципальных районов, городских округов);;Улицы и дороги местного значения в жилой застройке;Регулируемый пешеходный переход | Регулируемый перекрёсток | Жилые дома индивидуальной застройки;Перегон (нет объектов на месте ДТП);Не установлены;Сведения отсутствуют;Ясно;Сухое;Светлое время суток;Режим движения не изменялся;1.0;2.0;0.0;1.0
1.0;30.09.2021;18:07;720.0;51.722841;94.409788;930001538.0;Наезд на пешехода;г.Кызыл;;Местного значения (дорога местного значения, включая относящиеся к собственности поселений, муниципальных районов, городских округов);;Улицы и дороги местного значения в жилой застройке;Жилые дома индивидуальной застройки | Мост;Регулируемый пешеходный переход | Регулируемый перекресток;Не установлены;Сведения отсутствуют;Ясно;Сухое;Светлое время суток;Режим движения не изменялся;1.0;2.0;0.0;1.0
2.0;29.09.2021;08:05;500.0;51.728118;94.410067;930001528.0;Столкновение;г.Кызыл;;Местного значения (дорога местного значения, включая относящиеся к собственности поселений, муниципальных районов, городских округов);;Улицы и дороги местного значения в жилой застройке;АЗС | Регулируемый пешеходный переход | Жилые дома индивидуальной застройки;Регулируемый перекресток;Не установлены;Сведения отсутствуют;Ясно;Сухое;Светлое время суток;Режим движения не изменялся;2.0;4.0;0.0;2.0
4.0;29.09.2021;14:45;740.0;51.719864;94.455825;930001532.0;Наезд на пешехода;г.Кызыл;;Местного значения (дорога местного значения, включая относящиеся к собственности поселений, муниципальных районов, городских округов);;Магистральные улицы общегородского значения;Крупный торговый объект (являющийся объектом массового тяготения пешеходов и (или) транспорта) | Административные здания | Многоквартирные жилые дома;Нерегулируемый пешеходный переход | Нерегулируемый перекрёсток неравнозначных улиц (дорог);Иные недостатки;Сведения отсутствуют;Ясно;Мокрое;Светлое время суток;Режим движения не изменялся;2.0;3.0;0.0;1.0
6.0;27.09.2021;09:30;820.0;51.651325;94.276836;930001520.0;Наезд на пешехода;Кызылский район;;Местного значения (дорога местного значения, включая относящиеся к собственности поселений, муниципальных районов, городских округов);;Иные места;Остановка общественного транспорта | Иная образовательная организация | Административные здания | Нерегулируемый пешеходный переход;Перегон (нет объектов на месте ДТП);Не установлены;Сведения отсутствуют;Ясно;Сухое;Светлое время суток;Режим движения не изменялся;1.0;2.0;0.0;1.0
10.0;24.09.2021;23:30;610.0;52.455159;96.134448;930001509.0;Съезд с дороги;Тоджинский район;Тоора-Хем - Адыр-Кежиг;Региональная или межмуниципальная (дорога регионального или межмуниципального значения);7.0;Вне НП;Отсутствие в непосредственной близости объектов УДС и объектов притяжения;Перегон (нет объектов на месте ДТП);Не установлены;Сведения отсутствуют;Ясно;Сухое;В темное время суток, освещение отсутствует;Режим движения не изменялся;1.0;1.0;0.0;1.0
11.0;22.09.2021;15:10;610.0;51.160662;90.56998;930001496.0;Съезд с дороги;г.Ак-Довурак;;Местного значения (дорога местного значения, включая относящиеся к собственности поселений, муниципальных районов, городских округов);;Магистральные улицы районного значения;Отсутствие в непосредственной близости объектов УДС и объектов притяжения;Нерегулируемое пересечение с круговым движением;Не установлены;Сведения отсутствуют;Ясно;Сухое;Светлое время суток;Режим движения не изменялся;1.0;5.0;1.0;4.0
17.0;18.09.2021;03:55;600.0;51.55893;93.580856;930001460.0;Съезд с дороги;Кызылский район;Р-257 Енисей Красноярск - Абакан - Кызыл - граница с Монголией;Федеральная (дорога федерального значения);5.0;Вне НП;Отсутствие в непосредственной близости объектов УДС и объектов притяжения;Перегон (нет объектов на месте ДТП);Не установлены;Сведения отсутствуют;Ясно;Сухое;В темное время суток, освещение не включено;Режим движения не изменялся;1.0;5.0;0.0;1.0
18.0;17.09.2021;14:15;610.0;50.62137;95.2461;930001456.0;Съезд с дороги;Тес-Хемский район;Кызыл-Эрзин-граница с Монголией;Региональная или межмуниципальная (дорога регионального или межмуниципального значения);5.0;Вне НП;Отсутствие в непосредственной близости объектов УДС и объектов притяжения;Перегон (нет объектов на месте ДТП);Не установлены;Сведения отсутствуют;Ясно;Сухое;Светлое время суток;Режим движения не изменялся;1.0;3.0;0.0;2.0
19.0;16.09.2021;07:45;200.0;51.693077;94.41335;930001447.0;Столкновение;г.Кызыл;;Местного значения (дорога местного значения, включая относящиеся к собственности поселений, муниципальных районов, городских округов);;Магистральные улицы общегородского значения;Школа либо иная детская (в т.ч. дошкольная) организация | Жилые дома индивидуальной застройки;Нерегулируемый перекрёсток неравнозначных улиц (дорог);Не установлены;Сведения отсутствуют;Ясно;Сухое;Светлое время суток;Режим движения не изменялся;2.0;3.0;0.0;2.0
21.0;15.09.2021;18:55;610.0;51.447267;95.624228;930001445.0;Съезд с дороги;Каа-Хемский район;ПОДЪЕЗД К С.УСТЬ-БУРЕН;Региональная или межмуниципальная (дорога регионального или межмуниципального значения);5.0;;Отсутствие в непосредственной близости объектов УДС и объектов притяжения;Перегон (нет объектов на месте ДТП);Не установлены;Сведения отсутствуют;Ясно;Сухое;Сумерки;Режим движения не изменялся;1.0;2.0;0.0;2.0
26.0;12.09.2021;16:15;600.0;52.489183;96.089087;930001427.0;Съезд с дороги;Тоджинский район;Тоора-Хем - Ий;Региональная или межмуниципальная (дорога регионального или межмуниципального значения);7.0;Вне НП;Отсутствие в непосредственной близости объектов УДС и объектов притяжения;Перегон (нет объектов на месте ДТП);Не установлены;Сведения отсутствуют;Ясно;Сухое;Светлое время суток;Режим движения не изменялся;1.0;2.0;0.0;2.0
30.0;11.09.2021;11:53;900.0;51.161933;90.438423;930001413.0;Наезд на животное;Барун-Хемчикский район;Подъезд к с.Тээли;Региональная или межмуниципальная (дорога регионального или межмуниципального значения);6.0;Вне НП;Отсутствие в непосредственной близости объектов УДС и объектов притяжения;Перегон (нет объектов на месте ДТП);Не установлены;Оказание влияния на движение транспортного потока или отдельного транспортного средства, наличия или внезапного появления на проезжей части животных;Ясно;Сухое;Светлое время суток;Режим движения не изменялся;1.0;3.0;0.0;1.0
34.0;11.09.2021;16:05;140.0;51.472736;92.305434;930001411.0;Столкновение;Чаа-Хольский район;ПОДЪЕЗД К с. ЧАА-ХОЛЬ;Региональная или межмуниципальная (дорога регионального или межмуниципального значения);5.0;Вне НП;Отсутствие в непосредственной близости объектов УДС и объектов притяжения;Перегон (нет объектов на месте ДТП);Не установлены;Сведения отсутствуют;Ясно;Сухое;Светлое время суток;Режим движения не изменялся;2.0;7.0;0.0;6.0
35.0;11.09.2021;12:05;610.0;51.162499;90.425978;930001414.0;Опрокидывание;Барун-Хемчикский район;Подъезд к с.Тээли;Региональная или межмуниципальная (дорога регионального или межмуниципального значения);6.0;Вне НП;Отсутствие в непосредственной близости объектов УДС и объектов притяжения;Перегон (нет объектов на месте ДТП);Не установлены;Сведения отсутствуют;Ясно;Сухое;Светлое время суток;Режим движения не изменялся;1.0;2.0;0.0;2.0
36.0;11.09.2021;08:45;600.0;51.677851;94.365134;930001409.0;Съезд с дороги;г.Кызыл;Кызыл-Эрзин-граница с Монголией;Региональная или межмуниципальная (дорога регионального или межмуниципального значения);5.0;;Отсутствие в непосредственной близости объектов УДС и объектов притяжения;Нерегулируемый перекрёсток неравнозначных улиц (дорог);Не установлены;Сведения отсутствуют;Ясно;Сухое;Светлое время суток;Режим движения не изменялся;1.0;2.0;0.0;1.0
37.0;10.09.2021;20:30;70.0;51.55833;93.184361;930001405.0;Столкновение;Улуг-Хемский район;Р-257 Енисей Красноярск - Абакан - Кызыл - граница с Монголией;Федеральная (дорога федерального значения);5.0;Вне НП;Отсутствие в непосредственной близости объектов УДС и объектов притяжения;Иное место;Не установлены;Сведения отсутствуют;Ясно;Сухое;В темное время суток, освещение отсутствует;Движение частично перекрыто;2.0;4.0;2.0;2.0
38.0;09.09.2021;20:06;930.0;51.308082;91.950245;930001402.0;Наезд на препятствие;Дзун-Хемчикский район;Р-257 Енисей Красноярск - Абакан - Кызыл - граница с Монголией;Федеральная (дорога федерального значения);5.0;Вне НП;Отсутствие в непосредственной близости объектов УДС и объектов притяжения;Подход к мосту, эстакаде, путепроводу;Не установлены;Сужение проезжей части вследствие проведения работ;Дождь;Мокрое;В темное время суток, освещение отсутствует;Движение частично перекрыто;1.0;5.0;0.0;4.0
39.0;09.09.2021;17:45;600.0;51.869602;94.26218;930001399.0;Опрокидывание;Пий-Хемский район;Подъезд к ст.Тайга;Региональная или межмуниципальная (дорога регионального или межмуниципального значения);5.0;Вне НП;Отсутствие в непосредственной близости объектов УДС и объектов притяжения;Перегон (нет объектов на месте ДТП);Не установлены;Сведения отсутствуют;Пасмурно;Сухое;Светлое время суток;Режим движения не изменялся;1.0;2.0;0.0;2.0
40.0;08.09.2021;10:20;730.0;51.717557;94.424143;930001395.0;Наезд на пешехода;г.Кызыл;;Местного значения (дорога местного значения, включая относящиеся к собственности поселений, муниципальных районов, городских округов);;Улицы и дороги местного значения в жилой застройке;Остановка общественного транспорта | Административные здания | Многоквартирные жилые дома;Регулируемый пешеходный переход | Регулируемый перекресток;Не установлены;Участок, контролируемый стационарными камерами автоматической фотовидеофиксации нарушений ПДД, обозначенный соответствующим предупреждающим знаком;Ясно;Сухое;Светлое время суток;Режим движения не изменялся;1.0;2.0;0.0;1.0
41.0;06.09.2021;16:40;70.0;51.638316;95.061522;930001389.0;Столкновение;Каа-Хемский район;КЫЗЫЛ - САРЫГ-СЕП;Региональная или межмуниципальная (дорога регионального или межмуниципального значения);6.0;Вне НП;Отсутствие в непосредственной близости объектов УДС и объектов притяжения;Перегон (нет объектов на месте ДТП);Не установлены;Сведения отсутствуют;Ясно;Сухое;Светлое время суток;Режим движения не изменялся;2.0;5.0;0.0;1.0
42.0;05.09.2021;20:25;910.0;50.59073;94.994702;930001383.0;Наезд на стоящее ТС;Тес-Хемский район;САМАГАЛТАЙ - АК-ЧЫРАА;Региональная или межмуниципальная (дорога регионального или межмуниципального значения);5.0;Поселковые дороги;Жилые дома индивидуальной застройки;Перегон (нет объектов на месте ДТП);Не установлены;Сведения отсутствуют;Ясно;Сухое;В темное время суток, освещение отсутствует;Режим движения не изменялся;2.0;3.0;0.0;2.0
44.0;05.09.2021;13:46;70.0;51.155474;90.57528;930001384.0;Столкновение;Барун-Хемчикский район;А162-Г.КЫЗЫЛ - Г.АК-ДОВУРАК;Региональная или межмуниципальная (дорога регионального или межмуниципального значения);6.0;;Отсутствие в непосредственной близости объектов УДС и объектов притяжения;Мост, эстакада, путепровод;Не установлены;Сведения отсутствуют;Ясно;Сухое;Светлое время суток;Режим движения не изменялся;2.0;3.0;0.0;2.0
45.0;05.09.2021;10:05;610.0;51.410262;91.301794;930001381.0;Съезд с дороги;Сут-Хольский район;СУГ-АКСЫ - ИШКИН;Региональная или межмуниципальная (дорога регионального или межмуниципального значения);7.0;Вне НП;Отсутствие в непосредственной близости объектов УДС и объектов притяжения;Мост, эстакада, путепровод;Не установлены;Сведения отсутствуют;Ясно;Сухое;Светлое время суток;Режим движения не изменялся;1.0;1.0;0.0;1.0
46.0;04.09.2021;18:10;70.0;51.01445;90.201606;930001377.0;Столкновение;Бай-Тайгинский район;;Местного значения (дорога местного значения, включая относящиеся к собственности поселений, муниципальных районов, городских округов);;Основные улицы в жилой застройке;Нерегулируемый пешеходный переход | Жилые дома индивидуальной застройки;Нерегулируемый перекрёсток неравнозначных улиц (дорог);Отсутствие, плохая различимость горизонтальной разметки проезжей части;Участок, оборудованный искусственными неровностями;Ясно;Сухое;Светлое время суток;Режим движения не изменялся;4.0;4.0;0.0;2.0
47.0;04.09.2021;22:10;830.0;51.190715;90.601051;930001378.0;Наезд на пешехода;г.Ак-Довурак;;Местного значения (дорога местного значения, включая относящиеся к собственности поселений, муниципальных районов, городских округов);;Иные места;Административные здания | Многоквартирные жилые дома;Внутридворовая территория;Не установлены;Сведения отсутствуют;Ясно;Сухое;В темное время суток, освещение включено;Режим движения не изменялся;1.0;2.0;1.0;0.0
49.0;04.09.2021;10:50;710.0;51.717577;94.423381;930001367.0;Наезд на пешехода;г.Кызыл;;Местного значения (дорога местного значения, включая относящиеся к собственности поселений, муниципальных районов, городских округов);;Магистральные улицы общегородского значения;Крупный торговый объект (являющийся объектом массового тяготения пешеходов и (или) транспорта) | Административные здания | Регулируемый перекрёсток | Многоквартирные жилые дома;Регулируемый пешеходный переход;Не установлены;Сведения отсутствуют;Ясно;Сухое;Светлое время суток;Режим движения не изменялся;1.0;2.0;0.0;1.0
50.0;04.09.2021;16:10;90.0;52.458977;96.118108;930001382.0;Опрокидывание;Тоджинский район;;Местного значения (дорога местного значения, включая относящиеся к собственности поселений, муниципальных районов, городских округов);;Поселковые дороги;Жилые дома индивидуальной застройки;Иное место;Не установлены;Сведения отсутствуют;Ясно;Сухое;Светлое время суток;Режим движения не изменялся;1.0;2.0;0.0;1.0
51.0;04.09.2021;12:10;590.0;52.228194;95.988278;930001369.0;Съезд с дороги;Тоджинский район;БОЯРОВКА - ТООРА-ХЕМ;Региональная или межмуниципальная (дорога регионального или межмуниципального значения);7.0;Вне НП;Отсутствие в непосредственной близости объектов УДС и объектов притяжения;Перегон (нет объектов на месте ДТП);Не установлены;Сведения отсутствуют;Ясно;Сухое;Светлое время суток;Режим движения не изменялся;1.0;1.0;0.0;1.0
52.0;03.09.2021;11:34;890.0;51.708144;94.428831;930001363.0;Наезд на велосипедиста;г.Кызыл;;Местного значения (дорога местного значения, включая относящиеся к собственности поселений, муниципальных районов, городских округов);;Иные места;Многоквартирные жилые дома;Внутридворовая территория;Не установлены;Сведения отсутствуют;Ясно;Сухое;Светлое время суток;Режим движения не изменялся;3.0;4.0;0.0;1.0
54.0;01.09.2021;18:05;600.0;51.636865;94.436395;930001358.0;Съезд с дороги;Кызылский район;Кызыл-Эрзин-граница с Монголией;Региональная или межмуниципальная (дорога регионального или межмуниципального значения);5.0;Вне НП;Отсутствие в непосредственной близости объектов УДС и объектов притяжения;Перегон (нет объектов на месте ДТП);Не установлены;Сведения отсутствуют;Дождь;Мокрое;Светлое время суток;Режим движения не изменялся;1.0;2.0;0.0;2.0
1.0;30.10.2021;19:30;600.0;50.760785;92.018394;930001707.0;Опрокидывание;Овюрский район;Р-257 Енисей Красноярск - Абакан - Кызыл - граница с Монголией;Федеральная (дорога федерального значения);6.0;;Жилые дома индивидуальной застройки;Перегон (нет объектов на месте ДТП);Не установлены;Сведения отсутствуют;Пасмурно;Сухое;В темное время суток, освещение отсутствует;Режим движения не изменялся;1.0;4.0;1.0;1.0
2.0;29.10.2021;05:50;200.0;51.689106;94.420795;930001692.0;Столкновение;г.Кызыл;Кызыл-Эрзин-граница с Монголией;Региональная или межмуниципальная (дорога регионального или межмуниципального значения);5.0;;Жилые дома индивидуальной застройки;Перегон (нет объектов на месте ДТП);Не установлены;Участок, контролируемый стационарными камерами автоматической фотовидеофиксации нарушений ПДД, не обозначенный соответствующим предупреждающим знаком;Ясно;Сухое;В темное время суток, освещение не включено;Режим движения не изменялся;2.0;5.0;0.0;3.0
3.0;29.10.2021;18:30;700.0;51.709494;94.410582;930001696.0;Наезд на пешехода;г.Кызыл;;Местного значения (дорога местного значения, включая относящиеся к собственности поселений, муниципальных районов, городских округов);;Улицы и дороги местного значения научно-производственных промышленных и коммунально-складских районов;Жилые дома индивидуальной застройки;Нерегулируемый пешеходный переход | Нерегулируемый перекрёсток неравнозначных улиц (дорог);Не установлены;Участок, контролируемый стационарными камерами автоматической фотовидеофиксации нарушений ПДД, обозначенный соответствующим предупреждающим знаком;Ясно;Сухое;В темное время суток, освещение включено;Движение частично перекрыто;1.0;2.0;0.0;1.0
4.0;28.10.2021;12:50;700.0;51.715178;94.424787;930001688.0;Наезд на пешехода;г.Кызыл;;Местного значения (дорога местного значения, включая относящиеся к собственности поселений, муниципальных районов, городских округов);;Улицы и дороги местного значения в жилой застройке;Остановка общественного транспорта | Жилые дома индивидуальной застройки | Многоквартирные жилые дома;Регулируемый пешеходный переход | Регулируемый перекресток;Не установлены;Сведения отсутствуют;Ясно;Сухое;Светлое время суток;Режим движения не изменялся;1.0;2.0;0.0;1.0
5.0;27.10.2021;19:40;820.0;51.704541;94.433627;930001684.0;Наезд на пешехода;г.Кызыл;;Местного значения (дорога местного значения, включая относящиеся к собственности поселений, муниципальных районов, городских округов);;Магистральные улицы общегородского значения;Многоквартирные жилые дома;Нерегулируемое пересечение с круговым движением;Не установлены;Сведения отсутствуют;Ясно;Сухое;В темное время суток, освещение включено;Режим движения не изменялся;1.0;2.0;0.0;1.0
6.0;27.10.2021;23:10;70.0;51.280656;92.047405;930001686.0;Столкновение;Чаа-Хольский район;Р-257 Енисей Красноярск - Абакан - Кызыл - граница с Монголией;Федеральная (дорога федерального значения);5.0;Вне НП;Отсутствие в непосредственной близости объектов УДС и объектов притяжения;Перегон (нет объектов на месте ДТП);Не установлены;Сведения отсутствуют;Пасмурно;Сухое;В темное время суток, освещение отсутствует;Режим движения не изменялся;2.0;3.0;1.0;0.0
7.0;27.10.2021;21:30;840.0;51.658394;94.215038;930001685.0;Наезд на пешехода;Кызылский район;Кызыл - Ээрбек - Баян-Кол;Региональная или межмуниципальная (дорога регионального или межмуниципального значения);6.0;;Жилые дома индивидуальной застройки;Перегон (нет объектов на месте ДТП);Не установлены;Сведения отсутствуют;Ясно;Сухое;В темное время суток, освещение отсутствует;Режим движения не изменялся;1.0;2.0;1.0;0.0
8.0;27.10.2021;13:55;750.0;51.699055;94.406451;930001681.0;Наезд на пешехода;г.Кызыл;;Местного значения (дорога местного значения, включая относящиеся к собственности поселений, муниципальных районов, городских округов);;Улицы и дороги местного значения в жилой застройке;Остановка общественного транспорта | Крупный торговый объект (являющийся объектом массового тяготения пешеходов и (или) транспорта) | Административные здания | Многоквартирные жилые дома;Нерегулируемый пешеходный переход | Нерегулируемый перекрёсток неравнозначных улиц (дорог);Не установлены;Сведения отсутствуют;Ясно;Сухое;Светлое время суток;Режим движения не изменялся;1.0;2.0;0.0;1.0
12.0;23.10.2021;21:14;600.0;51.555221;93.493052;930001665.0;Съезд с дороги;Улуг-Хемский район;Р-257 Енисей Красноярск - Абакан - Кызыл - граница с Монголией;Федеральная (дорога федерального значения);5.0;Вне НП;Отсутствие в непосредственной близости объектов УДС и объектов притяжения;Перегон (нет объектов на месте ДТП);Не установлены;Сведения отсутствуют;Пасмурно;Мокрое;В темное время суток, освещение отсутствует;Режим движения не изменялся;1.0;3.0;0.0;2.0
14.0;21.10.2021;09:30;880.0;51.684849;94.315395;930002059.0;Наезд на пешехода;г.Кызыл;;Местного значения (дорога местного значения, включая относящиеся к собственности поселений, муниципальных районов, городских округов);;Улицы и дороги местного значения в жилой застройке;Отсутствие в непосредственной близости объектов УДС и объектов притяжения;Нерегулируемый перекрёсток неравнозначных улиц (дорог);Не установлены;Сведения отсутствуют;Ясно;Сухое;Светлое время суток;Режим движения не изменялся;1.0;2.0;0.0;1.0
15.0;20.10.2021;12:48;600.0;51.45866;92.780614;930001654.0;Съезд с дороги;Улуг-Хемский район;Р-257 Енисей Красноярск - Абакан - Кызыл - граница с Монголией;Федеральная (дорога федерального значения);5.0;Вне НП;Отсутствие в непосредственной близости объектов УДС и объектов притяжения;Перегон (нет объектов на месте ДТП);Не установлены;Сведения отсутствуют;Ясно;Сухое;Светлое время суток;Режим движения не изменялся;1.0;2.0;1.0;1.0
18.0;18.10.2021;20:33;70.0;51.66099;94.883573;930001643.0;Столкновение;Каа-Хемский район;КЫЗЫЛ - САРЫГ-СЕП;Региональная или межмуниципальная (дорога регионального или межмуниципального значения);5.0;Вне НП;Отсутствие в непосредственной близости объектов УДС и объектов притяжения;Перегон (нет объектов на месте ДТП);Не установлены;Сведения отсутствуют;Ясно;Сухое;В темное время суток, освещение отсутствует;Режим движения не изменялся;2.0;2.0;1.0;0.0
19.0;17.10.2021;19:00;70.0;51.696568;94.560914;930001637.0;Столкновение;Кызылский район;;Местного значения (дорога местного значения, включая относящиеся к собственности поселений, муниципальных районов, городских округов);;Улицы и дороги местного значения научно-производственных промышленных и коммунально-складских районов;Административные здания | Медицинские (лечебные) организации | Регулируемый пешеходный переход | Жилые дома индивидуальной застройки;Регулируемый перекресток;Не установлены;Сведения отсутствуют;Ясно;Сухое;В темное время суток, освещение включено;Движение частично перекрыто;2.0;4.0;1.0;0.0
20.0;16.10.2021;18:45;740.0;51.702174;94.412524;930001632.0;Наезд на пешехода;г.Кызыл;;Местного значения (дорога местного значения, включая относящиеся к собственности поселений, муниципальных районов, городских округов);;Магистральные улицы общегородского значения;Остановка общественного транспорта | Административные здания | Многоквартирные жилые дома;Нерегулируемый пешеходный переход;Не установлены;Сведения отсутствуют;Ясно;Сухое;В темное время суток, освещение включено;Режим движения не изменялся;1.0;2.0;0.0;1.0
22.0;16.10.2021;14:35;70.0;51.702779;94.462852;930001630.0;Столкновение;г.Кызыл;;Местного значения (дорога местного значения, включая относящиеся к собственности поселений, муниципальных районов, городских округов);;Магистральные улицы общегородского значения;Жилые дома индивидуальной застройки;Регулируемый перекресток;Не установлены;Сведения отсутствуют;Ясно;Сухое;Светлое время суток;Режим движения не изменялся;2.0;3.0;0.0;1.0
23.0;15.10.2021;21:30;990.0;50.989138;90.176425;930001629.0;Опрокидывание;Бай-Тайгинский район;ТЭЭЛИ - БАЙ-ТАЛ;Региональная или межмуниципальная (дорога регионального или межмуниципального значения);6.0;Вне НП;Отсутствие в непосредственной близости объектов УДС и объектов притяжения;Перегон (нет объектов на месте ДТП);Не установлены;Сведения отсутствуют;Ясно;Сухое;В темное время суток, освещение отсутствует;Режим движения не изменялся;1.0;1.0;0.0;1.0
25.0;15.10.2021;08:10;500.0;51.713622;94.439367;930001623.0;Столкновение;г.Кызыл;;Местного значения (дорога местного значения, включая относящиеся к собственности поселений, муниципальных районов, городских округов);;Магистральные улицы общегородского значения;Жилые дома индивидуальной застройки;Нерегулируемый перекрёсток неравнозначных улиц (дорог);Не установлены;Сведения отсутствуют;Ясно;Сухое;Светлое время суток;Режим движения не изменялся;2.0;5.0;0.0;5.0
26.0;15.10.2021;01:57;710.0;51.708663;94.430891;930001622.0;Наезд на пешехода;г.Кызыл;;Местного значения (дорога местного значения, включая относящиеся к собственности поселений, муниципальных районов, городских округов);;Улицы и дороги местного значения научно-производственных промышленных и коммунально-складских районов;Иная образовательная организация | Медицинские (лечебные) организации | Спортивные и развлекательные объекты | Многоквартирные жилые дома;Нерегулируемый пешеходный переход | Нерегулируемый перекрёсток неравнозначных улиц (дорог);Не установлены;Сведения отсутствуют;Пасмурно;Сухое;В темное время суток, освещение включено;Движение частично перекрыто;1.0;2.0;1.0;0.0
30.0;13.10.2021;00:40;70.0;51.720276;94.44839;930001604.0;Столкновение;г.Кызыл;;Местного значения (дорога местного значения, включая относящиеся к собственности поселений, муниципальных районов, городских округов);;Магистральные улицы общегородского значения;Административные здания | Регулируемый пешеходный переход;Регулируемый перекресток;Не установлены;Сведения отсутствуют;Пасмурно;Мокрое;В темное время суток, освещение включено;Режим движения не изменялся;3.0;4.0;0.0;2.0
31.0;13.10.2021;09:35;740.0;51.700944;94.406505;930001606.0;Наезд на пешехода;г.Кызыл;;Местного значения (дорога местного значения, включая относящиеся к собственности поселений, муниципальных районов, городских округов);;Улицы и дороги местного значения в жилой застройке;Административные здания | Медицинские (лечебные) организации | Многоквартирные жилые дома;Нерегулируемый пешеходный переход | Нерегулируемое пересечение с круговым движением;Не установлены;Сведения отсутствуют;Дождь;Мокрое;Светлое время суток;Режим движения не изменялся;1.0;2.0;0.0;1.0
32.0;12.10.2021;19:08;900.0;51.556309;93.256502;930001601.0;Наезд на животное;Улуг-Хемский район;Р-257 Енисей Красноярск - Абакан - Кызыл - граница с Монголией;Федеральная (дорога федерального значения);5.0;Вне НП;Отсутствие в непосредственной близости объектов УДС и объектов притяжения;Перегон (нет объектов на месте ДТП);Не установлены;Оказание влияния на движение транспортного потока или отдельного транспортного средства, наличия или внезапного появления на проезжей части животных;Пасмурно;Сухое;В темное время суток, освещение отсутствует;Режим движения не изменялся;1.0;4.0;0.0;3.0
34.0;11.10.2021;11:15;740.0;51.692405;94.583831;930001591.0;Наезд на пешехода;Кызылский район;;Местного значения (дорога местного значения, включая относящиеся к собственности поселений, муниципальных районов, городских округов);;Улицы и дороги местного значения в производственных, промышленных и коммунально-складских зонах;Остановка общественного транспорта | Нерегулируемый перекрёсток | Жилые дома индивидуальной застройки;Нерегулируемый пешеходный переход;Не установлены;Сведения отсутствуют;Пасмурно;Сухое;Светлое время суток;Режим движения не изменялся;1.0;3.0;1.0;0.0
36.0;09.10.2021;14:10;600.0;51.575396;94.124658;930001578.0;Съезд с дороги;Кызылский район;Р-257 Енисей Красноярск - Абакан - Кызыл - граница с Монголией;Федеральная (дорога федерального значения);5.0;Вне НП;Отсутствие в непосредственной близости объектов УДС и объектов притяжения;Перегон (нет объектов на месте ДТП);Не установлены;Сведения отсутствуют;Ясно;Сухое;Светлое время суток;Режим движения не изменялся;1.0;2.0;0.0;2.0
38.0;07.10.2021;21:30;740.0;51.703297;94.48725;930001572.0;Наезд на пешехода;г.Кызыл;;Местного значения (дорога местного значения, включая относящиеся к собственности поселений, муниципальных районов, городских округов);;Магистральные улицы общегородского значения;Остановка общественного транспорта | Жилые дома индивидуальной застройки;Нерегулируемый пешеходный переход;Не установлены;Сведения отсутствуют;Ясно;Сухое;В темное время суток, освещение включено;Режим движения не изменялся;1.0;2.0;0.0;1.0
39.0;07.10.2021;17:05;500.0;51.702805;94.462799;930001569.0;Столкновение;г.Кызыл;;Местного значения (дорога местного значения, включая относящиеся к собственности поселений, муниципальных районов, городских округов);;Магистральные улицы общегородского значения;АЗС | Жилые дома индивидуальной застройки;Регулируемый перекресток;Не установлены;Сведения отсутствуют;Ясно;Сухое;Светлое время суток;Режим движения не изменялся;2.0;4.0;0.0;3.0
40.0;07.10.2021;11:20;610.0;51.558223;94.059255;930001565.0;Съезд с дороги;Кызылский район;Р-257 Енисей Красноярск - Абакан - Кызыл - граница с Монголией;Федеральная (дорога федерального значения);5.0;;Отсутствие в непосредственной близости объектов УДС и объектов притяжения;Перегон (нет объектов на месте ДТП);Не установлены;Сведения отсутствуют;Пасмурно;Сухое;Светлое время суток;Режим движения не изменялся;1.0;3.0;1.0;2.0
2.0;28.11.2021;10:23;200.0;51.544093;94.025631;930001832.0;Столкновение;Кызылский район;Р-257 Енисей Красноярск - Абакан - Кызыл - граница с Монголией;Федеральная (дорога федерального значения);5.0;Вне НП;Отсутствие в непосредственной близости объектов УДС и объектов притяжения;Перегон (нет объектов на месте ДТП);Не установлены;Сведения отсутствуют;Снегопад;Заснеженное;Светлое время суток;Движение частично перекрыто;2.0;4.0;4.0;0.0
5.0;26.11.2021;22:16;590.0;50.376438;90.444195;930001823.0;Опрокидывание;Монгун-Тайгинский район;;Местного значения (дорога местного значения, включая относящиеся к собственности поселений, муниципальных районов, городских округов);;Основные улицы в жилой застройке;Жилые дома индивидуальной застройки;Перегон (нет объектов на месте ДТП);Не установлены;Сведения отсутствуют;Ясно;Сухое;В темное время суток, освещение отсутствует;Режим движения не изменялся;1.0;2.0;1.0;0.0
6.0;26.11.2021;07:42;820.0;51.776099;94.452424;930001821.0;Наезд на пешехода;г.Кызыл;Подъезд к С.КАРА-ХААК;Региональная или межмуниципальная (дорога регионального или межмуниципального значения);6.0;;Остановка общественного транспорта | Жилые дома индивидуальной застройки;Перегон (нет объектов на месте ДТП);Не установлены;Сведения отсутствуют;Ясно;Со снежным накатом;Светлое время суток;Режим движения не изменялся;1.0;2.0;0.0;1.0
7.0;23.11.2021;16:40;610.0;50.471245;90.719948;930001810.0;Съезд с дороги;Монгун-Тайгинский район;ХАНДАГАЙТЫ - МУГУР-АКСЫ;Региональная или межмуниципальная (дорога регионального или межмуниципального значения);7.0;Вне НП;Отсутствие в непосредственной близости объектов УДС и объектов притяжения;Перегон (нет объектов на месте ДТП);Не установлены;Сведения отсутствуют;Ясно;Пыльное;Светлое время суток;Режим движения не изменялся;1.0;2.0;1.0;1.0
8.0;21.11.2021;05:00;610.0;50.971035;95.179431;930001802.0;Опрокидывание;Тандинский район;Кызыл-Эрзин-граница с Монголией;Региональная или межмуниципальная (дорога регионального или межмуниципального значения);5.0;Вне НП;Мост;Перегон (нет объектов на месте ДТП);Не установлены;Сведения отсутствуют;Ясно;Сухое;В темное время суток, освещение отсутствует;Режим движения не изменялся;1.0;2.0;0.0;1.0
10.0;19.11.2021;17:42;820.0;51.7646;94.445751;930001791.0;Наезд на пешехода;г.Кызыл;Подъезд к С.КАРА-ХААК;Региональная или межмуниципальная (дорога регионального или межмуниципального значения);5.0;;Остановка общественного транспорта | Жилые дома индивидуальной застройки;Нерегулируемый перекрёсток неравнозначных улиц (дорог);Недостатки зимнего содержания | Отсутствие тротуаров (пешеходных дорожек) | Отсутствие освещения;Сведения отсутствуют;Пасмурно;Заснеженное;В темное время суток, освещение отсутствует;Режим движения не изменялся;1.0;2.0;0.0;1.0
13.0;17.11.2021;18:05;820.0;51.172832;90.590687;930001784.0;Наезд на пешехода;г.Ак-Довурак;;Местного значения (дорога местного значения, включая относящиеся к собственности поселений, муниципальных районов, городских округов);;Улицы и дороги местного значения в жилой застройке;Жилые дома индивидуальной застройки;Остановка общественного транспорта;Не установлены;Сведения отсутствуют;Ясно;Сухое;В темное время суток, освещение включено;Движение частично перекрыто;1.0;2.0;1.0;0.0
14.0;16.11.2021;10:35;200.0;51.543106;92.992144;930001774.0;Столкновение;Улуг-Хемский район;Р-257 Енисей Красноярск - Абакан - Кызыл - граница с Монголией;Федеральная (дорога федерального значения);5.0;Вне НП;Отсутствие в непосредственной близости объектов УДС и объектов притяжения;Перегон (нет объектов на месте ДТП);Не установлены;Сведения отсутствуют;Пасмурно;Со снежным накатом;Светлое время суток;Движение частично перекрыто;2.0;6.0;1.0;4.0
16.0;16.11.2021;19:14;200.0;51.155043;90.634332;930001778.0;Столкновение;Барун-Хемчикский район;А162-Г.КЫЗЫЛ - Г.АК-ДОВУРАК;Региональная или межмуниципальная (дорога регионального или межмуниципального значения);6.0;Вне НП;Отсутствие в непосредственной близости объектов УДС и объектов притяжения;Перегон (нет объектов на месте ДТП);Не установлены;Сведения отсутствуют;Пасмурно;Сухое;В темное время суток, освещение отсутствует;Движение частично перекрыто;2.0;4.0;4.0;0.0
18.0;16.11.2021;22:12;200.0;51.150844;90.580537;930001782.0;Столкновение;Барун-Хемчикский район;А162-Г.КЫЗЫЛ - Г.АК-ДОВУРАК;Региональная или межмуниципальная (дорога регионального или межмуниципального значения);6.0;;Нерегулируемый пешеходный переход;Нерегулируемый перекрёсток неравнозначных улиц (дорог);Не установлены;Сведения отсутствуют;Ясно;Сухое;В темное время суток, освещение включено;Режим движения не изменялся;2.0;6.0;0.0;5.0
20.0;13.11.2021;14:06;880.0;51.720515;94.452606;930001761.0;Наезд на пешехода;г.Кызыл;;Местного значения (дорога местного значения, включая относящиеся к собственности поселений, муниципальных районов, городских округов);;Иные места;Остановка общественного транспорта | Крупный торговый объект (являющийся объектом массового тяготения пешеходов и (или) транспорта) | Многоквартирные жилые дома;Внутридворовая территория;Не установлены;Сведения отсутствуют;Ясно;Сухое;Светлое время суток;Режим движения не изменялся;1.0;2.0;0.0;1.0
23.0;12.11.2021;19:25;900.0;51.538788;93.919179;930001755.0;Наезд на животное;Кызылский район;Р-257 Енисей Красноярск - Абакан - Кызыл - граница с Монголией;Федеральная (дорога федерального значения);5.0;Вне НП;Отсутствие в непосредственной близости объектов УДС и объектов притяжения;Перегон (нет объектов на месте ДТП);Не установлены;Оказание влияния на движение транспортного потока или отдельного транспортного средства, наличия или внезапного появления на проезжей части животных;Ясно;Сухое;В темное время суток, освещение отсутствует;Режим движения не изменялся;1.0;4.0;0.0;4.0
27.0;08.11.2021;18:30;840.0;50.574973;94.979811;930001738.0;Наезд на пешехода;Тес-Хемский район;;Местного значения (дорога местного значения, включая относящиеся к собственности поселений, муниципальных районов, городских округов);;Поселковые дороги;Школа либо иная детская (в т.ч. дошкольная) организация | Нерегулируемый пешеходный переход | Жилые дома индивидуальной застройки;Перегон (нет объектов на месте ДТП);Отсутствие тротуаров (пешеходных дорожек) | Отсутствие освещения;Сведения отсутствуют;Ясно;Сухое;В темное время суток, освещение отсутствует;Режим движения не изменялся;1.0;2.0;0.0;1.0
28.0;08.11.2021;18:03;850.0;51.177487;90.591395;930001737.0;Наезд на пешехода;г.Ак-Довурак;;Местного значения (дорога местного значения, включая относящиеся к собственности поселений, муниципальных районов, городских округов);;Иные места;Жилые дома индивидуальной застройки;Перегон (нет объектов на месте ДТП);Отсутствие тротуаров (пешеходных дорожек) | Отсутствие освещения;Сведения отсутствуют;Ясно;Сухое;В темное время суток, освещение отсутствует;Режим движения не изменялся;1.0;2.0;0.0;1.0
29.0;07.11.2021;18:10;900.0;50.56593;94.944105;930001733.0;Наезд на животное;Тес-Хемский район;Кызыл-Эрзин-граница с Монголией;Региональная или межмуниципальная (дорога регионального или межмуниципального значения);5.0;Вне НП;Отсутствие в непосредственной близости объектов УДС и объектов притяжения;Перегон (нет объектов на месте ДТП);Не установлены;Сведения отсутствуют;Ясно;Сухое;Сумерки;Режим движения не изменялся;1.0;3.0;0.0;1.0
30.0;06.11.2021;22:35;500.0;51.705618;94.47032;930001729.0;Столкновение;г.Кызыл;;Местного значения (дорога местного значения, включая относящиеся к собственности поселений, муниципальных районов, городских округов);;Улицы и дороги местного значения в жилой застройке;Жилые дома индивидуальной застройки;Нерегулируемый перекрёсток неравнозначных улиц (дорог);Не установлены;Участок, оборудованный искусственными неровностями;Ясно;Сухое;В темное время суток, освещение включено;Режим движения не изменялся;2.0;4.0;0.0;4.0
32.0;06.11.2021;22:00;990.0;50.208776;95.142342;930001794.0;Падение пассажира;Эрзинский район;ЭРЗИН - НАРЫН;Региональная или межмуниципальная (дорога регионального или межмуниципального значения);7.0;Вне НП;Отсутствие в непосредственной близости объектов УДС и объектов притяжения;Перегон (нет объектов на месте ДТП);Не установлены;Сведения отсутствуют;Ясно;Пыльное;В темное время суток, освещение отсутствует;Режим движения не изменялся;1.0;2.0;0.0;1.0
33.0;06.11.2021;17:50;300.0;51.012715;90.200286;930001728.0;Столкновение;Бай-Тайгинский район;;Местного значения (дорога местного значения, включая относящиеся к собственности поселений, муниципальных районов, городских округов);;Поселковые дороги;Жилые дома индивидуальной застройки;Нерегулируемый перекрёсток неравнозначных улиц (дорог);Не установлены;Участок, оборудованный искусственными неровностями;Ясно;Сухое;Сумерки;Режим движения не изменялся;2.0;2.0;0.0;1.0
34.0;03.11.2021;02:00;610.0;51.58091;95.360641;930001716.0;Съезд с дороги;Каа-Хемский район;БОЯРОВКА - ТООРА-ХЕМ;Региональная или межмуниципальная (дорога регионального или межмуниципального значения);6.0;Вне НП;Отсутствие в непосредственной близости объектов УДС и объектов притяжения;Перегон (нет объектов на месте ДТП);Не установлены;Сведения отсутствуют;Пасмурно;Со снежным накатом;В темное время суток, освещение отсутствует;Режим движения не изменялся;1.0;2.0;0.0;1.0
36.0;01.11.2021;00:30;600.0;51.012405;95.142288;930001711.0;Съезд с дороги;Тандинский район;Кызыл-Эрзин-граница с Монголией;Региональная или межмуниципальная (дорога регионального или межмуниципального значения);6.0;;Жилые дома индивидуальной застройки;Перегон (нет объектов на месте ДТП);Не установлены;Сведения отсутствуют;Ясно;Сухое;В темное время суток, освещение отсутствует;Режим движения не изменялся;1.0;5.0;0.0;4.0
1.0;30.12.2021;22:25;910.0;51.707646;94.444485;930002053.0;Наезд на стоящее ТС;г.Кызыл;;Местного значения (дорога местного значения, включая относящиеся к собственности поселений, муниципальных районов, городских округов);;Улицы и дороги местного значения в жилой застройке;Крупный торговый объект (являющийся объектом массового тяготения пешеходов и (или) транспорта);Нерегулируемый перекрёсток неравнозначных улиц (дорог);Недостатки зимнего содержания;Сведения отсутствуют;Ясно | Температура ниже -30С;Со снежным накатом;В темное время суток, освещение не включено;Движение частично перекрыто;2.0;3.0;0.0;1.0
2.0;29.12.2021;04:34;820.0;51.533656;92.926;930002042.0;Наезд на пешехода;Улуг-Хемский район;;Местного значения (дорога местного значения, включая относящиеся к собственности поселений, муниципальных районов, городских округов);;Проезды;Школа либо иная детская (в т.ч. дошкольная) организация | Жилые дома индивидуальной застройки;Перегон (нет объектов на месте ДТП);Не установлены;Сведения отсутствуют;Ясно;Со снежным накатом;В темное время суток, освещение отсутствует;Движение частично перекрыто;1.0;3.0;1.0;1.0
4.0;27.12.2021;16:25;710.0;51.721971;94.437039;930002033.0;Наезд на пешехода;г.Кызыл;;Местного значения (дорога местного значения, включая относящиеся к собственности поселений, муниципальных районов, городских округов);;Улицы и дороги местного значения научно-производственных промышленных и коммунально-складских районов;Школа либо иная детская (в т.ч. дошкольная) организация | Иная образовательная организация | Административные здания | Медицинские (лечебные) организации;Нерегулируемый пешеходный переход, расположенный на участке улицы или дороги, проходящей вдоль территории школы или иной детской организации | Нерегулируемый перекрёсток неравнозначных улиц (дорог);Недостатки зимнего содержания;Сведения отсутствуют;Ясно | Температура ниже -30С;Со снежным накатом;Светлое время суток;Движение частично перекрыто;1.0;4.0;0.0;1.0
5.0;24.12.2021;14:25;880.0;51.664597;94.307671;930002014.0;Наезд на пешехода;г.Кызыл;;Местного значения (дорога местного значения, включая относящиеся к собственности поселений, муниципальных районов, городских округов);;Улицы и дороги местного значения научно-производственных промышленных и коммунально-складских районов;Жилые дома индивидуальной застройки;Перегон (нет объектов на месте ДТП);Не установлены;Сведения отсутствуют;Ясно;Заснеженное;Светлое время суток;Режим движения не изменялся;1.0;2.0;0.0;1.0
6.0;24.12.2021;17:50;740.0;51.704461;94.417866;930002020.0;Наезд на пешехода;г.Кызыл;;Местного значения (дорога местного значения, включая относящиеся к собственности поселений, муниципальных районов, городских округов);;Магистральные улицы общегородского значения;Многоквартирные жилые дома;Нерегулируемый пешеходный переход | Выезд с прилегающей территории;Недостатки зимнего содержания;Сведения отсутствуют;Ясно;Со снежным накатом;В темное время суток, освещение включено;Режим движения не изменялся;1.0;2.0;0.0;1.0
7.0;23.12.2021;00:34;740.0;51.19021;90.601298;930002004.0;Наезд на пешехода;г.Ак-Довурак;;Местного значения (дорога местного значения, включая относящиеся к собственности поселений, муниципальных районов, городских округов);;Магистральные улицы районного значения;Многоквартирные жилые дома;Нерегулируемый пешеходный переход;Не установлены;Сведения отсутствуют;Пасмурно;Со снежным накатом;В темное время суток, освещение включено;Режим движения не изменялся;1.0;2.0;0.0;1.0
8.0;22.12.2021;08:12;820.0;51.712598;94.458829;930001992.0;Наезд на пешехода;г.Кызыл;;Местного значения (дорога местного значения, включая относящиеся к собственности поселений, муниципальных районов, городских округов);;Улицы и дороги местного значения в жилой застройке;Жилые дома индивидуальной застройки;Перегон (нет объектов на месте ДТП);Недостатки зимнего содержания;Сведения отсутствуют;Пасмурно;Со снежным накатом;Светлое время суток;Режим движения не изменялся;1.0;2.0;0.0;1.0
10.0;21.12.2021;03:40;930.0;51.702061;94.403619;930001986.0;Наезд на препятствие;г.Кызыл;;Местного значения (дорога местного значения, включая относящиеся к собственности поселений, муниципальных районов, городских округов);;Иные места;Крупный торговый объект (являющийся объектом массового тяготения пешеходов и (или) транспорта);Перегон (нет объектов на месте ДТП);Не установлены;Сведения отсутствуют;Ясно;Со снежным накатом;В темное время суток, освещение включено;Режим движения не изменялся;1.0;1.0;0.0;1.0
11.0;19.12.2021;20:30;600.0;51.282924;92.037578;930001976.0;Опрокидывание;Чаа-Хольский район;Р-257 Енисей Красноярск - Абакан - Кызыл - граница с Монголией;Федеральная (дорога федерального значения);5.0;Вне НП;Отсутствие в непосредственной близости объектов УДС и объектов притяжения;Перегон (нет объектов на месте ДТП);Не установлены;Сведения отсутствуют;Ясно;Сухое;В темное время суток, освещение отсутствует;Режим движения не изменялся;1.0;2.0;0.0;1.0
16.0;17.12.2021;04:55;610.0;51.275072;91.187725;930001951.0;Опрокидывание;Дзун-Хемчикский район;А162-Г.КЫЗЫЛ - Г.АК-ДОВУРАК;Региональная или межмуниципальная (дорога регионального или межмуниципального значения);6.0;Вне НП;Отсутствие в непосредственной близости объектов УДС и объектов притяжения;Перегон (нет объектов на месте ДТП);Не установлены;Сведения отсутствуют;Ясно;Сухое;В темное время суток, освещение отсутствует;Режим движения не изменялся;1.0;1.0;0.0;1.0
17.0;17.12.2021;15:37;290.0;51.16153;90.570699;930001958.0;Столкновение;г.Ак-Довурак;;Местного значения (дорога местного значения, включая относящиеся к собственности поселений, муниципальных районов, городских округов);;Магистральные улицы районного значения;АЗС;Перегон (нет объектов на месте ДТП);Не установлены;Сведения отсутствуют;Ясно;Сухое;Светлое время суток;Режим движения не изменялся;3.0;3.0;0.0;3.0
18.0;16.12.2021;09:30;500.0;51.703344;94.469612;930001944.0;Столкновение;г.Кызыл;;Местного значения (дорога местного значения, включая относящиеся к собственности поселений, муниципальных районов, городских округов);;Магистральные улицы общегородского значения;АЗС | Жилые дома индивидуальной застройки;Нерегулируемый перекрёсток неравнозначных улиц (дорог);Недостатки зимнего содержания;Сведения отсутствуют;Ясно;Со снежным накатом;Светлое время суток;Режим движения не изменялся;2.0;3.0;0.0;2.0
19.0;16.12.2021;11:00;500.0;51.255805;94.321468;930001945.0;Столкновение;Тандинский район;;Местного значения (дорога местного значения, включая относящиеся к собственности поселений, муниципальных районов, городских округов);;Улицы и дороги местного значения в жилой застройке;Жилые дома индивидуальной застройки;Нерегулируемый перекрёсток равнозначных улиц (дорог);Не установлены;Сведения отсутствуют;Снегопад;Заснеженное;Светлое время суток;Режим движения не изменялся;2.0;3.0;0.0;2.0
21.0;14.12.2021;22:45;610.0;52.050089;95.60792;930001936.0;Съезд с дороги;Кызылский район;;Местного значения (дорога местного значения, включая относящиеся к собственности поселений, муниципальных районов, городских округов);;Вне НП;Отсутствие в непосредственной близости объектов УДС и объектов притяжения;Перегон (нет объектов на месте ДТП);Не установлены;Сведения отсутствуют;Пасмурно;Заснеженное;В темное время суток, освещение отсутствует;Режим движения не изменялся;1.0;3.0;0.0;1.0
22.0;14.12.2021;11:00;820.0;51.143326;94.507731;930001930.0;Наезд на пешехода;Тандинский район;;Местного значения (дорога местного значения, включая относящиеся к собственности поселений, муниципальных районов, городских округов);;Основные улицы в жилой застройке;Школа либо иная детская (в т.ч. дошкольная) организация | Нерегулируемый пешеходный переход | Жилые дома индивидуальной застройки;Перегон (нет объектов на месте ДТП);Не установлены;Сведения отсутствуют;Снегопад;Заснеженное;Светлое время суток;Режим движения не изменялся;1.0;2.0;0.0;1.0
23.0;13.12.2021;13:05;740.0;51.714985;94.419851;930001926.0;Наезд на пешехода;г.Кызыл;;Местного значения (дорога местного значения, включая относящиеся к собственности поселений, муниципальных районов, городских округов);;Улицы и дороги местного значения научно-производственных промышленных и коммунально-складских районов;Остановка общественного транспорта | Иная образовательная организация | Регулируемый пешеходный переход | Регулируемый перекрёсток;Нерегулируемый пешеходный переход;Недостатки зимнего содержания;Сведения отсутствуют;Ясно;Со снежным накатом;Светлое время суток;Движение частично перекрыто;1.0;2.0;0.0;1.0
24.0;12.12.2021;07:27;610.0;51.224867;91.057906;930001921.0;Съезд с дороги;Дзун-Хемчикский район;А162-Г.КЫЗЫЛ - Г.АК-ДОВУРАК;Региональная или межмуниципальная (дорога регионального или межмуниципального значения);6.0;;Остановка общественного транспорта | Нерегулируемый пешеходный переход;Нерегулируемый перекрёсток равнозначных улиц (дорог);Не установлены;Сведения отсутствуют;Ясно;Сухое;Сумерки;Режим движения не изменялся;1.0;3.0;1.0;2.0
26.0;10.12.2021;16:14;740.0;51.717325;94.475341;930001911.0;Наезд на пешехода;г.Кызыл;;Местного значения (дорога местного значения, включая относящиеся к собственности поселений, муниципальных районов, городских округов);;Магистральные улицы общегородского значения;Остановка маршрутного такси | Многоквартирные жилые дома;Нерегулируемый пешеходный переход;Недостатки зимнего содержания;Участок, оборудованный искусственными неровностями;Пасмурно;Со снежным накатом;Светлое время суток;Движение частично перекрыто;1.0;3.0;0.0;2.0
27.0;09.12.2021;10:10;30.0;51.697479;94.430902;930001900.0;Столкновение;г.Кызыл;;Местного значения (дорога местного значения, включая относящиеся к собственности поселений, муниципальных районов, городских округов);;Магистральные улицы общегородского значения;Медицинские (лечебные) организации | Многоквартирные жилые дома;Выезд с прилегающей территории;Не установлены;Сведения отсутствуют;Ясно;Со снежным накатом;Светлое время суток;Режим движения не изменялся;2.0;3.0;0.0;1.0
29.0;09.12.2021;19:30;730.0;51.709567;94.447628;930001906.0;Наезд на пешехода;г.Кызыл;;Местного значения (дорога местного значения, включая относящиеся к собственности поселений, муниципальных районов, городских округов);;Улицы и дороги местного значения в жилой застройке;Жилые дома индивидуальной застройки | Объект (здание, сооружение) религиозного культа;Регулируемый пешеходный переход | Регулируемый перекресток;Недостатки зимнего содержания;Сведения отсутствуют;Ясно;Со снежным накатом;В темное время суток, освещение включено;Режим движения не изменялся;1.0;2.0;0.0;1.0
31.0;07.12.2021;15:45;400.0;51.719638;94.455997;930001881.0;Столкновение;г.Кызыл;;Местного значения (дорога местного значения, включая относящиеся к собственности поселений, муниципальных районов, городских округов);;Улицы и дороги местного значения научно-производственных промышленных и коммунально-складских районов;Крупный торговый объект (являющийся объектом массового тяготения пешеходов и (или) транспорта) | Автостоянка (отделенная от проезжей части) | Многоквартирные жилые дома;Нерегулируемый перекрёсток неравнозначных улиц (дорог);Не установлены;Сведения отсутствуют;Ясно;Со снежным накатом;Светлое время суток;Режим движения не изменялся;2.0;2.0;0.0;1.0
1.0;31.01.2022;19:16;200.0;51.23516;91.073914;930000130.0;Столкновение;Дзун-Хемчикский район;А162-Г.КЫЗЫЛ - Г.АК-ДОВУРАК;Региональная или межмуниципальная (дорога регионального или межмуниципального значения);6.0;Вне НП;Отсутствие в непосредственной близости объектов УДС и объектов притяжения;Перегон (нет объектов на месте ДТП);Не установлены;Сведения отсутствуют;Ясно;Сухое;В темное время суток, освещение отсутствует;Движение частично перекрыто;2.0;6.0;3.0;3.0
2.0;30.01.2022;20:37;930.0;51.542438;92.97929;930000127.0;Наезд на препятствие;Улуг-Хемский район;Подъезд к г.Шагонар;Региональная или межмуниципальная (дорога регионального или межмуниципального значения);5.0;Вне НП;Отсутствие в непосредственной близости объектов УДС и объектов притяжения;Перегон (нет объектов на месте ДТП);Недостатки зимнего содержания | Неисправное освещение;Сведения отсутствуют;Ясно | Температура ниже -30С;Со снежным накатом;В темное время суток, освещение отсутствует;Режим движения не изменялся;1.0;4.0;0.0;4.0
3.0;29.01.2022;03:30;940.0;51.680093;94.32916;930000122.0;Наезд на препятствие;г.Кызыл;;Местного значения (дорога местного значения, включая относящиеся к собственности поселений, муниципальных районов, городских округов);;Улицы и дороги местного значения в жилой застройке;Производственное предприятие | Административные здания | Жилые дома индивидуальной застройки;Перегон (нет объектов на месте ДТП);Не установлены;Сведения отсутствуют;Ясно | Температура ниже -30С;Со снежным накатом;В темное время суток, освещение отсутствует;Режим движения не изменялся;1.0;2.0;0.0;1.0
4.0;26.01.2022;11:40;140.0;51.53762;92.908813;930000115.0;Падение пассажира;Улуг-Хемский район;;Местного значения (дорога местного значения, включая относящиеся к собственности поселений, муниципальных районов, городских округов);;Улицы и дороги местного значения в жилой застройке;Жилые дома индивидуальной застройки;Перегон (нет объектов на месте ДТП);Недостатки зимнего содержания;Сведения отсутствуют;Ясно;Со снежным накатом;Светлое время суток;Режим движения не изменялся;2.0;4.0;0.0;1.0
7.0;22.01.2022;14:57;500.0;51.702393;94.458539;930000100.0;Столкновение;г.Кызыл;;Местного значения (дорога местного значения, включая относящиеся к собственности поселений, муниципальных районов, городских округов);;Магистральные улицы общегородского значения;АЗС | Спортивные и развлекательные объекты;Нерегулируемый перекрёсток неравнозначных улиц (дорог);Не установлены;Сведения отсутствуют;Ясно;Со снежным накатом;Светлое время суток;Движение частично перекрыто;2.0;3.0;0.0;1.0
8.0;22.01.2022;07:23;610.0;51.690742;94.622841;930000098.0;Съезд с дороги;Кызылский район;КЫЗЫЛ - САРЫГ-СЕП;Региональная или межмуниципальная (дорога регионального или межмуниципального значения);5.0;Вне НП;Отсутствие в непосредственной близости объектов УДС и объектов притяжения;Перегон (нет объектов на месте ДТП);Недостатки зимнего содержания;Сведения отсутствуют;Пасмурно;Со снежным накатом;Светлое время суток;Режим движения не изменялся;1.0;2.0;0.0;1.0
12.0;18.01.2022;18:40;830.0;51.682747;94.318786;930000138.0;Наезд на пешехода;г.Кызыл;;Местного значения (дорога местного значения, включая относящиеся к собственности поселений, муниципальных районов, городских округов);;Иные места;Остановка общественного транспорта | Регулируемый перекрёсток;Иное место;Не установлены;Сведения отсутствуют;Ясно;Со снежным накатом;В темное время суток, освещение включено;Режим движения не изменялся;1.0;2.0;0.0;1.0
13.0;15.01.2022;14:52;500.0;51.713483;94.437597;930000062.0;Столкновение;г.Кызыл;;Местного значения (дорога местного значения, включая относящиеся к собственности поселений, муниципальных районов, городских округов);;Улицы и дороги местного значения в жилой застройке;Жилые дома индивидуальной застройки;Нерегулируемый перекрёсток неравнозначных улиц (дорог);Не установлены;Сведения отсутствуют;Ясно;Со снежным накатом;Светлое время суток;Режим движения не изменялся;2.0;2.0;0.0;1.0
17.0;09.01.2022;19:30;500.0;50.257289;95.159411;930000036.0;Столкновение;Эрзинский район;;Местного значения (дорога местного значения, включая относящиеся к собственности поселений, муниципальных районов, городских округов);;Поселковые дороги;Жилые дома индивидуальной застройки;Нерегулируемый перекрёсток неравнозначных улиц (дорог);Недостатки зимнего содержания;Сведения отсутствуют;Ясно | Температура ниже -30С;Со снежным накатом;В темное время суток, освещение отсутствует;Режим движения не изменялся;2.0;6.0;0.0;5.0
18.0;08.01.2022;20:55;900.0;52.183497;93.943555;930000030.0;Наезд на животное;Пий-Хемский район;Подъезд к мараловодческому Хозяйству Туран;Региональная или межмуниципальная (дорога регионального или межмуниципального значения);5.0;Вне НП;Отсутствие в непосредственной близости объектов УДС и объектов притяжения;Перегон (нет объектов на месте ДТП);Не установлены;Оказание влияния на движение транспортного потока или отдельного транспортного средства, наличия или внезапного появления на проезжей части животных;Ясно | Температура ниже -30С;Сухое;В темное время суток, освещение отсутствует;Режим движения не изменялся;1.0;3.0;0.0;1.0
19.0;06.01.2022;16:15;770.0;51.714333;94.473581;930000021.0;Наезд на пешехода;г.Кызыл;;Местного значения (дорога местного значения, включая относящиеся к собственности поселений, муниципальных районов, городских округов);;Улицы и дороги местного значения в жилой застройке;Регулируемый пешеходный переход | Жилые дома индивидуальной застройки | Одиночный торговый объект, являющийся местом притяжения транспорта и (или) пешеходов;Нерегулируемый перекрёсток неравнозначных улиц (дорог);Недостатки зимнего содержания;Сведения отсутствуют;Ясно | Температура ниже -30С;Со снежным накатом;Светлое время суток;Режим движения не изменялся;1.0;2.0;0.0;1.0
1.0;22.02.2022;19:36;910.0;51.690629;94.62651;930000241.0;Наезд на стоящее ТС;Кызылский район;КЫЗЫЛ - САРЫГ-СЕП;Региональная или межмуниципальная (дорога регионального или межмуниципального значения);5.0;Вне НП;Отсутствие в непосредственной близости объектов УДС и объектов притяжения;Нерегулируемый перекрёсток неравнозначных улиц (дорог);Не установлены;Режим движения нарушен вследствие ранее произошедшего ДТП;Ясно;Сухое;Светлое время суток;Режим движения не изменялся;2.0;4.0;0.0;3.0
2.0;22.02.2022;19:22;730.0;51.703424;94.473796;930000239.0;Наезд на пешехода;г.Кызыл;;Местного значения (дорога местного значения, включая относящиеся к собственности поселений, муниципальных районов, городских округов);;Магистральные улицы общегородского значения;Жилые дома индивидуальной застройки | Многоквартирные жилые дома;Регулируемый пешеходный переход | Регулируемый перекресток;Недостатки зимнего содержания;Участок, контролируемый стационарными камерами автоматической фотовидеофиксации нарушений ПДД, обозначенный соответствующим предупреждающим знаком;Ясно;Сухое;В темное время суток, освещение включено;Режим движения не изменялся;1.0;2.0;0.0;1.0
3.0;20.02.2022;21:58;820.0;51.526862;92.937448;930000228.0;Наезд на пешехода;Улуг-Хемский район;;Местного значения (дорога местного значения, включая относящиеся к собственности поселений, муниципальных районов, городских округов);;Магистральные улицы общегородского значения;Многоквартирные жилые дома;Перегон (нет объектов на месте ДТП);Недостатки зимнего содержания;Сведения отсутствуют;Ясно;Со снежным накатом;В темное время суток, освещение не включено;Режим движения не изменялся;1.0;2.0;0.0;1.0
6.0;18.02.2022;17:45;750.0;51.703437;94.44176;930000216.0;Наезд на пешехода;г.Кызыл;;Местного значения (дорога местного значения, включая относящиеся к собственности поселений, муниципальных районов, городских округов);;Магистральные улицы общегородского значения;Остановка общественного транспорта | Крупный торговый объект (являющийся объектом массового тяготения пешеходов и (или) транспорта);Нерегулируемый пешеходный переход;Недостатки зимнего содержания;Сведения отсутствуют;Ясно;Со снежным накатом;Светлое время суток;Режим движения не изменялся;1.0;2.0;0.0;1.0
7.0;16.02.2022;08:00;210.0;51.013161;95.141687;930000200.0;Столкновение;Тандинский район;Кызыл-Эрзин-граница с Монголией;Региональная или межмуниципальная (дорога регионального или межмуниципального значения);5.0;Вне НП;Отсутствие в непосредственной близости объектов УДС и объектов притяжения;Перегон (нет объектов на месте ДТП);Не установлены;Сведения отсутствуют;Снегопад | Температура ниже -30С;Сухое;Светлое время суток;Режим движения не изменялся;2.0;8.0;0.0;3.0
9.0;15.02.2022;01:45;930.0;51.565066;93.14151;930000191.0;Наезд на препятствие;Улуг-Хемский район;;Местного значения (дорога местного значения, включая относящиеся к собственности поселений, муниципальных районов, городских округов);;Поселковые дороги;Жилые дома индивидуальной застройки;Перегон (нет объектов на месте ДТП);Не установлены;Сведения отсутствуют;Ясно | Температура ниже -30С;Со снежным накатом;В темное время суток, освещение отсутствует;Режим движения не изменялся;1.0;2.0;0.0;1.0
10.0;15.02.2022;12:40;760.0;51.665888;94.293659;930000194.0;Наезд на пешехода;г.Кызыл;;Местного значения (дорога местного значения, включая относящиеся к собственности поселений, муниципальных районов, городских округов);;Улицы и дороги местного значения в жилой застройке;Жилые дома индивидуальной застройки;Нерегулируемый перекрёсток неравнозначных улиц (дорог);Не установлены;Сведения отсутствуют;Ясно;Со снежным накатом;Светлое время суток;Режим движения не изменялся;1.0;2.0;0.0;1.0
11.0;15.02.2022;13:58;120.0;51.450183;92.644444;930000195.0;Столкновение;Улуг-Хемский район;Р-257 Енисей Красноярск - Абакан - Кызыл - граница с Монголией;Федеральная (дорога федерального значения);5.0;Вне НП;Отсутствие в непосредственной близости объектов УДС и объектов притяжения;Выезд с прилегающей территории;Не установлены;Сведения отсутствуют;Ясно | Температура ниже -30С;Сухое;Светлое время суток;Режим движения не изменялся;2.0;6.0;0.0;1.0
12.0;14.02.2022;18:28;740.0;51.715184;94.441813;930000187.0;Наезд на пешехода;г.Кызыл;;Местного значения (дорога местного значения, включая относящиеся к собственности поселений, муниципальных районов, городских округов);;Улицы и дороги местного значения в жилой застройке;Крупный торговый объект (являющийся объектом массового тяготения пешеходов и (или) транспорта) | Жилые дома индивидуальной застройки;Нерегулируемый пешеходный переход;Не установлены;Участок, оборудованный искусственными неровностями;Ясно | Температура ниже -30С;Сухое;Светлое время суток;Режим движения не изменялся;1.0;2.0;0.0;1.0
13.0;14.02.2022;18:45;730.0;51.702719;94.418424;930000189.0;Наезд на пешехода;г.Кызыл;;Местного значения (дорога местного значения, включая относящиеся к собственности поселений, муниципальных районов, городских округов);;Магистральные улицы общегородского значения;Крупный торговый объект (являющийся объектом массового тяготения пешеходов и (или) транспорта) | Многоквартирные жилые дома;Регулируемый пешеходный переход | Регулируемый перекресток;Не установлены;Сведения отсутствуют;Ясно | Температура ниже -30С;Со снежным накатом;В темное время суток, освещение включено;Режим движения не изменялся;1.0;2.0;0.0;1.0
16.0;13.02.2022;11:20;420.0;50.382117;90.432147;930000186.0;Столкновение;Монгун-Тайгинский район;;Местного значения (дорога местного значения, включая относящиеся к собственности поселений, муниципальных районов, городских округов);;Главные улицы;Административные здания | Жилые дома индивидуальной застройки;Нерегулируемый перекрёсток неравнозначных улиц (дорог);Недостатки зимнего содержания;Сведения отсутствуют;Ясно;Со снежным накатом;Светлое время суток;Режим движения не изменялся;2.0;3.0;0.0;2.0
17.0;12.02.2022;22:25;70.0;51.703311;94.511744;930000177.0;Столкновение;г.Кызыл;;Местного значения (дорога местного значения, включая относящиеся к собственности поселений, муниципальных районов, городских округов);;Магистральные улицы общегородского значения;Нерегулируемый пешеходный переход | Жилые дома индивидуальной застройки;Остановка общественного транспорта;Недостатки зимнего содержания;Сведения отсутствуют;Ясно | Температура ниже -30С;Сухое;В темное время суток, освещение включено;Режим движения не изменялся;2.0;2.0;0.0;1.0
20.0;07.02.2022;16:00;850.0;51.685062;94.315073;930000154.0;Наезд на пешехода;г.Кызыл;;Местного значения (дорога местного значения, включая относящиеся к собственности поселений, муниципальных районов, городских округов);;Улицы и дороги местного значения в жилой застройке;Жилые дома индивидуальной застройки;Нерегулируемый перекрёсток равнозначных улиц (дорог);Не установлены;Сведения отсутствуют;Ясно;Со снежным накатом;Светлое время суток;Режим движения не изменялся;1.0;2.0;0.0;1.0
21.0;02.02.2022;15:54;830.0;51.801211;94.456125;930000140.0;Наезд на пешехода;г.Кызыл;Подъезд к С.КАРА-ХААК;Региональная или межмуниципальная (дорога регионального или межмуниципального значения);6.0;;Жилые дома индивидуальной застройки;Остановка общественного транспорта;Не установлены;Сведения отсутствуют;Снегопад;Заснеженное;В темное время суток, освещение отсутствует;Режим движения не изменялся;1.0;2.0;0.0;1.0
1.0;31.03.2022;14:39;610.0;52.061198;95.65753;930000394.0;Съезд с дороги;Тоджинский район;БОЯРОВКА - ТООРА-ХЕМ;Региональная или межмуниципальная (дорога регионального или межмуниципального значения);7.0;Вне НП;Отсутствие в непосредственной близости объектов УДС и объектов притяжения;Перегон (нет объектов на месте ДТП);Не установлены;Сведения отсутствуют;Ясно;Со снежным накатом;Светлое время суток;Режим движения не изменялся;1.0;5.0;0.0;2.0
2.0;30.03.2022;15:16;200.0;51.711794;94.432683;930000389.0;Столкновение;г.Кызыл;;Местного значения (дорога местного значения, включая относящиеся к собственности поселений, муниципальных районов, городских округов);;Улицы и дороги местного значения в жилой застройке;Медицинские (лечебные) организации | Регулируемый пешеходный переход | Жилые дома индивидуальной застройки | Кладбище;Регулируемый перекресток;Иные недостатки;Сведения отсутствуют;Ясно;Сухое;Светлое время суток;Движение частично перекрыто;2.0;2.0;0.0;2.0
3.0;27.03.2022;20:50;820.0;51.725739;94.409359;930000381.0;Наезд на пешехода;г.Кызыл;;Местного значения (дорога местного значения, включая относящиеся к собственности поселений, муниципальных районов, городских округов);;Улицы и дороги местного значения в жилой застройке;АЗС | Административные здания | Регулируемый пешеходный переход | Жилые дома индивидуальной застройки;Регулируемый перекресток;Неисправное освещение;Сведения отсутствуют;Ясно;Сухое;В темное время суток, освещение включено;Движение полностью перекрыто;1.0;4.0;2.0;1.0
4.0;26.03.2022;20:30;710.0;51.719531;94.44147;930000377.0;Наезд на пешехода;г.Кызыл;;Местного значения (дорога местного значения, включая относящиеся к собственности поселений, муниципальных районов, городских округов);;Магистральные улицы общегородского значения;Остановка общественного транспорта | Крупный торговый объект (являющийся объектом массового тяготения пешеходов и (или) транспорта) | Административные здания | Многоквартирные жилые дома;Регулируемый пешеходный переход | Регулируемый перекресток;Не установлены;Сведения отсутствуют;Ясно;Сухое;В темное время суток, освещение включено;Движение частично перекрыто;1.0;3.0;0.0;1.0
5.0;26.03.2022;15:00;880.0;50.626761;94.793687;930000382.0;Падение пассажира;Тес-Хемский район;;Местного значения (дорога местного значения, включая относящиеся к собственности поселений, муниципальных районов, городских округов);;Второстепенные улицы в жилой застройке (переулки);Школа либо иная детская (в т.ч. дошкольная) организация | Жилые дома индивидуальной застройки;Перегон (нет объектов на месте ДТП);Не установлены;Сведения отсутствуют;Ясно;Заснеженное;Светлое время суток;Режим движения не изменялся;1.0;2.0;0.0;1.0
6.0;23.03.2022;18:58;600.0;51.377085;91.250296;930000367.0;Съезд с дороги;Сут-Хольский район;ЧАДАН - СУГ-АКСЫ;Региональная или межмуниципальная (дорога регионального или межмуниципального значения);6.0;Вне НП;Мост;Перегон (нет объектов на месте ДТП);Не установлены;Сведения отсутствуют;Снегопад;Гололедица;Светлое время суток;Режим движения не изменялся;1.0;1.0;0.0;1.0
7.0;23.03.2022;07:30;840.0;51.679847;94.298723;930000359.0;Наезд на пешехода;г.Кызыл;;Местного значения (дорога местного значения, включая относящиеся к собственности поселений, муниципальных районов, городских округов);;Улицы и дороги местного значения в жилой застройке;Жилые дома индивидуальной застройки;Нерегулируемый перекрёсток неравнозначных улиц (дорог);Не установлены;Сведения отсутствуют;Ясно;Сухое;Светлое время суток;Движение частично перекрыто;1.0;2.0;0.0;1.0
8.0;21.03.2022;13:13;930.0;51.715331;94.474053;930000356.0;Наезд на препятствие;г.Кызыл;;Местного значения (дорога местного значения, включая относящиеся к собственности поселений, муниципальных районов, городских округов);;Улицы и дороги местного значения в жилой застройке;Регулируемый пешеходный переход | Жилые дома индивидуальной застройки;Регулируемый перекресток;Не установлены;Сведения отсутствуют;Ясно;Мокрое;Светлое время суток;Режим движения не изменялся;1.0;1.0;0.0;1.0
10.0;15.03.2022;18:00;70.0;51.301395;91.628541;930000336.0;Столкновение;Дзун-Хемчикский район;Р-257 Енисей Красноярск - Абакан - Кызыл - граница с Монголией;Федеральная (дорога федерального значения);5.0;Вне НП;Отсутствие в непосредственной близости объектов УДС и объектов притяжения;Перегон (нет объектов на месте ДТП);Не установлены;Сведения отсутствуют;Ясно;Сухое;Светлое время суток;Режим движения не изменялся;2.0;9.0;0.0;6.0
13.0;12.03.2022;01:10;930.0;51.68125;94.351391;930000323.0;Наезд на препятствие;г.Кызыл;;Местного значения (дорога местного значения, включая относящиеся к собственности поселений, муниципальных районов, городских округов);;Магистральные улицы общегородского значения;Административные здания | Кладбище;Мост, эстакада, путепровод | Нерегулируемый перекрёсток неравнозначных улиц (дорог);Не установлены;Сведения отсутствуют;Ясно;Со снежным накатом;В темное время суток, освещение включено;Движение частично перекрыто;1.0;1.0;0.0;1.0
14.0;09.03.2022;15:25;70.0;51.154343;90.576568;930000314.0;Столкновение;Барун-Хемчикский район;А162-Г.КЫЗЫЛ - Г.АК-ДОВУРАК;Региональная или межмуниципальная (дорога регионального или межмуниципального значения);6.0;;Мост;Перегон (нет объектов на месте ДТП);Не установлены;Участок, оборудованный искусственными неровностями;Ясно;Сухое;Светлое время суток;Режим движения не изменялся;2.0;3.0;0.0;2.0
15.0;08.03.2022;16:18;940.0;51.402378;92.275972;930000304.0;Наезд на препятствие;Чаа-Хольский район;Р-257 Енисей Красноярск - Абакан - Кызыл - граница с Монголией;Федеральная (дорога федерального значения);5.0;Вне НП;Отсутствие в непосредственной близости объектов УДС и объектов притяжения;Перегон (нет объектов на месте ДТП);Не установлены;Проведение дорожных и прочих работ без сужения проезжей части;Снегопад;Гололедица;Светлое время суток;Режим движения не изменялся;1.0;5.0;0.0;3.0
16.0;08.03.2022;15:50;200.0;51.701994;94.400754;930000300.0;Столкновение;г.Кызыл;;Местного значения (дорога местного значения, включая относящиеся к собственности поселений, муниципальных районов, городских округов);;Магистральные улицы общегородского значения;Административные здания;Перегон (нет объектов на месте ДТП);Не установлены;Сведения отсутствуют;Снегопад;Гололедица;Светлое время суток;Движение частично перекрыто;2.0;3.0;0.0;3.0
18.0;03.03.2022;17:27;500.0;51.703317;94.46959;930000281.0;Столкновение;г.Кызыл;;Местного значения (дорога местного значения, включая относящиеся к собственности поселений, муниципальных районов, городских округов);;Магистральные улицы общегородского значения;АЗС | Нерегулируемый перекрёсток;Регулируемый перекресток;Не установлены;Сведения отсутствуют;Ясно;Сухое;Светлое время суток;Режим движения не изменялся;2.0;3.0;0.0;1.0
19.0;03.03.2022;13:06;840.0;51.698696;94.400089;930000276.0;Наезд на пешехода;г.Кызыл;;Местного значения (дорога местного значения, включая относящиеся к собственности поселений, муниципальных районов, городских округов);;Иные места;Административные здания;Выезд с прилегающей территории | Внутридворовая территория;Не установлены;Сведения отсутствуют;Ясно;Со снежным накатом;Светлое время суток;Режим движения не изменялся;1.0;2.0;0.0;1.0
1.0;30.04.2022;17:20;610.0;51.139967;94.532418;930000541.0;Опрокидывание;Тандинский район;Бай-Хаак - Балгазын;Региональная или межмуниципальная (дорога регионального или межмуниципального значения);8.0;Вне НП;Отсутствие в непосредственной близости объектов УДС и объектов притяжения;Перегон (нет объектов на месте ДТП);Не установлены;Сведения отсутствуют;Ясно;Сухое;Светлое время суток;Режим движения не изменялся;1.0;1.0;0.0;1.0
5.0;29.04.2022;00:40;820.0;51.702034;94.409466;930000528.0;Наезд на пешехода;г.Кызыл;;Местного значения (дорога местного значения, включая относящиеся к собственности поселений, муниципальных районов, городских округов);;Магистральные улицы общегородского значения;Административные здания | Многоквартирные жилые дома;Перегон (нет объектов на месте ДТП);Не установлены;Сведения отсутствуют;Ясно;Сухое;Светлое время суток;Режим движения не изменялся;1.0;2.0;0.0;1.0
6.0;28.04.2022;00:07;940.0;51.666933;94.309849;930000525.0;Наезд на препятствие;г.Кызыл;;Местного значения (дорога местного значения, включая относящиеся к собственности поселений, муниципальных районов, городских округов);;Улицы и дороги местного значения в жилой застройке;Жилые дома индивидуальной застройки;Перегон (нет объектов на месте ДТП);Не установлены;Сведения отсутствуют;Ясно;Сухое;В темное время суток, освещение отсутствует;Режим движения не изменялся;1.0;1.0;0.0;1.0
8.0;25.04.2022;14:57;840.0;51.690988;94.615674;930000514.0;Наезд на велосипедиста;Кызылский район;КЫЗЫЛ - САРЫГ-СЕП;Региональная или межмуниципальная (дорога регионального или межмуниципального значения);6.0;Вне НП;Жилые дома индивидуальной застройки | Объект строительства;Перегон (нет объектов на месте ДТП);Не установлены;Сведения отсутствуют;Ясно;Сухое;Светлое время суток;Движение частично перекрыто;2.0;2.0;0.0;1.0
9.0;24.04.2022;18:50;600.0;51.667059;94.43161;930000509.0;Съезд с дороги;г.Кызыл;Кызыл-Эрзин-граница с Монголией;Региональная или межмуниципальная (дорога регионального или межмуниципального значения);5.0;Вне НП;Отсутствие в непосредственной близости объектов УДС и объектов притяжения;Перегон (нет объектов на месте ДТП);Не установлены;Сведения отсутствуют;Ясно;Сухое;Светлое время суток;Режим движения не изменялся;1.0;3.0;0.0;3.0
10.0;23.04.2022;22:25;600.0;51.285393;91.577504;930000506.0;Съезд с дороги;Дзун-Хемчикский район;;Местного значения (дорога местного значения, включая относящиеся к собственности поселений, муниципальных районов, городских округов);;Улицы и дороги местного значения в жилой застройке;Школа либо иная детская (в т.ч. дошкольная) организация | Жилые дома индивидуальной застройки;Перегон (нет объектов на месте ДТП);Не установлены;Сведения отсутствуют;Пасмурно;Сухое;В темное время суток, освещение включено;Режим движения не изменялся;1.0;2.0;0.0;1.0
11.0;23.04.2022;16:00;400.0;51.402927;91.274886;930000501.0;Столкновение;Сут-Хольский район;;Местного значения (дорога местного значения, включая относящиеся к собственности поселений, муниципальных районов, городских округов);;Поселковые дороги;Административные здания | Жилые дома индивидуальной застройки;Регулируемый перекресток;Не установлены;Сведения отсутствуют;Ясно;Сухое;Светлое время суток;Режим движения не изменялся;2.0;5.0;0.0;1.0
13.0;23.04.2022;23:50;500.0;51.702865;94.418317;930000505.0;Столкновение;г.Кызыл;;Местного значения (дорога местного значения, включая относящиеся к собственности поселений, муниципальных районов, городских округов);;Магистральные улицы общегородского значения;Остановка общественного транспорта | Крупный торговый объект (являющийся объектом массового тяготения пешеходов и (или) транспорта) | Иная образовательная организация | Регулируемый пешеходный переход;Регулируемый перекресток;Не установлены;Сведения отсутствуют;Ясно;Сухое;В темное время суток, освещение включено;Режим движения не изменялся;2.0;3.0;0.0;2.0
14.0;23.04.2022;21:00;610.0;51.132791;93.711984;930000503.0;Съезд с дороги;Чеди-Хольский район;;Местного значения (дорога местного значения, включая относящиеся к собственности поселений, муниципальных районов, городских округов);;Улицы и дороги местного значения научно-производственных промышленных и коммунально-складских районов;Многоквартирные жилые дома;Остановка общественного транспорта;Не установлены;Сведения отсутствуют;Ясно;Сухое;В темное время суток, освещение включено;Режим движения не изменялся;1.0;3.0;0.0;1.0
16.0;21.04.2022;09:08;890.0;51.717584;94.445086;930000486.0;Наезд на пешехода;г.Кызыл;;Местного значения (дорога местного значения, включая относящиеся к собственности поселений, муниципальных районов, городских округов);;Иные места;Школа либо иная детская (в т.ч. дошкольная) организация | Медицинские (лечебные) организации | Жилые дома индивидуальной застройки;Внутридворовая территория;Не установлены;Сведения отсутствуют;Ясно;Сухое;Светлое время суток;Режим движения не изменялся;1.0;2.0;0.0;1.0
17.0;20.04.2022;07:50;820.0;51.707626;94.422351;930000475.0;Наезд на пешехода;г.Кызыл;;Местного значения (дорога местного значения, включая относящиеся к собственности поселений, муниципальных районов, городских округов);;Улицы и дороги местного значения научно-производственных промышленных и коммунально-складских районов;Остановка общественного транспорта | Остановка маршрутного такси | Школа либо иная детская (в т.ч. дошкольная) организация | Иная образовательная организация;Остановка маршрутного такси;Не установлены;Участок, оборудованный искусственными неровностями;Ясно;Сухое;Светлое время суток;Режим движения не изменялся;1.0;2.0;0.0;1.0
18.0;20.04.2022;17:57;800.0;51.399527;91.271496;930000484.0;Наезд на пешехода;Сут-Хольский район;;Местного значения (дорога местного значения, включая относящиеся к собственности поселений, муниципальных районов, городских округов);;Главные улицы;Жилые дома индивидуальной застройки | Иной объект;Нерегулируемый перекрёсток неравнозначных улиц (дорог);Не установлены;Участок, оборудованный искусственными неровностями;Пасмурно;Сухое;Светлое время суток;Режим движения не изменялся;1.0;2.0;0.0;1.0
19.0;18.04.2022;20:55;600.0;51.611035;94.20639;930000469.0;Съезд с дороги;Кызылский район;Р-257 Енисей Красноярск - Абакан - Кызыл - граница с Монголией;Федеральная (дорога федерального значения);5.0;Вне НП;Отсутствие в непосредственной близости объектов УДС и объектов притяжения;Перегон (нет объектов на месте ДТП);Не установлены;Сведения отсутствуют;Ясно;Сухое;В темное время суток, освещение отсутствует;Режим движения не изменялся;1.0;4.0;0.0;1.0
21.0;17.04.2022;15:10;300.0;51.694194;94.476103;930000461.0;Столкновение;г.Кызыл;;Местного значения (дорога местного значения, включая относящиеся к собственности поселений, муниципальных районов, городских округов);;Улицы и дороги местного значения в жилой застройке;Жилые дома индивидуальной застройки;Нерегулируемый перекрёсток неравнозначных улиц (дорог);Не установлены;Сведения отсутствуют;Ясно;Сухое;Светлое время суток;Режим движения не изменялся;2.0;2.0;0.0;1.0
22.0;17.04.2022;20:37;790.0;51.71775;94.397503;930000464.0;Наезд на пешехода;г.Кызыл;;Местного значения (дорога местного значения, включая относящиеся к собственности поселений, муниципальных районов, городских округов);;Улицы и дороги местного значения научно-производственных промышленных и коммунально-складских районов;Школа либо иная детская (в т.ч. дошкольная) организация | Жилые дома индивидуальной застройки;Нерегулируемый перекрёсток неравнозначных улиц (дорог);Не установлены;Сведения отсутствуют;Ясно;Сухое;В темное время суток, освещение включено;Режим движения не изменялся;1.0;2.0;0.0;1.0
23.0;17.04.2022;14:30;600.0;51.17074;93.405654;930000488.0;Съезд с дороги;Чеди-Хольский район;;Местного значения (дорога местного значения, включая относящиеся к собственности поселений, муниципальных районов, городских округов);;Поселковые дороги;Жилые дома индивидуальной застройки;Перегон (нет объектов на месте ДТП);Не установлены;Сведения отсутствуют;Ясно;Пыльное;Светлое время суток;Режим движения не изменялся;1.0;1.0;0.0;1.0
27.0;14.04.2022;20:57;830.0;51.690682;94.624869;930000453.0;Наезд на пешехода;Кызылский район;КЫЗЫЛ - САРЫГ-СЕП;Региональная или межмуниципальная (дорога регионального или межмуниципального значения);6.0;Вне НП;Жилые дома индивидуальной застройки | Объект строительства;Перегон (нет объектов на месте ДТП);Не установлены;Сведения отсутствуют;Ясно;Сухое;В темное время суток, освещение отсутствует;Режим движения не изменялся;1.0;2.0;1.0;0.0
28.0;12.04.2022;10:45;600.0;51.795823;94.328742;930000444.0;Съезд с дороги;Пий-Хемский район;Р-257 Енисей Красноярск - Абакан - Кызыл - граница с Монголией;Федеральная (дорога федерального значения);5.0;Вне НП;Отсутствие в непосредственной близости объектов УДС и объектов притяжения;Перегон (нет объектов на месте ДТП);Не установлены;Сведения отсутствуют;Ясно;Сухое;Светлое время суток;Режим движения не изменялся;1.0;2.0;0.0;1.0
30.0;07.04.2022;17:55;880.0;51.358008;93.969369;930000425.0;Наезд на пешехода;Чеди-Хольский район;;Местного значения (дорога местного значения, включая относящиеся к собственности поселений, муниципальных районов, городских округов);;Поселковые дороги;Отсутствие в непосредственной близости объектов УДС и объектов притяжения;Перегон (нет объектов на месте ДТП);Не установлены;Сведения отсутствуют;Пасмурно;Загрязненное;Светлое время суток;Режим движения не изменялся;1.0;3.0;0.0;1.0
31.0;07.04.2022;00:05;200.0;51.685355;94.397879;930000422.0;Столкновение;г.Кызыл;Кызыл-Эрзин-граница с Монголией;Региональная или межмуниципальная (дорога регионального или межмуниципального значения);5.0;;Административные здания;Перегон (нет объектов на месте ДТП);Не установлены;Сведения отсутствуют;Ясно;Сухое;В темное время суток, освещение отсутствует;Движение частично перекрыто;2.0;3.0;0.0;3.0
32.0;05.04.2022;20:45;610.0;51.539909;93.907506;930000416.0;Съезд с дороги;Кызылский район;Р-257 Енисей Красноярск - Абакан - Кызыл - граница с Монголией;Федеральная (дорога федерального значения);5.0;Вне НП;Отсутствие в непосредственной близости объектов УДС и объектов притяжения;Перегон (нет объектов на месте ДТП);Не установлены;Сведения отсутствуют;Ясно;Сухое;В темное время суток, освещение отсутствует;Режим движения не изменялся;1.0;2.0;0.0;1.0
35.0;02.04.2022;07:25;930.0;51.542332;92.978733;930000399.0;Наезд на препятствие;Улуг-Хемский район;Подъезд к г.Шагонар;Региональная или межмуниципальная (дорога регионального или межмуниципального значения);5.0;Вне НП;Отсутствие в непосредственной близости объектов УДС и объектов притяжения;Перегон (нет объектов на месте ДТП);Не установлены;Сведения отсутствуют;Ясно;Сухое;Светлое время суток;Режим движения не изменялся;1.0;5.0;0.0;4.0
36.0;01.04.2022;21:00;60.0;52.143892;93.884139;930000403.0;Наезд на велосипедиста;Пий-Хемский район;Р-257 Енисей Красноярск - Абакан - Кызыл - граница с Монголией;Федеральная (дорога федерального значения);5.0;Вне НП;Отсутствие в непосредственной близости объектов УДС и объектов притяжения;Перегон (нет объектов на месте ДТП);Не установлены;Сведения отсутствуют;Ясно;Сухое;В темное время суток, освещение отсутствует;Режим движения не изменялся;2.0;2.0;0.0;1.0
3.0;30.05.2022;05:40;930.0;51.716952;94.395175;930000693.0;Наезд на препятствие;г.Кызыл;;Местного значения (дорога местного значения, включая относящиеся к собственности поселений, муниципальных районов, городских округов);;Улицы и дороги местного значения в жилой застройке;Жилые дома индивидуальной застройки;Перегон (нет объектов на месте ДТП);Не установлены;Сведения отсутствуют;Ясно;Сухое;Светлое время суток;Режим движения не изменялся;1.0;2.0;0.0;1.0
4.0;30.05.2022;13:20;820.0;51.538355;92.905562;930000695.0;Наезд на пешехода;Улуг-Хемский район;;Местного значения (дорога местного значения, включая относящиеся к собственности поселений, муниципальных районов, городских округов);;Магистральные улицы общегородского значения;Многоквартирные жилые дома;Перегон (нет объектов на месте ДТП);Не установлены;Сведения отсутствуют;Ясно;Сухое;Светлое время суток;Режим движения не изменялся;1.0;3.0;0.0;1.0
5.0;29.05.2022;21:20;90.0;51.640207;94.249241;930000690.0;Опрокидывание;Кызылский район;;Местного значения (дорога местного значения, включая относящиеся к собственности поселений, муниципальных районов, городских округов);;Второстепенные улицы в жилой застройке (переулки);Жилые дома индивидуальной застройки;Перегон (нет объектов на месте ДТП);Не установлены;Сведения отсутствуют;Ясно;Сухое;В темное время суток, освещение отсутствует;Режим движения не изменялся;1.0;1.0;0.0;1.0
7.0;28.05.2022;16:35;200.0;51.705545;94.470277;930000686.0;Столкновение;г.Кызыл;;Местного значения (дорога местного значения, включая относящиеся к собственности поселений, муниципальных районов, городских округов);;Улицы и дороги местного значения в жилой застройке;Жилые дома индивидуальной застройки;Нерегулируемый перекрёсток неравнозначных улиц (дорог);Не установлены;Сведения отсутствуют;Ясно;Сухое;Светлое время суток;Движение частично перекрыто;2.0;5.0;0.0;4.0
11.0;23.05.2022;18:35;70.0;51.713748;94.417813;930000652.0;Столкновение;г.Кызыл;;Местного значения (дорога местного значения, включая относящиеся к собственности поселений, муниципальных районов, городских округов);;Улицы и дороги местного значения научно-производственных промышленных и коммунально-складских районов;Иная образовательная организация | Регулируемый пешеходный переход | Регулируемый перекрёсток | Жилые дома индивидуальной застройки;Перегон (нет объектов на месте ДТП);Не установлены;Сведения отсутствуют;Ясно;Сухое;Светлое время суток;Режим движения не изменялся;2.0;2.0;0.0;1.0
13.0;22.05.2022;14:08;610.0;51.188381;91.5271;930000651.0;Съезд с дороги;Дзун-Хемчикский район;Р-257 Енисей Красноярск - Абакан - Кызыл - граница с Монголией;Федеральная (дорога федерального значения);5.0;Вне НП;Отсутствие в непосредственной близости объектов УДС и объектов притяжения;Перегон (нет объектов на месте ДТП);Не установлены;Сведения отсутствуют;Ясно;Сухое;Светлое время суток;Режим движения не изменялся;1.0;7.0;1.0;5.0
15.0;20.05.2022;22:36;940.0;51.542412;92.979269;930000639.0;Наезд на препятствие;Улуг-Хемский район;Подъезд к г.Шагонар;Региональная или межмуниципальная (дорога регионального или межмуниципального значения);5.0;;Объект (здание, сооружение) религиозного культа;Нерегулируемый перекрёсток неравнозначных улиц (дорог);Не установлены;Сведения отсутствуют;Пасмурно;Мокрое;В темное время суток, освещение отсутствует;Движение частично перекрыто;1.0;3.0;0.0;3.0
18.0;16.05.2022;13:32;740.0;51.717863;94.438337;930000616.0;Наезд на пешехода;г.Кызыл;;Местного значения (дорога местного значения, включая относящиеся к собственности поселений, муниципальных районов, городских округов);;Магистральные улицы общегородского значения;Крупный торговый объект (являющийся объектом массового тяготения пешеходов и (или) транспорта) | Многоквартирные жилые дома;Нерегулируемый пешеходный переход | Нерегулируемый перекрёсток неравнозначных улиц (дорог);Не установлены;Сведения отсутствуют;Ясно;Сухое;Светлое время суток;Режим движения не изменялся;1.0;2.0;0.0;1.0
19.0;16.05.2022;12:45;610.0;50.27091;90.632744;930000619.0;Опрокидывание;Монгун-Тайгинский район;ХАНДАГАЙТЫ - МУГУР-АКСЫ;Региональная или межмуниципальная (дорога регионального или межмуниципального значения);7.0;Вне НП;Отсутствие в непосредственной близости объектов УДС и объектов притяжения;Перегон (нет объектов на месте ДТП);Не установлены;Сведения отсутствуют;Ясно;Пыльное;Светлое время суток;Режим движения не изменялся;1.0;8.0;0.0;8.0
21.0;16.05.2022;17:10;610.0;51.801437;94.325416;930000617.0;Съезд с дороги;Пий-Хемский район;Р-257 Енисей Красноярск - Абакан - Кызыл - граница с Монголией;Федеральная (дорога федерального значения);5.0;Вне НП;Отсутствие в непосредственной близости объектов УДС и объектов притяжения;Перегон (нет объектов на месте ДТП);Не установлены;Сведения отсутствуют;Ясно;Сухое;Светлое время суток;Режим движения не изменялся;1.0;4.0;2.0;1.0
22.0;15.05.2022;13:47;700.0;51.696309;94.406354;930000609.0;Наезд на велосипедиста;г.Кызыл;;Местного значения (дорога местного значения, включая относящиеся к собственности поселений, муниципальных районов, городских округов);;Улицы и дороги местного значения в жилой застройке;АЗС | Крупный торговый объект (являющийся объектом массового тяготения пешеходов и (или) транспорта) | Спортивные и развлекательные объекты | Многоквартирные жилые дома;Регулируемый пешеходный переход | Регулируемый перекресток;Не установлены;Сведения отсутствуют;Ясно;Сухое;Светлое время суток;Режим движения не изменялся;2.0;2.0;0.0;1.0
23.0;15.05.2022;19:05;930.0;51.542358;92.97869;930000610.0;Наезд на препятствие;Улуг-Хемский район;Подъезд к г.Шагонар;Региональная или межмуниципальная (дорога регионального или межмуниципального значения);5.0;;Отсутствие в непосредственной близости объектов УДС и объектов притяжения;Перегон (нет объектов на месте ДТП);Не установлены;Сведения отсутствуют;Ясно;Сухое;Светлое время суток;Режим движения не изменялся;1.0;1.0;0.0;1.0
25.0;14.05.2022;15:55;820.0;51.710983;94.413221;930000604.0;Наезд на пешехода;г.Кызыл;;Местного значения (дорога местного значения, включая относящиеся к собственности поселений, муниципальных районов, городских округов);;Улицы и дороги местного значения научно-производственных промышленных и коммунально-складских районов;Нерегулируемый пешеходный переход | Жилые дома индивидуальной застройки;Перегон (нет объектов на месте ДТП);Не установлены;Сведения отсутствуют;Ясно;Сухое;Светлое время суток;Режим движения не изменялся;1.0;2.0;0.0;1.0
26.0;13.05.2022;19:00;500.0;51.703882;94.428113;930000600.0;Столкновение;г.Кызыл;;Местного значения (дорога местного значения, включая относящиеся к собственности поселений, муниципальных районов, городских округов);;Магистральные улицы общегородского значения;Регулируемый пешеходный переход | Многоквартирные жилые дома;Регулируемый перекресток;Не установлены;Сведения отсутствуют;Ясно;Сухое;Светлое время суток;Режим движения не изменялся;2.0;4.0;0.0;1.0
28.0;12.05.2022;13:10;600.0;51.188139;90.601802;930000589.0;Опрокидывание;г.Ак-Довурак;;Местного значения (дорога местного значения, включая относящиеся к собственности поселений, муниципальных районов, городских округов);;Улицы и дороги местного значения научно-производственных промышленных и коммунально-складских районов;Жилые дома индивидуальной застройки | Иной объект;Перегон (нет объектов на месте ДТП);Не установлены;Сведения отсутствуют;Ясно;Сухое;Светлое время суток;Режим движения не изменялся;1.0;3.0;0.0;1.0
29.0;10.05.2022;19:50;610.0;51.799911;94.325802;930000582.0;Съезд с дороги;Пий-Хемский район;Р-257 Енисей Красноярск - Абакан - Кызыл - граница с Монголией;Федеральная (дорога федерального значения);5.0;Вне НП;Отсутствие в непосредственной близости объектов УДС и объектов притяжения;Перегон (нет объектов на месте ДТП);Не установлены;Сведения отсутствуют;Ясно;Сухое;Сумерки;Режим движения не изменялся;1.0;2.0;1.0;1.0
31.0;07.05.2022;21:15;880.0;51.189632;90.600729;930000575.0;Наезд на пешехода;г.Ак-Довурак;;Местного значения (дорога местного значения, включая относящиеся к собственности поселений, муниципальных районов, городских округов);;Иные места;Крупный торговый объект (являющийся объектом массового тяготения пешеходов и (или) транспорта) | Жилые дома индивидуальной застройки | Многоквартирные жилые дома;Перегон (нет объектов на месте ДТП);Не установлены;Сведения отсутствуют;Ясно;Сухое;В темное время суток, освещение включено;Режим движения не изменялся;1.0;2.0;0.0;1.0
32.0;06.05.2022;19:30;600.0;51.150602;95.026588;930000572.0;Съезд с дороги;Кызылский район;Кызыл-Эрзин-граница с Монголией;Региональная или межмуниципальная (дорога регионального или межмуниципального значения);6.0;Вне НП;Отсутствие в непосредственной близости объектов УДС и объектов притяжения;Перегон (нет объектов на месте ДТП);Не установлены;Сведения отсутствуют;Пасмурно;Сухое;Светлое время суток;Режим движения не изменялся;1.0;2.0;0.0;1.0
35.0;03.05.2022;01:15;200.0;51.686126;94.331574;930000550.0;Столкновение;г.Кызыл;Р-257 Енисей Красноярск - Абакан - Кызыл - граница с Монголией;Федеральная (дорога федерального значения);5.0;;Административные здания;Нерегулируемый перекрёсток неравнозначных улиц (дорог);Отсутствие освещения;Сведения отсутствуют;Ясно;Сухое;В темное время суток, освещение включено;Режим движения не изменялся;3.0;3.0;1.0;1.0
38.0;03.05.2022;14:50;930.0;51.692857;94.461565;930000554.0;Наезд на препятствие;г.Кызыл;;Местного значения (дорога местного значения, включая относящиеся к собственности поселений, муниципальных районов, городских округов);;Улицы и дороги местного значения в жилой застройке;Жилые дома индивидуальной застройки;Перегон (нет объектов на месте ДТП);Не установлены;Сведения отсутствуют;Ясно;Сухое;Светлое время суток;Режим движения не изменялся;1.0;2.0;0.0;2.0
41.0;01.05.2022;20:34;610.0;51.536379;92.363906;930000543.0;Съезд с дороги;Чаа-Хольский район;Чаа-Холь - Шанчы;Региональная или межмуниципальная (дорога регионального или межмуниципального значения);7.0;Вне НП;Отсутствие в непосредственной близости объектов УДС и объектов притяжения;Перегон (нет объектов на месте ДТП);Не установлены;Сведения отсутствуют;Ясно;Сухое;В темное время суток, освещение отсутствует;Режим движения не изменялся;1.0;2.0;0.0;2.0
42.0;01.05.2022;09:02;600.0;51.55817;93.099797;930000542.0;Съезд с дороги;Улуг-Хемский район;Р-257 Енисей Красноярск - Абакан - Кызыл - граница с Монголией;Федеральная (дорога федерального значения);5.0;Вне НП;Отсутствие в непосредственной близости объектов УДС и объектов притяжения;Перегон (нет объектов на месте ДТП);Не установлены;Сведения отсутствуют;Ясно;Сухое;Светлое время суток;Режим движения не изменялся;1.0;3.0;0.0;1.0
43.0;01.05.2022;00:40;590.0;50.496941;91.242743;930000540.0;Опрокидывание;Овюрский район;ХАНДАГАЙТЫ - МУГУР-АКСЫ;Региональная или межмуниципальная (дорога регионального или межмуниципального значения);6.0;Вне НП;Отсутствие в непосредственной близости объектов УДС и объектов притяжения;Перегон (нет объектов на месте ДТП);Не установлены;Сведения отсутствуют;Ясно;Сухое;В темное время суток, освещение отсутствует;Режим движения не изменялся;1.0;1.0;1.0;0.0
1.0;30.06.2022;23:30;600.0;51.327823;95.91043;930000877.0;Съезд с дороги;Каа-Хемский район;;Местного значения (дорога местного значения, включая относящиеся к собственности поселений, муниципальных районов, городских округов);;Вне НП;Отсутствие в непосредственной близости объектов УДС и объектов притяжения;Перегон (нет объектов на месте ДТП);Не установлены;Сведения отсутствуют;Ясно;Сухое;В темное время суток, освещение отсутствует;Режим движения не изменялся;1.0;3.0;0.0;1.0
2.0;30.06.2022;04:23;840.0;51.810087;94.457316;930000871.0;Наезд на пешехода;г.Кызыл;Подъезд к С.КАРА-ХААК;Региональная или межмуниципальная (дорога регионального или межмуниципального значения);5.0;;Жилые дома индивидуальной застройки;Перегон (нет объектов на месте ДТП);Не установлены;Сведения отсутствуют;Ясно;Сухое;Сумерки;Режим движения не изменялся;1.0;2.0;1.0;0.0
4.0;28.06.2022;21:10;610.0;52.47605;96.099622;930000862.0;Съезд с дороги;Тоджинский район;Тоора-Хем - Ий;Региональная или межмуниципальная (дорога регионального или межмуниципального значения);5.0;Вне НП;Отсутствие в непосредственной близости объектов УДС и объектов притяжения;Перегон (нет объектов на месте ДТП);Не установлены;Сведения отсутствуют;Ясно;Сухое;Светлое время суток;Режим движения не изменялся;1.0;2.0;0.0;1.0
7.0;25.06.2022;11:55;810.0;51.715789;94.415474;930000846.0;Наезд на велосипедиста;г.Кызыл;;Местного значения (дорога местного значения, включая относящиеся к собственности поселений, муниципальных районов, городских округов);;Улицы и дороги местного значения в жилой застройке;АЗС | Нерегулируемый пешеходный переход;Нерегулируемый перекрёсток неравнозначных улиц (дорог);Не установлены;Сведения отсутствуют;Ясно;Сухое;Светлое время суток;Режим движения не изменялся;2.0;2.0;0.0;1.0
8.0;25.06.2022;15:40;990.0;51.043141;94.805617;930000849.0;Съезд с дороги;Тандинский район;Бай-Хаак - Балгазын;Региональная или межмуниципальная (дорога регионального или межмуниципального значения);7.0;Вне НП;Отсутствие в непосредственной близости объектов УДС и объектов притяжения;Перегон (нет объектов на месте ДТП);Не установлены;Сведения отсутствуют;Ясно;Пыльное;Светлое время суток;Режим движения не изменялся;1.0;7.0;0.0;6.0
10.0;24.06.2022;06:08;930.0;51.69;94.435;930000840.0;Наезд на препятствие;г.Кызыл;Кызыл-Эрзин-граница с Монголией;Региональная или межмуниципальная (дорога регионального или межмуниципального значения);5.0;;Медицинские (лечебные) организации | Жилые дома индивидуальной застройки | Многоквартирные жилые дома;Нерегулируемое пересечение с круговым движением;Не установлены;Сведения отсутствуют;Ясно;Сухое;Светлое время суток;Режим движения не изменялся;1.0;3.0;0.0;3.0
12.0;23.06.2022;09:16;140.0;51.718096;94.42086;930000835.0;Столкновение;г.Кызыл;;Местного значения (дорога местного значения, включая относящиеся к собственности поселений, муниципальных районов, городских округов);;Улицы и дороги местного значения в жилой застройке;Зоны отдыха | Многоквартирные жилые дома;Перегон (нет объектов на месте ДТП);Не установлены;Сведения отсутствуют;Ясно;Сухое;Светлое время суток;Движение частично перекрыто;2.0;2.0;0.0;1.0
14.0;19.06.2022;17:30;610.0;52.242518;95.986004;930000823.0;Съезд с дороги;Тоджинский район;БОЯРОВКА - ТООРА-ХЕМ;Региональная или межмуниципальная (дорога регионального или межмуниципального значения);7.0;Вне НП;Отсутствие в непосредственной близости объектов УДС и объектов притяжения;Перегон (нет объектов на месте ДТП);Не установлены;Сведения отсутствуют;Ясно;Сухое;Светлое время суток;Режим движения не изменялся;1.0;6.0;0.0;3.0
16.0;18.06.2022;13:30;830.0;51.707087;94.44191;930000816.0;Наезд на пешехода;г.Кызыл;;Местного значения (дорога местного значения, включая относящиеся к собственности поселений, муниципальных районов, городских округов);;Улицы и дороги местного значения в жилой застройке;Крупный торговый объект (являющийся объектом массового тяготения пешеходов и (или) транспорта) | Жилые дома индивидуальной застройки;Перегон (нет объектов на месте ДТП);Не установлены;Сведения отсутствуют;Ясно;Сухое;Светлое время суток;Режим движения не изменялся;1.0;2.0;0.0;1.0
17.0;18.06.2022;15:15;700.0;51.714958;94.490747;930000811.0;Наезд на пешехода;г.Кызыл;;Местного значения (дорога местного значения, включая относящиеся к собственности поселений, муниципальных районов, городских округов);;Магистральные улицы общегородского значения;Остановка маршрутного такси | Крупный торговый объект (являющийся объектом массового тяготения пешеходов и (или) транспорта) | Многоквартирные жилые дома;Нерегулируемый пешеходный переход | Нерегулируемый перекрёсток неравнозначных улиц (дорог);Не установлены;Сведения отсутствуют;Ясно | Температура выше +30С;Сухое;Светлое время суток;Движение частично перекрыто;1.0;3.0;0.0;2.0
18.0;17.06.2022;09:30;190.0;51.711701;94.438241;930000872.0;Наезд на велосипедиста;г.Кызыл;;Местного значения (дорога местного значения, включая относящиеся к собственности поселений, муниципальных районов, городских округов);;Улицы и дороги местного значения в жилой застройке;Жилые дома индивидуальной застройки | Кладбище;Перегон (нет объектов на месте ДТП);Не установлены;Сведения отсутствуют;Ясно;Сухое;Светлое время суток;Режим движения не изменялся;2.0;2.0;0.0;1.0
20.0;17.06.2022;03:40;210.0;51.473578;95.583286;930000804.0;Столкновение;Каа-Хемский район;САРЫГ-СЕП-БАЛГАЗЫН;Региональная или межмуниципальная (дорога регионального или межмуниципального значения);6.0;Вне НП;Отсутствие в непосредственной близости объектов УДС и объектов притяжения;Перегон (нет объектов на месте ДТП);Не установлены;Сведения отсутствуют;Ясно;Сухое;Сумерки;Режим движения не изменялся;3.0;4.0;0.0;3.0
23.0;11.06.2022;12:17;740.0;51.70347;94.42425;930000762.0;Наезд на пешехода;г.Кызыл;;Местного значения (дорога местного значения, включая относящиеся к собственности поселений, муниципальных районов, городских округов);;Магистральные улицы общегородского значения;Остановка общественного транспорта | Административные здания | Многоквартирные жилые дома;Нерегулируемый пешеходный переход;Не установлены;Сведения отсутствуют;Ясно;Сухое;Светлое время суток;Движение частично перекрыто;1.0;2.0;0.0;1.0
24.0;11.06.2022;13:00;500.0;51.714666;94.450064;930000763.0;Столкновение;г.Кызыл;;Местного значения (дорога местного значения, включая относящиеся к собственности поселений, муниципальных районов, городских округов);;Улицы и дороги местного значения научно-производственных промышленных и коммунально-складских районов;Регулируемый пешеходный переход | Жилые дома индивидуальной застройки;Регулируемый перекресток;Неисправность светофора;Сведения отсутствуют;Ясно;Сухое;Светлое время суток;Движение частично перекрыто;2.0;3.0;0.0;2.0
25.0;10.06.2022;16:22;990.0;51.703065;94.519984;930000754.0;Падение пассажира;г.Кызыл;;Местного значения (дорога местного значения, включая относящиеся к собственности поселений, муниципальных районов, городских округов);;Магистральные улицы общегородского значения;Жилые дома индивидуальной застройки;Остановка общественного транспорта;Не установлены;Сведения отсутствуют;Ясно;Сухое;Светлое время суток;Режим движения не изменялся;1.0;2.0;0.0;1.0
28.0;05.06.2022;03:05;890.0;52.568056;96.025229;930000731.0;Падение пассажира;Тоджинский район;;Местного значения (дорога местного значения, включая относящиеся к собственности поселений, муниципальных районов, городских округов);;Поселковые дороги;Жилые дома индивидуальной застройки;Перегон (нет объектов на месте ДТП);Не установлены;Сведения отсутствуют;Ясно;Сухое;В темное время суток, освещение отсутствует;Режим движения не изменялся;1.0;2.0;0.0;1.0
29.0;04.06.2022;19:15;60.0;51.328895;91.809311;930000722.0;Столкновение;Дзун-Хемчикский район;Р-257 Енисей Красноярск - Абакан - Кызыл - граница с Монголией;Федеральная (дорога федерального значения);5.0;Вне НП;Отсутствие в непосредственной близости объектов УДС и объектов притяжения;Перегон (нет объектов на месте ДТП);Не установлены;Сведения отсутствуют;Ясно;Сухое;Светлое время суток;Режим движения не изменялся;2.0;9.0;0.0;7.0
31.0;03.06.2022;22:02;820.0;51.717571;94.379736;930000720.0;Наезд на пешехода;г.Кызыл;;Местного значения (дорога местного значения, включая относящиеся к собственности поселений, муниципальных районов, городских округов);;Улицы и дороги местного значения в жилой застройке;Крупный торговый объект (являющийся объектом массового тяготения пешеходов и (или) транспорта);АЗС;Не установлены;Сведения отсутствуют;Пасмурно;Сухое;В темное время суток, освещение отсутствует;Движение частично перекрыто;1.0;2.0;0.0;1.0
5.0;30.07.2022;01:30;900.0;51.539769;95.356457;930001036.0;Наезд на животное;Каа-Хемский район;;Местного значения (дорога местного значения, включая относящиеся к собственности поселений, муниципальных районов, городских округов);;Поселковые дороги;Жилые дома индивидуальной застройки;Перегон (нет объектов на месте ДТП);Не установлены;Сведения отсутствуют;Ясно;Сухое;В темное время суток, освещение включено;Режим движения не изменялся;1.0;1.0;0.0;1.0
12.0;26.07.2022;14:20;70.0;51.380085;92.881787;930001006.0;Столкновение;Улуг-Хемский район;;Местного значения (дорога местного значения, включая относящиеся к собственности поселений, муниципальных районов, городских округов);;Улицы и дороги местного значения в жилой застройке;Жилые дома индивидуальной застройки;Нерегулируемый пешеходный переход | Выезд с прилегающей территории;Не установлены;Сведения отсутствуют;Ясно;Сухое;Светлое время суток;Режим движения не изменялся;2.0;2.0;0.0;1.0
13.0;26.07.2022;17:29;990.0;51.715523;94.469268;930001007.0;Падение пассажира;г.Кызыл;;Местного значения (дорога местного значения, включая относящиеся к собственности поселений, муниципальных районов, городских округов);;Улицы и дороги местного значения научно-производственных промышленных и коммунально-складских районов;Школа либо иная детская (в т.ч. дошкольная) организация | Жилые дома индивидуальной застройки;Регулируемый пешеходный переход, расположенный на участке улицы или дороги, проходящей вдоль территории школы или иной детской организации | Регулируемый перекресток;Неисправность светофора;Сведения отсутствуют;Ясно;Сухое;Светлое время суток;Движение частично перекрыто;1.0;2.0;0.0;1.0
16.0;22.07.2022;19:07;200.0;51.161489;90.570581;930000992.0;Столкновение;г.Ак-Довурак;;Местного значения (дорога местного значения, включая относящиеся к собственности поселений, муниципальных районов, городских округов);;Магистральные улицы районного значения;АЗС | Нерегулируемое пересечение с круговым движением;Перегон (нет объектов на месте ДТП);Не установлены;Сведения отсутствуют;Ясно;Сухое;Светлое время суток;Режим движения не изменялся;2.0;5.0;0.0;5.0
17.0;21.07.2022;05:15;930.0;51.674604;94.304066;930000983.0;Наезд на препятствие;г.Кызыл;;Местного значения (дорога местного значения, включая относящиеся к собственности поселений, муниципальных районов, городских округов);;Улицы и дороги местного значения в жилой застройке;Жилые дома индивидуальной застройки;Перегон (нет объектов на месте ДТП);Не установлены;Сведения отсутствуют;Ясно;Сухое;Светлое время суток;Движение частично перекрыто;1.0;4.0;0.0;4.0
21.0;20.07.2022;06:45;600.0;51.117021;90.580945;930000977.0;Съезд с дороги;Барун-Хемчикский район;Кызыл-Мажалык - Эрги-Барлык;Региональная или межмуниципальная (дорога регионального или межмуниципального значения);5.0;Вне НП;Отсутствие в непосредственной близости объектов УДС и объектов притяжения;Перегон (нет объектов на месте ДТП);Не установлены;Сведения отсутствуют;Ясно;Сухое;Светлое время суток;Режим движения не изменялся;1.0;1.0;1.0;0.0
22.0;18.07.2022;08:13;330.0;51.694147;94.370692;930000968.0;Столкновение;г.Кызыл;;Местного значения (дорога местного значения, включая относящиеся к собственности поселений, муниципальных районов, городских округов);;Магистральные улицы общегородского значения;АЗС | Производственное предприятие;Выезд с прилегающей территории;Не установлены;Сведения отсутствуют;Ясно;Сухое;Светлое время суток;Движение частично перекрыто;2.0;6.0;0.0;6.0
24.0;17.07.2022;20:35;990.0;51.644295;92.866015;930000967.0;Опрокидывание;Улуг-Хемский район;ШАГОНАР - ЭЙЛИГ-ХЕМ;Региональная или межмуниципальная (дорога регионального или межмуниципального значения);5.0;Вне НП;Отсутствие в непосредственной близости объектов УДС и объектов притяжения;Перегон (нет объектов на месте ДТП);Не установлены;Сведения отсутствуют;Ясно;Сухое;Сумерки;Режим движения не изменялся;1.0;2.0;0.0;2.0
25.0;17.07.2022;19:00;430.0;51.544293;93.013258;930000966.0;Столкновение;Улуг-Хемский район;Р-257 Енисей Красноярск - Абакан - Кызыл - граница с Монголией;Федеральная (дорога федерального значения);5.0;Вне НП;Отсутствие в непосредственной близости объектов УДС и объектов притяжения;Нерегулируемый перекрёсток неравнозначных улиц (дорог);Не установлены;Сведения отсутствуют;Пасмурно;Сухое;Светлое время суток;Режим движения не изменялся;2.0;2.0;0.0;1.0
30.0;13.07.2022;21:38;300.0;51.711807;94.432822;930000943.0;Столкновение;г.Кызыл;;Местного значения (дорога местного значения, включая относящиеся к собственности поселений, муниципальных районов, городских округов);;Улицы и дороги местного значения в жилой застройке;Медицинские (лечебные) организации | Регулируемый пешеходный переход | Жилые дома индивидуальной застройки | Кладбище;Регулируемый перекресток;Не установлены;Сведения отсутствуют;Пасмурно;Сухое;В темное время суток, освещение включено;Режим движения не изменялся;2.0;2.0;0.0;2.0
31.0;11.07.2022;21:40;600.0;52.0994;93.7203;930000931.0;Съезд с дороги;Пий-Хемский район;Подъезд к с.Аржаан;Региональная или межмуниципальная (дорога регионального или межмуниципального значения);6.0;Вне НП;Отсутствие в непосредственной близости объектов УДС и объектов притяжения;Перегон (нет объектов на месте ДТП);Дефекты покрытия;Сведения отсутствуют;Ясно;Сухое;В темное время суток, освещение отсутствует;Режим движения не изменялся;1.0;4.0;0.0;4.0
33.0;10.07.2022;19:05;200.0;51.120038;94.568725;930000925.0;Столкновение;Тандинский район;Бай-Хаак - Балгазын;Региональная или межмуниципальная (дорога регионального или межмуниципального значения);8.0;Вне НП;Отсутствие в непосредственной близости объектов УДС и объектов притяжения;Перегон (нет объектов на месте ДТП);Не установлены;Сведения отсутствуют;Ясно;Сухое;Светлое время суток;Режим движения не изменялся;2.0;6.0;0.0;1.0
34.0;09.07.2022;18:42;600.0;51.162122;90.571375;930000920.0;Съезд с дороги;г.Ак-Довурак;;Местного значения (дорога местного значения, включая относящиеся к собственности поселений, муниципальных районов, городских округов);;Магистральные улицы районного значения;АЗС;Перегон (нет объектов на месте ДТП);Не установлены;Сведения отсутствуют;Ясно;Сухое;Светлое время суток;Движение частично перекрыто;1.0;2.0;0.0;1.0
39.0;04.07.2022;13:25;500.0;51.707021;94.417083;930000899.0;Столкновение;г.Кызыл;;Местного значения (дорога местного значения, включая относящиеся к собственности поселений, муниципальных районов, городских округов);;Магистральные улицы общегородского значения;Остановка общественного транспорта | Крупный торговый объект (являющийся объектом массового тяготения пешеходов и (или) транспорта) | Многоквартирные жилые дома;Регулируемый пешеходный переход | Регулируемый перекресток;Не установлены;Сведения отсутствуют;Ясно;Сухое;Светлое время суток;Режим движения не изменялся;2.0;3.0;0.0;1.0
41.0;02.07.2022;16:00;930.0;51.542452;92.980074;930000887.0;Наезд на препятствие;Улуг-Хемский район;Подъезд к г.Шагонар;Региональная или межмуниципальная (дорога регионального или межмуниципального значения);5.0;Вне НП;Отсутствие в непосредственной близости объектов УДС и объектов притяжения;Нерегулируемый перекрёсток неравнозначных улиц (дорог);Не установлены;Сведения отсутствуют;Ясно;Сухое;Светлое время суток;Движение частично перекрыто;1.0;4.0;0.0;2.0
1.0;30.08.2022;13:10;820.0;51.70238;94.422963;930001257.0;Наезд на пешехода;г.Кызыл;;Местного значения (дорога местного значения, включая относящиеся к собственности поселений, муниципальных районов, городских округов);;Магистральные улицы общегородского значения;Крупный торговый объект (являющийся объектом массового тяготения пешеходов и (или) транспорта) | Многоквартирные жилые дома;Перегон (нет объектов на месте ДТП);Не установлены;Сведения отсутствуют;Ясно;Сухое;Светлое время суток;Режим движения не изменялся;1.0;2.0;0.0;1.0
3.0;29.08.2022;14:35;610.0;51.663299;94.430655;930001250.0;Съезд с дороги;г.Кызыл;Кызыл-Эрзин-граница с Монголией;Региональная или межмуниципальная (дорога регионального или межмуниципального значения);5.0;Вне НП;Отсутствие в непосредственной близости объектов УДС и объектов притяжения;Перегон (нет объектов на месте ДТП);Не установлены;Сведения отсутствуют;Ясно;Сухое;Светлое время суток;Движение частично перекрыто;1.0;2.0;1.0;1.0
5.0;29.08.2022;20:25;600.0;50.362328;90.444689;930002046.0;Опрокидывание;Монгун-Тайгинский район;ХАНДАГАЙТЫ - МУГУР-АКСЫ;Региональная или межмуниципальная (дорога регионального или межмуниципального значения);7.0;Вне НП;Отсутствие в непосредственной близости объектов УДС и объектов притяжения;Перегон (нет объектов на месте ДТП);Не установлены;Сведения отсутствуют;Ясно;Пыльное;Светлое время суток;Режим движения не изменялся;1.0;1.0;0.0;1.0
9.0;27.08.2022;21:25;610.0;51.990404;94.253297;930001241.0;Съезд с дороги;Пий-Хемский район;Р-257 Енисей Красноярск - Абакан - Кызыл - граница с Монголией;Федеральная (дорога федерального значения);5.0;Вне НП;Отсутствие в непосредственной близости объектов УДС и объектов притяжения;Перегон (нет объектов на месте ДТП);Не установлены;Сведения отсутствуют;Дождь;Мокрое;В темное время суток, освещение отсутствует;Режим движения не изменялся;1.0;1.0;1.0;0.0
11.0;24.08.2022;17:22;300.0;51.716806;94.478463;930001218.0;Столкновение;г.Кызыл;;Местного значения (дорога местного значения, включая относящиеся к собственности поселений, муниципальных районов, городских округов);;Магистральные улицы общегородского значения;Многоквартирные жилые дома;Выезд с прилегающей территории;Отсутствие, плохая различимость горизонтальной разметки проезжей части;Сведения отсутствуют;Ясно;Сухое;Светлое время суток;Движение частично перекрыто;2.0;2.0;0.0;1.0
13.0;22.08.2022;17:48;140.0;51.67193;94.300278;930001208.0;Столкновение;г.Кызыл;;Местного значения (дорога местного значения, включая относящиеся к собственности поселений, муниципальных районов, городских округов);;Улицы и дороги местного значения в жилой застройке;Жилые дома индивидуальной застройки;Перегон (нет объектов на месте ДТП);Не установлены;Сведения отсутствуют;Ясно;Сухое;Светлое время суток;Движение частично перекрыто;2.0;2.0;0.0;1.0
14.0;22.08.2022;23:30;910.0;51.720243;94.44117;930001210.0;Наезд на стоящее ТС;г.Кызыл;;Местного значения (дорога местного значения, включая относящиеся к собственности поселений, муниципальных районов, городских округов);;Улицы и дороги местного значения научно-производственных промышленных и коммунально-складских районов;Административные здания;Перегон (нет объектов на месте ДТП);Не установлены;Сведения отсутствуют;Ясно;Сухое;В темное время суток, освещение включено;Движение частично перекрыто;2.0;2.0;0.0;1.0
19.0;18.08.2022;11:16;730.0;51.702593;94.418371;930001178.0;Наезд на пешехода;г.Кызыл;;Местного значения (дорога местного значения, включая относящиеся к собственности поселений, муниципальных районов, городских округов);;Магистральные улицы общегородского значения;Крупный торговый объект (являющийся объектом массового тяготения пешеходов и (или) транспорта) | Жилые дома индивидуальной застройки;Регулируемый пешеходный переход | Регулируемый перекресток;Не установлены;Сведения отсутствуют;Ясно;Сухое;Светлое время суток;Режим движения не изменялся;1.0;2.0;0.0;2.0
23.0;16.08.2022;22:00;890.0;51.14791;90.583541;930001169.0;Наезд на пешехода;Барун-Хемчикский район;;Местного значения (дорога местного значения, включая относящиеся к собственности поселений, муниципальных районов, городских округов);;Поселковые дороги;Отсутствие в непосредственной близости объектов УДС и объектов притяжения;Перегон (нет объектов на месте ДТП);Не установлены;Сведения отсутствуют;Ясно;Сухое;В темное время суток, освещение отсутствует;Режим движения не изменялся;1.0;2.0;0.0;1.0
25.0;15.08.2022;01:00;500.0;51.725413;94.40938;930001152.0;Столкновение;г.Кызыл;;Местного значения (дорога местного значения, включая относящиеся к собственности поселений, муниципальных районов, городских округов);;Улицы и дороги местного значения в жилой застройке;АЗС | Регулируемый пешеходный переход | Жилые дома индивидуальной застройки;Регулируемый перекресток;Не установлены;Сведения отсутствуют;Ясно;Сухое;В темное время суток, освещение включено;Режим движения не изменялся;2.0;5.0;0.0;5.0
26.0;15.08.2022;21:45;830.0;51.167033;90.555024;930001160.0;Наезд на пешехода;г.Ак-Довурак;АБАКАН-АК-ДОВУРАК;Региональная или межмуниципальная (дорога регионального или межмуниципального значения);5.0;Вне НП;Отсутствие в непосредственной близости объектов УДС и объектов притяжения;Перегон (нет объектов на месте ДТП);Не установлены;Сведения отсутствуют;Ясно;Сухое;В темное время суток, освещение отсутствует;Режим движения не изменялся;1.0;6.0;0.0;1.0
27.0;15.08.2022;15:52;600.0;51.457938;92.777739;930001157.0;Съезд с дороги;Улуг-Хемский район;Р-257 Енисей Красноярск - Абакан - Кызыл - граница с Монголией;Федеральная (дорога федерального значения);5.0;Вне НП;Отсутствие в непосредственной близости объектов УДС и объектов притяжения;Перегон (нет объектов на месте ДТП);Не установлены;Сведения отсутствуют;Ясно;Сухое;Светлое время суток;Режим движения не изменялся;1.0;4.0;0.0;1.0
28.0;15.08.2022;02:15;200.0;51.649661;94.429572;930001153.0;Столкновение;Кызылский район;Кызыл-Эрзин-граница с Монголией;Региональная или межмуниципальная (дорога регионального или межмуниципального значения);5.0;Вне НП;Отсутствие в непосредственной близости объектов УДС и объектов притяжения;Перегон (нет объектов на месте ДТП);Не установлены;Сведения отсутствуют;Ясно;Сухое;В темное время суток, освещение отсутствует;Режим движения не изменялся;2.0;3.0;0.0;1.0
30.0;13.08.2022;14:25;800.0;51.703191;94.444871;930001141.0;Наезд на пешехода;г.Кызыл;;Местного значения (дорога местного значения, включая относящиеся к собственности поселений, муниципальных районов, городских округов);;Иные места;Жилые дома индивидуальной застройки;Перегон (нет объектов на месте ДТП);Не установлены;Сведения отсутствуют;Ясно;Сухое;Светлое время суток;Режим движения не изменялся;1.0;2.0;0.0;1.0
31.0;12.08.2022;06:41;600.0;51.385093;92.20381;930001124.0;Съезд с дороги;Чаа-Хольский район;Р-257 Енисей Красноярск - Абакан - Кызыл - граница с Монголией;Федеральная (дорога федерального значения);5.0;Вне НП;Отсутствие в непосредственной близости объектов УДС и объектов притяжения;Перегон (нет объектов на месте ДТП);Не установлены;Сведения отсутствуют;Ясно;Сухое;Светлое время суток;Режим движения не изменялся;1.0;1.0;0.0;1.0
32.0;12.08.2022;02:06;610.0;51.615898;94.220338;930001122.0;Съезд с дороги;Кызылский район;Р-257 Енисей Красноярск - Абакан - Кызыл - граница с Монголией;Федеральная (дорога федерального значения);5.0;Вне НП;Отсутствие в непосредственной близости объектов УДС и объектов притяжения;Перегон (нет объектов на месте ДТП);Не установлены;Сведения отсутствуют;Ясно;Сухое;В темное время суток, освещение отсутствует;Движение частично перекрыто;1.0;4.0;0.0;4.0
43.0;06.08.2022;19:03;300.0;51.716381;94.456415;930001084.0;Столкновение;г.Кызыл;;Местного значения (дорога местного значения, включая относящиеся к собственности поселений, муниципальных районов, городских округов);;Улицы и дороги местного значения в жилой застройке;Школа либо иная детская (в т.ч. дошкольная) организация | Регулируемый пешеходный переход | Жилые дома индивидуальной застройки;Регулируемый перекресток;Не установлены;Сведения отсутствуют;Ясно;Сухое;Светлое время суток;Режим движения не изменялся;2.0;3.0;0.0;1.0
45.0;05.08.2022;15:40;630.0;50.996904;95.308113;930001072.0;Опрокидывание;Тандинский район;;Местного значения (дорога местного значения, включая относящиеся к собственности поселений, муниципальных районов, городских округов);;Вне НП;Отсутствие в непосредственной близости объектов УДС и объектов притяжения;Перегон (нет объектов на месте ДТП);Не установлены;Сведения отсутствуют;Ясно;Сухое;Светлое время суток;Режим движения не изменялся;1.0;1.0;0.0;1.0
47.0;03.08.2022;09:40;610.0;50.992839;90.136943;930001059.0;Съезд с дороги;Бай-Тайгинский район;ТЭЭЛИ - КЫЗЫЛ-ДАГ;Региональная или межмуниципальная (дорога регионального или межмуниципального значения);7.0;Вне НП;Отсутствие в непосредственной близости объектов УДС и объектов притяжения;Перегон (нет объектов на месте ДТП);Не установлены;Сведения отсутствуют;Ясно;Сухое;Светлое время суток;Режим движения не изменялся;1.0;3.0;0.0;2.0
2.0;29.09.2022;23:30;900.0;51.478336;95.577192;930001465.0;Наезд на животное;Каа-Хемский район;ПОДЪЕЗД К С.УСТЬ-БУРЕН;Региональная или межмуниципальная (дорога регионального или межмуниципального значения);5.0;Вне НП;Отсутствие в непосредственной близости объектов УДС и объектов притяжения;Перегон (нет объектов на месте ДТП);Не установлены;Оказание влияния на движение транспортного потока или отдельного транспортного средства, наличия или внезапного появления на проезжей части животных;Пасмурно;Сухое;В темное время суток, освещение отсутствует;Режим движения не изменялся;1.0;3.0;0.0;1.0
5.0;27.09.2022;21:20;720.0;51.702998;94.418285;930001557.0;Наезд на пешехода;г.Кызыл;;Местного значения (дорога местного значения, включая относящиеся к собственности поселений, муниципальных районов, городских округов);;Магистральные улицы общегородского значения;Многоквартирные жилые дома;Регулируемый пешеходный переход | Регулируемый перекресток;Не установлены;Сведения отсутствуют;Ясно;Сухое;В темное время суток, освещение включено;Режим движения не изменялся;1.0;2.0;0.0;1.0
6.0;25.09.2022;15:30;950.0;51.741008;94.426525;930001430.0;Съезд с дороги;г.Кызыл;Подъезд к С.КАРА-ХААК;Региональная или межмуниципальная (дорога регионального или межмуниципального значения);5.0;;Административные здания;Перегон (нет объектов на месте ДТП);Не установлены;Сведения отсутствуют;Ясно;Сухое;Светлое время суток;Движение частично перекрыто;1.0;1.0;1.0;0.0
9.0;22.09.2022;12:22;210.0;51.558984;93.161616;930001404.0;Столкновение;Улуг-Хемский район;Р-257 Енисей Красноярск - Абакан - Кызыл - граница с Монголией;Федеральная (дорога федерального значения);5.0;Вне НП;АЗС;Перегон (нет объектов на месте ДТП);Не установлены;Сведения отсутствуют;Ясно;Сухое;Светлое время суток;Движение полностью перекрыто;2.0;4.0;3.0;1.0
10.0;21.09.2022;08:08;710.0;51.714094;94.432147;930001393.0;Наезд на пешехода;г.Кызыл;;Местного значения (дорога местного значения, включая относящиеся к собственности поселений, муниципальных районов, городских округов);;Улицы и дороги местного значения в жилой застройке;Жилые дома индивидуальной застройки;Регулируемый пешеходный переход | Регулируемый перекресток;Отсутствие, плохая различимость горизонтальной разметки проезжей части;Участок, контролируемый стационарными камерами автоматической фотовидеофиксации нарушений ПДД, обозначенный соответствующим предупреждающим знаком;Ясно;Сухое;Светлое время суток;Движение частично перекрыто;1.0;2.0;0.0;1.0
17.0;14.09.2022;09:00;740.0;51.690363;94.406397;930001346.0;Наезд на пешехода;г.Кызыл;;Местного значения (дорога местного значения, включая относящиеся к собственности поселений, муниципальных районов, городских округов);;Улицы и дороги местного значения в жилой застройке;Иная образовательная организация | Жилые дома индивидуальной застройки | Многоквартирные жилые дома | Объект (здание, сооружение) религиозного культа;Нерегулируемый пешеходный переход;Не установлены;Сведения отсутствуют;Ясно;Сухое;Светлое время суток;Режим движения не изменялся;1.0;2.0;0.0;1.0
18.0;14.09.2022;19:07;880.0;51.709048;94.450675;930001350.0;Наезд на пешехода;г.Кызыл;;Местного значения (дорога местного значения, включая относящиеся к собственности поселений, муниципальных районов, городских округов);;Улицы и дороги местного значения в жилой застройке;Регулируемый пешеходный переход | Регулируемый перекрёсток | Жилые дома индивидуальной застройки;Автостоянка (отделенная от проезжей части);Не установлены;Сведения отсутствуют;Ясно;Сухое;В темное время суток, освещение включено;Режим движения не изменялся;1.0;2.0;0.0;1.0
19.0;13.09.2022;14:30;610.0;51.941937;95.508614;930001342.0;Съезд с дороги;Каа-Хемский район;БОЯРОВКА - ТООРА-ХЕМ;Региональная или межмуниципальная (дорога регионального или межмуниципального значения);6.0;Вне НП;Отсутствие в непосредственной близости объектов УДС и объектов притяжения;Перегон (нет объектов на месте ДТП);Не установлены;Сведения отсутствуют;Ясно;Сухое;Светлое время суток;Режим движения не изменялся;1.0;1.0;0.0;1.0
23.0;10.09.2022;07:00;780.0;52.14671;93.90535;930001325.0;Наезд на пешехода;Пий-Хемский район;;Местного значения (дорога местного значения, включая относящиеся к собственности поселений, муниципальных районов, городских округов);;Иные места;Жилые дома индивидуальной застройки;Нерегулируемый перекрёсток неравнозначных улиц (дорог);Не установлены;Сведения отсутствуют;Ясно;Сухое;В темное время суток, освещение отсутствует;Режим движения не изменялся;1.0;2.0;1.0;0.0
26.0;08.09.2022;22:38;840.0;51.712951;94.456995;930001308.0;Наезд на пешехода;г.Кызыл;;Местного значения (дорога местного значения, включая относящиеся к собственности поселений, муниципальных районов, городских округов);;Улицы и дороги местного значения научно-производственных промышленных и коммунально-складских районов;Жилые дома индивидуальной застройки;Перегон (нет объектов на месте ДТП);Отсутствие тротуаров (пешеходных дорожек) | Неисправное освещение;Сведения отсутствуют;Ясно;Сухое;В темное время суток, освещение не включено;Движение частично перекрыто;1.0;3.0;0.0;2.0
31.0;03.09.2022;15:27;610.0;51.616604;94.221711;930001279.0;Съезд с дороги;Кызылский район;Р-257 Енисей Красноярск - Абакан - Кызыл - граница с Монголией;Федеральная (дорога федерального значения);5.0;Вне НП;Отсутствие в непосредственной близости объектов УДС и объектов притяжения;Перегон (нет объектов на месте ДТП);Не установлены;Сведения отсутствуют;Ясно;Сухое;Светлое время суток;Движение частично перекрыто;1.0;4.0;0.0;2.0
36.0;02.09.2022;22:40;610.0;51.288493;91.503239;930001274.0;Съезд с дороги;Дзун-Хемчикский район;Р-257 Енисей Красноярск - Абакан - Кызыл - граница с Монголией;Федеральная (дорога федерального значения);5.0;Вне НП;Мост;Подход к мосту, эстакаде, путепроводу;Не установлены;Проведение дорожных и прочих работ без сужения проезжей части;Ясно;Сухое;В темное время суток, освещение не включено;Режим движения не изменялся;1.0;3.0;0.0;2.0
37.0;02.09.2022;19:57;820.0;51.706429;94.532547;930001271.0;Наезд на пешехода;г.Кызыл;;Местного значения (дорога местного значения, включая относящиеся к собственности поселений, муниципальных районов, городских округов);;Улицы и дороги местного значения в жилой застройке;Нерегулируемый пешеходный переход | Жилые дома индивидуальной застройки;Нерегулируемый перекрёсток неравнозначных улиц (дорог);Не установлены;Сведения отсутствуют;Пасмурно;Мокрое;В темное время суток, освещение включено;Режим движения не изменялся;1.0;4.0;0.0;2.0
1.0;31.10.2022;14:25;500.0;51.18475;90.597467;930001709.0;Столкновение;г.Ак-Довурак;;Местного значения (дорога местного значения, включая относящиеся к собственности поселений, муниципальных районов, городских округов);;Улицы и дороги местного значения научно-производственных промышленных и коммунально-складских районов;Административные здания | Многоквартирные жилые дома | Территориальное подразделение МВД России (либо его структурное подразделение);Нерегулируемый перекрёсток неравнозначных улиц (дорог);Не установлены;Сведения отсутствуют;Ясно;Гололедица;Светлое время суток;Движение частично перекрыто;2.0;4.0;0.0;2.0
4.0;29.10.2022;14:50;200.0;51.544333;94.530745;930001687.0;Столкновение;Кызылский район;Кызыл-Эрзин-граница с Монголией;Региональная или межмуниципальная (дорога регионального или межмуниципального значения);5.0;Вне НП;Отсутствие в непосредственной близости объектов УДС и объектов притяжения;Перегон (нет объектов на месте ДТП);Недостатки зимнего содержания;Сведения отсутствуют;Ясно;Со снежным накатом;Светлое время суток;Движение частично перекрыто;3.0;7.0;1.0;5.0
5.0;29.10.2022;21:22;610.0;51.395296;92.218294;930001693.0;Съезд с дороги;Чаа-Хольский район;Р-257 Енисей Красноярск - Абакан - Кызыл - граница с Монголией;Федеральная (дорога федерального значения);5.0;Вне НП;Отсутствие в непосредственной близости объектов УДС и объектов притяжения;Перегон (нет объектов на месте ДТП);Не установлены;Сведения отсутствуют;Ясно;Гололедица;В темное время суток, освещение отсутствует;Режим движения не изменялся;1.0;2.0;0.0;2.0
6.0;28.10.2022;21:15;90.0;51.15647;94.479032;930001678.0;Наезд на велосипедиста;Тандинский район;;Местного значения (дорога местного значения, включая относящиеся к собственности поселений, муниципальных районов, городских округов);;Главные улицы;Жилые дома индивидуальной застройки;Перегон (нет объектов на месте ДТП);Отсутствие тротуаров (пешеходных дорожек) | Отсутствие освещения;Сведения отсутствуют;Снегопад;Заснеженное;В темное время суток, освещение отсутствует;Режим движения не изменялся;2.0;2.0;1.0;0.0
7.0;28.10.2022;17:35;600.0;51.403784;92.258699;930001675.0;Съезд с дороги;Чаа-Хольский район;Р-257 Енисей Красноярск - Абакан - Кызыл - граница с Монголией;Федеральная (дорога федерального значения);5.0;Вне НП;Отсутствие в непосредственной близости объектов УДС и объектов притяжения;Перегон (нет объектов на месте ДТП);Не установлены;Сведения отсутствуют;Снегопад;Заснеженное;В темное время суток, освещение отсутствует;Режим движения не изменялся;1.0;4.0;0.0;1.0
11.0;23.10.2022;19:58;890.0;52.468456;96.110094;930001648.0;Наезд на пешехода;Тоджинский район;;Местного значения (дорога местного значения, включая относящиеся к собственности поселений, муниципальных районов, городских округов);;Поселковые дороги;Жилые дома индивидуальной застройки;Перегон (нет объектов на месте ДТП);Не установлены;Сведения отсутствуют;Ясно;Сухое;В темное время суток, освещение отсутствует;Режим движения не изменялся;1.0;2.0;0.0;1.0
12.0;22.10.2022;06:15;70.0;51.711202;94.510564;930001636.0;Столкновение;г.Кызыл;;Местного значения (дорога местного значения, включая относящиеся к собственности поселений, муниципальных районов, городских округов);;Улицы и дороги местного значения в жилой застройке;Иная образовательная организация | Нерегулируемый пешеходный переход | Жилые дома индивидуальной застройки;Перегон (нет объектов на месте ДТП);Не установлены;Сведения отсутствуют;Пасмурно;Сухое;Светлое время суток;Режим движения не изменялся;2.0;3.0;0.0;1.0
14.0;22.10.2022;19:56;830.0;51.164786;90.560024;930001640.0;Наезд на пешехода;г.Ак-Довурак;АБАКАН-АК-ДОВУРАК;Региональная или межмуниципальная (дорога регионального или межмуниципального значения);5.0;;АЗС;Перегон (нет объектов на месте ДТП);Не установлены;Сведения отсутствуют;Ясно;Сухое;В темное время суток, освещение отсутствует;Режим движения не изменялся;1.0;2.0;0.0;1.0
15.0;20.10.2022;02:32;930.0;51.67008;94.332883;930001619.0;Наезд на препятствие;г.Кызыл;Р-257 Енисей Красноярск - Абакан - Кызыл - граница с Монголией;Федеральная (дорога федерального значения);5.0;;АЗС | Нерегулируемый пешеходный переход | Кладбище;Перегон (нет объектов на месте ДТП);Не установлены;Участок, контролируемый стационарными камерами автоматической фотовидеофиксации нарушений ПДД, обозначенный соответствующим предупреждающим знаком;Ясно;Сухое;В темное время суток, освещение отсутствует;Движение частично перекрыто;1.0;1.0;0.0;1.0
19.0;17.10.2022;23:16;740.0;51.709534;94.447306;930001605.0;Наезд на пешехода;г.Кызыл;;Местного значения (дорога местного значения, включая относящиеся к собственности поселений, муниципальных районов, городских округов);;Улицы и дороги местного значения в жилой застройке;Крупный торговый объект (являющийся объектом массового тяготения пешеходов и (или) транспорта) | Жилые дома индивидуальной застройки | Объект (здание, сооружение) религиозного культа;Регулируемый пешеходный переход | Регулируемый перекресток;Не установлены;Сведения отсутствуют;Ясно;Сухое;В темное время суток, освещение включено;Движение частично перекрыто;1.0;2.0;0.0;1.0
20.0;15.10.2022;16:05;810.0;51.705113;94.470116;930001621.0;Наезд на пешехода;г.Кызыл;;Местного значения (дорога местного значения, включая относящиеся к собственности поселений, муниципальных районов, городских округов);;Улицы и дороги местного значения в жилой застройке;Жилые дома индивидуальной застройки;Нерегулируемый перекрёсток неравнозначных улиц (дорог);Не установлены;Сведения отсутствуют;Ясно;Сухое;Светлое время суток;Режим движения не изменялся;1.0;2.0;0.0;1.0
25.0;11.10.2022;08:48;820.0;51.858617;94.466962;930001556.0;Наезд на пешехода;Кызылский район;Кара-Хаак - Черби;Региональная или межмуниципальная (дорога регионального или межмуниципального значения);5.0;Вне НП;Жилые дома индивидуальной застройки;Перегон (нет объектов на месте ДТП);Не установлены;Сведения отсутствуют;Ясно;Сухое;Светлое время суток;Режим движения не изменялся;1.0;2.0;0.0;1.0
27.0;09.10.2022;19:20;710.0;51.706861;94.417115;930001537.0;Наезд на пешехода;г.Кызыл;;Местного значения (дорога местного значения, включая относящиеся к собственности поселений, муниципальных районов, городских округов);;Магистральные улицы общегородского значения;Крупный торговый объект (являющийся объектом массового тяготения пешеходов и (или) транспорта) | Многоквартирные жилые дома;Регулируемый пешеходный переход | Регулируемый перекресток;Неисправное освещение;Сведения отсутствуют;Ясно;Сухое;В темное время суток, освещение включено;Движение частично перекрыто;1.0;2.0;0.0;1.0
29.0;09.10.2022;15:05;600.0;51.382201;94.727898;930001535.0;Съезд с дороги;Кызылский район;Кызыл-Эрзин-граница с Монголией;Региональная или межмуниципальная (дорога регионального или межмуниципального значения);5.0;Вне НП;Автостоянка (отделенная от проезжей части);Перегон (нет объектов на месте ДТП);Не установлены;Сведения отсутствуют;Ясно;Сухое;Светлое время суток;Режим движения не изменялся;1.0;2.0;0.0;2.0
32.0;08.10.2022;21:50;900.0;50.333984;95.110059;930001531.0;Наезд на животное;Эрзинский район;Кызыл-Эрзин-граница с Монголией;Региональная или межмуниципальная (дорога регионального или межмуниципального значения);5.0;Вне НП;Отсутствие в непосредственной близости объектов УДС и объектов притяжения;Перегон (нет объектов на месте ДТП);Не установлены;Оказание влияния на движение транспортного потока или отдельного транспортного средства, наличия или внезапного появления на проезжей части животных;Ясно;Сухое;В темное время суток, освещение отсутствует;Движение частично перекрыто;1.0;5.0;0.0;1.0
35.0;07.10.2022;20:10;850.0;51.011703;90.210221;930001529.0;Наезд на пешехода;Бай-Тайгинский район;;Местного значения (дорога местного значения, включая относящиеся к собственности поселений, муниципальных районов, городских округов);;Главные улицы;Административные здания | Жилые дома индивидуальной застройки;Нерегулируемый перекрёсток неравнозначных улиц (дорог);Неисправное освещение;Сведения отсутствуют;Ясно;Сухое;В темное время суток, освещение не включено;Режим движения не изменялся;1.0;2.0;0.0;1.0
38.0;06.10.2022;09:40;600.0;52.626212;94.540958;930001515.0;Опрокидывание;Пий-Хемский район;;Местного значения (дорога местного значения, включая относящиеся к собственности поселений, муниципальных районов, городских округов);;Вне НП;Отсутствие в непосредственной близости объектов УДС и объектов притяжения;Перегон (нет объектов на месте ДТП);Не установлены;Сведения отсутствуют;Снегопад;Заснеженное;Светлое время суток;Режим движения не изменялся;1.0;2.0;1.0;0.0
41.0;04.10.2022;09:45;300.0;51.696548;94.560903;930001492.0;Столкновение;Кызылский район;;Местного значения (дорога местного значения, включая относящиеся к собственности поселений, муниципальных районов, городских округов);;Улицы и дороги местного значения научно-производственных промышленных и коммунально-складских районов;Остановка общественного транспорта | Крупный торговый объект (являющийся объектом массового тяготения пешеходов и (или) транспорта) | Административные здания | Медицинские (лечебные) организации;Регулируемый пешеходный переход | Регулируемый перекресток;Не установлены;Сведения отсутствуют;Ясно;Сухое;Светлое время суток;Режим движения не изменялся;2.0;3.0;0.0;1.0
44.0;02.10.2022;20:05;300.0;51.715078;94.424829;930001484.0;Столкновение;г.Кызыл;;Местного значения (дорога местного значения, включая относящиеся к собственности поселений, муниципальных районов, городских округов);;Улицы и дороги местного значения в жилой застройке;Остановка общественного транспорта | Жилые дома индивидуальной застройки | Многоквартирные жилые дома;Регулируемый пешеходный переход | Регулируемый перекресток;Не установлены;Сведения отсутствуют;Ясно;Сухое;В темное время суток, освещение включено;Движение частично перекрыто;2.0;4.0;0.0;1.0
3.0;26.11.2022;18:00;740.0;51.717491;94.394038;930001883.0;Наезд на пешехода;г.Кызыл;;Местного значения (дорога местного значения, включая относящиеся к собственности поселений, муниципальных районов, городских округов);;Улицы и дороги местного значения в жилой застройке;Жилые дома индивидуальной застройки;Нерегулируемый пешеходный переход | Нерегулируемый перекрёсток неравнозначных улиц (дорог);Недостатки зимнего содержания;Сведения отсутствуют;Метель;Со снежным накатом;В темное время суток, освещение включено;Режим движения не изменялся;1.0;2.0;0.0;1.0
4.0;26.11.2022;19:12;820.0;51.707353;94.470931;930001887.0;Наезд на пешехода;г.Кызыл;;Местного значения (дорога местного значения, включая относящиеся к собственности поселений, муниципальных районов, городских округов);;Улицы и дороги местного значения в жилой застройке;Нерегулируемый перекрёсток | Жилые дома индивидуальной застройки;Перегон (нет объектов на месте ДТП);Не установлены;Сведения отсутствуют;Метель;Со снежным накатом;В темное время суток, освещение включено;Режим движения не изменялся;1.0;2.0;0.0;1.0
5.0;25.11.2022;22:14;800.0;52.077277;94.042014;930001878.0;Наезд на пешехода;Пий-Хемский район;Р-257 Енисей Красноярск - Абакан - Кызыл - граница с Монголией;Федеральная (дорога федерального значения);5.0;;Жилые дома индивидуальной застройки;Нерегулируемый перекрёсток неравнозначных улиц (дорог);Не установлены;Сведения отсутствуют;Пасмурно;Заснеженное;В темное время суток, освещение отсутствует;Режим движения не изменялся;1.0;2.0;0.0;1.0
7.0;24.11.2022;21:55;840.0;51.645201;94.259284;930001870.0;Наезд на пешехода;Кызылский район;;Местного значения (дорога местного значения, включая относящиеся к собственности поселений, муниципальных районов, городских округов);;Второстепенные улицы в жилой застройке (переулки);Нерегулируемый перекрёсток | Жилые дома индивидуальной застройки;Перегон (нет объектов на месте ДТП);Отсутствие тротуаров (пешеходных дорожек) | Отсутствие освещения;Сведения отсутствуют;Пасмурно;Сухое;В темное время суток, освещение включено;Режим движения не изменялся;1.0;2.0;1.0;0.0
8.0;24.11.2022;13:25;200.0;51.692245;94.455085;930001867.0;Столкновение;г.Кызыл;;Местного значения (дорога местного значения, включая относящиеся к собственности поселений, муниципальных районов, городских округов);;Иные места;Отсутствие в непосредственной близости объектов УДС и объектов притяжения;Перегон (нет объектов на месте ДТП);Не установлены;Участок, контролируемый стационарными камерами автоматической фотовидеофиксации нарушений ПДД, обозначенный соответствующим предупреждающим знаком;Ясно;Сухое;Светлое время суток;Режим движения не изменялся;2.0;3.0;1.0;1.0
9.0;24.11.2022;09:30;900.0;51.664983;94.278917;930002174.0;Наезд на животное;г.Кызыл;;Местного значения (дорога местного значения, включая относящиеся к собственности поселений, муниципальных районов, городских округов);;Иные места;Жилые дома индивидуальной застройки;Перегон (нет объектов на месте ДТП);Не установлены;Оказание влияния на движение транспортного потока или отдельного транспортного средства, наличия или внезапного появления на проезжей части животных;Туман;Заснеженное;Светлое время суток;Режим движения не изменялся;1.0;2.0;0.0;1.0
11.0;23.11.2022;15:45;610.0;51.608689;95.342531;930001864.0;Съезд с дороги;Каа-Хемский район;БОЯРОВКА - ТООРА-ХЕМ;Региональная или межмуниципальная (дорога регионального или межмуниципального значения);5.0;Вне НП;Отсутствие в непосредственной близости объектов УДС и объектов притяжения;Перегон (нет объектов на месте ДТП);Не установлены;Сведения отсутствуют;Ясно;Заснеженное;Светлое время суток;Режим движения не изменялся;1.0;4.0;0.0;2.0
16.0;20.11.2022;15:00;200.0;52.078662;95.760527;930001840.0;Столкновение;Кызылский район;БОЯРОВКА - ТООРА-ХЕМ;Региональная или межмуниципальная (дорога регионального или межмуниципального значения);7.0;Вне НП;Отсутствие в непосредственной близости объектов УДС и объектов притяжения;Перегон (нет объектов на месте ДТП);Не установлены;Сведения отсутствуют;Пасмурно;Со снежным накатом;Светлое время суток;Движение частично перекрыто;2.0;3.0;0.0;1.0
19.0;18.11.2022;04:10;930.0;51.717617;94.473431;930001816.0;Наезд на препятствие;г.Кызыл;;Местного значения (дорога местного значения, включая относящиеся к собственности поселений, муниципальных районов, городских округов);;Магистральные улицы общегородского значения;Административные здания;Нерегулируемое пересечение с круговым движением;Не установлены;Сведения отсутствуют;Ясно;Сухое;В темное время суток, освещение включено;Режим движения не изменялся;1.0;1.0;0.0;1.0
22.0;12.11.2022;21:20;820.0;51.703351;94.490597;930001792.0;Наезд на пешехода;г.Кызыл;;Местного значения (дорога местного значения, включая относящиеся к собственности поселений, муниципальных районов, городских округов);;Магистральные улицы общегородского значения;Остановка общественного транспорта | Жилые дома индивидуальной застройки;Нерегулируемый перекрёсток неравнозначных улиц (дорог);Не установлены;Участок, контролируемый стационарными камерами автоматической фотовидеофиксации нарушений ПДД, обозначенный соответствующим предупреждающим знаком;Пасмурно;Сухое;В темное время суток, освещение включено;Режим движения не изменялся;1.0;2.0;0.0;1.0
23.0;12.11.2022;17:00;990.0;51.71985;94.455879;930001814.0;Падение пассажира;г.Кызыл;;Местного значения (дорога местного значения, включая относящиеся к собственности поселений, муниципальных районов, городских округов);;Магистральные улицы общегородского значения;Крупный торговый объект (являющийся объектом массового тяготения пешеходов и (или) транспорта);Нерегулируемый пешеходный переход;Не установлены;Сведения отсутствуют;Ясно;Сухое;Светлое время суток;Режим движения не изменялся;1.0;2.0;0.0;1.0
25.0;12.11.2022;17:35;930.0;51.711076;94.363868;930001789.0;Наезд на препятствие;г.Кызыл;;Местного значения (дорога местного значения, включая относящиеся к собственности поселений, муниципальных районов, городских округов);;Улицы и дороги местного значения научно-производственных промышленных и коммунально-складских районов;Нерегулируемый перекрёсток | Жилые дома индивидуальной застройки;Перегон (нет объектов на месте ДТП);Недостатки зимнего содержания | Неисправное освещение;Сведения отсутствуют;Ясно;Со снежным накатом;В темное время суток, освещение отсутствует;Режим движения не изменялся;1.0;2.0;0.0;2.0
29.0;09.11.2022;08:20;610.0;51.675037;94.253436;930001765.0;Съезд с дороги;Кызылский район;Кызыл - Ээрбек - Баян-Кол;Региональная или межмуниципальная (дорога регионального или межмуниципального значения);6.0;Вне НП;Отсутствие в непосредственной близости объектов УДС и объектов притяжения;Перегон (нет объектов на месте ДТП);Недостатки зимнего содержания | Отсутствие дорожных ограждений в необходимых местах;Сведения отсутствуют;Пасмурно;Гололедица;Светлое время суток;Режим движения не изменялся;1.0;4.0;1.0;3.0
32.0;06.11.2022;09:43;610.0;51.375424;92.196064;930001748.0;Съезд с дороги;Чаа-Хольский район;Р-257 Енисей Красноярск - Абакан - Кызыл - граница с Монголией;Федеральная (дорога федерального значения);5.0;Вне НП;Отсутствие в непосредственной близости объектов УДС и объектов притяжения;Перегон (нет объектов на месте ДТП);Не установлены;Сведения отсутствуют;Пасмурно;Мокрое;Светлое время суток;Режим движения не изменялся;1.0;6.0;0.0;6.0
33.0;05.11.2022;08:35;210.0;51.838111;94.340973;930001741.0;Столкновение;Пий-Хемский район;Р-257 Енисей Красноярск - Абакан - Кызыл - граница с Монголией;Федеральная (дорога федерального значения);5.0;Вне НП;Отсутствие в непосредственной близости объектов УДС и объектов притяжения;Перегон (нет объектов на месте ДТП);Не установлены;Сведения отсутствуют;Туман;Мокрое;Светлое время суток;Движение частично перекрыто;2.0;3.0;1.0;1.0
34.0;05.11.2022;11:20;910.0;51.836679;94.342175;930001744.0;Наезд на стоящее ТС;Пий-Хемский район;Р-257 Енисей Красноярск - Абакан - Кызыл - граница с Монголией;Федеральная (дорога федерального значения);5.0;Вне НП;Отсутствие в непосредственной близости объектов УДС и объектов притяжения;Перегон (нет объектов на месте ДТП);Не установлены;Режим движения нарушен вследствие ранее произошедшего ДТП;Туман;Гололедица;Светлое время суток;Движение частично перекрыто;2.0;5.0;0.0;1.0
35.0;03.11.2022;18:46;890.0;51.286373;91.567848;930001732.0;Наезд на пешехода;Дзун-Хемчикский район;;Местного значения (дорога местного значения, включая относящиеся к собственности поселений, муниципальных районов, городских округов);;Улицы и дороги местного значения научно-производственных промышленных и коммунально-складских районов;Нерегулируемый перекрёсток | Жилые дома индивидуальной застройки;Нерегулируемый перекрёсток неравнозначных улиц (дорог);Отсутствие освещения;Сведения отсутствуют;Ясно;Сухое;В темное время суток, освещение отсутствует;Режим движения не изменялся;1.0;2.0;0.0;1.0
37.0;01.11.2022;15:00;840.0;52.475279;96.098614;930001722.0;Наезд на пешехода;Тоджинский район;;Местного значения (дорога местного значения, включая относящиеся к собственности поселений, муниципальных районов, городских округов);;Основные улицы в жилой застройке;Жилые дома индивидуальной застройки;Перегон (нет объектов на месте ДТП);Не установлены;Сведения отсутствуют;Ясно;Сухое;Светлое время суток;Режим движения не изменялся;1.0;2.0;0.0;1.0
1.0;31.12.2022;13:05;890.0;51.715417;94.456544;930002166.0;Наезд на пешехода;г.Кызыл;;Местного значения (дорога местного значения, включая относящиеся к собственности поселений, муниципальных районов, городских округов);;Улицы и дороги местного значения научно-производственных промышленных и коммунально-складских районов;Крупный торговый объект (являющийся объектом массового тяготения пешеходов и (или) транспорта) | Административные здания | Регулируемый пешеходный переход | Регулируемый перекрёсток;Нерегулируемый перекрёсток неравнозначных улиц (дорог);Не установлены;Сведения отсутствуют;Ясно;Со снежным накатом;Светлое время суток;Движение частично перекрыто;2.0;3.0;0.0;1.0
2.0;31.12.2022;17:50;70.0;51.709035;94.409895;930002170.0;Столкновение;г.Кызыл;;Местного значения (дорога местного значения, включая относящиеся к собственности поселений, муниципальных районов, городских округов);;Улицы и дороги местного значения научно-производственных промышленных и коммунально-складских районов;Жилые дома индивидуальной застройки;Нерегулируемый перекрёсток неравнозначных улиц (дорог);Не установлены;Сведения отсутствуют;Ясно;Со снежным накатом;В темное время суток, освещение включено;Движение частично перекрыто;2.0;3.0;0.0;1.0
5.0;23.12.2022;11:58;70.0;51.69726;94.376668;930002091.0;Столкновение;г.Кызыл;;Местного значения (дорога местного значения, включая относящиеся к собственности поселений, муниципальных районов, городских округов);;Магистральные улицы общегородского значения;Крупный торговый объект (являющийся объектом массового тяготения пешеходов и (или) транспорта);Перегон (нет объектов на месте ДТП);Не установлены;Сведения отсутствуют;Ясно;Со снежным накатом;Светлое время суток;Режим движения не изменялся;3.0;6.0;0.0;3.0
6.0;23.12.2022;17:22;820.0;51.799194;94.455814;930002094.0;Наезд на пешехода;г.Кызыл;Подъезд к С.КАРА-ХААК;Региональная или межмуниципальная (дорога регионального или межмуниципального значения);5.0;;Отсутствие в непосредственной близости объектов УДС и объектов притяжения;Перегон (нет объектов на месте ДТП);Отсутствие тротуаров (пешеходных дорожек) | Отсутствие освещения;Сведения отсутствуют;Ясно;Со снежным накатом;В темное время суток, освещение отсутствует;Движение частично перекрыто;1.0;2.0;0.0;1.0
10.0;13.12.2022;07:55;610.0;51.679075;94.357903;930002009.0;Опрокидывание;г.Кызыл;Кызыл-Эрзин-граница с Монголией;Региональная или межмуниципальная (дорога регионального или межмуниципального значения);5.0;;Отсутствие в непосредственной близости объектов УДС и объектов притяжения;Перегон (нет объектов на месте ДТП);Не установлены;Сведения отсутствуют;Пасмурно;Со снежным накатом;Светлое время суток;Движение частично перекрыто;1.0;2.0;0.0;2.0
12.0;08.12.2022;18:12;700.0;51.716726;94.466264;930001968.0;Наезд на пешехода;г.Кызыл;;Местного значения (дорога местного значения, включая относящиеся к собственности поселений, муниципальных районов, городских округов);;Улицы и дороги местного значения в жилой застройке;Жилые дома индивидуальной застройки;Регулируемый пешеходный переход | Регулируемый перекресток;Неисправность светофора;Сведения отсутствуют;Ясно;Со снежным накатом;В темное время суток, освещение включено;Движение частично перекрыто;1.0;3.0;0.0;2.0
16.0;01.12.2022;16:15;820.0;50.26231;95.162909;930001919.0;Наезд на пешехода;Эрзинский район;;Местного значения (дорога местного значения, включая относящиеся к собственности поселений, муниципальных районов, городских округов);;Иные места;Отсутствие в непосредственной близости объектов УДС и объектов притяжения;Перегон (нет объектов на месте ДТП);Не установлены;Сведения отсутствуют;Ясно | Температура ниже -30С;Со снежным накатом;В темное время суток, освещение отсутствует;Режим движения не изменялся;1.0;2.0;0.0;1.0
1.0;30.01.2023;15:20;800.0;51.192887;90.599377;930000179.0;Наезд на пешехода;г.Ак-Довурак;;Местного значения (дорога местного значения, включая относящиеся к собственности поселений, муниципальных районов, городских округов);;Иные места;Многоквартирные жилые дома;Внутридворовая территория;Не установлены;Сведения отсутствуют;Ясно;Со снежным накатом;Светлое время суток;Режим движения не изменялся;1.0;2.0;0.0;1.0
3.0;29.01.2023;07:55;940.0;51.708417;94.31222;930000173.0;Наезд на препятствие;Кызылский район;Р-257 Енисей Красноярск - Абакан - Кызыл - граница с Монголией;Федеральная (дорога федерального значения);5.0;Вне НП;Автостоянка (отделенная от проезжей части);Перегон (нет объектов на месте ДТП);Не установлены;Конструктивное сужение проезжей части вследствие уменьшения количества полос движения;Пасмурно;Сухое;Сумерки;Движение частично перекрыто;1.0;4.0;0.0;3.0
4.0;21.01.2023;17:53;70.0;51.703297;94.493451;930000129.0;Столкновение;г.Кызыл;;Местного значения (дорога местного значения, включая относящиеся к собственности поселений, муниципальных районов, городских округов);;Магистральные улицы общегородского значения;Административные здания | Жилые дома индивидуальной застройки;Перегон (нет объектов на месте ДТП);Не установлены;Сведения отсутствуют;Пасмурно;Со снежным накатом;В темное время суток, освещение включено;Движение частично перекрыто;2.0;3.0;0.0;2.0
5.0;18.01.2023;19:20;140.0;51.293727;91.602931;930000109.0;Столкновение;Дзун-Хемчикский район;Р-257 Енисей Красноярск - Абакан - Кызыл - граница с Монголией;Федеральная (дорога федерального значения);5.0;;Административные здания | Жилые дома индивидуальной застройки;Выезд с прилегающей территории;Не установлены;Сведения отсутствуют;Пасмурно;Сухое;В темное время суток, освещение включено;Режим движения не изменялся;2.0;8.0;0.0;2.0
7.0;16.01.2023;03:58;930.0;51.717644;94.423563;930000086.0;Наезд на препятствие;г.Кызыл;;Местного значения (дорога местного значения, включая относящиеся к собственности поселений, муниципальных районов, городских округов);;Улицы и дороги местного значения в жилой застройке;Многоквартирные жилые дома;Выезд с прилегающей территории;Не установлены;Сведения отсутствуют;Ясно;Со снежным накатом;В темное время суток, освещение включено;Движение частично перекрыто;1.0;1.0;0.0;1.0
9.0;16.01.2023;17:25;730.0;51.71761;94.424229;930000093.0;Наезд на пешехода;г.Кызыл;;Местного значения (дорога местного значения, включая относящиеся к собственности поселений, муниципальных районов, городских округов);;Улицы и дороги местного значения в жилой застройке;Крупный торговый объект (являющийся объектом массового тяготения пешеходов и (или) транспорта) | Административные здания | Многоквартирные жилые дома;Регулируемый пешеходный переход | Регулируемый перекресток;Не установлены;Участок, контролируемый стационарными камерами автоматической фотовидеофиксации нарушений ПДД, обозначенный соответствующим предупреждающим знаком;Снегопад;Сухое;В темное время суток, освещение включено;Режим движения не изменялся;1.0;5.0;0.0;2.0
10.0;15.01.2023;11:53;880.0;51.701103;94.410195;930000181.0;Наезд на пешехода;г.Кызыл;;Местного значения (дорога местного значения, включая относящиеся к собственности поселений, муниципальных районов, городских округов);;Иные места;Многоквартирные жилые дома;Внутридворовая территория;Не установлены;Сведения отсутствуют;Ясно;Со снежным накатом;Светлое время суток;Режим движения не изменялся;1.0;2.0;0.0;1.0
11.0;14.01.2023;19:55;830.0;51.533082;92.93174;930000083.0;Наезд на пешехода;Улуг-Хемский район;;Местного значения (дорога местного значения, включая относящиеся к собственности поселений, муниципальных районов, городских округов);;Улицы и дороги местного значения в жилой застройке;Жилые дома индивидуальной застройки;Перегон (нет объектов на месте ДТП);Отсутствие освещения;Сведения отсутствуют;Пасмурно;Со снежным накатом;В темное время суток, освещение отсутствует;Режим движения не изменялся;1.0;2.0;1.0;0.0
12.0;11.01.2023;08:50;800.0;51.720488;94.450235;930000065.0;Наезд на пешехода;г.Кызыл;;Местного значения (дорога местного значения, включая относящиеся к собственности поселений, муниципальных районов, городских округов);;Улицы и дороги местного значения в жилой застройке;Остановка общественного транспорта | Административные здания | Регулируемый пешеходный переход | Регулируемый перекрёсток;Выезд с прилегающей территории;Не установлены;Сведения отсутствуют;Ясно;Заснеженное;Светлое время суток;Режим движения не изменялся;1.0;2.0;0.0;1.0
13.0;09.01.2023;21:26;300.0;51.702878;94.418296;930000058.0;Столкновение;г.Кызыл;;Местного значения (дорога местного значения, включая относящиеся к собственности поселений, муниципальных районов, городских округов);;Магистральные улицы общегородского значения;Крупный торговый объект (являющийся объектом массового тяготения пешеходов и (или) транспорта) | Регулируемый пешеходный переход | Многоквартирные жилые дома;Регулируемый перекресток;Не установлены;Участок, контролируемый стационарными камерами автоматической фотовидеофиксации нарушений ПДД, обозначенный соответствующим предупреждающим знаком;Ясно;Со снежным накатом;В темное время суток, освещение включено;Движение частично перекрыто;2.0;3.0;0.0;1.0
14.0;08.01.2023;22:15;300.0;51.709195;94.410152;930000051.0;Столкновение;г.Кызыл;;Местного значения (дорога местного значения, включая относящиеся к собственности поселений, муниципальных районов, городских округов);;Улицы и дороги местного значения научно-производственных промышленных и коммунально-складских районов;Жилые дома индивидуальной застройки;Нерегулируемый пешеходный переход | Нерегулируемый перекрёсток неравнозначных улиц (дорог);Не установлены;Сведения отсутствуют;Ясно;Заснеженное;В темное время суток, освещение включено;Режим движения не изменялся;2.0;3.0;0.0;2.0
15.0;07.01.2023;17:37;500.0;51.540183;92.937169;930000045.0;Столкновение;Улуг-Хемский район;Подъезд к г.Шагонар;Региональная или межмуниципальная (дорога регионального или межмуниципального значения);5.0;;АЗС | Жилые дома индивидуальной застройки;Выезд с прилегающей территории;Недостатки зимнего содержания | Неисправное освещение;Сведения отсутствуют;Пасмурно;Заснеженное;В темное время суток, освещение не включено;Режим движения не изменялся;2.0;7.0;0.0;4.0
17.0;05.01.2023;17:00;950.0;50.382008;90.433617;930002545.0;Падение пассажира;Монгун-Тайгинский район;;Местного значения (дорога местного значения, включая относящиеся к собственности поселений, муниципальных районов, городских округов);;Главные улицы;Жилые дома индивидуальной застройки;Перегон (нет объектов на месте ДТП);Не установлены;Сведения отсутствуют;Ясно;Заснеженное;В темное время суток, освещение включено;Режим движения не изменялся;1.0;2.0;0.0;1.0
19.0;03.01.2023;21:10;590.0;50.485747;90.740376;930000027.0;Съезд с дороги;Овюрский район;ХАНДАГАЙТЫ - МУГУР-АКСЫ;Региональная или межмуниципальная (дорога регионального или межмуниципального значения);7.0;Вне НП;Мост;Перегон (нет объектов на месте ДТП);Отсутствие дорожных ограждений в необходимых местах;Сведения отсутствуют;Ясно;Заснеженное;В темное время суток, освещение отсутствует;Режим движения не изменялся;1.0;3.0;1.0;2.0
20.0;01.01.2023;05:00;830.0;51.417931;95.651028;930000013.0;Наезд на пешехода;Каа-Хемский район;;Местного значения (дорога местного значения, включая относящиеся к собственности поселений, муниципальных районов, городских округов);;Основные улицы в жилой застройке;Жилые дома индивидуальной застройки;Перегон (нет объектов на месте ДТП);Недостатки зимнего содержания | Отсутствие тротуаров (пешеходных дорожек) | Отсутствие освещения;Сведения отсутствуют;Ясно;Заснеженное;В темное время суток, освещение включено;Режим движения не изменялся;1.0;2.0;1.0;0.0
21.0;01.01.2023;04:19;830.0;51.147943;90.577372;930000007.0;Наезд на пешехода;Барун-Хемчикский район;;Местного значения (дорога местного значения, включая относящиеся к собственности поселений, муниципальных районов, городских округов);;Улицы и дороги местного значения в жилой застройке;Спортивные и развлекательные объекты | Жилые дома индивидуальной застройки;Нерегулируемый перекрёсток неравнозначных улиц (дорог);Не установлены;Сведения отсутствуют;Снегопад;Заснеженное;В темное время суток, освещение отсутствует;Режим движения не изменялся;1.0;2.0;0.0;1.0
22.0;01.01.2023;16:00;600.0;51.138419;91.057928;930002173.0;Съезд с дороги;Дзун-Хемчикский район;ЧЫРАА-БАЖЫ - ЧЫРГАКЫ;Региональная или межмуниципальная (дорога регионального или межмуниципального значения);7.0;;Жилые дома индивидуальной застройки;Перегон (нет объектов на месте ДТП);Не установлены;Сведения отсутствуют;Ясно;Со снежным накатом;Светлое время суток;Режим движения не изменялся;1.0;2.0;0.0;2.0
1.0;28.02.2023;20:00;820.0;51.703065;94.451952;930000343.0;Наезд на пешехода;г.Кызыл;;Местного значения (дорога местного значения, включая относящиеся к собственности поселений, муниципальных районов, городских округов);;Улицы и дороги местного значения научно-производственных промышленных и коммунально-складских районов;Крупный торговый объект (являющийся объектом массового тяготения пешеходов и (или) транспорта);АЗС;Не установлены;Сведения отсутствуют;Ясно;Со снежным накатом;В темное время суток, освещение включено;Движение частично перекрыто;1.0;2.0;0.0;1.0
3.0;25.02.2023;20:34;300.0;51.17711;90.596083;930000333.0;Столкновение;г.Ак-Довурак;;Местного значения (дорога местного значения, включая относящиеся к собственности поселений, муниципальных районов, городских округов);;Магистральные улицы районного значения;Административные здания | Многоквартирные жилые дома;Нерегулируемый перекрёсток неравнозначных улиц (дорог);Не установлены;Сведения отсутствуют;Ясно;Со снежным накатом;В темное время суток, освещение включено;Движение частично перекрыто;2.0;3.0;0.0;1.0
6.0;24.02.2023;07:55;840.0;51.566554;94.083202;930000320.0;Наезд на пешехода;Кызылский район;;Местного значения (дорога местного значения, включая относящиеся к собственности поселений, муниципальных районов, городских округов);;Основные улицы в жилой застройке;Нерегулируемый перекрёсток | Жилые дома индивидуальной застройки;Перегон (нет объектов на месте ДТП);Не установлены;Сведения отсутствуют;Ясно;Со снежным накатом;Светлое время суток;Режим движения не изменялся;1.0;2.0;1.0;0.0
7.0;23.02.2023;00:50;600.0;51.334258;90.541034;930000311.0;Опрокидывание;Барун-Хемчикский район;АБАКАН-АК-ДОВУРАК;Региональная или межмуниципальная (дорога регионального или межмуниципального значения);5.0;Вне НП;Отсутствие в непосредственной близости объектов УДС и объектов притяжения;Мост, эстакада, путепровод;Не установлены;Сведения отсутствуют;Ясно;Со снежным накатом;В темное время суток, освещение отсутствует;Режим движения не изменялся;1.0;7.0;0.0;2.0
9.0;22.02.2023;17:55;610.0;52.439008;96.104622;930000305.0;Съезд с дороги;Тоджинский район;БОЯРОВКА - ТООРА-ХЕМ;Региональная или межмуниципальная (дорога регионального или межмуниципального значения);7.0;Вне НП;Отсутствие в непосредственной близости объектов УДС и объектов притяжения;Перегон (нет объектов на месте ДТП);Не установлены;Сведения отсутствуют;Ясно;Гололедица;В темное время суток, освещение отсутствует;Режим движения не изменялся;1.0;4.0;0.0;3.0
10.0;22.02.2023;20:30;820.0;51.715065;94.446201;930000307.0;Наезд на пешехода;г.Кызыл;;Местного значения (дорога местного значения, включая относящиеся к собственности поселений, муниципальных районов, городских округов);;Магистральные улицы общегородского значения;Регулируемый пешеходный переход | Регулируемый перекрёсток | Жилые дома индивидуальной застройки;Перегон (нет объектов на месте ДТП);Недостатки зимнего содержания;Сведения отсутствуют;Ясно | Температура ниже -30С;Со снежным накатом;В темное время суток, освещение включено;Режим движения не изменялся;1.0;3.0;0.0;2.0
12.0;19.02.2023;06:02;610.0;51.456173;92.726927;930000291.0;Съезд с дороги;Улуг-Хемский район;Р-257 Енисей Красноярск - Абакан - Кызыл - граница с Монголией;Федеральная (дорога федерального значения);5.0;Вне НП;Отсутствие в непосредственной близости объектов УДС и объектов притяжения;Перегон (нет объектов на месте ДТП);Не установлены;Сведения отсутствуют;Ясно;Сухое;Светлое время суток;Режим движения не изменялся;1.0;1.0;1.0;0.0
15.0;17.02.2023;07:58;740.0;51.703324;94.480759;930000280.0;Наезд на пешехода;г.Кызыл;;Местного значения (дорога местного значения, включая относящиеся к собственности поселений, муниципальных районов, городских округов);;Магистральные улицы общегородского значения;Многоквартирные жилые дома;Нерегулируемый пешеходный переход;Не установлены;Сведения отсутствуют;Ясно;Со снежным накатом;Светлое время суток;Движение частично перекрыто;1.0;2.0;0.0;1.0
16.0;17.02.2023;19:50;900.0;51.543186;93.877058;930000282.0;Наезд на животное;Тандинский район;Р-257 Енисей Красноярск - Абакан - Кызыл - граница с Монголией;Федеральная (дорога федерального значения);5.0;Вне НП;Отсутствие в непосредственной близости объектов УДС и объектов притяжения;Перегон (нет объектов на месте ДТП);Не установлены;Оказание влияния на движение транспортного потока или отдельного транспортного средства, наличия или внезапного появления на проезжей части животных;Ясно;Гололедица;В темное время суток, освещение отсутствует;Режим движения не изменялся;1.0;6.0;0.0;2.0
17.0;16.02.2023;10:07;200.0;51.215271;90.886202;930000275.0;Столкновение;Барун-Хемчикский район;А162-Г.КЫЗЫЛ - Г.АК-ДОВУРАК;Региональная или межмуниципальная (дорога регионального или межмуниципального значения);6.0;Вне НП;Остановка общественного транспорта;Нерегулируемый пешеходный переход;Не установлены;Сведения отсутствуют;Ясно;Мокрое;Светлое время суток;Движение частично перекрыто;2.0;5.0;0.0;5.0
20.0;14.02.2023;10:25;200.0;51.318329;95.944376;930000263.0;Столкновение;Каа-Хемский район;Усть-Бурен - Кунгуртуг автозимник;Региональная или межмуниципальная (дорога регионального или межмуниципального значения);6.0;Вне НП;Отсутствие в непосредственной близости объектов УДС и объектов притяжения;Перегон (нет объектов на месте ДТП);Не установлены;Сведения отсутствуют;Ясно;Заснеженное;Светлое время суток;Режим движения не изменялся;2.0;2.0;0.0;1.0
21.0;14.02.2023;20:25;830.0;51.831216;94.460406;930000268.0;Наезд на пешехода;г.Кызыл;Подъезд к С.КАРА-ХААК;Региональная или межмуниципальная (дорога регионального или межмуниципального значения);6.0;;Жилые дома индивидуальной застройки;Перегон (нет объектов на месте ДТП);Отсутствие тротуаров (пешеходных дорожек) | Отсутствие освещения;Сведения отсутствуют;Пасмурно;Со снежным накатом;В темное время суток, освещение отсутствует;Движение частично перекрыто;1.0;2.0;1.0;0.0
22.0;12.02.2023;03:32;830.0;51.702041;94.398651;930000251.0;Наезд на пешехода;г.Кызыл;;Местного значения (дорога местного значения, включая относящиеся к собственности поселений, муниципальных районов, городских округов);;Магистральные улицы общегородского значения;Административные здания | Медицинские (лечебные) организации | Территориальное подразделение МВД России (либо его структурное подразделение);Перегон (нет объектов на месте ДТП);Не установлены;Сведения отсутствуют;Пасмурно;Со снежным накатом;В темное время суток, освещение включено;Движение частично перекрыто;1.0;2.0;1.0;0.0
23.0;11.02.2023;13:48;820.0;51.697652;94.409401;930000249.0;Наезд на пешехода;г.Кызыл;;Местного значения (дорога местного значения, включая относящиеся к собственности поселений, муниципальных районов, городских округов);;Иные места;Многоквартирные жилые дома;Внутридворовая территория;Не установлены;Сведения отсутствуют;Ясно;Со снежным накатом;Светлое время суток;Движение частично перекрыто;1.0;2.0;0.0;1.0
24.0;11.02.2023;21:45;730.0;51.707546;94.421675;930000250.0;Наезд на пешехода;г.Кызыл;;Местного значения (дорога местного значения, включая относящиеся к собственности поселений, муниципальных районов, городских округов);;Улицы и дороги местного значения научно-производственных промышленных и коммунально-складских районов;Остановка общественного транспорта | Школа либо иная детская (в т.ч. дошкольная) организация | Иная образовательная организация | Многоквартирные жилые дома;Нерегулируемый пешеходный переход;Отсутствие дорожных знаков в необходимых местах;Сведения отсутствуют;Пасмурно;Со снежным накатом;В темное время суток, освещение включено;Движение частично перекрыто;1.0;2.0;0.0;1.0
25.0;07.02.2023;04:00;610.0;51.196235;93.673038;930000387.0;Съезд с дороги;Чеди-Хольский район;Подъезд к - с.Хову-Аксы;Региональная или межмуниципальная (дорога регионального или межмуниципального значения);7.0;Вне НП;Отсутствие в непосредственной близости объектов УДС и объектов притяжения;Перегон (нет объектов на месте ДТП);Не установлены;Сведения отсутствуют;Ясно;Заснеженное;В темное время суток, освещение отсутствует;Режим движения не изменялся;1.0;2.0;0.0;1.0
26.0;04.02.2023;18:36;70.0;51.568721;94.097664;930000217.0;Столкновение;Кызылский район;Р-257 Енисей Красноярск - Абакан - Кызыл - граница с Монголией;Федеральная (дорога федерального значения);5.0;Вне НП;Отсутствие в непосредственной близости объектов УДС и объектов притяжения;Перегон (нет объектов на месте ДТП);Не установлены;Участок, контролируемый стационарными камерами автоматической фотовидеофиксации нарушений ПДД, обозначенный соответствующим предупреждающим знаком;Пасмурно;Со снежным накатом;В темное время суток, освещение отсутствует;Режим движения не изменялся;2.0;3.0;0.0;1.0
27.0;03.02.2023;07:12;800.0;51.677977;94.30796;930000204.0;Наезд на пешехода;г.Кызыл;;Местного значения (дорога местного значения, включая относящиеся к собственности поселений, муниципальных районов, городских округов);;Улицы и дороги местного значения в жилой застройке;Остановка общественного транспорта | Жилые дома индивидуальной застройки;Нерегулируемый перекрёсток неравнозначных улиц (дорог);Не установлены;Сведения отсутствуют;Ясно | Температура ниже -30С;Со снежным накатом;Светлое время суток;Режим движения не изменялся;1.0;2.0;0.0;1.0
1.0;31.03.2023;22:27;300.0;51.69462;94.570345;930000516.0;Столкновение;Кызылский район;;Местного значения (дорога местного значения, включая относящиеся к собственности поселений, муниципальных районов, городских округов);;Улицы и дороги местного значения научно-производственных промышленных и коммунально-складских районов;Регулируемый пешеходный переход | Жилые дома индивидуальной застройки;Регулируемый перекресток;Не установлены;Сведения отсутствуют;Ясно;Сухое;В темное время суток, освещение включено;Движение частично перекрыто;4.0;4.0;0.0;1.0
3.0;29.03.2023;13:25;300.0;51.702406;94.458507;930000498.0;Столкновение;г.Кызыл;;Местного значения (дорога местного значения, включая относящиеся к собственности поселений, муниципальных районов, городских округов);;Улицы и дороги местного значения научно-производственных промышленных и коммунально-складских районов;АЗС | Крупный торговый объект (являющийся объектом массового тяготения пешеходов и (или) транспорта) | Жилые дома индивидуальной застройки;Регулируемый перекресток;Не установлены;Сведения отсутствуют;Ясно;Сухое;Светлое время суток;Движение частично перекрыто;2.0;2.0;0.0;2.0
4.0;29.03.2023;10:24;890.0;51.721339;94.435043;930000502.0;Наезд на пешехода;г.Кызыл;;Местного значения (дорога местного значения, включая относящиеся к собственности поселений, муниципальных районов, городских округов);;Иные места;Медицинские (лечебные) организации;Внутридворовая территория;Не установлены;Сведения отсутствуют;Ясно;Сухое;Светлое время суток;Режим движения не изменялся;1.0;2.0;0.0;1.0
5.0;28.03.2023;16:48;330.0;51.719106;94.437747;930000492.0;Столкновение;г.Кызыл;;Местного значения (дорога местного значения, включая относящиеся к собственности поселений, муниципальных районов, городских округов);;Улицы и дороги местного значения в жилой застройке;Административные здания | Регулируемый пешеходный переход | Многоквартирные жилые дома;Регулируемый перекресток;Не установлены;Участок, контролируемый стационарными камерами автоматической фотовидеофиксации нарушений ПДД, обозначенный соответствующим предупреждающим знаком;Ясно;Сухое;Светлое время суток;Движение частично перекрыто;4.0;8.0;0.0;3.0
9.0;25.03.2023;01:10;200.0;51.288359;91.498947;930000481.0;Столкновение;Дзун-Хемчикский район;Р-257 Енисей Красноярск - Абакан - Кызыл - граница с Монголией;Федеральная (дорога федерального значения);6.0;Вне НП;Отсутствие в непосредственной близости объектов УДС и объектов притяжения;Перегон (нет объектов на месте ДТП);Не установлены;Участок, контролируемый стационарными камерами автоматической фотовидеофиксации нарушений ПДД, обозначенный соответствующим предупреждающим знаком | Проведение дорожных и прочих работ без сужения проезжей части;Ясно;Сухое;В темное время суток, освещение отсутствует;Режим движения не изменялся;2.0;9.0;0.0;2.0
11.0;22.03.2023;11:20;200.0;51.014106;90.205758;930000476.0;Столкновение;Бай-Тайгинский район;;Местного значения (дорога местного значения, включая относящиеся к собственности поселений, муниципальных районов, городских округов);;Главные улицы;Школа либо иная детская (в т.ч. дошкольная) организация | Административные здания | Жилые дома индивидуальной застройки;Нерегулируемый пешеходный переход;Не установлены;Сведения отсутствуют;Ясно;Сухое;Светлое время суток;Режим движения не изменялся;2.0;3.0;0.0;2.0
13.0;22.03.2023;18:45;610.0;51.615938;94.220381;930000474.0;Съезд с дороги;Кызылский район;Р-257 Енисей Красноярск - Абакан - Кызыл - граница с Монголией;Федеральная (дорога федерального значения);5.0;Вне НП;Отсутствие в непосредственной близости объектов УДС и объектов притяжения;Перегон (нет объектов на месте ДТП);Не установлены;Сведения отсутствуют;Ясно;Сухое;В темное время суток, освещение отсутствует;Режим движения не изменялся;1.0;2.0;1.0;1.0
15.0;21.03.2023;18:12;600.0;51.482773;94.60988;930000471.0;Съезд с дороги;Кызылский район;Кызыл-Эрзин-граница с Монголией;Региональная или межмуниципальная (дорога регионального или межмуниципального значения);5.0;Вне НП;Отсутствие в непосредственной близости объектов УДС и объектов притяжения;Перегон (нет объектов на месте ДТП);Не установлены;Сведения отсутствуют;Ясно;Сухое;Светлое время суток;Режим движения не изменялся;1.0;3.0;0.0;1.0
18.0;19.03.2023;18:05;990.0;50.97794;90.259981;930000479.0;Съезд с дороги;Бай-Тайгинский район;ТЭЭЛИ - ШУЙ;Региональная или межмуниципальная (дорога регионального или межмуниципального значения);7.0;Вне НП;Отсутствие в непосредственной близости объектов УДС и объектов притяжения;Перегон (нет объектов на месте ДТП);Не установлены;Сведения отсутствуют;Ясно;Сухое;Сумерки;Режим движения не изменялся;1.0;3.0;0.0;3.0
19.0;18.03.2023;16:19;930.0;51.29209;91.993332;930000455.0;Наезд на препятствие;Дзун-Хемчикский район;Р-257 Енисей Красноярск - Абакан - Кызыл - граница с Монголией;Федеральная (дорога федерального значения);5.0;Вне НП;Отсутствие в непосредственной близости объектов УДС и объектов притяжения;Перегон (нет объектов на месте ДТП);Не установлены;Сведения отсутствуют;Ясно;Сухое;Светлое время суток;Режим движения не изменялся;1.0;4.0;0.0;2.0
21.0;18.03.2023;13:50;810.0;51.715663;94.430956;930000458.0;Наезд на пешехода;г.Кызыл;;Местного значения (дорога местного значения, включая относящиеся к собственности поселений, муниципальных районов, городских округов);;Улицы и дороги местного значения в жилой застройке;Регулируемый пешеходный переход | Регулируемый перекрёсток | Жилые дома индивидуальной застройки | Многоквартирные жилые дома;Перегон (нет объектов на месте ДТП);Не установлены;Сведения отсутствуют;Ясно;Мокрое;Светлое время суток;Режим движения не изменялся;1.0;2.0;0.0;1.0
24.0;17.03.2023;11:52;950.0;51.587563;94.487271;930000448.0;Съезд с дороги;Кызылский район;Кызыл-Эрзин-граница с Монголией;Региональная или межмуниципальная (дорога регионального или межмуниципального значения);5.0;Вне НП;Отсутствие в непосредственной близости объектов УДС и объектов притяжения;Перегон (нет объектов на месте ДТП);Не установлены;Сведения отсутствуют;Ясно;Сухое;Светлое время суток;Режим движения не изменялся;1.0;5.0;0.0;1.0
27.0;16.03.2023;21:02;330.0;51.16922;90.600804;930000442.0;Столкновение;г.Ак-Довурак;;Местного значения (дорога местного значения, включая относящиеся к собственности поселений, муниципальных районов, городских округов);;Основные улицы в жилой застройке;Жилые дома индивидуальной застройки;Перегон (нет объектов на месте ДТП);Не установлены;Сведения отсутствуют;Пасмурно;Сухое;В темное время суток, освещение отсутствует;Режим движения не изменялся;2.0;2.0;0.0;1.0
28.0;16.03.2023;17:41;740.0;51.719385;94.46032;930000440.0;Наезд на пешехода;г.Кызыл;;Местного значения (дорога местного значения, включая относящиеся к собственности поселений, муниципальных районов, городских округов);;Магистральные улицы общегородского значения;Остановка общественного транспорта | Административные здания | Нерегулируемый перекрёсток | Жилые дома индивидуальной застройки;Нерегулируемый пешеходный переход;Отсутствие, плохая различимость горизонтальной разметки проезжей части;Участок, оборудованный искусственными неровностями;Ясно;Мокрое;Светлое время суток;Режим движения не изменялся;1.0;2.0;0.0;1.0
29.0;16.03.2023;19:50;740.0;51.716314;94.417609;930000441.0;Наезд на пешехода;г.Кызыл;;Местного значения (дорога местного значения, включая относящиеся к собственности поселений, муниципальных районов, городских округов);;Улицы и дороги местного значения в жилой застройке;АЗС | Иная образовательная организация | Административные здания | Нерегулируемый перекрёсток;Нерегулируемый пешеходный переход | Нерегулируемое пересечение с круговым движением;Не установлены;Сведения отсутствуют;Пасмурно;Гололедица;В темное время суток, освещение включено;Режим движения не изменялся;1.0;3.0;0.0;2.0
30.0;15.03.2023;08:06;300.0;51.698038;94.422115;930000432.0;Столкновение;г.Кызыл;;Местного значения (дорога местного значения, включая относящиеся к собственности поселений, муниципальных районов, городских округов);;Магистральные улицы общегородского значения;Многоквартирные жилые дома | Гаражные постройки (гаражный кооператив, товарищество либо иное место концентрированного размещения гаражей);Выезд с прилегающей территории;Не установлены;Сведения отсутствуют;Ясно;Сухое;Светлое время суток;Движение частично перекрыто;2.0;3.0;0.0;1.0
32.0;14.03.2023;17:30;990.0;50.62265;94.738111;930000431.0;Опрокидывание;Тес-Хемский район;САМАГАЛТАЙ - АК-ЧЫРАА;Региональная или межмуниципальная (дорога регионального или межмуниципального значения);7.0;Вне НП;Отсутствие в непосредственной близости объектов УДС и объектов притяжения;Перегон (нет объектов на месте ДТП);Не установлены;Сведения отсутствуют;Пасмурно;Сухое;Светлое время суток;Режим движения не изменялся;1.0;5.0;0.0;2.0
33.0;13.03.2023;13:15;740.0;51.704335;94.432168;930000426.0;Наезд на пешехода;г.Кызыл;;Местного значения (дорога местного значения, включая относящиеся к собственности поселений, муниципальных районов, городских округов);;Магистральные улицы общегородского значения;АЗС | Многоквартирные жилые дома;Нерегулируемый пешеходный переход;Отсутствие, плохая различимость горизонтальной разметки проезжей части;Сведения отсутствуют;Ясно;Со снежным накатом;Светлое время суток;Движение частично перекрыто;1.0;2.0;0.0;1.0
35.0;12.03.2023;14:55;300.0;51.711807;94.43278;930000418.0;Столкновение;г.Кызыл;;Местного значения (дорога местного значения, включая относящиеся к собственности поселений, муниципальных районов, городских округов);;Улицы и дороги местного значения в жилой застройке;Медицинские (лечебные) организации | Жилые дома индивидуальной застройки | Кладбище;Регулируемый перекресток;Не установлены;Сведения отсутствуют;Пасмурно;Мокрое;Светлое время суток;Режим движения не изменялся;2.0;3.0;0.0;2.0
37.0;11.03.2023;19:45;710.0;51.696482;94.40643;930000415.0;Наезд на пешехода;г.Кызыл;;Местного значения (дорога местного значения, включая относящиеся к собственности поселений, муниципальных районов, городских округов);;Улицы и дороги местного значения в жилой застройке;АЗС | Крупный торговый объект (являющийся объектом массового тяготения пешеходов и (или) транспорта) | Спортивные и развлекательные объекты | Многоквартирные жилые дома;Регулируемый пешеходный переход | Регулируемый перекресток;Не установлены;Сведения отсутствуют;Ясно;Гололедица;В темное время суток, освещение включено;Режим движения не изменялся;1.0;3.0;0.0;2.0
40.0;09.03.2023;20:23;740.0;51.715284;94.488451;930000404.0;Наезд на пешехода;г.Кызыл;;Местного значения (дорога местного значения, включая относящиеся к собственности поселений, муниципальных районов, городских округов);;Магистральные улицы общегородского значения;Остановка общественного транспорта | Школа либо иная детская (в т.ч. дошкольная) организация | Жилые дома индивидуальной застройки | Многоквартирные жилые дома;Регулируемый пешеходный переход;Не установлены;Участок, оборудованный шумовыми полосами;Ясно;Со снежным накатом;В темное время суток, освещение включено;Движение частично перекрыто;1.0;2.0;0.0;1.0
41.0;08.03.2023;20:39;800.0;51.175563;90.586588;930000402.0;Наезд на пешехода;г.Ак-Довурак;;Местного значения (дорога местного значения, включая относящиеся к собственности поселений, муниципальных районов, городских округов);;Магистральные улицы районного значения;Жилые дома индивидуальной застройки;Перегон (нет объектов на месте ДТП);Не установлены;Сведения отсутствуют;Пасмурно;Гололедица;В темное время суток, освещение включено;Режим движения не изменялся;1.0;2.0;0.0;1.0
43.0;06.03.2023;18:30;880.0;51.716613;94.475824;930000385.0;Наезд на пешехода;г.Кызыл;;Местного значения (дорога местного значения, включая относящиеся к собственности поселений, муниципальных районов, городских округов);;Иные места;Отсутствие в непосредственной близости объектов УДС и объектов притяжения;Перегон (нет объектов на месте ДТП);Не установлены;Сведения отсутствуют;Ясно;Гололедица;Светлое время суток;Режим движения не изменялся;1.0;2.0;0.0;1.0
44.0;06.03.2023;14:06;820.0;51.709281;94.451416;930000378.0;Наезд на пешехода;г.Кызыл;;Местного значения (дорога местного значения, включая относящиеся к собственности поселений, муниципальных районов, городских округов);;Улицы и дороги местного значения научно-производственных промышленных и коммунально-складских районов;Регулируемый пешеходный переход | Регулируемый перекрёсток | Жилые дома индивидуальной застройки;Перегон (нет объектов на месте ДТП);Не установлены;Сведения отсутствуют;Пасмурно;Мокрое;Светлое время суток;Режим движения не изменялся;1.0;2.0;0.0;1.0
45.0;04.03.2023;21:45;860.0;51.710757;94.479203;930000363.0;Наезд на пешехода;г.Кызыл;;Местного значения (дорога местного значения, включая относящиеся к собственности поселений, муниципальных районов, городских округов);;Улицы и дороги местного значения в жилой застройке;Жилые дома индивидуальной застройки;Нерегулируемый перекрёсток неравнозначных улиц (дорог);Не установлены;Сведения отсутствуют;Ясно;Со снежным накатом;В темное время суток, освещение включено;Движение частично перекрыто;1.0;2.0;0.0;1.0
46.0;04.03.2023;22:26;900.0;51.252783;91.100693;930000364.0;Наезд на животное;Дзун-Хемчикский район;А162-Г.КЫЗЫЛ - Г.АК-ДОВУРАК;Региональная или межмуниципальная (дорога регионального или межмуниципального значения);6.0;Вне НП;Отсутствие в непосредственной близости объектов УДС и объектов притяжения;Перегон (нет объектов на месте ДТП);Не установлены;Оказание влияния на движение транспортного потока или отдельного транспортного средства, наличия или внезапного появления на проезжей части животных;Ясно;Сухое;В темное время суток, освещение отсутствует;Режим движения не изменялся;1.0;4.0;0.0;1.0
48.0;03.03.2023;06:40;840.0;50.215175;95.405681;930000350.0;Наезд на пешехода;Эрзинский район;ЭРЗИН - НАРЫН;Региональная или межмуниципальная (дорога регионального или межмуниципального значения);7.0;Вне НП;Отсутствие в непосредственной близости объектов УДС и объектов притяжения;Перегон (нет объектов на месте ДТП);Не установлены;Сведения отсутствуют;Ясно;Сухое;В темное время суток, освещение отсутствует;Режим движения не изменялся;1.0;2.0;1.0;0.0
2.0;30.04.2023;21:12;840.0;51.328533;94.809662;930000704.0;Наезд на пешехода;Кызылский район;;Местного значения (дорога местного значения, включая относящиеся к собственности поселений, муниципальных районов, городских округов);;Поселковые дороги;Жилые дома индивидуальной застройки;Перегон (нет объектов на месте ДТП);Не установлены;Сведения отсутствуют;Пасмурно;Сухое;Светлое время суток;Режим движения не изменялся;1.0;2.0;0.0;1.0
12.0;24.04.2023;08:00;500.0;51.702353;94.414165;930000659.0;Столкновение;г.Кызыл;;Местного значения (дорога местного значения, включая относящиеся к собственности поселений, муниципальных районов, городских округов);;Магистральные улицы общегородского значения;Остановка общественного транспорта | Иная образовательная организация | Многоквартирные жилые дома;Нерегулируемый перекрёсток неравнозначных улиц (дорог);Не установлены;Сведения отсутствуют;Ясно;Сухое;Светлое время суток;Движение частично перекрыто;2.0;2.0;0.0;1.0
13.0;24.04.2023;01:55;860.0;51.011406;90.197818;930000662.0;Наезд на пешехода;Бай-Тайгинский район;;Местного значения (дорога местного значения, включая относящиеся к собственности поселений, муниципальных районов, городских округов);;Основные улицы в жилой застройке;Жилые дома индивидуальной застройки;Перегон (нет объектов на месте ДТП);Не установлены;Сведения отсутствуют;Пасмурно;Пыльное;В темное время суток, освещение отсутствует;Режим движения не изменялся;1.0;2.0;0.0;1.0
14.0;23.04.2023;05:40;500.0;51.70609;94.409616;930000657.0;Столкновение;г.Кызыл;;Местного значения (дорога местного значения, включая относящиеся к собственности поселений, муниципальных районов, городских округов);;Улицы и дороги местного значения научно-производственных промышленных и коммунально-складских районов;Административные здания | Жилые дома индивидуальной застройки | Многоквартирные жилые дома;Нерегулируемый перекрёсток неравнозначных улиц (дорог);Не установлены;Сведения отсутствуют;Ясно;Сухое;Светлое время суток;Движение частично перекрыто;2.0;2.0;0.0;2.0
15.0;22.04.2023;22:34;800.0;51.564906;94.078943;930000656.0;Наезд на пешехода;Кызылский район;Р-257 Енисей Красноярск - Абакан - Кызыл - граница с Монголией;Федеральная (дорога федерального значения);5.0;Поселковые дороги;Нерегулируемый пешеходный переход | Жилые дома индивидуальной застройки;Перегон (нет объектов на месте ДТП);Не установлены;Участок, контролируемый стационарными камерами автоматической фотовидеофиксации нарушений ПДД, обозначенный соответствующим предупреждающим знаком;Ясно;Сухое;В темное время суток, освещение отсутствует;Движение частично перекрыто;1.0;2.0;1.0;0.0
16.0;21.04.2023;00:25;200.0;51.704926;94.39555;930000641.0;Столкновение;г.Кызыл;;Местного значения (дорога местного значения, включая относящиеся к собственности поселений, муниципальных районов, городских округов);;Улицы и дороги местного значения в жилой застройке;Остановка общественного транспорта | Производственное предприятие | Жилые дома индивидуальной застройки;Перегон (нет объектов на месте ДТП);Не установлены;Сведения отсутствуют;Ясно;Сухое;В темное время суток, освещение включено;Режим движения не изменялся;2.0;4.0;0.0;4.0
17.0;20.04.2023;21:30;610.0;52.152911;93.906498;930000647.0;Опрокидывание;Пий-Хемский район;;Местного значения (дорога местного значения, включая относящиеся к собственности поселений, муниципальных районов, городских округов);;Улицы и дороги местного значения в жилой застройке;Жилые дома индивидуальной застройки;Перегон (нет объектов на месте ДТП);Не установлены;Сведения отсутствуют;Ясно;Сухое;В темное время суток, освещение отсутствует;Режим движения не изменялся;1.0;2.0;0.0;1.0
19.0;19.04.2023;22:33;800.0;51.290104;91.533451;930000634.0;Наезд на пешехода;Дзун-Хемчикский район;Р-257 Енисей Красноярск - Абакан - Кызыл - граница с Монголией;Федеральная (дорога федерального значения);5.0;;Жилые дома индивидуальной застройки;Перегон (нет объектов на месте ДТП);Не установлены;Сведения отсутствуют;Пасмурно;Сухое;В темное время суток, освещение отсутствует;Режим движения не изменялся;1.0;5.0;0.0;1.0
20.0;19.04.2023;22:30;700.0;51.694646;94.570076;930000635.0;Наезд на пешехода;Кызылский район;;Местного значения (дорога местного значения, включая относящиеся к собственности поселений, муниципальных районов, городских округов);;Улицы и дороги местного значения научно-производственных промышленных и коммунально-складских районов;Жилые дома индивидуальной застройки;Регулируемый пешеходный переход | Регулируемый перекресток;Не установлены;Сведения отсутствуют;Пасмурно;Сухое;В темное время суток, освещение включено;Движение частично перекрыто;1.0;2.0;0.0;1.0
21.0;19.04.2023;12:08;60.0;51.705033;94.476178;930000630.0;Столкновение;г.Кызыл;;Местного значения (дорога местного значения, включая относящиеся к собственности поселений, муниципальных районов, городских округов);;Улицы и дороги местного значения в жилой застройке;Жилые дома индивидуальной застройки;Перегон (нет объектов на месте ДТП);Не установлены;Сведения отсутствуют;Ясно;Сухое;Светлое время суток;Движение частично перекрыто;2.0;3.0;0.0;1.0
22.0;18.04.2023;17:36;70.0;51.684663;94.356551;930000625.0;Столкновение;г.Кызыл;;Местного значения (дорога местного значения, включая относящиеся к собственности поселений, муниципальных районов, городских округов);;Магистральные улицы общегородского значения;Производственное предприятие;Перегон (нет объектов на месте ДТП);Не установлены;Сведения отсутствуют;Пасмурно;Сухое;Светлое время суток;Движение частично перекрыто;2.0;4.0;0.0;2.0
23.0;18.04.2023;11:20;850.0;51.148663;94.499116;930000623.0;Наезд на велосипедиста;Тандинский район;;Местного значения (дорога местного значения, включая относящиеся к собственности поселений, муниципальных районов, городских округов);;Основные улицы в жилой застройке;Жилые дома индивидуальной застройки;Перегон (нет объектов на месте ДТП);Не установлены;Сведения отсутствуют;Снегопад;Заснеженное;Светлое время суток;Режим движения не изменялся;2.0;2.0;0.0;1.0
25.0;16.04.2023;21:01;820.0;51.534818;92.960258;930000611.0;Наезд на пешехода;Улуг-Хемский район;Р-257 Енисей Красноярск - Абакан - Кызыл - граница с Монголией;Федеральная (дорога федерального значения);5.0;;АЗС;Перегон (нет объектов на месте ДТП);Отсутствие освещения;Сведения отсутствуют;Ясно;Сухое;В темное время суток, освещение отсутствует;Режим движения не изменялся;1.0;2.0;1.0;0.0
26.0;15.04.2023;15:00;600.0;51.595202;95.135186;930000602.0;Съезд с дороги;Каа-Хемский район;КЫЗЫЛ - САРЫГ-СЕП;Региональная или межмуниципальная (дорога регионального или межмуниципального значения);5.0;Вне НП;Отсутствие в непосредственной близости объектов УДС и объектов притяжения;Перегон (нет объектов на месте ДТП);Не установлены;Сведения отсутствуют;Ясно;Сухое;Светлое время суток;Режим движения не изменялся;1.0;1.0;1.0;0.0
29.0;13.04.2023;08:25;930.0;51.683492;94.575183;930000585.0;Наезд на препятствие;Кызылский район;;Местного значения (дорога местного значения, включая относящиеся к собственности поселений, муниципальных районов, городских округов);;Поселковые дороги;Жилые дома индивидуальной застройки;Перегон (нет объектов на месте ДТП);Не установлены;Сведения отсутствуют;Ясно;Сухое;Светлое время суток;Режим движения не изменялся;1.0;1.0;1.0;0.0
30.0;13.04.2023;08:44;900.0;51.136601;90.553951;930000584.0;Наезд на животное;Барун-Хемчикский район;Кызыл-Мажалык - Эрги-Барлык;Региональная или межмуниципальная (дорога регионального или межмуниципального значения);5.0;;Отсутствие в непосредственной близости объектов УДС и объектов притяжения;Перегон (нет объектов на месте ДТП);Не установлены;Оказание влияния на движение транспортного потока или отдельного транспортного средства, наличия или внезапного появления на проезжей части животных;Ясно;Сухое;Светлое время суток;Движение полностью перекрыто;1.0;3.0;1.0;1.0
31.0;12.04.2023;06:05;600.0;51.939252;94.321811;930000577.0;Опрокидывание;Пий-Хемский район;Р-257 Енисей Красноярск - Абакан - Кызыл - граница с Монголией;Федеральная (дорога федерального значения);5.0;Вне НП;Отсутствие в непосредственной близости объектов УДС и объектов притяжения;Перегон (нет объектов на месте ДТП);Не установлены;Сведения отсутствуют;Снегопад | Метель;Со снежным накатом;Светлое время суток;Режим движения не изменялся;1.0;2.0;0.0;2.0
34.0;12.04.2023;16:18;600.0;50.420058;90.70158;930000583.0;Съезд с дороги;Монгун-Тайгинский район;ХАНДАГАЙТЫ - МУГУР-АКСЫ;Региональная или межмуниципальная (дорога регионального или межмуниципального значения);7.0;Вне НП;Отсутствие в непосредственной близости объектов УДС и объектов притяжения;Перегон (нет объектов на месте ДТП);Не установлены;Сведения отсутствуют;Ясно;Сухое;Светлое время суток;Режим движения не изменялся;1.0;5.0;1.0;0.0
37.0;08.04.2023;06:25;600.0;51.215076;90.803472;930000558.0;Съезд с дороги;Барун-Хемчикский район;А162-Г.КЫЗЫЛ - Г.АК-ДОВУРАК;Региональная или межмуниципальная (дорога регионального или межмуниципального значения);6.0;Вне НП;Отсутствие в непосредственной близости объектов УДС и объектов притяжения;Перегон (нет объектов на месте ДТП);Не установлены;Сведения отсутствуют;Ясно;Сухое;Светлое время суток;Режим движения не изменялся;1.0;2.0;0.0;1.0
42.0;03.04.2023;16:01;740.0;51.711588;94.424368;930000532.0;Наезд на пешехода;г.Кызыл;;Местного значения (дорога местного значения, включая относящиеся к собственности поселений, муниципальных районов, городских округов);;Улицы и дороги местного значения в жилой застройке;Остановка общественного транспорта | Медицинские (лечебные) организации | Жилые дома индивидуальной застройки;Нерегулируемый пешеходный переход;Не установлены;Сведения отсутствуют;Ясно;Сухое;Светлое время суток;Режим движения не изменялся;1.0;2.0;0.0;1.0
44.0;02.04.2023;02:19;880.0;51.642837;94.260625;930000524.0;Наезд на пешехода;Кызылский район;;Местного значения (дорога местного значения, включая относящиеся к собственности поселений, муниципальных районов, городских округов);;Иные места;Жилые дома индивидуальной застройки;Внутридворовая территория;Не установлены;Сведения отсутствуют;Ясно;Сухое;В темное время суток, освещение не включено;Режим движения не изменялся;1.0;2.0;0.0;1.0
46.0;01.04.2023;20:20;200.0;51.694201;94.476542;930000521.0;Столкновение;г.Кызыл;;Местного значения (дорога местного значения, включая относящиеся к собственности поселений, муниципальных районов, городских округов);;Улицы и дороги местного значения научно-производственных промышленных и коммунально-складских районов;Нерегулируемый перекрёсток | Жилые дома индивидуальной застройки;Перегон (нет объектов на месте ДТП);Не установлены;Сведения отсутствуют;Ясно;Сухое;В темное время суток, освещение включено;Движение частично перекрыто;2.0;2.0;0.0;2.0
1.0;31.05.2023;23:17;500.0;51.709846;94.485662;930000882.0;Столкновение;г.Кызыл;;Местного значения (дорога местного значения, включая относящиеся к собственности поселений, муниципальных районов, городских округов);;Улицы и дороги местного значения в жилой застройке;Жилые дома индивидуальной застройки;Нерегулируемый пешеходный переход | Нерегулируемый перекрёсток неравнозначных улиц (дорог);Не установлены;Сведения отсутствуют;Ясно;Сухое;В темное время суток, освещение включено;Режим движения не изменялся;2.0;3.0;0.0;2.0
3.0;29.05.2023;17:08;820.0;51.715257;94.442929;930000870.0;Наезд на пешехода;г.Кызыл;;Местного значения (дорога местного значения, включая относящиеся к собственности поселений, муниципальных районов, городских округов);;Улицы и дороги местного значения в жилой застройке;Крупный торговый объект (являющийся объектом массового тяготения пешеходов и (или) транспорта) | Жилые дома индивидуальной застройки;Нерегулируемый перекрёсток неравнозначных улиц (дорог);Не установлены;Сведения отсутствуют;Ясно;Сухое;Светлое время суток;Движение частично перекрыто;1.0;2.0;0.0;1.0
6.0;28.05.2023;13:50;600.0;50.314236;95.367583;930000861.0;Опрокидывание;Эрзинский район;;Местного значения (дорога местного значения, включая относящиеся к собственности поселений, муниципальных районов, городских округов);;Поселковые дороги;Жилые дома индивидуальной застройки;Перегон (нет объектов на месте ДТП);Не установлены;Сведения отсутствуют;Ясно;Сухое;Светлое время суток;Режим движения не изменялся;1.0;2.0;1.0;0.0
7.0;28.05.2023;08:12;600.0;51.320019;91.474142;930000858.0;Опрокидывание;Дзун-Хемчикский район;ЧАДАН - СУГ-АКСЫ;Региональная или межмуниципальная (дорога регионального или межмуниципального значения);6.0;Вне НП;Отсутствие в непосредственной близости объектов УДС и объектов притяжения;Перегон (нет объектов на месте ДТП);Не установлены;Сведения отсутствуют;Ясно;Сухое;Светлое время суток;Режим движения не изменялся;1.0;4.0;0.0;1.0
18.0;20.05.2023;21:30;900.0;52.078068;94.040566;930000815.0;Наезд на животное;Пий-Хемский район;Р-257 Енисей Красноярск - Абакан - Кызыл - граница с Монголией;Федеральная (дорога федерального значения);;Вне НП;Отсутствие в непосредственной близости объектов УДС и объектов притяжения;Перегон (нет объектов на месте ДТП);Не установлены;Оказание влияния на движение транспортного потока или отдельного транспортного средства, наличия или внезапного появления на проезжей части животных;Ясно;Сухое;В темное время суток, освещение отсутствует;Режим движения не изменялся;1.0;3.0;0.0;2.0
19.0;20.05.2023;23:55;200.0;51.383634;92.469435;930000817.0;Столкновение;Улуг-Хемский район;Р-257 Енисей Красноярск - Абакан - Кызыл - граница с Монголией;Федеральная (дорога федерального значения);5.0;Вне НП;Отсутствие в непосредственной близости объектов УДС и объектов притяжения;Перегон (нет объектов на месте ДТП);Не установлены;Сведения отсутствуют;Ясно;Сухое;В темное время суток, освещение отсутствует;Режим движения не изменялся;2.0;4.0;0.0;3.0
20.0;20.05.2023;09:40;610.0;51.667897;94.431889;930000810.0;Съезд с дороги;г.Кызыл;Кызыл-Эрзин-граница с Монголией;Региональная или межмуниципальная (дорога регионального или межмуниципального значения);6.0;Вне НП;Отсутствие в непосредственной близости объектов УДС и объектов притяжения;Перегон (нет объектов на месте ДТП);Не установлены;Сведения отсутствуют;Ясно;Сухое;Светлое время суток;Движение частично перекрыто;1.0;3.0;0.0;2.0
23.0;18.05.2023;16:35;600.0;51.355623;91.441097;930000798.0;Опрокидывание;Дзун-Хемчикский район;ЧАДАН - СУГ-АКСЫ;Региональная или межмуниципальная (дорога регионального или межмуниципального значения);5.0;Вне НП;Отсутствие в непосредственной близости объектов УДС и объектов притяжения;Перегон (нет объектов на месте ДТП);Не установлены;Сведения отсутствуют;Ясно;Сухое;Светлое время суток;Режим движения не изменялся;1.0;2.0;0.0;1.0
26.0;15.05.2023;22:03;300.0;51.6889;94.567738;930000780.0;Столкновение;Кызылский район;;Местного значения (дорога местного значения, включая относящиеся к собственности поселений, муниципальных районов, городских округов);;Основные улицы в жилой застройке;Жилые дома индивидуальной застройки;Регулируемый перекресток;Не установлены;Сведения отсутствуют;Пасмурно;Сухое;В темное время суток, освещение включено;Режим движения не изменялся;2.0;4.0;0.0;2.0
28.0;14.05.2023;22:10;610.0;51.548313;95.358125;930000987.0;Съезд с дороги;Каа-Хемский район;БОЯРОВКА - ТООРА-ХЕМ;Региональная или межмуниципальная (дорога регионального или межмуниципального значения);7.0;Вне НП;Отсутствие в непосредственной близости объектов УДС и объектов притяжения;Перегон (нет объектов на месте ДТП);Не установлены;Сведения отсутствуют;Ясно;Сухое;В темное время суток, освещение отсутствует;Режим движения не изменялся;1.0;2.0;0.0;1.0
30.0;13.05.2023;15:25;780.0;51.4925;95.557666;930000767.0;Наезд на пешехода;Каа-Хемский район;;Местного значения (дорога местного значения, включая относящиеся к собственности поселений, муниципальных районов, городских округов);;Поселковые дороги;Жилые дома индивидуальной застройки;Нерегулируемый перекрёсток неравнозначных улиц (дорог);Не установлены;Сведения отсутствуют;Пасмурно;Мокрое;Светлое время суток;Режим движения не изменялся;1.0;2.0;0.0;1.0
33.0;11.05.2023;23:14;610.0;50.214721;95.348099;930000751.0;Опрокидывание;Эрзинский район;ЭРЗИН - НАРЫН;Региональная или межмуниципальная (дорога регионального или межмуниципального значения);6.0;Вне НП;Отсутствие в непосредственной близости объектов УДС и объектов притяжения;Перегон (нет объектов на месте ДТП);Не установлены;Сведения отсутствуют;Ясно;Пыльное;В темное время суток, освещение отсутствует;Режим движения не изменялся;1.0;2.0;0.0;1.0
35.0;08.05.2023;10:55;940.0;51.423169;92.593074;930000734.0;Наезд на препятствие;Улуг-Хемский район;;Местного значения (дорога местного значения, включая относящиеся к собственности поселений, муниципальных районов, городских округов);;Иные места;Жилые дома индивидуальной застройки;Внутридворовая территория;Не установлены;Сведения отсутствуют;Ясно;Сухое;Светлое время суток;Режим движения не изменялся;1.0;1.0;0.0;1.0
40.0;04.05.2023;21:35;200.0;51.703909;94.54127;930000717.0;Столкновение;г.Кызыл;;Местного значения (дорога местного значения, включая относящиеся к собственности поселений, муниципальных районов, городских округов);;Улицы и дороги местного значения в жилой застройке;Остановка общественного транспорта | Административные здания | Жилые дома индивидуальной застройки;Перегон (нет объектов на месте ДТП);Не установлены;Сведения отсутствуют;Ясно;Сухое;В темное время суток, освещение включено;Режим движения не изменялся;2.0;3.0;0.0;2.0
42.0;03.05.2023;15:05;500.0;52.145025;93.921583;930000714.0;Столкновение;Пий-Хемский район;;Местного значения (дорога местного значения, включая относящиеся к собственности поселений, муниципальных районов, городских округов);;Улицы и дороги местного значения научно-производственных промышленных и коммунально-складских районов;Жилые дома индивидуальной застройки;Нерегулируемый перекрёсток неравнозначных улиц (дорог);Не установлены;Сведения отсутствуют;Ясно;Сухое;Светлое время суток;Движение частично перекрыто;2.0;2.0;0.0;1.0
45.0;02.05.2023;01:19;610.0;51.375451;91.296387;930000707.0;Съезд с дороги;Сут-Хольский район;ЧАДАН - СУГ-АКСЫ;Региональная или межмуниципальная (дорога регионального или межмуниципального значения);6.0;Вне НП;Отсутствие в непосредственной близости объектов УДС и объектов притяжения;Перегон (нет объектов на месте ДТП);Не установлены;Сведения отсутствуют;Ясно;Сухое;В темное время суток, освещение отсутствует;Режим движения не изменялся;1.0;2.0;0.0;2.0
9.0;23.06.2023;06:37;610.0;51.449554;92.635968;930001032.0;Съезд с дороги;Улуг-Хемский район;Р-257 Енисей Красноярск - Абакан - Кызыл - граница с Монголией;Федеральная (дорога федерального значения);5.0;Вне НП;Отсутствие в непосредственной близости объектов УДС и объектов притяжения;Перегон (нет объектов на месте ДТП);Не установлены;Сведения отсутствуют;Ясно;Сухое;Светлое время суток;Режим движения не изменялся;1.0;2.0;0.0;2.0
18.0;16.06.2023;23:35;820.0;51.703344;94.479364;930000985.0;Наезд на пешехода;г.Кызыл;;Местного значения (дорога местного значения, включая относящиеся к собственности поселений, муниципальных районов, городских округов);;Улицы и дороги местного значения научно-производственных промышленных и коммунально-складских районов;Остановка общественного транспорта | Нерегулируемый перекрёсток | Жилые дома индивидуальной застройки | Многоквартирные жилые дома;Перегон (нет объектов на месте ДТП);Не установлены;Сведения отсутствуют;Пасмурно;Сухое;В темное время суток, освещение включено;Движение частично перекрыто;1.0;2.0;1.0;0.0
20.0;15.06.2023;18:20;710.0;51.721658;94.433509;930000979.0;Наезд на пешехода;г.Кызыл;;Местного значения (дорога местного значения, включая относящиеся к собственности поселений, муниципальных районов, городских округов);;Магистральные улицы общегородского значения;Медицинские (лечебные) организации | Спортивные и развлекательные объекты | Многоквартирные жилые дома;Нерегулируемый пешеходный переход | Нерегулируемый перекрёсток неравнозначных улиц (дорог);Не установлены;Сведения отсутствуют;Ясно;Сухое;Светлое время суток;Режим движения не изменялся;1.0;2.0;0.0;1.0
25.0;09.06.2023;04:59;940.0;51.510312;92.329155;930000941.0;Наезд на препятствие;Чаа-Хольский район;;Местного значения (дорога местного значения, включая относящиеся к собственности поселений, муниципальных районов, городских округов);;Главные улицы;Жилые дома индивидуальной застройки;Нерегулируемый перекрёсток неравнозначных улиц (дорог);Не установлены;Сведения отсутствуют;Ясно;Сухое;Светлое время суток;Режим движения не изменялся;1.0;2.0;0.0;2.0
30.0;06.06.2023;12:31;500.0;51.700784;94.560957;930000923.0;Столкновение;Кызылский район;;Местного значения (дорога местного значения, включая относящиеся к собственности поселений, муниципальных районов, городских округов);;Главные улицы;Жилые дома индивидуальной застройки;Нерегулируемый перекрёсток неравнозначных улиц (дорог);Не установлены;Сведения отсутствуют;Ясно;Сухое;Светлое время суток;Движение частично перекрыто;2.0;3.0;0.0;1.0
36.0;04.06.2023;04:30;610.0;51.567627;91.475859;930000914.0;Опрокидывание;Сут-Хольский район;;Местного значения (дорога местного значения, включая относящиеся к собственности поселений, муниципальных районов, городских округов);;Главные улицы;Жилые дома индивидуальной застройки;Перегон (нет объектов на месте ДТП);Не установлены;Сведения отсутствуют;Ясно;Сухое;В темное время суток, освещение отсутствует;Режим движения не изменялся;1.0;4.0;1.0;0.0
37.0;04.06.2023;05:23;610.0;51.445937;92.620014;930000907.0;Съезд с дороги;Улуг-Хемский район;Р-257 Енисей Красноярск - Абакан - Кызыл - граница с Монголией;Федеральная (дорога федерального значения);5.0;Вне НП;Отсутствие в непосредственной близости объектов УДС и объектов притяжения;Перегон (нет объектов на месте ДТП);Не установлены;Сведения отсутствуют;Ясно;Сухое;Светлое время суток;Режим движения не изменялся;1.0;2.0;2.0;0.0
39.0;03.06.2023;07:14;610.0;51.558103;93.607807;930000900.0;Съезд с дороги;Кызылский район;Р-257 Енисей Красноярск - Абакан - Кызыл - граница с Монголией;Федеральная (дорога федерального значения);;Вне НП;Отсутствие в непосредственной близости объектов УДС и объектов притяжения;Перегон (нет объектов на месте ДТП);Не установлены;Сведения отсутствуют;Ясно | Температура выше +30С;Сухое;Светлое время суток;Режим движения не изменялся;1.0;2.0;0.0;1.0
42.0;02.06.2023;02:25;610.0;51.681896;94.352345;930000895.0;Опрокидывание;г.Кызыл;Р-257 Енисей Красноярск - Абакан - Кызыл - граница с Монголией;Федеральная (дорога федерального значения);5.0;Магистральные улицы общегородского значения;АЗС | Производственное предприятие | Административные здания | Кладбище;Перегон (нет объектов на месте ДТП);Не установлены;Сведения отсутствуют;Пасмурно;Сухое;В темное время суток, освещение не включено;Режим движения не изменялся;1.0;2.0;0.0;2.0
1.0;31.07.2023;08:20;140.0;51.170948;90.581374;930001302.0;Столкновение;г.Ак-Довурак;;Местного значения (дорога местного значения, включая относящиеся к собственности поселений, муниципальных районов, городских округов);;Улицы и дороги местного значения в жилой застройке;Жилые дома индивидуальной застройки;Перегон (нет объектов на месте ДТП);Не установлены;Сведения отсутствуют;Ясно;Сухое;Светлое время суток;Режим движения не изменялся;2.0;7.0;0.0;2.0
2.0;29.07.2023;15:07;610.0;51.595602;94.47871;930001292.0;Съезд с дороги;Кызылский район;Кызыл-Эрзин-граница с Монголией;Региональная или межмуниципальная (дорога регионального или межмуниципального значения);5.0;Вне НП;Отсутствие в непосредственной близости объектов УДС и объектов притяжения;Перегон (нет объектов на месте ДТП);Не установлены;Сведения отсутствуют;Ясно;Сухое;Светлое время суток;Режим движения не изменялся;1.0;2.0;0.0;2.0
7.0;26.07.2023;23:28;900.0;51.180083;95.003221;930001269.0;Наезд на животное;Кызылский район;Кызыл-Эрзин-граница с Монголией;Региональная или межмуниципальная (дорога регионального или межмуниципального значения);5.0;Вне НП;Отсутствие в непосредственной близости объектов УДС и объектов притяжения;Перегон (нет объектов на месте ДТП);Не установлены;Оказание влияния на движение транспортного потока или отдельного транспортного средства, наличия или внезапного появления на проезжей части животных;Ясно;Сухое;В темное время суток, освещение отсутствует;Режим движения не изменялся;1.0;2.0;0.0;1.0
9.0;25.07.2023;18:50;430.0;50.727872;92.08766;930001265.0;Столкновение;Овюрский район;Р-257 Енисей Красноярск - Абакан - Кызыл - граница с Монголией;Федеральная (дорога федерального значения);;Вне НП;АЗС;Нерегулируемый перекрёсток неравнозначных улиц (дорог);Не установлены;Сведения отсутствуют;Ясно;Сухое;Светлое время суток;Режим движения не изменялся;2.0;3.0;0.0;1.0
11.0;24.07.2023;00:01;820.0;51.702366;94.406751;930001253.0;Наезд на пешехода;г.Кызыл;;Местного значения (дорога местного значения, включая относящиеся к собственности поселений, муниципальных районов, городских округов);;Улицы и дороги местного значения в жилой застройке;Административные здания | Нерегулируемый пешеходный переход | Нерегулируемое пересечение с круговым движением | Многоквартирные жилые дома;Перегон (нет объектов на месте ДТП);Не установлены;Сведения отсутствуют;Ясно;Сухое;В темное время суток, освещение включено;Режим движения не изменялся;1.0;2.0;1.0;0.0
12.0;23.07.2023;06:30;610.0;51.449253;94.560764;930001248.0;Съезд с дороги;Тандинский район;Подъезд к оз. Дус-Холь;Региональная или межмуниципальная (дорога регионального или межмуниципального значения);5.0;Вне НП;Отсутствие в непосредственной близости объектов УДС и объектов притяжения;Перегон (нет объектов на месте ДТП);Не установлены;Сведения отсутствуют;Ясно;Сухое;Светлое время суток;Режим движения не изменялся;1.0;2.0;0.0;2.0
14.0;22.07.2023;12:37;750.0;51.703357;94.424293;930001244.0;Наезд на пешехода;г.Кызыл;;Местного значения (дорога местного значения, включая относящиеся к собственности поселений, муниципальных районов, городских округов);;Магистральные улицы общегородского значения;Остановка общественного транспорта | Крупный торговый объект (являющийся объектом массового тяготения пешеходов и (или) транспорта) | Административные здания | Многоквартирные жилые дома;Нерегулируемый пешеходный переход;Отсутствие, плохая различимость горизонтальной разметки проезжей части;Сведения отсутствуют;Ясно;Сухое;Светлое время суток;Режим движения не изменялся;1.0;2.0;0.0;1.0
15.0;21.07.2023;12:53;820.0;51.705638;94.501197;930001233.0;Наезд на пешехода;г.Кызыл;;Местного значения (дорога местного значения, включая относящиеся к собственности поселений, муниципальных районов, городских округов);;Магистральные улицы общегородского значения;Жилые дома индивидуальной застройки;Перегон (нет объектов на месте ДТП);Не установлены;Сведения отсутствуют;Ясно;Сухое;Светлое время суток;Режим движения не изменялся;1.0;2.0;0.0;1.0
16.0;21.07.2023;19:50;610.0;52.11146;93.954735;930001238.0;Съезд с дороги;Пий-Хемский район;Р-257 Енисей Красноярск - Абакан - Кызыл - граница с Монголией;Федеральная (дорога федерального значения);;Вне НП;Отсутствие в непосредственной близости объектов УДС и объектов притяжения;Перегон (нет объектов на месте ДТП);Не установлены;Сведения отсутствуют;Ясно;Сухое;Светлое время суток;Режим движения не изменялся;1.0;1.0;0.0;1.0
21.0;20.07.2023;22:30;700.0;51.682002;94.322991;930001230.0;Наезд на пешехода;г.Кызыл;;Местного значения (дорога местного значения, включая относящиеся к собственности поселений, муниципальных районов, городских округов);;Улицы и дороги местного значения в жилой застройке;Остановка общественного транспорта | Жилые дома индивидуальной застройки;Нерегулируемый пешеходный переход | Нерегулируемый перекрёсток неравнозначных улиц (дорог);Отсутствие освещения;Сведения отсутствуют;Ясно;Сухое;В темное время суток, освещение отсутствует;Режим движения не изменялся;1.0;2.0;0.0;1.0
22.0;17.07.2023;22:00;200.0;51.712917;94.410925;930001205.0;Столкновение;г.Кызыл;;Местного значения (дорога местного значения, включая относящиеся к собственности поселений, муниципальных районов, городских округов);;Улицы и дороги местного значения в жилой застройке;Остановка общественного транспорта | Крупный торговый объект (являющийся объектом массового тяготения пешеходов и (или) транспорта);Нерегулируемый перекрёсток неравнозначных улиц (дорог);Не установлены;Сведения отсутствуют;Ясно;Сухое;В темное время суток, освещение не включено;Режим движения не изменялся;2.0;2.0;0.0;1.0
23.0;17.07.2023;18:24;730.0;51.718847;94.420785;930001202.0;Наезд на пешехода;г.Кызыл;;Местного значения (дорога местного значения, включая относящиеся к собственности поселений, муниципальных районов, городских округов);;Улицы и дороги местного значения в жилой застройке;Административные здания | Зоны отдыха | Многоквартирные жилые дома;Нерегулируемый пешеходный переход | Нерегулируемый перекрёсток неравнозначных улиц (дорог);Не установлены;Сведения отсутствуют;Ясно;Сухое;Светлое время суток;Режим движения не изменялся;1.0;2.0;0.0;1.0
25.0;16.07.2023;07:00;820.0;51.666853;94.28823;930001191.0;Наезд на пешехода;г.Кызыл;;Местного значения (дорога местного значения, включая относящиеся к собственности поселений, муниципальных районов, городских округов);;Улицы и дороги местного значения в жилой застройке;Жилые дома индивидуальной застройки;Перегон (нет объектов на месте ДТП);Не установлены;Сведения отсутствуют;Ясно;Сухое;Светлое время суток;Режим движения не изменялся;1.0;2.0;0.0;1.0
26.0;16.07.2023;17:00;690.0;52.146394;93.909073;930001197.0;Наезд на пешехода;Пий-Хемский район;;Местного значения (дорога местного значения, включая относящиеся к собственности поселений, муниципальных районов, городских округов);;Улицы и дороги местного значения в жилой застройке;Жилые дома индивидуальной застройки | Одиночный торговый объект, являющийся местом притяжения транспорта и (или) пешеходов;Нерегулируемый перекрёсток неравнозначных улиц (дорог);Отсутствие, плохая различимость горизонтальной разметки проезжей части | Отсутствие тротуаров (пешеходных дорожек);Сведения отсутствуют;Ясно;Сухое;Светлое время суток;Режим движения не изменялся;1.0;2.0;0.0;1.0
34.0;12.07.2023;11:15;750.0;51.703151;94.520295;930001156.0;Наезд на пешехода;г.Кызыл;;Местного значения (дорога местного значения, включая относящиеся к собственности поселений, муниципальных районов, городских округов);;Магистральные улицы общегородского значения;Остановка общественного транспорта | Жилые дома индивидуальной застройки | Одиночный торговый объект, являющийся местом притяжения транспорта и (или) пешеходов;Регулируемый пешеходный переход | Нерегулируемый перекрёсток неравнозначных улиц (дорог);Не установлены;Участок, контролируемый стационарными камерами автоматической фотовидеофиксации нарушений ПДД, обозначенный соответствующим предупреждающим знаком;Ясно;Сухое;Светлое время суток;Режим движения не изменялся;1.0;3.0;0.0;2.0
35.0;12.07.2023;11:07;820.0;51.700132;94.420946;930001155.0;Наезд на пешехода;г.Кызыл;;Местного значения (дорога местного значения, включая относящиеся к собственности поселений, муниципальных районов, городских округов);;Иные места;Многоквартирные жилые дома;Внутридворовая территория;Не установлены;Сведения отсутствуют;Ясно;Сухое;Светлое время суток;Режим движения не изменялся;1.0;2.0;1.0;0.0
42.0;05.07.2023;22:05;830.0;51.648303;94.995968;930001110.0;Наезд на пешехода;Каа-Хемский район;КЫЗЫЛ - САРЫГ-СЕП;Региональная или межмуниципальная (дорога регионального или межмуниципального значения);5.0;;Жилые дома индивидуальной застройки;Перегон (нет объектов на месте ДТП);Отсутствие тротуаров (пешеходных дорожек) | Отсутствие освещения;Сведения отсутствуют;Ясно;Сухое;В темное время суток, освещение отсутствует;Движение частично перекрыто;1.0;2.0;1.0;0.0
43.0;05.07.2023;11:15;990.0;51.224679;94.252481;930001224.0;Съезд с дороги;Тандинский район;Бай-Хаак - Чал-Кежиг;Региональная или межмуниципальная (дорога регионального или межмуниципального значения);5.0;Вне НП;Отсутствие в непосредственной близости объектов УДС и объектов притяжения;Перегон (нет объектов на месте ДТП);Не установлены;Сведения отсутствуют;Ясно;Сухое;Светлое время суток;Режим движения не изменялся;1.0;1.0;0.0;1.0
45.0;04.07.2023;04:30;940.0;51.716394;94.456286;930001090.0;Наезд на препятствие;г.Кызыл;;Местного значения (дорога местного значения, включая относящиеся к собственности поселений, муниципальных районов, городских округов);;Улицы и дороги местного значения в жилой застройке;Школа либо иная детская (в т.ч. дошкольная) организация | Регулируемый пешеходный переход | Жилые дома индивидуальной застройки;Регулируемый перекресток;Не установлены;Сведения отсутствуют;Пасмурно;Сухое;Сумерки;Режим движения не изменялся;1.0;3.0;0.0;1.0
46.0;04.07.2023;17:50;940.0;51.714074;94.444506;930001099.0;Наезд на препятствие;г.Кызыл;;Местного значения (дорога местного значения, включая относящиеся к собственности поселений, муниципальных районов, городских округов);;Улицы и дороги местного значения в жилой застройке;Жилые дома индивидуальной застройки;Перегон (нет объектов на месте ДТП);Не установлены;Сведения отсутствуют;Ясно;Сухое;Светлое время суток;Режим движения не изменялся;1.0;2.0;0.0;1.0
51.0;03.07.2023;04:05;610.0;51.940654;94.315224;930001083.0;Съезд с дороги;Пий-Хемский район;Р-257 Енисей Красноярск - Абакан - Кызыл - граница с Монголией;Федеральная (дорога федерального значения);5.0;Вне НП;Отсутствие в непосредственной близости объектов УДС и объектов притяжения;Перегон (нет объектов на месте ДТП);Не установлены;Сведения отсутствуют;Ясно;Сухое;В темное время суток, освещение отсутствует;Режим движения не изменялся;1.0;3.0;1.0;1.0
2.0;30.08.2023;21:00;600.0;52.05381;94.068804;930001571.0;Опрокидывание;Пий-Хемский район;Р-257 Енисей Красноярск - Абакан - Кызыл - граница с Монголией;Федеральная (дорога федерального значения);;Вне НП;Отсутствие в непосредственной близости объектов УДС и объектов притяжения;Перегон (нет объектов на месте ДТП);Не установлены;Сведения отсутствуют;Ясно;Сухое;В темное время суток, освещение отсутствует;Движение частично перекрыто;1.0;4.0;0.0;1.0
3.0;29.08.2023;14:59;710.0;51.716939;94.445665;930001560.0;Наезд на пешехода;г.Кызыл;;Местного значения (дорога местного значения, включая относящиеся к собственности поселений, муниципальных районов, городских округов);;Магистральные улицы общегородского значения;Многоквартирные жилые дома;Нерегулируемый пешеходный переход | Нерегулируемый перекрёсток неравнозначных улиц (дорог);Не установлены;Сведения отсутствуют;Ясно;Сухое;Светлое время суток;Движение частично перекрыто;1.0;3.0;0.0;2.0
6.0;28.08.2023;10:40;600.0;52.129194;93.92287;930001550.0;Съезд с дороги;Пий-Хемский район;Р-257 Енисей Красноярск - Абакан - Кызыл - граница с Монголией;Федеральная (дорога федерального значения);;;Производственное предприятие | Жилые дома индивидуальной застройки;Выезд с прилегающей территории;Не установлены;Участок, контролируемый стационарными камерами автоматической фотовидеофиксации нарушений ПДД, обозначенный соответствующим предупреждающим знаком;Ясно;Сухое;Светлое время суток;Режим движения не изменялся;1.0;4.0;0.0;1.0
9.0;27.08.2023;06:00;600.0;51.40286;92.270672;930001539.0;Съезд с дороги;Чаа-Хольский район;Р-257 Енисей Красноярск - Абакан - Кызыл - граница с Монголией;Федеральная (дорога федерального значения);;Вне НП;Отсутствие в непосредственной близости объектов УДС и объектов притяжения;Перегон (нет объектов на месте ДТП);Не установлены;Сведения отсутствуют;Ясно;Сухое;Светлое время суток;Режим движения не изменялся;1.0;2.0;0.0;2.0
12.0;25.08.2023;15:05;600.0;51.317778;92.464167;930001527.0;Опрокидывание;Улуг-Хемский район;;Местного значения (дорога местного значения, включая относящиеся к собственности поселений, муниципальных районов, городских округов);;Иные места;Иной объект;Перегон (нет объектов на месте ДТП);Не установлены;Сведения отсутствуют;Ясно;Сухое;Светлое время суток;Режим движения не изменялся;1.0;2.0;1.0;1.0
20.0;20.08.2023;13:55;600.0;51.481276;92.280157;930001473.0;Съезд с дороги;Чаа-Хольский район;ПОДЪЕЗД К с. ЧАА-ХОЛЬ;Региональная или межмуниципальная (дорога регионального или межмуниципального значения);5.0;Вне НП;Отсутствие в непосредственной близости объектов УДС и объектов притяжения;Мост, эстакада, путепровод;Не установлены;Сведения отсутствуют;Дождь;Мокрое;В темное время суток, освещение отсутствует;Режим движения не изменялся;1.0;1.0;0.0;1.0
21.0;20.08.2023;20:58;990.0;51.045495;90.107803;930001485.0;Падение пассажира;Бай-Тайгинский район;;Местного значения (дорога местного значения, включая относящиеся к собственности поселений, муниципальных районов, городских округов);;Вне НП;Отсутствие в непосредственной близости объектов УДС и объектов притяжения;Перегон (нет объектов на месте ДТП);Не установлены;Сведения отсутствуют;Ясно;Сухое;Сумерки;Режим движения не изменялся;1.0;2.0;0.0;1.0
23.0;17.08.2023;00:05;610.0;51.653589;94.298422;930001440.0;Съезд с дороги;Кызылский район;Р-257 Енисей Красноярск - Абакан - Кызыл - граница с Монголией;Федеральная (дорога федерального значения);;Вне НП;Отсутствие в непосредственной близости объектов УДС и объектов притяжения;Перегон (нет объектов на месте ДТП);Не установлены;Сведения отсутствуют;Ясно;Сухое;Светлое время суток;Режим движения не изменялся;1.0;1.0;0.0;1.0
24.0;17.08.2023;00:30;200.0;51.696369;94.406419;930001441.0;Столкновение;г.Кызыл;;Местного значения (дорога местного значения, включая относящиеся к собственности поселений, муниципальных районов, городских округов);;Улицы и дороги местного значения в жилой застройке;Крупный торговый объект (являющийся объектом массового тяготения пешеходов и (или) транспорта);Регулируемый пешеходный переход | Регулируемый перекресток;Не установлены;Сведения отсутствуют;Ясно;Сухое;В темное время суток, освещение включено;Движение частично перекрыто;2.0;2.0;0.0;1.0
27.0;17.08.2023;21:20;820.0;51.703071;94.521754;930001451.0;Наезд на пешехода;г.Кызыл;;Местного значения (дорога местного значения, включая относящиеся к собственности поселений, муниципальных районов, городских округов);;Улицы и дороги местного значения в жилой застройке;Остановка общественного транспорта | Жилые дома индивидуальной застройки;Нерегулируемый перекрёсток неравнозначных улиц (дорог);Не установлены;Сведения отсутствуют;Ясно;Сухое;Светлое время суток;Движение частично перекрыто;1.0;2.0;0.0;1.0
32.0;14.08.2023;09:31;880.0;51.189565;90.600461;930001418.0;Наезд на пешехода;г.Ак-Довурак;;Местного значения (дорога местного значения, включая относящиеся к собственности поселений, муниципальных районов, городских округов);;Магистральные улицы районного значения;Крупный торговый объект (являющийся объектом массового тяготения пешеходов и (или) транспорта);Перегон (нет объектов на месте ДТП);Не установлены;Сведения отсутствуют;Ясно;Сухое;Светлое время суток;Режим движения не изменялся;1.0;2.0;0.0;1.0
37.0;13.08.2023;04:47;940.0;51.542418;92.980181;930001398.0;Наезд на препятствие;Улуг-Хемский район;Р-257 Енисей Красноярск - Абакан - Кызыл - граница с Монголией;Федеральная (дорога федерального значения);;;Нерегулируемый перекрёсток;Нерегулируемый перекрёсток неравнозначных улиц (дорог);Не установлены;Сведения отсутствуют;Ясно;Сухое;Сумерки;Режим движения не изменялся;1.0;1.0;0.0;1.0
40.0;12.08.2023;03:23;930.0;51.682308;94.352109;930001390.0;Наезд на препятствие;г.Кызыл;;Местного значения (дорога местного значения, включая относящиеся к собственности поселений, муниципальных районов, городских округов);;Магистральные улицы общегородского значения;АЗС | Административные здания | Кладбище;Подход к мосту, эстакаде, путепроводу;Не установлены;Сведения отсутствуют;Ясно;Сухое;Сумерки;Режим движения не изменялся;1.0;3.0;0.0;2.0
42.0;12.08.2023;15:48;610.0;51.544387;94.030545;930001394.0;Опрокидывание;Кызылский район;Р-257 Енисей Красноярск - Абакан - Кызыл - граница с Монголией;Федеральная (дорога федерального значения);;Вне НП;Отсутствие в непосредственной близости объектов УДС и объектов притяжения;Перегон (нет объектов на месте ДТП);Не установлены;Сведения отсутствуют;Ясно;Сухое;Светлое время суток;Режим движения не изменялся;1.0;4.0;0.0;2.0
50.0;08.08.2023;21:04;900.0;51.557563;93.321294;930001366.0;Наезд на животное;Улуг-Хемский район;Р-257 Енисей Красноярск - Абакан - Кызыл - граница с Монголией;Федеральная (дорога федерального значения);5.0;Вне НП;Отсутствие в непосредственной близости объектов УДС и объектов притяжения;Перегон (нет объектов на месте ДТП);Не установлены;Оказание влияния на движение транспортного потока или отдельного транспортного средства, наличия или внезапного появления на проезжей части животных;Дождь;Мокрое;В темное время суток, освещение отсутствует;Движение частично перекрыто;1.0;3.0;1.0;0.0
52.0;07.08.2023;22:03;730.0;51.702613;94.418349;930001357.0;Наезд на пешехода;г.Кызыл;;Местного значения (дорога местного значения, включая относящиеся к собственности поселений, муниципальных районов, городских округов);;Магистральные улицы общегородского значения;Остановка общественного транспорта | Крупный торговый объект (являющийся объектом массового тяготения пешеходов и (или) транспорта) | Многоквартирные жилые дома;Регулируемый пешеходный переход | Регулируемый перекресток;Не установлены;Сведения отсутствуют;Дождь;Мокрое;В темное время суток, освещение включено;Режим движения не изменялся;1.0;2.0;0.0;1.0
57.0;04.08.2023;05:35;940.0;51.28844;91.502552;930001359.0;Наезд на препятствие;Дзун-Хемчикский район;Р-257 Енисей Красноярск - Абакан - Кызыл - граница с Монголией;Федеральная (дорога федерального значения);5.0;Вне НП;Мост;Перегон (нет объектов на месте ДТП);Не установлены;Участок, контролируемый стационарными камерами автоматической фотовидеофиксации нарушений ПДД, обозначенный соответствующим предупреждающим знаком | Проведение дорожных и прочих работ без сужения проезжей части;Ясно;Сухое;Светлое время суток;Режим движения не изменялся;1.0;3.0;0.0;3.0
1.0;30.09.2023;04:15;610.0;51.368431;90.46001;930001819.0;Съезд с дороги;Барун-Хемчикский район;АБАКАН-АК-ДОВУРАК;Региональная или межмуниципальная (дорога регионального или межмуниципального значения);6.0;Вне НП;Эстакада, путепровод;Перегон (нет объектов на месте ДТП);Не установлены;Сведения отсутствуют;Ясно;Сухое;В темное время суток, освещение отсутствует;Режим движения не изменялся;1.0;3.0;0.0;3.0
3.0;28.09.2023;08:00;500.0;51.28036;91.57937;930001795.0;Столкновение;Дзун-Хемчикский район;;Местного значения (дорога местного значения, включая относящиеся к собственности поселений, муниципальных районов, городских округов);;Улицы и дороги местного значения в жилой застройке;Остановка общественного транспорта;Нерегулируемый перекрёсток неравнозначных улиц (дорог);Не установлены;Сведения отсутствуют;Ясно;Сухое;Светлое время суток;Режим движения не изменялся;2.0;3.0;0.0;1.0
6.0;26.09.2023;14:24;200.0;51.786234;94.463485;930001783.0;Столкновение;г.Кызыл;;Местного значения (дорога местного значения, включая относящиеся к собственности поселений, муниципальных районов, городских округов);;Магистральные улицы общегородского значения;Жилые дома индивидуальной застройки;Остановка общественного транспорта;Не установлены;Сведения отсутствуют;Пасмурно;Сухое;Светлое время суток;Движение частично перекрыто;2.0;4.0;0.0;4.0
7.0;25.09.2023;19:35;900.0;51.129936;91.588147;930001777.0;Наезд на животное;Дзун-Хемчикский район;Р-257 Енисей Красноярск - Абакан - Кызыл - граница с Монголией;Федеральная (дорога федерального значения);;Вне НП;Отсутствие в непосредственной близости объектов УДС и объектов притяжения;Перегон (нет объектов на месте ДТП);Не установлены;Сведения отсутствуют;Ясно;Сухое;В темное время суток, освещение отсутствует;Режим движения не изменялся;1.0;2.0;0.0;1.0
8.0;24.09.2023;15:36;500.0;51.702659;94.445772;930001766.0;Столкновение;г.Кызыл;;Местного значения (дорога местного значения, включая относящиеся к собственности поселений, муниципальных районов, городских округов);;Магистральные улицы общегородского значения;АЗС | Жилые дома индивидуальной застройки | Многоквартирные жилые дома;Регулируемый перекресток;Не установлены;Сведения отсутствуют;Пасмурно;Сухое;Светлое время суток;Режим движения не изменялся;2.0;4.0;0.0;2.0
9.0;22.09.2023;18:04;70.0;51.703397;94.485458;930001752.0;Столкновение;г.Кызыл;;Местного значения (дорога местного значения, включая относящиеся к собственности поселений, муниципальных районов, городских округов);;Магистральные улицы общегородского значения;Нерегулируемый пешеходный переход | Жилые дома индивидуальной застройки;Нерегулируемый перекрёсток неравнозначных улиц (дорог);Не установлены;Участок, оборудованный искусственными неровностями;Ясно;Сухое;Светлое время суток;Движение частично перекрыто;2.0;2.0;0.0;1.0
12.0;21.09.2023;21:32;410.0;51.720302;94.44839;930001743.0;Столкновение;г.Кызыл;;Местного значения (дорога местного значения, включая относящиеся к собственности поселений, муниципальных районов, городских округов);;Улицы и дороги местного значения в жилой застройке;Регулируемый пешеходный переход | Жилые дома индивидуальной застройки;Регулируемый перекресток;Не установлены;Сведения отсутствуют;Пасмурно;Сухое;В темное время суток, освещение включено;Режим движения не изменялся;2.0;2.0;0.0;1.0
17.0;18.09.2023;21:43;830.0;51.556876;93.76447;930001720.0;Наезд на пешехода;Тандинский район;Р-257 Енисей Красноярск - Абакан - Кызыл - граница с Монголией;Федеральная (дорога федерального значения);;Вне НП;Производственное предприятие;Перегон (нет объектов на месте ДТП);Не установлены;Сведения отсутствуют;Дождь;Сухое;В темное время суток, освещение отсутствует;Режим движения не изменялся;1.0;2.0;1.0;0.0
18.0;18.09.2023;19:25;200.0;51.649754;95.008714;930001719.0;Столкновение;Каа-Хемский район;;Местного значения (дорога местного значения, включая относящиеся к собственности поселений, муниципальных районов, городских округов);;Главные улицы;Жилые дома индивидуальной застройки;Перегон (нет объектов на месте ДТП);Не установлены;Сведения отсутствуют;Ясно;Сухое;В темное время суток, освещение включено;Движение частично перекрыто;2.0;3.0;0.0;2.0
21.0;17.09.2023;19:52;800.0;51.191233;90.602789;930001704.0;Наезд на пешехода;г.Ак-Довурак;;Местного значения (дорога местного значения, включая относящиеся к собственности поселений, муниципальных районов, городских округов);;Магистральные улицы районного значения;Многоквартирные жилые дома;Перегон (нет объектов на месте ДТП);Не установлены;Сведения отсутствуют;Дождь;Мокрое;В темное время суток, освещение отсутствует;Режим движения не изменялся;1.0;2.0;0.0;1.0
27.0;12.09.2023;09:00;140.0;51.720156;94.433616;930001663.0;Столкновение;г.Кызыл;;Местного значения (дорога местного значения, включая относящиеся к собственности поселений, муниципальных районов, городских округов);;Улицы и дороги местного значения в жилой застройке;Крупный торговый объект (являющийся объектом массового тяготения пешеходов и (или) транспорта) | Медицинские (лечебные) организации | Многоквартирные жилые дома;Регулируемый пешеходный переход | Регулируемый перекресток;Не установлены;Сведения отсутствуют;Ясно;Сухое;Светлое время суток;Режим движения не изменялся;3.0;3.0;0.0;2.0
29.0;08.09.2023;01:48;200.0;51.46;92.754076;930001628.0;Столкновение;Улуг-Хемский район;Р-257 Енисей Красноярск - Абакан - Кызыл - граница с Монголией;Федеральная (дорога федерального значения);;Вне НП;Отсутствие в непосредственной близости объектов УДС и объектов притяжения;Перегон (нет объектов на месте ДТП);Не установлены;Сведения отсутствуют;Пасмурно;Сухое;В темное время суток, освещение отсутствует;Движение частично перекрыто;2.0;12.0;5.0;3.0
33.0;06.09.2023;07:34;740.0;51.719398;94.460557;930001616.0;Наезд на пешехода;г.Кызыл;;Местного значения (дорога местного значения, включая относящиеся к собственности поселений, муниципальных районов, городских округов);;Магистральные улицы общегородского значения;Остановка общественного транспорта | Административные здания | Жилые дома индивидуальной застройки;Нерегулируемый пешеходный переход | Нерегулируемый перекрёсток неравнозначных улиц (дорог);Не установлены;Участок, оборудованный искусственными неровностями;Ясно;Сухое;Сумерки;Режим движения не изменялся;1.0;3.0;0.0;2.0
34.0;04.09.2023;15:42;820.0;51.715091;94.487808;930001607.0;Наезд на пешехода;г.Кызыл;;Местного значения (дорога местного значения, включая относящиеся к собственности поселений, муниципальных районов, городских округов);;Улицы и дороги местного значения в жилой застройке;Остановка общественного транспорта | Регулируемый пешеходный переход | Регулируемый перекрёсток | Многоквартирные жилые дома;Перегон (нет объектов на месте ДТП);Не установлены;Сведения отсутствуют;Ясно;Сухое;Светлое время суток;Движение частично перекрыто;1.0;2.0;0.0;1.0
36.0;04.09.2023;21:46;870.0;51.8103;94.457316;930001609.0;Наезд на пешехода;г.Кызыл;Подъезд к С.КАРА-ХААК;Региональная или межмуниципальная (дорога регионального или межмуниципального значения);5.0;;Жилые дома индивидуальной застройки;Перегон (нет объектов на месте ДТП);Не установлены;Сведения отсутствуют;Ясно;Сухое;В темное время суток, освещение отсутствует;Движение частично перекрыто;1.0;2.0;0.0;1.0
38.0;03.09.2023;21:35;990.0;50.254669;95.189838;930001598.0;Опрокидывание;Эрзинский район;Подъезд к с.Тоолайлыг;Региональная или межмуниципальная (дорога регионального или межмуниципального значения);7.0;Вне НП;Отсутствие в непосредственной близости объектов УДС и объектов притяжения;Перегон (нет объектов на месте ДТП);Не установлены;Сведения отсутствуют;Ясно;Сухое;В темное время суток, освещение отсутствует;Режим движения не изменялся;1.0;1.0;0.0;1.0
39.0;02.09.2023;21:35;820.0;51.684144;94.434958;930001588.0;Наезд на пешехода;г.Кызыл;Кызыл-Эрзин-граница с Монголией;Региональная или межмуниципальная (дорога регионального или межмуниципального значения);5.0;;Многоквартирные жилые дома;Перегон (нет объектов на месте ДТП);Не установлены;Сведения отсутствуют;Пасмурно;Сухое;В темное время суток, освещение отсутствует;Движение частично перекрыто;1.0;2.0;1.0;0.0
1.0;31.10.2023;13:45;600.0;52.052965;94.096313;930002075.0;Съезд с дороги;Пий-Хемский район;Р-257 Енисей Красноярск - Абакан - Кызыл - граница с Монголией;Федеральная (дорога федерального значения);;Вне НП;Отсутствие в непосредственной близости объектов УДС и объектов притяжения;Перегон (нет объектов на месте ДТП);Не установлены;Сведения отсутствуют;Ясно;Заснеженное;Светлое время суток;Режим движения не изменялся;1.0;3.0;0.0;3.0
2.0;30.10.2023;04:10;840.0;51.691301;94.420023;930002058.0;Наезд на пешехода;г.Кызыл;;Местного значения (дорога местного значения, включая относящиеся к собственности поселений, муниципальных районов, городских округов);;Улицы и дороги местного значения в жилой застройке;Жилые дома индивидуальной застройки;Перегон (нет объектов на месте ДТП);Не установлены;Сведения отсутствуют;Снегопад;Заснеженное;В темное время суток, освещение включено;Движение частично перекрыто;1.0;2.0;1.0;0.0
4.0;29.10.2023;11:00;840.0;51.696681;94.576814;930002051.0;Наезд на пешехода;Кызылский район;;Местного значения (дорога местного значения, включая относящиеся к собственности поселений, муниципальных районов, городских округов);;Поселковые дороги;Жилые дома индивидуальной застройки;Перегон (нет объектов на месте ДТП);Не установлены;Сведения отсутствуют;Ясно;Сухое;Светлое время суток;Режим движения не изменялся;1.0;2.0;0.0;1.0
7.0;28.10.2023;19:28;200.0;51.554561;93.058566;930002041.0;Столкновение;Улуг-Хемский район;Р-257 Енисей Красноярск - Абакан - Кызыл - граница с Монголией;Федеральная (дорога федерального значения);5.0;Вне НП;Отсутствие в непосредственной близости объектов УДС и объектов притяжения;Перегон (нет объектов на месте ДТП);Не установлены;Участок, контролируемый стационарными камерами автоматической фотовидеофиксации нарушений ПДД, обозначенный соответствующим предупреждающим знаком;Ясно;Сухое;В темное время суток, освещение отсутствует;Движение частично перекрыто;2.0;8.0;5.0;3.0
8.0;27.10.2023;09:36;200.0;51.791258;94.454699;930002026.0;Столкновение;г.Кызыл;Подъезд к С.КАРА-ХААК;Региональная или межмуниципальная (дорога регионального или межмуниципального значения);5.0;;Жилые дома индивидуальной застройки;Перегон (нет объектов на месте ДТП);Не установлены;Сведения отсутствуют;Ясно;Сухое;Светлое время суток;Режим движения не изменялся;2.0;3.0;0.0;2.0
9.0;27.10.2023;16:36;800.0;51.670406;94.301866;930002032.0;Наезд на пешехода;г.Кызыл;;Местного значения (дорога местного значения, включая относящиеся к собственности поселений, муниципальных районов, городских округов);;Улицы и дороги местного значения в жилой застройке;Жилые дома индивидуальной застройки;Нерегулируемый перекрёсток неравнозначных улиц (дорог);Не установлены;Сведения отсутствуют;Ясно;Сухое;Светлое время суток;Режим движения не изменялся;1.0;2.0;0.0;1.0
13.0;26.10.2023;12:56;200.0;51.135249;95.036697;930002019.0;Столкновение;Тандинский район;Кызыл-Эрзин-граница с Монголией;Региональная или межмуниципальная (дорога регионального или межмуниципального значения);6.0;Вне НП;Отсутствие в непосредственной близости объектов УДС и объектов притяжения;Перегон (нет объектов на месте ДТП);Не установлены;Сведения отсутствуют;Ясно;Сухое;Светлое время суток;Режим движения не изменялся;2.0;6.0;5.0;1.0
14.0;26.10.2023;11:20;700.0;51.696748;94.421203;930002018.0;Наезд на пешехода;г.Кызыл;;Местного значения (дорога местного значения, включая относящиеся к собственности поселений, муниципальных районов, городских округов);;Магистральные улицы общегородского значения;Крупный торговый объект (являющийся объектом массового тяготения пешеходов и (или) транспорта) | Многоквартирные жилые дома;Нерегулируемый пешеходный переход;Не установлены;Сведения отсутствуют;Ясно;Сухое;Светлое время суток;Движение частично перекрыто;1.0;2.0;0.0;1.0
17.0;22.10.2023;18:49;800.0;51.689299;94.567866;930001987.0;Наезд на пешехода;Кызылский район;;Местного значения (дорога местного значения, включая относящиеся к собственности поселений, муниципальных районов, городских округов);;Улицы и дороги местного значения в производственных, промышленных и коммунально-складских зонах;Жилые дома индивидуальной застройки | Многоквартирные жилые дома;Перегон (нет объектов на месте ДТП);Не установлены;Сведения отсутствуют;Ясно;Сухое;Светлое время суток;Режим движения не изменялся;1.0;2.0;0.0;1.0
19.0;21.10.2023;16:50;820.0;51.681437;94.298315;930001981.0;Наезд на пешехода;г.Кызыл;;Местного значения (дорога местного значения, включая относящиеся к собственности поселений, муниципальных районов, городских округов);;Улицы и дороги местного значения в жилой застройке;Жилые дома индивидуальной застройки;Перегон (нет объектов на месте ДТП);Не установлены;Сведения отсутствуют;Ясно;Сухое;Светлое время суток;Режим движения не изменялся;1.0;2.0;0.0;1.0
21.0;20.10.2023;20:38;900.0;51.548163;93.81938;930001974.0;Наезд на животное;Тандинский район;Р-257 Енисей Красноярск - Абакан - Кызыл - граница с Монголией;Федеральная (дорога федерального значения);;Вне НП;Отсутствие в непосредственной близости объектов УДС и объектов притяжения;Перегон (нет объектов на месте ДТП);Не установлены;Оказание влияния на движение транспортного потока или отдельного транспортного средства, наличия или внезапного появления на проезжей части животных;Ясно;Сухое;В темное время суток, освещение отсутствует;Режим движения не изменялся;1.0;3.0;0.0;1.0
23.0;18.10.2023;18:40;840.0;51.570241;94.106998;930001961.0;Наезд на пешехода;Кызылский район;Р-257 Енисей Красноярск - Абакан - Кызыл - граница с Монголией;Федеральная (дорога федерального значения);;Вне НП;Отсутствие в непосредственной близости объектов УДС и объектов притяжения;Перегон (нет объектов на месте ДТП);Не установлены;Участок, контролируемый стационарными камерами автоматической фотовидеофиксации нарушений ПДД, обозначенный соответствующим предупреждающим знаком;Ясно;Сухое;В темное время суток, освещение отсутствует;Движение частично перекрыто;1.0;2.0;1.0;0.0
26.0;14.10.2023;05:32;200.0;51.330236;91.801243;930002251.0;Столкновение;Дзун-Хемчикский район;Р-257 Енисей Красноярск - Абакан - Кызыл - граница с Монголией;Федеральная (дорога федерального значения);6.0;Вне НП;Отсутствие в непосредственной близости объектов УДС и объектов притяжения;Перегон (нет объектов на месте ДТП);Не установлены;Сведения отсутствуют;Ясно;Сухое;В темное время суток, освещение отсутствует;Режим движения не изменялся;2.0;5.0;0.0;3.0
28.0;11.10.2023;13:30;800.0;51.536112;92.917814;930001909.0;Наезд на пешехода;Улуг-Хемский район;;Местного значения (дорога местного значения, включая относящиеся к собственности поселений, муниципальных районов, городских округов);;Улицы и дороги местного значения научно-производственных промышленных и коммунально-складских районов;Административные здания | Нерегулируемый пешеходный переход | Нерегулируемый перекрёсток | Жилые дома индивидуальной застройки;Нерегулируемый перекрёсток неравнозначных улиц (дорог);Не установлены;Сведения отсутствуют;Ясно;Сухое;Светлое время суток;Режим движения не изменялся;1.0;2.0;0.0;1.0
30.0;11.10.2023;11:38;800.0;51.701003;94.474171;930001910.0;Наезд на пешехода;г.Кызыл;;Местного значения (дорога местного значения, включая относящиеся к собственности поселений, муниципальных районов, городских округов);;Улицы и дороги местного значения в жилой застройке;Крупный торговый объект (являющийся объектом массового тяготения пешеходов и (или) транспорта);Нерегулируемый перекрёсток неравнозначных улиц (дорог) | Остановка общественного транспорта;Не установлены;Сведения отсутствуют;Ясно;Сухое;Светлое время суток;Движение частично перекрыто;1.0;2.0;0.0;1.0
31.0;10.10.2023;23:20;940.0;51.668017;94.300611;930001904.0;Наезд на препятствие;г.Кызыл;;Местного значения (дорога местного значения, включая относящиеся к собственности поселений, муниципальных районов, городских округов);;Улицы и дороги местного значения в жилой застройке;Жилые дома индивидуальной застройки;Перегон (нет объектов на месте ДТП);Не установлены;Сведения отсутствуют;Ясно;Сухое;В темное время суток, освещение отсутствует;Режим движения не изменялся;1.0;3.0;0.0;1.0
32.0;10.10.2023;00:00;610.0;51.563866;95.364332;930001902.0;Съезд с дороги;Каа-Хемский район;БОЯРОВКА - ТООРА-ХЕМ;Региональная или межмуниципальная (дорога регионального или межмуниципального значения);5.0;Вне НП;Отсутствие в непосредственной близости объектов УДС и объектов притяжения;Перегон (нет объектов на месте ДТП);Не установлены;Сведения отсутствуют;Ясно;Сухое;В темное время суток, освещение отсутствует;Режим движения не изменялся;1.0;3.0;0.0;3.0
33.0;09.10.2023;12:50;740.0;51.720681;94.437404;930001892.0;Наезд на велосипедиста;г.Кызыл;;Местного значения (дорога местного значения, включая относящиеся к собственности поселений, муниципальных районов, городских округов);;Улицы и дороги местного значения в жилой застройке;Иная образовательная организация | Административные здания | Многоквартирные жилые дома;Регулируемый пешеходный переход | Регулируемый перекресток;Не установлены;Сведения отсутствуют;Ясно;Сухое;Светлое время суток;Режим движения не изменялся;2.0;2.0;0.0;1.0
34.0;09.10.2023;16:45;610.0;51.797973;94.326854;930001896.0;Съезд с дороги;Пий-Хемский район;Р-257 Енисей Красноярск - Абакан - Кызыл - граница с Монголией;Федеральная (дорога федерального значения);;Вне НП;Отсутствие в непосредственной близости объектов УДС и объектов притяжения;Перегон (нет объектов на месте ДТП);Не установлены;Сведения отсутствуют;Ясно;Сухое;Светлое время суток;Режим движения не изменялся;1.0;1.0;1.0;0.0
35.0;09.10.2023;23:35;610.0;51.933682;94.32724;930001899.0;Съезд с дороги;Пий-Хемский район;Р-257 Енисей Красноярск - Абакан - Кызыл - граница с Монголией;Федеральная (дорога федерального значения);;Вне НП;Отсутствие в непосредственной близости объектов УДС и объектов притяжения;Перегон (нет объектов на месте ДТП);Не установлены;Сведения отсутствуют;Ясно;Сухое;В темное время суток, освещение отсутствует;Режим движения не изменялся;1.0;4.0;0.0;4.0
36.0;09.10.2023;20:33;840.0;50.882663;90.34152;930001898.0;Наезд на пешехода;Бай-Тайгинский район;;Местного значения (дорога местного значения, включая относящиеся к собственности поселений, муниципальных районов, городских округов);;Главные улицы;Жилые дома индивидуальной застройки;Перегон (нет объектов на месте ДТП);Не установлены;Сведения отсутствуют;Пасмурно;Сухое;В темное время суток, освещение отсутствует;Режим движения не изменялся;1.0;3.0;1.0;1.0
37.0;08.10.2023;02:08;500.0;51.728204;94.410206;930001882.0;Столкновение;г.Кызыл;;Местного значения (дорога местного значения, включая относящиеся к собственности поселений, муниципальных районов, городских округов);;Улицы и дороги местного значения в жилой застройке;АЗС | Жилые дома индивидуальной застройки;Регулируемый пешеходный переход | Регулируемый перекресток;Не установлены;Сведения отсутствуют;Ясно;Сухое;Светлое время суток;Движение частично перекрыто;2.0;3.0;0.0;1.0
38.0;08.10.2023;13:35;610.0;51.203368;93.696524;930001885.0;Съезд с дороги;Чеди-Хольский район;Подъезд к - с.Хову-Аксы;Региональная или межмуниципальная (дорога регионального или межмуниципального значения);5.0;Вне НП;Отсутствие в непосредственной близости объектов УДС и объектов притяжения;Перегон (нет объектов на месте ДТП);Не установлены;Сведения отсутствуют;Ясно;Сухое;Светлое время суток;Режим движения не изменялся;1.0;2.0;0.0;1.0
42.0;05.10.2023;04:38;930.0;51.71071;94.36316;930001854.0;Наезд на препятствие;г.Кызыл;;Местного значения (дорога местного значения, включая относящиеся к собственности поселений, муниципальных районов, городских округов);;Магистральные улицы общегородского значения;Жилые дома индивидуальной застройки;Перегон (нет объектов на месте ДТП);Не установлены;Сведения отсутствуют;Ясно;Сухое;В темное время суток, освещение отсутствует;Режим движения не изменялся;1.0;5.0;0.0;5.0
43.0;04.10.2023;01:39;930.0;51.719146;94.438273;930001846.0;Наезд на препятствие;г.Кызыл;;Местного значения (дорога местного значения, включая относящиеся к собственности поселений, муниципальных районов, городских округов);;Улицы и дороги местного значения в жилой застройке;Крупный торговый объект (являющийся объектом массового тяготения пешеходов и (или) транспорта) | Административные здания | Многоквартирные жилые дома;Регулируемый пешеходный переход | Регулируемый перекресток;Не установлены;Участок, контролируемый стационарными камерами автоматической фотовидеофиксации нарушений ПДД, обозначенный соответствующим предупреждающим знаком;Ясно;Сухое;В темное время суток, освещение включено;Движение частично перекрыто;1.0;2.0;0.0;2.0
46.0;04.10.2023;00:35;930.0;51.686233;94.358954;930001844.0;Наезд на препятствие;г.Кызыл;;Местного значения (дорога местного значения, включая относящиеся к собственности поселений, муниципальных районов, городских округов);;Магистральные улицы общегородского значения;Производственное предприятие;Перегон (нет объектов на месте ДТП);Не установлены;Сведения отсутствуют;Пасмурно;Сухое;В темное время суток, освещение не включено;Режим движения не изменялся;1.0;4.0;3.0;1.0
47.0;03.10.2023;05:33;500.0;51.709853;94.41954;930001836.0;Столкновение;г.Кызыл;;Местного значения (дорога местного значения, включая относящиеся к собственности поселений, муниципальных районов, городских округов);;Улицы и дороги местного значения в жилой застройке;Жилые дома индивидуальной застройки;Нерегулируемый пешеходный переход | Нерегулируемый перекрёсток неравнозначных улиц (дорог);Не установлены;Сведения отсутствуют;Пасмурно;Сухое;В темное время суток, освещение включено;Режим движения не изменялся;2.0;3.0;0.0;1.0
48.0;03.10.2023;22:15;200.0;51.167;93.643245;930001843.0;Столкновение;Чеди-Хольский район;ПОДЪЕЗД К С.АК-ТАЛ;Региональная или межмуниципальная (дорога регионального или межмуниципального значения);6.0;Вне НП;Отсутствие в непосредственной близости объектов УДС и объектов притяжения;Перегон (нет объектов на месте ДТП);Не установлены;Сведения отсутствуют;Ясно;Сухое;В темное время суток, освещение отсутствует;Режим движения не изменялся;2.0;7.0;0.0;5.0
50.0;02.10.2023;21:30;910.0;51.703204;94.473732;930001834.0;Наезд на стоящее ТС;г.Кызыл;;Местного значения (дорога местного значения, включая относящиеся к собственности поселений, муниципальных районов, городских округов);;Улицы и дороги местного значения научно-производственных промышленных и коммунально-складских районов;АЗС | Многоквартирные жилые дома;Регулируемый перекресток;Не установлены;Сведения отсутствуют;Ясно;Сухое;В темное время суток, освещение включено;Движение частично перекрыто;4.0;5.0;0.0;1.0
51.0;01.10.2023;00:23;830.0;51.690543;94.628935;930001824.0;Наезд на пешехода;Кызылский район;КЫЗЫЛ - САРЫГ-СЕП;Региональная или межмуниципальная (дорога регионального или межмуниципального значения);5.0;;Жилые дома индивидуальной застройки;Перегон (нет объектов на месте ДТП);Не установлены;Сведения отсутствуют;Ясно;Сухое;В темное время суток, освещение отсутствует;Движение частично перекрыто;1.0;2.0;1.0;0.0
2.0;28.11.2023;20:15;610.0;51.695863;95.421474;930002285.0;Съезд с дороги;Каа-Хемский район;БОЯРОВКА - ТООРА-ХЕМ;Региональная или межмуниципальная (дорога регионального или межмуниципального значения);7.0;Вне НП;Отсутствие в непосредственной близости объектов УДС и объектов притяжения;Перегон (нет объектов на месте ДТП);Не установлены;Сведения отсутствуют;Ясно;Заснеженное;В темное время суток, освещение отсутствует;Режим движения не изменялся;1.0;1.0;0.0;1.0
4.0;27.11.2023;14:33;300.0;51.762621;94.443369;930002271.0;Столкновение;г.Кызыл;Подъезд к С.КАРА-ХААК;Региональная или межмуниципальная (дорога регионального или межмуниципального значения);6.0;;Жилые дома индивидуальной застройки;Нерегулируемый перекрёсток неравнозначных улиц (дорог);Не установлены;Сведения отсутствуют;Пасмурно;Со снежным накатом;Светлое время суток;Режим движения не изменялся;2.0;3.0;2.0;1.0
5.0;27.11.2023;18:23;430.0;51.689278;94.406526;930002276.0;Столкновение;г.Кызыл;;Местного значения (дорога местного значения, включая относящиеся к собственности поселений, муниципальных районов, городских округов);;Улицы и дороги местного значения в жилой застройке;Иная образовательная организация | Жилые дома индивидуальной застройки | Объект (здание, сооружение) религиозного культа;Выезд с прилегающей территории;Не установлены;Сведения отсутствуют;Пасмурно;Со снежным накатом;В темное время суток, освещение включено;Режим движения не изменялся;2.0;3.0;0.0;1.0
8.0;25.11.2023;16:32;820.0;51.705771;94.42793;930002259.0;Наезд на пешехода;г.Кызыл;;Местного значения (дорога местного значения, включая относящиеся к собственности поселений, муниципальных районов, городских округов);;Магистральные улицы общегородского значения;Остановка общественного транспорта | Крупный торговый объект (являющийся объектом массового тяготения пешеходов и (или) транспорта) | Многоквартирные жилые дома;Выезд с прилегающей территории;Не установлены;Сведения отсутствуют;Ясно;Со снежным накатом;Светлое время суток;Режим движения не изменялся;1.0;2.0;0.0;1.0
9.0;25.11.2023;17:22;770.0;51.690091;94.64065;930002260.0;Наезд на пешехода;Кызылский район;КЫЗЫЛ - САРЫГ-СЕП;Региональная или межмуниципальная (дорога регионального или межмуниципального значения);6.0;Вне НП;Жилые дома индивидуальной застройки;Нерегулируемый перекрёсток неравнозначных улиц (дорог);Не установлены;Сведения отсутствуют;Снегопад;Заснеженное;В темное время суток, освещение отсутствует;Режим движения не изменялся;1.0;2.0;1.0;0.0
12.0;20.11.2023;11:34;610.0;51.271823;91.140261;930002221.0;Съезд с дороги;Дзун-Хемчикский район;А162-Г.КЫЗЫЛ - Г.АК-ДОВУРАК;Региональная или межмуниципальная (дорога регионального или межмуниципального значения);6.0;Вне НП;Отсутствие в непосредственной близости объектов УДС и объектов притяжения;Перегон (нет объектов на месте ДТП);Не установлены;Сведения отсутствуют;Ясно;Сухое;Светлое время суток;Режим движения не изменялся;1.0;5.0;0.0;5.0
14.0;19.11.2023;01:50;830.0;51.689824;94.429379;930002207.0;Наезд на пешехода;г.Кызыл;Кызыл-Эрзин-граница с Монголией;Региональная или межмуниципальная (дорога регионального или межмуниципального значения);5.0;;АЗС | Нерегулируемое пересечение с круговым движением | Жилые дома индивидуальной застройки | Многоквартирные жилые дома;Перегон (нет объектов на месте ДТП);Не установлены;Участок, контролируемый стационарными камерами автоматической фотовидеофиксации нарушений ПДД, обозначенный соответствующим предупреждающим знаком;Пасмурно;Сухое;В темное время суток, освещение отсутствует;Режим движения не изменялся;1.0;2.0;1.0;0.0
17.0;16.11.2023;13:13;70.0;51.70343;94.423456;930002183.0;Столкновение;г.Кызыл;;Местного значения (дорога местного значения, включая относящиеся к собственности поселений, муниципальных районов, городских округов);;Магистральные улицы общегородского значения;Остановка общественного транспорта | Административные здания | Регулируемый перекрёсток | Многоквартирные жилые дома;Регулируемый пешеходный переход;Не установлены;Участок, оборудованный искусственными неровностями;Ясно;Сухое;Светлое время суток;Движение частично перекрыто;4.0;5.0;0.0;2.0
18.0;16.11.2023;12:25;800.0;51.701023;94.525777;930002181.0;Наезд на пешехода;г.Кызыл;;Местного значения (дорога местного значения, включая относящиеся к собственности поселений, муниципальных районов, городских округов);;Улицы и дороги местного значения в жилой застройке;Жилые дома индивидуальной застройки;Перегон (нет объектов на месте ДТП);Не установлены;Сведения отсутствуют;Ясно;Заснеженное;Светлое время суток;Режим движения не изменялся;1.0;2.0;0.0;1.0
20.0;13.11.2023;13:16;200.0;51.697366;94.416922;930002162.0;Столкновение;г.Кызыл;;Местного значения (дорога местного значения, включая относящиеся к собственности поселений, муниципальных районов, городских округов);;Улицы и дороги местного значения научно-производственных промышленных и коммунально-складских районов;АЗС | Нерегулируемое пересечение с круговым движением | Многоквартирные жилые дома;Выезд с прилегающей территории;Не установлены;Сведения отсутствуют;Ясно;Сухое;Светлое время суток;Движение частично перекрыто;2.0;3.0;0.0;1.0
25.0;09.11.2023;19:07;300.0;51.696847;94.422394;930002141.0;Столкновение;г.Кызыл;;Местного значения (дорога местного значения, включая относящиеся к собственности поселений, муниципальных районов, городских округов);;Магистральные улицы общегородского значения;АЗС | Крупный торговый объект (являющийся объектом массового тяготения пешеходов и (или) транспорта) | Административные здания | Нерегулируемый пешеходный переход;Нерегулируемый перекрёсток неравнозначных улиц (дорог);Не установлены;Сведения отсутствуют;Ясно;Со снежным накатом;В темное время суток, освещение включено;Режим движения не изменялся;2.0;3.0;0.0;2.0
27.0;09.11.2023;17:49;70.0;51.701821;94.404187;930002140.0;Столкновение;г.Кызыл;;Местного значения (дорога местного значения, включая относящиеся к собственности поселений, муниципальных районов, городских округов);;Улицы и дороги местного значения в жилой застройке;Крупный торговый объект (являющийся объектом массового тяготения пешеходов и (или) транспорта) | Административные здания;Перегон (нет объектов на месте ДТП);Не установлены;Сведения отсутствуют;Ясно;Со снежным накатом;В темное время суток, освещение включено;Режим движения не изменялся;2.0;2.0;0.0;1.0
32.0;03.11.2023;15:55;610.0;51.456735;92.734909;930002101.0;Съезд с дороги;Улуг-Хемский район;Р-257 Енисей Красноярск - Абакан - Кызыл - граница с Монголией;Федеральная (дорога федерального значения);;Вне НП;Отсутствие в непосредственной близости объектов УДС и объектов притяжения;Перегон (нет объектов на месте ДТП);Не установлены;Сведения отсутствуют;Ясно;Обработанное противогололедными материалами;Светлое время суток;Режим движения не изменялся;1.0;3.0;0.0;2.0
33.0;03.11.2023;16:00;200.0;51.616484;94.45663;930002097.0;Столкновение;Кызылский район;Кызыл-Эрзин-граница с Монголией;Региональная или межмуниципальная (дорога регионального или межмуниципального значения);5.0;Вне НП;Отсутствие в непосредственной близости объектов УДС и объектов притяжения;Перегон (нет объектов на месте ДТП);Не установлены;Участок, контролируемый стационарными камерами автоматической фотовидеофиксации нарушений ПДД, обозначенный соответствующим предупреждающим знаком;Пасмурно;Со снежным накатом;Светлое время суток;Движение частично перекрыто;2.0;3.0;1.0;1.0
1.0;31.12.2023;22:02;820.0;51.717537;94.379843;930002559.0;Наезд на пешехода;г.Кызыл;;Местного значения (дорога местного значения, включая относящиеся к собственности поселений, муниципальных районов, городских округов);;Улицы и дороги местного значения в жилой застройке;Нерегулируемый перекрёсток | Жилые дома индивидуальной застройки;Перегон (нет объектов на месте ДТП);Не установлены;Сведения отсутствуют;Ясно;Сухое;В темное время суток, освещение отсутствует;Режим движения не изменялся;1.0;2.0;0.0;1.0
3.0;29.12.2023;08:10;610.0;51.557723;93.330542;930002525.0;Съезд с дороги;Улуг-Хемский район;Р-257 Енисей Красноярск - Абакан - Кызыл - граница с Монголией;Федеральная (дорога федерального значения);5.0;Вне НП;Отсутствие в непосредственной близости объектов УДС и объектов притяжения;Перегон (нет объектов на месте ДТП);Не установлены;Сведения отсутствуют;Ясно;Сухое;Светлое время суток;Режим движения не изменялся;1.0;2.0;1.0;1.0
4.0;26.12.2023;01:25;610.0;51.170706;94.519329;930002503.0;Съезд с дороги;Тандинский район;Подъезд к с.Бай-Хаак;Региональная или межмуниципальная (дорога регионального или межмуниципального значения);5.0;Вне НП;Отсутствие в непосредственной близости объектов УДС и объектов притяжения;Перегон (нет объектов на месте ДТП);Не установлены;Оказание влияния на движение транспортного потока или отдельного транспортного средства, наличия или внезапного появления на проезжей части животных;Ясно | Температура ниже -30С;Сухое;В темное время суток, освещение отсутствует;Режим движения не изменялся;1.0;2.0;0.0;2.0
5.0;25.12.2023;07:58;70.0;51.570108;94.106451;930002497.0;Столкновение;Кызылский район;Р-257 Енисей Красноярск - Абакан - Кызыл - граница с Монголией;Федеральная (дорога федерального значения);;Вне НП;Отсутствие в непосредственной близости объектов УДС и объектов притяжения;Перегон (нет объектов на месте ДТП);Не установлены;Сведения отсутствуют;Ясно;Сухое;Сумерки;Режим движения не изменялся;3.0;2.0;1.0;0.0
6.0;23.12.2023;10:30;610.0;51.202312;93.682008;930002488.0;Съезд с дороги;Чеди-Хольский район;Подъезд к - с.Хову-Аксы;Региональная или межмуниципальная (дорога регионального или межмуниципального значения);5.0;Вне НП;Отсутствие в непосредственной близости объектов УДС и объектов притяжения;Перегон (нет объектов на месте ДТП);Не установлены;Сведения отсутствуют;Ясно;Гололедица;Светлое время суток;Режим движения не изменялся;1.0;1.0;0.0;1.0
7.0;22.12.2023;18:39;500.0;51.683532;94.390894;930002478.0;Столкновение;г.Кызыл;Кызыл-Эрзин-граница с Монголией;Региональная или межмуниципальная (дорога регионального или межмуниципального значения);5.0;;Иная образовательная организация | Административные здания | Жилые дома индивидуальной застройки;Нерегулируемый перекрёсток неравнозначных улиц (дорог);Отсутствие дорожных знаков в необходимых местах | Отсутствие освещения;Участок, контролируемый стационарными камерами автоматической фотовидеофиксации нарушений ПДД, обозначенный соответствующим предупреждающим знаком;Ясно;Сухое;В темное время суток, освещение отсутствует;Движение полностью перекрыто;2.0;12.0;0.0;2.0
8.0;21.12.2023;14:00;930.0;52.44356;96.101875;930002467.0;Наезд на препятствие;Тоджинский район;БОЯРОВКА - ТООРА-ХЕМ;Региональная или межмуниципальная (дорога регионального или межмуниципального значения);5.0;Вне НП;Отсутствие в непосредственной близости объектов УДС и объектов притяжения;Перегон (нет объектов на месте ДТП);Не установлены;Сведения отсутствуют;Пасмурно;Заснеженное;Светлое время суток;Движение частично перекрыто;1.0;4.0;0.0;3.0
11.0;13.12.2023;21:30;910.0;52.071547;94.050608;930002414.0;Наезд на стоящее ТС;Пий-Хемский район;Р-257 Енисей Красноярск - Абакан - Кызыл - граница с Монголией;Федеральная (дорога федерального значения);;Вне НП;Мост;Перегон (нет объектов на месте ДТП);Не установлены;Наличие на проезжей части неисправного ТС, мешающего движению;Ясно | Температура ниже -30С;Сухое;В темное время суток, освещение отсутствует;Движение частично перекрыто;3.0;4.0;0.0;1.0
12.0;12.12.2023;19:51;790.0;51.68435;94.58794;930002402.0;Наезд на пешехода;Кызылский район;;Местного значения (дорога местного значения, включая относящиеся к собственности поселений, муниципальных районов, городских округов);;Поселковые дороги;Жилые дома индивидуальной застройки;Нерегулируемый перекрёсток неравнозначных улиц (дорог);Не установлены;Сведения отсутствуют;Пасмурно;Со снежным накатом;В темное время суток, освещение включено;Режим движения не изменялся;1.0;2.0;0.0;1.0
13.0;09.12.2023;01:30;500.0;51.701269;94.541935;930002372.0;Столкновение;г.Кызыл;;Местного значения (дорога местного значения, включая относящиеся к собственности поселений, муниципальных районов, городских округов);;Улицы и дороги местного значения в жилой застройке;АЗС | Административные здания | Жилые дома индивидуальной застройки;Регулируемый пешеходный переход | Регулируемый перекресток;Не установлены;Сведения отсутствуют;Пасмурно;Со снежным накатом;В темное время суток, освещение включено;Движение частично перекрыто;2.0;2.0;0.0;1.0
14.0;09.12.2023;20:26;500.0;51.711794;94.432801;930002377.0;Столкновение;г.Кызыл;;Местного значения (дорога местного значения, включая относящиеся к собственности поселений, муниципальных районов, городских округов);;Улицы и дороги местного значения в жилой застройке;Медицинские (лечебные) организации | Жилые дома индивидуальной застройки | Кладбище;Регулируемый пешеходный переход | Регулируемый перекресток;Не установлены;Сведения отсутствуют;Пасмурно;Со снежным накатом;В темное время суток, освещение включено;Режим движения не изменялся;3.0;3.0;0.0;1.0
16.0;09.12.2023;18:17;940.0;51.167437;90.577404;930002378.0;Наезд на препятствие;г.Ак-Довурак;;Местного значения (дорога местного значения, включая относящиеся к собственности поселений, муниципальных районов, городских округов);;Магистральные улицы районного значения;Производственное предприятие | Жилые дома индивидуальной застройки;Перегон (нет объектов на месте ДТП);Не установлены;Сведения отсутствуют;Пасмурно;Со снежным накатом;В темное время суток, освещение включено;Режим движения не изменялся;1.0;2.0;0.0;1.0
18.0;08.12.2023;13:25;830.0;50.254944;95.168315;930002368.0;Наезд на пешехода;Эрзинский район;;Местного значения (дорога местного значения, включая относящиеся к собственности поселений, муниципальных районов, городских округов);;Второстепенные улицы в жилой застройке (переулки);Жилые дома индивидуальной застройки;Перегон (нет объектов на месте ДТП);Не установлены;Сведения отсутствуют;Ясно;Заснеженное;Светлое время суток;Режим движения не изменялся;1.0;2.0;0.0;1.0
22.0;06.12.2023;10:03;500.0;51.71327;94.501884;930002343.0;Столкновение;г.Кызыл;;Местного значения (дорога местного значения, включая относящиеся к собственности поселений, муниципальных районов, городских округов);;Магистральные улицы общегородского значения;Остановка общественного транспорта | АЗС | Иная образовательная организация | Жилые дома индивидуальной застройки;Нерегулируемый перекрёсток неравнозначных улиц (дорог);Не установлены;Сведения отсутствуют;Пасмурно;Со снежным накатом;Светлое время суток;Режим движения не изменялся;2.0;2.0;0.0;1.0
25.0;03.12.2023;16:07;940.0;51.162445;90.675874;930002320.0;Наезд на препятствие;Барун-Хемчикский район;А162-Г.КЫЗЫЛ - Г.АК-ДОВУРАК;Региональная или межмуниципальная (дорога регионального или межмуниципального значения);6.0;Вне НП;Нерегулируемый пешеходный переход;Остановка общественного транспорта;Не установлены;Сведения отсутствуют;Пасмурно;Сухое;Светлое время суток;Режим движения не изменялся;1.0;4.0;0.0;4.0
26.0;01.12.2023;01:10;300.0;51.708896;94.451512;930002296.0;Столкновение;г.Кызыл;;Местного значения (дорога местного значения, включая относящиеся к собственности поселений, муниципальных районов, городских округов);;Улицы и дороги местного значения в жилой застройке;Спортивные и развлекательные объекты | Жилые дома индивидуальной застройки;Регулируемый пешеходный переход | Регулируемый перекресток;Не установлены;Сведения отсутствуют;Ясно;Со снежным накатом;В темное время суток, освещение включено;Движение частично перекрыто;2.0;2.0;0.0;1.0
