Номер_ДТП;Номер_ТС;Оставление_места;Привод;Тип_ТС;Год_выпуска;Марка_модель;Форма_собственности;Цвет;Места_повреждения;Технические_неисправности
930002158.0;1.0;Осталось на месте ДТП;Иное расположение рулевого управления;Мотоциклы;2020.0;Прочие марки мотоциклов Прочие марки мотоциклов;Физические лица;Коричневый;;Технические неисправности отсутствуют
930002156.0;1.0;Осталось на месте ДТП;С передним приводом;Прочие легковые автомобили;2002.0;NISSAN Прочие модели Nissan;Физические лица;Синий;;Технические неисправности отсутствуют
930002159.0;1.0;Осталось на месте ДТП;Полноприводные;Минивэны и универсалы повышенной вместимости;1993.0;УАЗ УАЗ 3151, 31512, 31514, 31519 и модификации;Физические лица;Зеленый;;Технические неисправности отсутствуют
930002148.0;1.0;Скрылось с места ДТП;;В-класс (малый) до 3,9 м;; ;;;;Технические неисправности отсутствуют
930002151.0;1.0;Осталось на месте ДТП;Полноприводные;Прочие легковые автомобили;2013.0;УАЗ 3962;Физические лица;Коричневый;;Технические неисправности отсутствуют
930002151.0;2.0;Осталось на месте ДТП;Полноприводные;Прочие легковые автомобили;2021.0;УАЗ 3741;Физические лица;Серый;;Технические неисправности отсутствуют
930002152.0;1.0;Скрылось с места ДТП;;В-класс (малый) до 3,9 м;; ;;;;Технические неисправности отсутствуют
930002144.0;1.0;Осталось на месте ДТП;С передним приводом;Минивэны и универсалы повышенной вместимости;2003.0;TOYOTA Sienna;Физические лица;Серый;;Технические неисправности отсутствуют
930002144.0;2.0;Осталось на месте ДТП;Иное расположение рулевого управления;Мотоциклы;2022.0;Прочие марки мотоциклов Прочие марки мотоциклов;Физические лица;Синий;;Технические неисправности отсутствуют
930002142.0;1.0;Осталось на месте ДТП;С передним приводом;D-класс (средний) до 4,6 м;1999.0;TOYOTA Corona;Физические лица;Белый;;Технические неисправности отсутствуют
930002142.0;2.0;Осталось на месте ДТП;С передним приводом;С-класс (малый средний, компактный) до 4,3 м;2013.0;ВАЗ Priora;Физические лица;Белый;;Технические неисправности отсутствуют
930002143.0;1.0;Осталось на месте ДТП;Полноприводные;Прочие легковые автомобили;2017.0;TOYOTA Hilux;Физические лица;Черный;;Технические неисправности отсутствуют
930002137.0;1.0;Осталось на месте ДТП;С передним приводом;С-класс (малый средний, компактный) до 4,3 м;2017.0;ВАЗ Priora;Физические лица;Белый;;Технические неисправности отсутствуют
930002132.0;1.0;Осталось на месте ДТП;Иное расположение рулевого управления;Мотоциклы;2024.0;Прочие марки ТС Прочие марки и модели ТС;Физические лица;Черный;;Технические неисправности отсутствуют
930002132.0;2.0;Осталось на месте ДТП;С передним приводом;С-класс (малый средний, компактный) до 4,3 м;2005.0;Прочие марки ТС Прочие марки и модели ТС;Физические лица;Серый;;Технические неисправности отсутствуют
930002127.0;1.0;Осталось на месте ДТП;С передним приводом;Е-класс (высший средний, бизнес-класс) до 4,9 м;2012.0;TOYOTA Camry;Физические лица;Белый;;Технические неисправности отсутствуют
930002133.0;1.0;Осталось на месте ДТП;С передним приводом;D-класс (средний) до 4,6 м;2002.0;TOYOTA Premio;Физические лица;Серый;;Технические неисправности отсутствуют
930002135.0;1.0;Осталось на месте ДТП;С передним приводом;Минивэны и универсалы повышенной вместимости;2004.0;TOYOTA Prius;Физические лица;Серый;;Технические неисправности отсутствуют
930002135.0;2.0;Осталось на месте ДТП;Иное расположение рулевого управления;Тракторы;1995.0;Прочие марки ТС Прочие марки и модели ТС;Физические лица;Синий;;Технические неисправности отсутствуют
930002128.0;1.0;Осталось на месте ДТП;Иное расположение рулевого управления;Мотоциклы;2018.0;Прочие марки мотоциклов Прочие марки мотоциклов;Физические лица;Желтый;;Технические неисправности отсутствуют
930002124.0;1.0;Осталось на месте ДТП;С передним приводом;С-класс (малый средний, компактный) до 4,3 м;2011.0;ВАЗ Priora;Физические лица;Белый;;Технические неисправности отсутствуют
930002115.0;1.0;Осталось на месте ДТП;С задним приводом;Бортовые грузовые автомобили;2002.0;KIA Прочие модели KIA;Физические лица;Зеленый;;Технические неисправности отсутствуют
930002111.0;1.0;Осталось на месте ДТП;С передним приводом;В-класс (малый) до 3,9 м;2011.0;TOYOTA Camry;Физические лица;Белый;;Технические неисправности отсутствуют
930002111.0;2.0;Осталось на месте ДТП;С задним приводом;Самосвалы;1995.0;MITSUBISHI Прочие модели MITSUBISHI;Физические лица;Черный;;Технические неисправности отсутствуют
930002109.0;1.0;Осталось на месте ДТП;С передним приводом;D-класс (средний) до 4,6 м;2009.0;NISSAN Tiida;Физические лица;Серый;;Технические неисправности отсутствуют
930002106.0;1.0;Осталось на месте ДТП;Полноприводные;Е-класс (высший средний, бизнес-класс) до 4,9 м;2020.0;УАЗ Patriot (Патриот);Юридические лица, являющиеся некоммерческими организациями;Серый;;Технические неисправности отсутствуют
930002087.0;1.0;Осталось на месте ДТП;С задним приводом;Прочие легковые автомобили;2002.0;TOYOTA Hiace;Физические лица;Белый;;Технические неисправности отсутствуют
930002089.0;1.0;Осталось на месте ДТП;С передним приводом;С-класс (малый средний, компактный) до 4,3 м;2012.0;БОГДАН А092.02;Физические лица;Серый;;Технические неисправности отсутствуют
930002093.0;1.0;Осталось на месте ДТП;С передним приводом;С-класс (малый средний, компактный) до 4,3 м;2012.0;ВАЗ ВАЗ 2110, 21101, 21102, 21103, 21108;Физические лица;Черный;;Технические неисправности отсутствуют
930002093.0;2.0;Осталось на месте ДТП;Полноприводные;Минивэны и универсалы повышенной вместимости;1999.0;TOYOTA Land Cruiser;Физические лица;Серый;;Технические неисправности отсутствуют
930002082.0;1.0;Осталось на месте ДТП;Иное расположение рулевого управления;Мотоциклы;2009.0;Прочие марки мотоциклов Прочие марки мотоциклов;Физические лица;Зеленый;;Технические неисправности отсутствуют
930002081.0;1.0;Осталось на месте ДТП;С передним приводом;Минивэны и универсалы повышенной вместимости;2023.0;OMODA C5;Физические лица;Синий;;Технические неисправности отсутствуют
930002081.0;2.0;Скрылось с места ДТП;;D-класс (средний) до 4,6 м;; ;;;;Технические неисправности отсутствуют
930002081.0;3.0;Осталось на месте ДТП;Иное расположение рулевого управления;Велосипеды (без двигателя);2019.0; ;Физические лица;Синий;;Технические неисправности отсутствуют
930002068.0;1.0;Осталось на месте ДТП;Иное расположение рулевого управления;Мотоциклы;2019.0;Прочие марки мотоциклов Прочие марки мотоциклов;Физические лица;Синий;;Технические неисправности отсутствуют
930002068.0;2.0;Осталось на месте ДТП;С передним приводом;D-класс (средний) до 4,6 м;2004.0;FORD Focus;Физические лица;Белый;;Технические неисправности отсутствуют
930002061.0;1.0;Осталось на месте ДТП;Полноприводные;Минивэны и универсалы повышенной вместимости;2023.0;ВАЗ Прочие модели ВАЗ;Физические лица;Белый;;Технические неисправности отсутствуют
930002061.0;2.0;Осталось на месте ДТП;С задним приводом;Минивэны и универсалы повышенной вместимости;2002.0;NISSAN Wingroad;Физические лица;Серый;;Технические неисправности отсутствуют
930002065.0;1.0;Осталось на месте ДТП;Иное расположение рулевого управления;Тракторы;1999.0;Прочие марки ТС Прочие марки и модели ТС;Физические лица;Синий;;Технические неисправности отсутствуют
930002064.0;1.0;Осталось на месте ДТП;С передним приводом;Минивэны и универсалы повышенной вместимости;1998.0;TOYOTA Caldina;Физические лица;Белый;;Технические неисправности отсутствуют
930002045.0;1.0;Осталось на месте ДТП;Полноприводные;Минивэны и универсалы повышенной вместимости;2003.0;INFINITI FX-серия;Физические лица;Серый;;Технические неисправности отсутствуют
930002050.0;1.0;Осталось на месте ДТП;С передним приводом;С-класс (малый средний, компактный) до 4,3 м;2014.0;ВАЗ Granta (Гранта);Физические лица;Синий;;Технические неисправности отсутствуют
930002030.0;1.0;Осталось на месте ДТП;Полноприводные;Минивэны и универсалы повышенной вместимости;2021.0;УАЗ Patriot (Патриот);Юридические лица, являющиеся коммерческими организациями;Белый;;Технические неисправности отсутствуют
930002022.0;1.0;Осталось на месте ДТП;Иное расположение рулевого управления;Мотоциклы;2023.0;DAEWOO Racer;Физические лица;Черный;;Технические неисправности отсутствуют
930002022.0;2.0;Осталось на месте ДТП;С передним приводом;D-класс (средний) до 4,6 м;2002.0;TOYOTA Corolla;Физические лица;Белый;;Технические неисправности отсутствуют
930002022.0;3.0;Осталось на месте ДТП;С передним приводом;D-класс (средний) до 4,6 м;2011.0;SKODA Octavia;Физические лица;Черный;;Технические неисправности отсутствуют
930002024.0;1.0;Осталось на месте ДТП;С передним приводом;С-класс (малый средний, компактный) до 4,3 м;2012.0;ВАЗ Priora;Физические лица;Белый;;Технические неисправности отсутствуют
930002024.0;2.0;Осталось на месте ДТП;С задним приводом;Цистерны;1994.0;HINDUSTAN Прочие модели HINDUSTAN;Физические лица;Белый;;Технические неисправности отсутствуют
930002015.0;1.0;Скрылось с места ДТП;;В-класс (малый) до 3,9 м;; ;;;;Технические неисправности отсутствуют
930002007.0;1.0;Осталось на месте ДТП;С задним приводом;Минивэны и универсалы повышенной вместимости;2004.0;TOYOTA Corolla;Физические лица;Серый;;Технические неисправности отсутствуют
930002007.0;2.0;Осталось на месте ДТП;С задним приводом;Прочие одноярусные;2023.0;ПАЗ 32053;Юридические лица, являющиеся коммерческими организациями;Белый;;Технические неисправности отсутствуют
930002002.0;1.0;Осталось на месте ДТП;Полноприводные;Минивэны и универсалы повышенной вместимости;2010.0;TOYOTA Land Cruiser;Физические лица;Черный;;Технические неисправности отсутствуют
930001996.0;1.0;Осталось на месте ДТП;Иное расположение рулевого управления;Мотоциклы;2024.0;Прочие марки мотоциклов Прочие марки мотоциклов;Физические лица;Зеленый;;Технические неисправности отсутствуют
930001996.0;2.0;Осталось на месте ДТП;С задним приводом;С-класс (малый средний, компактный) до 4,3 м;2009.0;ВАЗ  Жигули  ВАЗ-2104 модификации;Физические лица;Белый;;Технические неисправности отсутствуют
930002029.0;1.0;Скрылось и установлено в срок от 3 до 10 суток;Иное расположение рулевого управления;Мотоциклы;2018.0;Прочие марки мотоциклов Прочие марки мотоциклов;Физические лица;Черный;;Технические неисправности отсутствуют
930001977.0;1.0;Осталось на месте ДТП;С передним приводом;Минивэны и универсалы повышенной вместимости;1992.0;TOYOTA Kluger;Физические лица;Серый;;Технические неисправности отсутствуют
930001977.0;2.0;Осталось на месте ДТП;С передним приводом;D-класс (средний) до 4,6 м;2003.0;TOYOTA Allion;Физические лица;Белый;;Технические неисправности отсутствуют
930001983.0;1.0;Осталось на месте ДТП;С передним приводом;С-класс (малый средний, компактный) до 4,3 м;2002.0;ВАЗ Прочие модели ВАЗ;Физические лица;Серый;;Технические неисправности отсутствуют
930001983.0;2.0;Осталось на месте ДТП;Иное расположение рулевого управления;Велосипеды (без двигателя);2019.0; ;Физические лица;Синий;;Технические неисправности отсутствуют
930001973.0;1.0;Осталось на месте ДТП;Иное расположение рулевого управления;Мотоциклы;2022.0;Прочие марки мотоциклов Прочие марки мотоциклов;Физические лица;Черный;;Не устанавливались
930001963.0;1.0;Осталось на месте ДТП;С передним приводом;D-класс (средний) до 4,6 м;2013.0;SKODA Fabia;Физические лица;Черный;;Технические неисправности отсутствуют
930001964.0;1.0;Осталось на месте ДТП;С передним приводом;D-класс (средний) до 4,6 м;2001.0;TOYOTA Corolla;Физические лица;Черный;;Технические неисправности отсутствуют
930001956.0;1.0;Осталось на месте ДТП;С передним приводом;В-класс (малый) до 3,9 м;2018.0;TOYOTA Corolla;Физические лица;Белый;;Технические неисправности отсутствуют
930001957.0;1.0;Осталось на месте ДТП;С передним приводом;С-класс (малый средний, компактный) до 4,3 м;2012.0;ВАЗ ВАЗ 2110, 21101, 21102, 21103, 21108;Физические лица;Синий;;Технические неисправности отсутствуют
930001940.0;1.0;Осталось на месте ДТП;С передним приводом;D-класс (средний) до 4,6 м;2009.0;HONDA Insight;Физические лица;Серый;;Технические неисправности отсутствуют
930001937.0;1.0;Осталось на месте ДТП;С передним приводом;В-класс (малый) до 3,9 м;2012.0;ВАЗ ВАЗ 2110, 21101, 21102, 21103, 21108;Физические лица;Зеленый;;Технические неисправности отсутствуют
930001938.0;1.0;Осталось на месте ДТП;С передним приводом;В-класс (малый) до 3,9 м;2025.0;ВАЗ Granta (Гранта);Физические лица;Черный;;Технические неисправности отсутствуют
930001947.0;2.0;Осталось на месте ДТП;С передним приводом;В-класс (малый) до 3,9 м;2006.0;TOYOTA RAV 4;Физические лица;Черный;;Технические неисправности отсутствуют
930001947.0;1.0;Осталось на месте ДТП;С передним приводом;В-класс (малый) до 3,9 м;1993.0;TOYOTA Corolla;Физические лица;Белый;;Технические неисправности отсутствуют
930001982.0;1.0;Скрылось с места ДТП;;В-класс (малый) до 3,9 м;; ;;;;Технические неисправности отсутствуют
930002044.0;1.0;Скрылось с места ДТП;Иное расположение рулевого управления;Мотоциклы;; ;;;;Технические неисправности отсутствуют
930001927.0;1.0;Осталось на месте ДТП;С передним приводом;С-класс (малый средний, компактный) до 4,3 м;2006.0;HONDA FIT;Физические лица;Синий;;Технические неисправности отсутствуют
930000218.0;1.0;Осталось на месте ДТП;С задним приводом;Самосвалы;2021.0;SHACMAN Прочие модели SHACMAN;Физические лица;Красный;;Технические неисправности отсутствуют
930000212.0;1.0;Осталось на месте ДТП;С передним приводом;С-класс (малый средний, компактный) до 4,3 м;2006.0;ВАЗ ВАЗ 2110, 21101, 21102, 21103, 21108;Физические лица;Зеленый;;Технические неисправности отсутствуют
930000207.0;1.0;Осталось на месте ДТП;С передним приводом;С-класс (малый средний, компактный) до 4,3 м;2024.0;ВАЗ Granta (Гранта);Юридические лица, являющиеся коммерческими организациями;Серый;;Технические неисправности отсутствуют
930000210.0;1.0;Осталось на месте ДТП;С задним приводом;Самосвалы;2023.0;Прочие марки грузовых ТС Прочие марки грузовых ТС;Хозяйствующие субъекты без прав юридического лица;Белый;;Технические неисправности отсутствуют
930000269.0;1.0;Скрылось и установлено в срок от 3 до 10 суток;Полноприводные;Прочие легковые автомобили;2016.0;TOYOTA Avensis;Физические лица;Черный;;Технические неисправности отсутствуют
930000175.0;1.0;Осталось на месте ДТП;С передним приводом;С-класс (малый средний, компактный) до 4,3 м;2001.0;TOYOTA Corolla;Физические лица;Серый;;Технические неисправности отсутствуют
930000175.0;2.0;Осталось на месте ДТП;С передним приводом;Минивэны и универсалы повышенной вместимости;2010.0;TOYOTA Wish;Физические лица;Красный;;Технические неисправности отсутствуют
930000180.0;1.0;Осталось на месте ДТП;С передним приводом;D-класс (средний) до 4,6 м;2000.0;TOYOTA Corolla;Физические лица;Белый;;Технические неисправности отсутствуют
930000180.0;2.0;Осталось на месте ДТП;С задним приводом;Прочие одноярусные;2017.0;MERCEDES Прочие модели Mercedes;Физические лица;Белый;;Технические неисправности отсутствуют
930000180.0;3.0;Осталось на месте ДТП;;Прицепы прочие;2023.0; ;Физические лица;Серый;;Технические неисправности отсутствуют
930000167.0;1.0;Скрылось с места ДТП;;В-класс (малый) до 3,9 м;; ;;;;Технические неисправности отсутствуют
930000170.0;1.0;Осталось на месте ДТП;С передним приводом;С-класс (малый средний, компактный) до 4,3 м;2000.0;ВАЗ  Жигули  ВАЗ-2108, 09 и модификации                       ;Физические лица;Белый;;Технические неисправности отсутствуют
930000170.0;2.0;Осталось на месте ДТП;С передним приводом;В-класс (малый) до 3,9 м;1999.0;TOYOTA Vitz;Физические лица;Серый;;Технические неисправности отсутствуют
930000143.0;1.0;Осталось на месте ДТП;С передним приводом;Одноэтажные длиной от 5 до 8 м;2012.0;MERCEDES Прочие модели Mercedes;Физические лица;Белый;;Технические неисправности отсутствуют
930000143.0;2.0;Осталось на месте ДТП;С задним приводом;Одноэтажные длиной не более 5 м;2009.0;ПАЗ 32054;Физические лица;Белый;;Технические неисправности отсутствуют
930000143.0;3.0;Осталось на месте ДТП;С передним приводом;С-класс (малый средний, компактный) до 4,3 м;2001.0;TOYOTA Allex;Физические лица;Иные цвета;;Технические неисправности отсутствуют
930000148.0;1.0;Осталось на месте ДТП;С передним приводом;Минивэны и универсалы повышенной вместимости;1993.0;TOYOTA Caldina;Физические лица;Серый;;Технические неисправности отсутствуют
930000121.0;1.0;Осталось на месте ДТП;С задним приводом;Минивэны и универсалы повышенной вместимости;2012.0;TOYOTA Land Cruiser;Физические лица;Белый;;Технические неисправности отсутствуют
930000121.0;2.0;Осталось на месте ДТП;С передним приводом;D-класс (средний) до 4,6 м;2005.0;TOYOTA Corolla;Физические лица;Синий;;Технические неисправности отсутствуют
930000121.0;3.0;Осталось на месте ДТП;С передним приводом;С-класс (малый средний, компактный) до 4,3 м;2018.0;Datsun on-DO;Физические лица;Серый;;Технические неисправности отсутствуют
930000114.0;1.0;Скрылось с места ДТП;;D-класс (средний) до 4,6 м;; ;;;;Технические неисправности отсутствуют
930000114.0;2.0;Осталось на месте ДТП;С передним приводом;D-класс (средний) до 4,6 м;2013.0;HYUNDAI Solaris;Физические лица;Черный;;Технические неисправности отсутствуют
930000108.0;1.0;Осталось на месте ДТП;Полноприводные;Минивэны и универсалы повышенной вместимости;2017.0;HYUNDAI Santa FE;Физические лица;Серый;;Технические неисправности отсутствуют
930000105.0;1.0;Осталось на месте ДТП;Полноприводные;С-класс (малый средний, компактный) до 4,3 м;2003.0;УАЗ УАЗ 3151, 31512, 31514, 31519 и модификации;Физические лица;Зеленый;;Технические неисправности отсутствуют
930000102.0;1.0;Осталось на месте ДТП;С передним приводом;С-класс (малый средний, компактный) до 4,3 м;2003.0;ВАЗ ВАЗ 2114 и модификации;Физические лица;Черный;;Технические неисправности отсутствуют
930000103.0;1.0;Осталось на месте ДТП;С передним приводом;D-класс (средний) до 4,6 м;1996.0;HONDA Saber;Физические лица;Синий;;Технические неисправности отсутствуют
930000097.0;1.0;Осталось на месте ДТП;С передним приводом;Минивэны и универсалы повышенной вместимости;2003.0;TOYOTA Land Cruiser;Физические лица;Черный;;Технические неисправности отсутствуют
930000097.0;2.0;Осталось на месте ДТП;С передним приводом;D-класс (средний) до 4,6 м;2012.0;VOLKSWAGEN Polo;Физические лица;Черный;;Технические неисправности отсутствуют
930000090.0;1.0;Осталось на месте ДТП;С передним приводом;В-класс (малый) до 3,9 м;1999.0;TOYOTA Прочие модели грузовых Toyota;Физические лица;Белый;;Технические неисправности отсутствуют
930000076.0;1.0;Осталось на месте ДТП;С передним приводом;D-класс (средний) до 4,6 м;2001.0;TOYOTA Corolla;Физические лица;Серый;;Технические неисправности отсутствуют
930000076.0;2.0;Осталось на месте ДТП;Иное расположение рулевого управления;Автогрейдеры;2018.0;Прочие марки ТС Прочие марки и модели ТС;Юридические лица, являющиеся некоммерческими организациями;Белый;;Технические неисправности отсутствуют
930000071.0;1.0;Осталось на месте ДТП;С передним приводом;В-класс (малый) до 3,9 м;2017.0;DAIHATSU Mira;Физические лица;Белый;;Технические неисправности отсутствуют
930000067.0;1.0;Осталось на месте ДТП;С передним приводом;D-класс (средний) до 4,6 м;2009.0;TOYOTA Premio;Физические лица;Серый;;Технические неисправности отсутствуют
930000060.0;1.0;Осталось на месте ДТП;Полноприводные;С-класс (малый средний, компактный) до 4,3 м;2013.0;RENAULT Logan;Юридические лица, являющиеся коммерческими организациями;Белый;;Технические неисправности отсутствуют
930000060.0;2.0;Осталось на месте ДТП;Полноприводные;Минивэны и универсалы повышенной вместимости;2011.0;TOYOTA Wish;Физические лица;Черный;;Технические неисправности отсутствуют
930000049.0;1.0;Осталось на месте ДТП;С задним приводом;Самосвалы;2011.0;HOWO ZZ3167M3811;Физические лица;Красный;;Технические неисправности отсутствуют
930000035.0;1.0;Осталось на месте ДТП;С передним приводом;D-класс (средний) до 4,6 м;1982.0;BMW Прочие модели BMW;Физические лица;Иные цвета;;Технические неисправности отсутствуют
930000033.0;1.0;Осталось на месте ДТП;Полноприводные;D-класс (средний) до 4,6 м;2005.0;ВАЗ ВАЗ 2111, 21110 (универсал), 21113, 21114;Физические лица;Иные цвета;;Технические неисправности отсутствуют
930000026.0;1.0;Осталось на месте ДТП;С передним приводом;D-класс (средний) до 4,6 м;2007.0;TOYOTA Camry;Физические лица;Серый;;Технические неисправности отсутствуют
930000026.0;2.0;Осталось на месте ДТП;С передним приводом;С-класс (малый средний, компактный) до 4,3 м;2002.0;TOYOTA Corolla;Физические лица;Серый;;Технические неисправности отсутствуют
930000003.0;1.0;Осталось на месте ДТП;С передним приводом;С-класс (малый средний, компактный) до 4,3 м;2007.0;ВАЗ ВАЗ 2114 и модификации;Физические лица;Серый;;Технические неисправности отсутствуют
930000003.0;2.0;Осталось на месте ДТП;С передним приводом;С-класс (малый средний, компактный) до 4,3 м;2006.0;ВАЗ ВАЗ 2112 и модификации;Физические лица;Серый;;Технические неисправности отсутствуют
930002909.0;1.0;Скрылось и установлено в срок до 1 суток;С передним приводом;D-класс (средний) до 4,6 м;2006.0;TOYOTA Corolla;Физические лица;Серый;;Технические неисправности отсутствуют
930000001.0;1.0;Осталось на месте ДТП;С задним приводом;D-класс (средний) до 4,6 м;2000.0;BMW 3er;Физические лица;Синий;;Технические неисправности отсутствуют
930002916.0;1.0;Осталось на месте ДТП;С передним приводом;Минивэны и универсалы повышенной вместимости;2011.0;TOYOTA Wish;Физические лица;Серый;;Технические неисправности отсутствуют
930002916.0;2.0;Осталось на месте ДТП;С передним приводом;D-класс (средний) до 4,6 м;1994.0;TOYOTA Camry;Физические лица;Белый;;Технические неисправности отсутствуют
930000445.0;1.0;Осталось на месте ДТП;С передним приводом;D-класс (средний) до 4,6 м;2009.0;TOYOTA Corolla;Физические лица;Серый;;Технические неисправности отсутствуют
930000443.0;1.0;Осталось на месте ДТП;С передним приводом;С-класс (малый средний, компактный) до 4,3 м;2000.0;NISSAN Прочие марки Nissan;Физические лица;Белый;;Технические неисправности отсутствуют
930000435.0;1.0;Осталось на месте ДТП;С задним приводом;Минивэны и универсалы повышенной вместимости;1996.0;TOYOTA Caldina;Физические лица;Серый;;Технические неисправности отсутствуют
930000435.0;2.0;Осталось на месте ДТП;С передним приводом;С-класс (малый средний, компактный) до 4,3 м;2008.0;ВАЗ ВАЗ 2115 и модификации;Физические лица;Серый;;Технические неисправности отсутствуют
930000429.0;1.0;Осталось на месте ДТП;С передним приводом;Минивэны и универсалы повышенной вместимости;2016.0;RENAULT Kaptur;Физические лица;Белый;;Технические неисправности отсутствуют
930000429.0;2.0;Осталось на месте ДТП;С передним приводом;D-класс (средний) до 4,6 м;2001.0;TOYOTA Corona;Физические лица;Серый;;Технические неисправности отсутствуют
930000421.0;1.0;Осталось на месте ДТП;С передним приводом;D-класс (средний) до 4,6 м;1996.0;TOYOTA Прочие модели Toyota;Физические лица;Белый;;Технические неисправности отсутствуют
930000408.0;1.0;Осталось на месте ДТП;С передним приводом;Минивэны и универсалы повышенной вместимости;2005.0;TOYOTA Corolla;Физические лица;Серый;;Технические неисправности отсутствуют
930000408.0;2.0;Осталось на месте ДТП;С передним приводом;D-класс (средний) до 4,6 м;1997.0;TOYOTA Carina;Физические лица;Белый;;Технические неисправности отсутствуют
930000392.0;1.0;Осталось на месте ДТП;Полноприводные;Минивэны и универсалы повышенной вместимости;2002.0;HONDA CR-V;Физические лица;Синий;;Технические неисправности отсутствуют
930000392.0;2.0;Осталось на месте ДТП;С задним приводом;Оснащённые специализированным оборудованием  автотранспортные средства для коммунального хозяйства и  содержания дорог;2023.0;КАМАЗ Прочие модели КАМАЗ;Хозяйствующие субъекты без прав юридического лица;Оранжевый;;Технические неисправности отсутствуют
930000390.0;1.0;Осталось на месте ДТП;С передним приводом;Минивэны и универсалы повышенной вместимости;2001.0;HONDA Stream;Физические лица;Синий;;Технические неисправности отсутствуют
930000371.0;1.0;Осталось на месте ДТП;С передним приводом;С-класс (малый средний, компактный) до 4,3 м;2011.0;ВАЗ Priora;Физические лица;Черный;;Технические неисправности отсутствуют
930000371.0;2.0;Осталось на месте ДТП;С передним приводом;D-класс (средний) до 4,6 м;2006.0;TOYOTA Allion;Физические лица;Белый;;Технические неисправности отсутствуют
930000371.0;3.0;Осталось на месте ДТП;С передним приводом;Минивэны и универсалы повышенной вместимости;2004.0;TOYOTA Wish;Физические лица;Белый;;Технические неисправности отсутствуют
930000362.0;1.0;Осталось на месте ДТП;С передним приводом;С-класс (малый средний, компактный) до 4,3 м;2000.0;ВАЗ  Жигули  ВАЗ-2108, 09 и модификации                       ;Физические лица;Синий;;Технические неисправности отсутствуют
930000362.0;2.0;Осталось на месте ДТП;С передним приводом;D-класс (средний) до 4,6 м;1995.0;TOYOTA Corolla;Физические лица;Серый;;Технические неисправности отсутствуют
930000353.0;1.0;Осталось на месте ДТП;С передним приводом;Е-класс (высший средний, бизнес-класс) до 4,9 м;2007.0;TOYOTA Camry;Физические лица;Белый;;Технические неисправности отсутствуют
930000342.0;1.0;Скрылось с места ДТП;;С-класс (малый средний, компактный) до 4,3 м;; ;;;;Технические неисправности отсутствуют
930000327.0;1.0;Осталось на месте ДТП;С задним приводом;D-класс (средний) до 4,6 м;1998.0;TOYOTA Sprinter;Физические лица;Черный;;Технические неисправности отсутствуют
930000326.0;1.0;Осталось на месте ДТП;С передним приводом;С-класс (малый средний, компактный) до 4,3 м;2011.0;ВАЗ  Жигули  ВАЗ-2107 модификации;Физические лица;Черный;;Технические неисправности отсутствуют
930000319.0;1.0;Осталось на месте ДТП;С передним приводом;С-класс (малый средний, компактный) до 4,3 м;2006.0;ВАЗ ВАЗ 2110, 21101, 21102, 21103, 21108;Физические лица;Зеленый;;Технические неисправности отсутствуют
930000324.0;1.0;Осталось на месте ДТП;С передним приводом;С-класс (малый средний, компактный) до 4,3 м;2009.0;TOYOTA BB;Физические лица;Черный;;Технические неисправности отсутствуют
930000324.0;2.0;Осталось на месте ДТП;С передним приводом;Минивэны и универсалы повышенной вместимости;2010.0;NISSAN Elgrand;Физические лица;Белый;;Технические неисправности отсутствуют
930000324.0;3.0;Осталось на месте ДТП;С передним приводом;D-класс (средний) до 4,6 м;2005.0;TOYOTA Avensis;Физические лица;Серый;;Технические неисправности отсутствуют
930000317.0;1.0;Осталось на месте ДТП;С передним приводом;Минивэны и универсалы повышенной вместимости;1999.0;TOYOTA Caldina;Физические лица;Черный;;Технические неисправности отсутствуют
930000315.0;1.0;Скрылось и установлено в срок до 1 суток;С передним приводом;С-класс (малый средний, компактный) до 4,3 м;1999.0;MAZDA Capella;Физические лица;Зеленый;;Технические неисправности отсутствуют
930000303.0;1.0;Осталось на месте ДТП;С передним приводом;С-класс (малый средний, компактный) до 4,3 м;2021.0;ВАЗ Granta (Гранта);Физические лица;Белый;;Технические неисправности отсутствуют
930000295.0;1.0;Осталось на месте ДТП;С передним приводом;С-класс (малый средний, компактный) до 4,3 м;2014.0;HONDA Прочие модели Honda;Физические лица;Синий;;Технические неисправности отсутствуют
930000292.0;1.0;Осталось на месте ДТП;С передним приводом;Минивэны и универсалы повышенной вместимости;1999.0;TOYOTA Ipsum;Физические лица;Белый;;Технические неисправности отсутствуют
930000274.0;1.0;Осталось на месте ДТП;С задним приводом;Е-класс (высший средний, бизнес-класс) до 4,9 м;2019.0;TOYOTA Crown;Физические лица;Синий;;Технические неисправности отсутствуют
930000274.0;2.0;Осталось на месте ДТП;Полноприводные;Минивэны и универсалы повышенной вместимости;2021.0;TOYOTA Land Cruiser;Физические лица;Белый;;Технические неисправности отсутствуют
930000272.0;1.0;Осталось на месте ДТП;С передним приводом;Минивэны и универсалы повышенной вместимости;2012.0;TOYOTA Wish;Физические лица;Черный;;Технические неисправности отсутствуют
930000266.0;1.0;Скрылось с места ДТП;;В-класс (малый) до 3,9 м;; ;;;;Технические неисправности отсутствуют
930000259.0;1.0;Осталось на месте ДТП;С передним приводом;С-класс (малый средний, компактный) до 4,3 м;2015.0;NISSAN Almera;Физические лица;Серый;;Технические неисправности отсутствуют
930000248.0;1.0;Скрылось и установлено в срок до 1 суток;С передним приводом;С-класс (малый средний, компактный) до 4,3 м;2011.0;ВАЗ ВАЗ 2114 и модификации;Физические лица;Синий;;Технические неисправности отсутствуют
930000240.0;1.0;Скрылось с места ДТП;;В-класс (малый) до 3,9 м;; ;;;;Технические неисправности отсутствуют
930000679.0;1.0;Осталось на месте ДТП;Иное расположение рулевого управления;Мотоциклы;2014.0;Прочие марки мотоциклов Прочие марки мотоциклов;Физические лица;Зеленый;;Технические неисправности отсутствуют
930000681.0;1.0;Осталось на месте ДТП;С передним приводом;D-класс (средний) до 4,6 м;2013.0;FORD Focus;Физические лица;Белый;;Технические неисправности отсутствуют
930000681.0;2.0;Осталось на месте ДТП;С передним приводом;Минивэны и универсалы повышенной вместимости;2001.0;TOYOTA Corolla;Физические лица;Белый;;Технические неисправности отсутствуют
930001080.0;1.0;Осталось на месте ДТП;С передним приводом;D-класс (средний) до 4,6 м;2004.0;ВАЗ ВАЗ 2110, 21101, 21102, 21103, 21108;Физические лица;Синий;;Технические неисправности отсутствуют
930000683.0;1.0;Осталось на месте ДТП;С передним приводом;Е-класс (высший средний, бизнес-класс) до 4,9 м;2008.0;TOYOTA Camry;Физические лица;Белый;;Технические неисправности отсутствуют
930000683.0;2.0;Осталось на месте ДТП;С передним приводом;С-класс (малый средний, компактный) до 4,3 м;2012.0;ВАЗ Priora;Физические лица;Красный;;Технические неисправности отсутствуют
930000676.0;1.0;Осталось на месте ДТП;С передним приводом;Минивэны и универсалы повышенной вместимости;2002.0;TOYOTA Corolla;Физические лица;Белый;;Технические неисправности отсутствуют
930000684.0;1.0;Скрылось и установлено в срок до 1 суток;Не заполнено;С-класс (малый средний, компактный) до 4,3 м;2003.0;ВАЗ  Нива  ВАЗ-2121 и модификации;Физические лица;Белый;;Технические неисправности отсутствуют
930000668.0;1.0;Осталось на месте ДТП;С передним приводом;D-класс (средний) до 4,6 м;2004.0;TOYOTA Wish;Физические лица;Серый;;Не устанавливались
930000668.0;2.0;Осталось на месте ДТП;С передним приводом;D-класс (средний) до 4,6 м;2005.0;TOYOTA Corolla;Физические лица;Серый;;Не устанавливались
930000668.0;3.0;Осталось на месте ДТП;С передним приводом;Прочие легковые автомобили;2011.0;HONDA Прочие модели Honda;Физические лица;Серый;;Не устанавливались
930000654.0;1.0;Осталось на месте ДТП;Полноприводные;Минивэны и универсалы повышенной вместимости;2024.0;ВАЗ  Нива  ВАЗ-2121 и модификации;Юридические лица, являющиеся некоммерческими организациями;Белый;;Технические неисправности отсутствуют
930000654.0;2.0;Осталось на месте ДТП;С передним приводом;С-класс (малый средний, компактный) до 4,3 м;2012.0;TOYOTA Corolla;Физические лица;Белый;;Технические неисправности отсутствуют
930000653.0;1.0;Осталось на месте ДТП;С передним приводом;Прочие легковые автомобили;2000.0;TOYOTA Funcargo;Физические лица;Белый;;Технические неисправности отсутствуют
930000653.0;2.0;Осталось на месте ДТП;С передним приводом;С-класс (малый средний, компактный) до 4,3 м;2015.0;KIA Rio;Физические лица;Черный;;Технические неисправности отсутствуют
930000644.0;1.0;Осталось на месте ДТП;С передним приводом;Е-класс (высший средний, бизнес-класс) до 4,9 м;1993.0;TOYOTA Camry;Физические лица;Серый;;Не устанавливались
930000645.0;1.0;Осталось на месте ДТП;С передним приводом;Е-класс (высший средний, бизнес-класс) до 4,9 м;2017.0;RENAULT Logan;Иные неюридические лица;Серый;;Не устанавливались
930000633.0;1.0;Осталось на месте ДТП;С передним приводом;С-класс (малый средний, компактный) до 4,3 м;2003.0;MAZDA Atenza;Физические лица;Белый;;Технические неисправности отсутствуют
930000615.0;1.0;Осталось на месте ДТП;С передним приводом;С-класс (малый средний, компактный) до 4,3 м;2008.0;ВАЗ Priora;Физические лица;Серый;;Технические неисправности отсутствуют
930000593.0;1.0;Осталось на месте ДТП;С передним приводом;D-класс (средний) до 4,6 м;2002.0;TOYOTA Allion;Физические лица;Серый;;Технические неисправности отсутствуют
930000592.0;1.0;Скрылось и установлено в срок до 1 суток;С передним приводом;D-класс (средний) до 4,6 м;2002.0;TOYOTA Allion;Физические лица;Серый;;Технические неисправности отсутствуют
930000586.0;1.0;Осталось на месте ДТП;С передним приводом;С-класс (малый средний, компактный) до 4,3 м;2014.0;ВАЗ Granta (Гранта);Физические лица;Черный;;Технические неисправности отсутствуют
930000586.0;2.0;Осталось на месте ДТП;С передним приводом;D-класс (средний) до 4,6 м;2006.0;NISSAN Tiida;Физические лица;Серый;;Технические неисправности отсутствуют
930000586.0;3.0;Осталось на месте ДТП;Полноприводные;Минивэны и универсалы повышенной вместимости;2023.0;УАЗ Patriot (Патриот);Физические лица;Черный;;Технические неисправности отсутствуют
930000571.0;1.0;Осталось на месте ДТП;С передним приводом;Минивэны и универсалы повышенной вместимости;2002.0;TOYOTA Caldina;Физические лица;Серый;;Технические неисправности отсутствуют
930000571.0;2.0;Осталось на месте ДТП;С передним приводом;Минивэны и универсалы повышенной вместимости;2002.0;TOYOTA Прочие модели Toyota;Физические лица;Серый;;Технические неисправности отсутствуют
930000565.0;1.0;Осталось на месте ДТП;С передним приводом;С-класс (малый средний, компактный) до 4,3 м;2001.0;ВАЗ ВАЗ 2110, 21101, 21102, 21103, 21108;Физические лица;Серый;;Технические неисправности отсутствуют
930000566.0;1.0;Осталось на месте ДТП;С передним приводом;С-класс (малый средний, компактный) до 4,3 м;2021.0;ВАЗ Granta (Гранта);Физические лица;Серый;;Технические неисправности отсутствуют
930000563.0;1.0;Осталось на месте ДТП;С передним приводом;Минивэны и универсалы повышенной вместимости;2008.0;TOYOTA Wish;Физические лица;Серый;;Технические неисправности отсутствуют
930000556.0;1.0;Осталось на месте ДТП;С задним приводом;Одноэтажные длиной от 5 до 8 м;2011.0;ПАЗ 32054;Физические лица;Белый;;Технические неисправности отсутствуют
930000559.0;1.0;Осталось на месте ДТП;Полноприводные;D-класс (средний) до 4,6 м;2018.0;TOYOTA Прочие модели Toyota;Физические лица;Серый;;Технические неисправности отсутствуют
930000555.0;1.0;Осталось на месте ДТП;С передним приводом;С-класс (малый средний, компактный) до 4,3 м;2007.0;TOYOTA Camry;Физические лица;Серый;;Технические неисправности отсутствуют
930000555.0;2.0;Осталось на месте ДТП;С передним приводом;В-класс (малый) до 3,9 м;2002.0;SUBARU Travig;Физические лица;Серый;;Технические неисправности отсутствуют
930000538.0;1.0;Осталось на месте ДТП;Полноприводные;Минивэны и универсалы повышенной вместимости;2011.0;TOYOTA Land Cruiser;Физические лица;Черный;;Технические неисправности отсутствуют
930000538.0;2.0;Осталось на месте ДТП;С передним приводом;Е-класс (высший средний, бизнес-класс) до 4,9 м;2012.0;TOYOTA Camry;Физические лица;Черный;;Технические неисправности отсутствуют
930000544.0;1.0;Осталось на месте ДТП;С передним приводом;Прочие легковые автомобили;2010.0;HONDA Прочие модели Honda;Физические лица;Серый;;Технические неисправности отсутствуют
930000544.0;2.0;Осталось на месте ДТП;С передним приводом;С-класс (малый средний, компактный) до 4,3 м;2003.0;HONDA FIT;Физические лица;Серый;;Технические неисправности отсутствуют
930000552.0;1.0;Осталось на месте ДТП;С задним приводом;Самосвалы;2022.0;SHACMAN Прочие модели SHACMAN;Физические лица;Белый;;Технические неисправности отсутствуют
930000552.0;2.0;Осталось на месте ДТП;С задним приводом;Прочие грузовые автомобили;2022.0;SHACMAN Прочие модели SHACMAN;Физические лица;Зеленый;;Технические неисправности отсутствуют
930000545.0;1.0;Осталось на месте ДТП;С передним приводом;С-класс (малый средний, компактный) до 4,3 м;2000.0;TOYOTA Corona;Физические лица;Серый;;Технические неисправности отсутствуют
930000545.0;2.0;Осталось на месте ДТП;С передним приводом;D-класс (средний) до 4,6 м;2007.0;TOYOTA Corolla;Физические лица;Серый;;Технические неисправности отсутствуют
930000537.0;1.0;Осталось на месте ДТП;С передним приводом;Минивэны и универсалы повышенной вместимости;2008.0;TOYOTA Wish;Физические лица;Белый;;Технические неисправности отсутствуют
930000534.0;1.0;Осталось на месте ДТП;С передним приводом;D-класс (средний) до 4,6 м;2011.0;TOYOTA Prius;Физические лица;Белый;;Технические неисправности отсутствуют
930000534.0;2.0;Осталось на месте ДТП;С передним приводом;D-класс (средний) до 4,6 м;2010.0;SKODA Octavia;Физические лица;Черный;;Технические неисправности отсутствуют
930000534.0;3.0;Осталось на месте ДТП;С передним приводом;С-класс (малый средний, компактный) до 4,3 м;2020.0;ВАЗ Granta (Гранта);Юридические лица, являющиеся коммерческими организациями;Серый;;Технические неисправности отсутствуют
930000533.0;1.0;Осталось на месте ДТП;Полноприводные;Минивэны и универсалы повышенной вместимости;2010.0;LEXUS RX;Физические лица;Серый;;Технические неисправности отсутствуют
930000530.0;1.0;Осталось на месте ДТП;С передним приводом;Е-класс (высший средний, бизнес-класс) до 4,9 м;2014.0;TOYOTA Camry;Физические лица;Белый;;Технические неисправности отсутствуют
930000530.0;2.0;Осталось на месте ДТП;С передним приводом;С-класс (малый средний, компактный) до 4,3 м;2011.0;ВАЗ Priora;Физические лица;Черный;;Технические неисправности отсутствуют
930000530.0;3.0;Осталось на месте ДТП;С передним приводом;Е-класс (высший средний, бизнес-класс) до 4,9 м;2008.0;TOYOTA Camry;Физические лица;Черный;;Технические неисправности отсутствуют
930000535.0;1.0;Осталось на месте ДТП;С передним приводом;С-класс (малый средний, компактный) до 4,3 м;2015.0;HONDA FIT;Физические лица;Черный;;Технические неисправности отсутствуют
930000522.0;1.0;Скрылось и установлено в срок до 1 суток;С задним приводом;С-класс (малый средний, компактный) до 4,3 м;2005.0;ВАЗ  Жигули  ВАЗ-2104 модификации;Физические лица;Красный;;Технические неисправности отсутствуют
930000605.0;1.0;Скрылось с места ДТП;С передним приводом;D-класс (средний) до 4,6 м;2002.0;ВАЗ ВАЗ 2110, 21101, 21102, 21103, 21108;;Зеленый;;Технические неисправности отсутствуют
930000500.0;1.0;Осталось на месте ДТП;С задним приводом;Прочие одноярусные;2011.0;FORD Transit;Физические лица;Белый;;Технические неисправности отсутствуют
930000496.0;1.0;Осталось на месте ДТП;С передним приводом;С-класс (малый средний, компактный) до 4,3 м;1984.0;MAZDA Familia;Физические лица;Белый;;Технические неисправности отсутствуют
930000496.0;2.0;Осталось на месте ДТП;С передним приводом;С-класс (малый средний, компактный) до 4,3 м;2024.0;ВАЗ Granta (Гранта);Юридические лица, являющиеся некоммерческими организациями;Черный;;Технические неисправности отсутствуют
930000482.0;1.0;Осталось на месте ДТП;С задним приводом;D-класс (средний) до 4,6 м;2000.0;HONDA HR-V;Физические лица;Серый;;Технические неисправности отсутствуют
930000482.0;2.0;Осталось на месте ДТП;С задним приводом;Прочие грузовые автомобили;2005.0;КАМАЗ 6606;Физические лица;Серый;;Технические неисправности отсутствуют
930000489.0;1.0;Осталось на месте ДТП;С передним приводом;D-класс (средний) до 4,6 м;1992.0;TOYOTA Camry;Физические лица;Синий;;Технические неисправности отсутствуют
930000473.0;1.0;Осталось на месте ДТП;С передним приводом;D-класс (средний) до 4,6 м;2011.0;TOYOTA Camry;Физические лица;Черный;;Технические неисправности отсутствуют
930000473.0;2.0;Осталось на месте ДТП;С передним приводом;С-класс (малый средний, компактный) до 4,3 м;2019.0;VOLKSWAGEN Golf;Физические лица;Белый;;Технические неисправности отсутствуют
930000468.0;1.0;Осталось на месте ДТП;С передним приводом;D-класс (средний) до 4,6 м;2007.0;FORD Focus;Физические лица;Синий;;Технические неисправности отсутствуют
930000459.0;1.0;Осталось на месте ДТП;С передним приводом;С-класс (малый средний, компактный) до 4,3 м;2018.0;ВАЗ Granta (Гранта);Юридические лица, являющиеся некоммерческими организациями;Серый;;Технические неисправности отсутствуют
930000459.0;2.0;Осталось на месте ДТП;С передним приводом;D-класс (средний) до 4,6 м;2019.0;HYUNDAI Solaris;Физические лица;Белый;;Технические неисправности отсутствуют
930000456.0;1.0;Осталось на месте ДТП;С передним приводом;D-класс (средний) до 4,6 м;2000.0;MAZDA Demio;Физические лица;Серый;;Технические неисправности отсутствуют
930000457.0;1.0;Осталось на месте ДТП;С передним приводом;D-класс (средний) до 4,6 м;2000.0;TOYOTA Corolla;Физические лица;Белый;;Технические неисправности отсутствуют
930000457.0;2.0;Осталось на месте ДТП;С передним приводом;S-класс (высший, представительский класс) более 4,9 м;2019.0;MAZDA CX-5;Физические лица;Серый;;Технические неисправности отсутствуют
930000454.0;1.0;Осталось на месте ДТП;С передним приводом;D-класс (средний) до 4,6 м;2003.0;TOYOTA Allion;Физические лица;Черный;;Технические неисправности отсутствуют
930000450.0;1.0;Осталось на месте ДТП;С передним приводом;Минивэны и универсалы повышенной вместимости;2000.0;TOYOTA Caldina;Физические лица;Серый;;Технические неисправности отсутствуют
930000903.0;1.0;Осталось на месте ДТП;С передним приводом;D-класс (средний) до 4,6 м;2011.0;ВАЗ Priora;Физические лица;Синий;;Технические неисправности отсутствуют
930000913.0;1.0;Скрылось с места ДТП;С передним приводом;С-класс (малый средний, компактный) до 4,3 м;2015.0;ВАЗ Priora;;Белый;;Технические неисправности отсутствуют
930000902.0;1.0;Осталось на месте ДТП;Полноприводные;С-класс (малый средний, компактный) до 4,3 м;2006.0;ВАЗ  Нива  ВАЗ-2121 и модификации;Физические лица;Белый;;Технические неисправности отсутствуют
930000894.0;1.0;Осталось на месте ДТП;Иное расположение рулевого управления;Мотоциклы;2020.0;SUZUKI Прочие модели Suzuki;Физические лица;Иные цвета;;Технические неисправности отсутствуют
930000892.0;1.0;Осталось на месте ДТП;С передним приводом;D-класс (средний) до 4,6 м;2003.0;TOYOTA Corolla;Физические лица;Белый;;Технические неисправности отсутствуют
930000890.0;1.0;Скрылось и установлено в срок до 1 суток;С передним приводом;Минивэны и универсалы повышенной вместимости;2001.0;HONDA Stream;Физические лица;Серый;;Технические неисправности отсутствуют
930000885.0;1.0;Осталось на месте ДТП;С передним приводом;С-класс (малый средний, компактный) до 4,3 м;1984.0;ВАЗ  Нива  ВАЗ-2121 и модификации;Физические лица;Зеленый;;Технические неисправности отсутствуют
930000885.0;2.0;Осталось на месте ДТП;;Велосипеды (без двигателя);; ;Физические лица;Черный;;Технические неисправности отсутствуют
930000884.0;1.0;Осталось на месте ДТП;С задним приводом;С-класс (малый средний, компактный) до 4,3 м;2002.0;ВАЗ  Жигули  ВАЗ-2107 модификации;Физические лица;Белый;;Технические неисправности отсутствуют
930000884.0;2.0;Осталось на месте ДТП;С передним приводом;D-класс (средний) до 4,6 м;2003.0;TOYOTA Wish;Физические лица;Серый;;Технические неисправности отсутствуют
930000879.0;1.0;Осталось на месте ДТП;С передним приводом;С-класс (малый средний, компактный) до 4,3 м;2004.0;ВАЗ ВАЗ 2110, 21101, 21102, 21103, 21108;Физические лица;Серый;;Технические неисправности отсутствуют
930000879.0;2.0;Осталось на месте ДТП;;Велосипеды (без двигателя);; ;Физические лица;;;Технические неисправности отсутствуют
930000880.0;1.0;Осталось на месте ДТП;С задним приводом;D-класс (средний) до 4,6 м;2000.0;TOYOTA Corona;Физические лица;Белый;;Технические неисправности отсутствуют
930000875.0;1.0;Осталось на месте ДТП;С передним приводом;D-класс (средний) до 4,6 м;2008.0;HONDA CR-V;Физические лица;Черный;;Технические неисправности отсутствуют
930000874.0;1.0;Осталось на месте ДТП;С передним приводом;D-класс (средний) до 4,6 м;2005.0;MAZDA Axela;Физические лица;Серый;;Технические неисправности отсутствуют
930000868.0;1.0;Осталось на месте ДТП;С задним приводом;С-класс (малый средний, компактный) до 4,3 м;2004.0;ВАЗ  Жигули  ВАЗ-2106 модификации;Физические лица;Красный;;Технические неисправности отсутствуют
930000866.0;1.0;Осталось на месте ДТП;Иное расположение рулевого управления;Мотоциклы;2023.0;MOTOLEVO Прочие модели Motolevo;Физические лица;Желтый;;Не устанавливались
930000857.0;1.0;Осталось на месте ДТП;С передним приводом;С-класс (малый средний, компактный) до 4,3 м;1997.0;TOYOTA Carina;Физические лица;Черный;;Технические неисправности отсутствуют
930000860.0;1.0;Осталось на месте ДТП;Иное расположение рулевого управления;Тракторы;2016.0;Прочие марки ТС Прочие марки и модели ТС;Юридические лица, являющиеся некоммерческими организациями;Красный;;Технические неисправности отсутствуют
930000850.0;1.0;Осталось на месте ДТП;С передним приводом;D-класс (средний) до 4,6 м;2010.0;HONDA CR-V;Физические лица;Белый;;Технические неисправности отсутствуют
930000850.0;2.0;Осталось на месте ДТП;С передним приводом;D-класс (средний) до 4,6 м;2001.0;NISSAN Avenir;Физические лица;Серый;;Технические неисправности отсутствуют
930000842.0;1.0;Осталось на месте ДТП;С передним приводом;D-класс (средний) до 4,6 м;2021.0;SKODA Karoq;Физические лица;Зеленый;;Технические неисправности отсутствуют
930000848.0;1.0;Осталось на месте ДТП;С передним приводом;Минивэны и универсалы повышенной вместимости;2013.0;RENAULT Duster;Физические лица;Желтый;;Технические неисправности отсутствуют
930000848.0;2.0;Осталось на месте ДТП;Полноприводные;Е-класс (высший средний, бизнес-класс) до 4,9 м;2001.0;LEXUS LX;Физические лица;Черный;;Технические неисправности отсутствуют
930000838.0;1.0;Осталось на месте ДТП;Иное расположение рулевого управления;Мопеды с двигателем внутреннего сгорания более 50 см. куб.;2010.0;Прочие марки мотоциклов Прочие марки мотоциклов;Физические лица;Черный;;Не устанавливались
930000830.0;1.0;Осталось на месте ДТП;С передним приводом;С-класс (малый средний, компактный) до 4,3 м;2012.0;ВАЗ Priora;Физические лица;Синий;;Технические неисправности отсутствуют
930000830.0;2.0;Осталось на месте ДТП;С передним приводом;С-класс (малый средний, компактный) до 4,3 м;2011.0;ВАЗ Priora;Физические лица;Синий;;Технические неисправности отсутствуют
930000832.0;1.0;Осталось на месте ДТП;Полноприводные;D-класс (средний) до 4,6 м;2008.0;SUZUKI Grand Vitara;Физические лица;Белый;;Технические неисправности отсутствуют
930000832.0;2.0;Осталось на месте ДТП;Полноприводные;D-класс (средний) до 4,6 м;2016.0;ВАЗ  Нива  ВАЗ-2121 и модификации;Физические лица;Белый;;Технические неисправности отсутствуют
930000828.0;1.0;Осталось на месте ДТП;С передним приводом;D-класс (средний) до 4,6 м;1997.0;TOYOTA Carina;Физические лица;Черный;;Технические неисправности отсутствуют
930000828.0;2.0;Осталось на месте ДТП;С передним приводом;D-класс (средний) до 4,6 м;2006.0;HONDA Accord;Физические лица;Черный;;Технические неисправности отсутствуют
930000827.0;1.0;Осталось на месте ДТП;С передним приводом;С-класс (малый средний, компактный) до 4,3 м;2014.0;ВАЗ ВАЗ 2114 и модификации;Физические лица;Белый;;Технические неисправности отсутствуют
930000820.0;1.0;Скрылось с места ДТП;Иное расположение рулевого управления;Мотоциклы;; ;;Иные цвета;;Технические неисправности отсутствуют
930000820.0;2.0;Осталось на месте ДТП;С передним приводом;Минивэны и универсалы повышенной вместимости;2011.0;MITSUBISHI Outlander;Физические лица;Черный;;Технические неисправности отсутствуют
930000821.0;1.0;Осталось на месте ДТП;С задним приводом;D-класс (средний) до 4,6 м;1999.0;HONDA HR-V;Физические лица;Белый;;Технические неисправности отсутствуют
930000813.0;1.0;Осталось на месте ДТП;С передним приводом;D-класс (средний) до 4,6 м;1997.0;TOYOTA Carina;Физические лица;Серый;;Технические неисправности отсутствуют
930000813.0;2.0;Осталось на месте ДТП;С передним приводом;Минивэны и универсалы повышенной вместимости;2004.0;TOYOTA Wish;Физические лица;Серый;;Технические неисправности отсутствуют
930000809.0;1.0;Осталось на месте ДТП;С передним приводом;D-класс (средний) до 4,6 м;2013.0;ВАЗ ВАЗ 2114 и модификации;Физические лица;Белый;;Технические неисправности отсутствуют
930000809.0;2.0;Осталось на месте ДТП;С передним приводом;D-класс (средний) до 4,6 м;2004.0;TOYOTA Avensis;Физические лица;Черный;;Технические неисправности отсутствуют
930000805.0;1.0;Осталось на месте ДТП;Иное расположение рулевого управления;Мотоциклы;2020.0;Прочие марки мотоциклов Прочие марки мотоциклов;Физические лица;Зеленый;;Технические неисправности отсутствуют
930000802.0;1.0;Скрылось с места ДТП;Иное расположение рулевого управления;Мотоциклы;;Прочие марки мотоциклов Прочие марки мотоциклов;;;;Не устанавливались
930000795.0;1.0;Осталось на месте ДТП;С передним приводом;С-класс (малый средний, компактный) до 4,3 м;1993.0;TOYOTA Vista;Физические лица;Серый;;Технические неисправности отсутствуют
930000799.0;1.0;Осталось на месте ДТП;С передним приводом;В-класс (малый) до 3,9 м;1993.0;TOYOTA Corsa;Физические лица;Белый;;Технические неисправности отсутствуют
930000787.0;1.0;Осталось на месте ДТП;С передним приводом;Минивэны и универсалы повышенной вместимости;2013.0;TOYOTA Wish;Физические лица;Красный;;Технические неисправности отсутствуют
930000790.0;1.0;Осталось на месте ДТП;С передним приводом;С-класс (малый средний, компактный) до 4,3 м;1996.0;TOYOTA Corona;Физические лица;Белый;;Технические неисправности отсутствуют
930000785.0;1.0;Осталось на месте ДТП;С передним приводом;D-класс (средний) до 4,6 м;2014.0;FORD Focus;Физические лица;Синий;;Технические неисправности отсутствуют
930000773.0;1.0;Осталось на месте ДТП;С передним приводом;D-класс (средний) до 4,6 м;2022.0;МОСКВИЧ Прочие модели Москвич;Физические лица;Черный;;Технические неисправности отсутствуют
930000773.0;2.0;Осталось на месте ДТП;Полноприводные;С-класс (малый средний, компактный) до 4,3 м;2023.0;ВАЗ  Нива  ВАЗ-2121 и модификации;Физические лица;Черный;;Технические неисправности отсутствуют
930000772.0;1.0;Осталось на месте ДТП;Иное расположение рулевого управления;Мотоциклы;2020.0;Прочие марки ТС Прочие марки и модели ТС;Физические лица;Черный;;Технические неисправности отсутствуют
930000774.0;1.0;Осталось на месте ДТП;С передним приводом;В-класс (малый) до 3,9 м;2012.0;KIA Rio;Физические лица;Черный;;Технические неисправности отсутствуют
930000769.0;1.0;Осталось на месте ДТП;С передним приводом;Прочие легковые автомобили;2012.0;NISSAN X-Trail;Физические лица;Серый;;Технические неисправности отсутствуют
930000771.0;1.0;Осталось на месте ДТП;С передним приводом;С-класс (малый средний, компактный) до 4,3 м;2001.0;TOYOTA Corolla;Физические лица;Серый;;Технические неисправности отсутствуют
930000768.0;1.0;Осталось на месте ДТП;Полноприводные;С-класс (малый средний, компактный) до 4,3 м;2022.0;ВАЗ ВАЗ 2123 и модификации;Физические лица;Зеленый;;Технические неисправности отсутствуют
930000765.0;1.0;Осталось на месте ДТП;С передним приводом;D-класс (средний) до 4,6 м;2013.0;ВАЗ ВАЗ 2110, 21101, 21102, 21103, 21108;Физические лица;Синий;;Технические неисправности отсутствуют
930000765.0;2.0;Осталось на месте ДТП;С передним приводом;Минивэны и универсалы повышенной вместимости;1996.0;CHEVROLET Прочие модели Chevrolet;Физические лица;Черный;;Технические неисправности отсутствуют
930000765.0;3.0;Осталось на месте ДТП;Полноприводные;Прочие легковые автомобили;2003.0;УАЗ УАЗ 3151, 31512, 31514, 31519 и модификации;Физические лица;Зеленый;;Технические неисправности отсутствуют
930000757.0;1.0;Осталось на месте ДТП;С передним приводом;Минивэны и универсалы повышенной вместимости;1987.0;TOYOTA Ipsum;Физические лица;Серый;;Технические неисправности отсутствуют
930000757.0;2.0;Осталось на месте ДТП;С передним приводом;D-класс (средний) до 4,6 м;1992.0;TOYOTA Vista;Физические лица;Зеленый;;Технические неисправности отсутствуют
930000758.0;1.0;Осталось на месте ДТП;С передним приводом;Минивэны и универсалы повышенной вместимости;1987.0;TOYOTA Ipsum;Физические лица;Серый;;Технические неисправности отсутствуют
930000758.0;2.0;Осталось на месте ДТП;С передним приводом;С-класс (малый средний, компактный) до 4,3 м;2000.0;Прочие марки ТС Прочие марки и модели ТС;Физические лица;Красный;;Технические неисправности отсутствуют
930000758.0;3.0;Осталось на месте ДТП;С передним приводом;D-класс (средний) до 4,6 м;2000.0;TOYOTA Sprinter;Физические лица;Белый;;Технические неисправности отсутствуют
930000758.0;4.0;Осталось на месте ДТП;С передним приводом;С-класс (малый средний, компактный) до 4,3 м;2013.0;ВАЗ ВАЗ 2114 и модификации;Физические лица;Черный;;Технические неисправности отсутствуют
930000748.0;1.0;Скрылось и установлено в срок до 1 суток;С передним приводом;С-класс (малый средний, компактный) до 4,3 м;2008.0;ВАЗ ВАЗ 2114 и модификации;Физические лица;Зеленый;;Технические неисправности отсутствуют
930000750.0;1.0;Осталось на месте ДТП;Иное расположение рулевого управления;Тракторы;2009.0;Прочие марки ТС Прочие марки и модели ТС;Юридические лица, являющиеся некоммерческими организациями;Синий;;Технические неисправности отсутствуют
930000750.0;2.0;Осталось на месте ДТП;С передним приводом;В-класс (малый) до 3,9 м;2013.0;HONDA FIT;Физические лица;Серый;;Технические неисправности отсутствуют
930000749.0;1.0;Осталось на месте ДТП;С задним приводом;В-класс (малый) до 3,9 м;2007.0;ВАЗ  Жигули  ВАЗ-2107 модификации;Физические лица;Фиолетовый;;Технические неисправности отсутствуют
930000743.0;1.0;Осталось на месте ДТП;С передним приводом;D-класс (средний) до 4,6 м;1997.0;TOYOTA Starlet;Физические лица;Синий;;Технические неисправности отсутствуют
930000743.0;2.0;Осталось на месте ДТП;С задним приводом;С-класс (малый средний, компактный) до 4,3 м;2011.0;ВАЗ  Жигули  ВАЗ-2107 модификации;Физические лица;Серый;;Технические неисправности отсутствуют
930000745.0;1.0;Осталось на месте ДТП;С передним приводом;Минивэны и универсалы повышенной вместимости;2003.0;TOYOTA Wish;Физические лица;Черный;;Технические неисправности отсутствуют
930000741.0;1.0;Осталось на месте ДТП;С передним приводом;D-класс (средний) до 4,6 м;1998.0;TOYOTA Corolla;Физические лица;Белый;;Технические неисправности отсутствуют
930000740.0;1.0;Осталось на месте ДТП;Полноприводные;Минивэны и универсалы повышенной вместимости;2001.0;MAZDA Tribute;Физические лица;Белый;;Технические неисправности отсутствуют
930000740.0;2.0;Осталось на месте ДТП;С передним приводом;D-класс (средний) до 4,6 м;2005.0;TOYOTA Прочие модели Toyota;Физические лица;Серый;;Технические неисправности отсутствуют
930000737.0;1.0;Осталось на месте ДТП;С передним приводом;Минивэны и универсалы повышенной вместимости;2014.0;ВАЗ Largus (Ларгус);Физические лица;Коричневый;;Технические неисправности отсутствуют
930000738.0;1.0;Осталось на месте ДТП;С передним приводом;D-класс (средний) до 4,6 м;1993.0;TOYOTA Corona;Физические лица;Зеленый;;Не устанавливались
930000738.0;2.0;Осталось на месте ДТП;С передним приводом;Е-класс (высший средний, бизнес-класс) до 4,9 м;2007.0;TOYOTA Wish;Физические лица;Серый;;Не устанавливались
930000711.0;1.0;Осталось на месте ДТП;Иное расположение рулевого управления;Мотоциклы;2019.0;DAEWOO Racer;Физические лица;Черный;;Не устанавливались
930000712.0;1.0;Осталось на месте ДТП;С передним приводом;D-класс (средний) до 4,6 м;2017.0;NISSAN Note;Физические лица;Серый;;Не устанавливались
930000709.0;1.0;Осталось на месте ДТП;С передним приводом;С-класс (малый средний, компактный) до 4,3 м;2014.0;HYUNDAI Solaris;Физические лица;Белый;;Не устанавливались
930000710.0;1.0;Осталось на месте ДТП;Полноприводные;Е-класс (высший средний, бизнес-класс) до 4,9 м;2004.0;TOYOTA Land Cruiser;Физические лица;Черный;;Не устанавливались
930000702.0;1.0;Осталось на месте ДТП;С задним приводом;Цистерны;2008.0;МАЗ-МАН Прочие модели МАЗ-МАН;Физические лица;Белый;;Технические неисправности отсутствуют
930000702.0;2.0;Осталось на месте ДТП;Полноприводные;Минивэны и универсалы повышенной вместимости;2019.0;HYUNDAI Прочие модели Hyundai;Физические лица;Синий;;Технические неисправности отсутствуют
930000702.0;3.0;Осталось на месте ДТП;С задним приводом;D-класс (средний) до 4,6 м;2018.0;TOYOTA Crown;Физические лица;Белый;;Технические неисправности отсутствуют
930000701.0;1.0;Осталось на месте ДТП;С передним приводом;D-класс (средний) до 4,6 м;2006.0;ВАЗ  Жигули  ВАЗ-2104 модификации;Физические лица;Серый;;Не устанавливались
930000701.0;2.0;Осталось на месте ДТП;С передним приводом;D-класс (средний) до 4,6 м;2013.0;NISSAN Note;Физические лица;Коричневый;;Технические неисправности отсутствуют
930000688.0;1.0;Осталось на месте ДТП;С передним приводом;D-класс (средний) до 4,6 м;2005.0;TOYOTA Allion;Физические лица;Серый;;Не устанавливались
930000694.0;1.0;Осталось на месте ДТП;С передним приводом;D-класс (средний) до 4,6 м;1999.0;NISSAN Sunny;Физические лица;Белый;;Не устанавливались
930000694.0;2.0;Осталось на месте ДТП;С передним приводом;D-класс (средний) до 4,6 м;2009.0;TOYOTA Camry;Физические лица;Черный;;Не устанавливались
930000694.0;3.0;Осталось на месте ДТП;С передним приводом;D-класс (средний) до 4,6 м;2008.0;TOYOTA Corolla;Физические лица;Черный;;Не устанавливались
930001158.0;1.0;Осталось на месте ДТП;С передним приводом;D-класс (средний) до 4,6 м;2002.0;УАЗ УАЗ 3151, 31512, 31514, 31519 и модификации;Физические лица;Иные цвета;;Технические неисправности отсутствуют
930001159.0;1.0;Скрылось с места ДТП;;В-класс (малый) до 3,9 м;; ;;;;Не устанавливались
930001136.0;1.0;Осталось на месте ДТП;С передним приводом;С-класс (малый средний, компактный) до 4,3 м;2012.0;MAZDA Mazda 3;Физические лица;Черный;;Технические неисправности отсутствуют
930001136.0;2.0;Осталось на месте ДТП;;Велосипеды (без двигателя);; ;Физические лица;;;Технические неисправности отсутствуют
930001137.0;1.0;Осталось на месте ДТП;С передним приводом;D-класс (средний) до 4,6 м;2006.0;ВАЗ Priora;Физические лица;Серый;;Технические неисправности отсутствуют
930001134.0;1.0;Осталось на месте ДТП;С передним приводом;Прочие легковые автомобили;2005.0;TOYOTA Прочие модели Toyota;Физические лица;Серый;;Технические неисправности отсутствуют
930001134.0;2.0;Осталось на месте ДТП;С задним приводом;С-класс (малый средний, компактный) до 4,3 м;2005.0;ВАЗ  Жигули  ВАЗ-2107 модификации;Физические лица;Белый;;Технические неисправности отсутствуют
930001120.0;1.0;Осталось на месте ДТП;С передним приводом;D-класс (средний) до 4,6 м;2011.0;FORD Mondeo;Физические лица;Серый;;Технические неисправности отсутствуют
930001106.0;1.0;Осталось на месте ДТП;С передним приводом;D-класс (средний) до 4,6 м;2006.0;HYUNDAI Sonata;Физические лица;Черный;;Технические неисправности отсутствуют
930001116.0;1.0;Осталось на месте ДТП;Иное расположение рулевого управления;Мотоциклы;2020.0;Прочие марки мотоциклов Прочие марки мотоциклов;Физические лица;Черный;;Технические неисправности отсутствуют
930001116.0;2.0;Осталось на месте ДТП;С передним приводом;Минивэны и универсалы повышенной вместимости;2003.0;TOYOTA Wish;Физические лица;Серый;;Технические неисправности отсутствуют
930001111.0;1.0;Осталось на месте ДТП;С задним приводом;Минивэны и универсалы повышенной вместимости;2002.0;TOYOTA Estima;Физические лица;Серый;;Технические неисправности отсутствуют
930001117.0;1.0;Осталось на месте ДТП;Иное расположение рулевого управления;Мотоциклы;2020.0;Прочие марки ТС Прочие марки и модели ТС;Физические лица;Черный;;Технические неисправности отсутствуют
930001114.0;1.0;Осталось на месте ДТП;Полноприводные;С-класс (малый средний, компактный) до 4,3 м;2009.0;TOYOTA Wish;Физические лица;Серый;;Технические неисправности отсутствуют
930001118.0;1.0;Осталось на месте ДТП;С передним приводом;Е-класс (высший средний, бизнес-класс) до 4,9 м;1997.0;TOYOTA Camry;Физические лица;Белый;;Технические неисправности отсутствуют
930001103.0;1.0;Осталось на месте ДТП;С передним приводом;D-класс (средний) до 4,6 м;2003.0;NISSAN Bassara;Физические лица;Красный;;Технические неисправности отсутствуют
930001101.0;1.0;Осталось на месте ДТП;С передним приводом;D-класс (средний) до 4,6 м;2003.0;TOYOTA Avensis;Физические лица;Серый;;Технические неисправности отсутствуют
930001095.0;1.0;Осталось на месте ДТП;С задним приводом;Е-класс (высший средний, бизнес-класс) до 4,9 м;1998.0;MERCEDES E-класс;Физические лица;Серый;;Не устанавливались
930001095.0;2.0;Осталось на месте ДТП;С передним приводом;D-класс (средний) до 4,6 м;1995.0;TOYOTA Sprinter;Физические лица;Серый;;Не устанавливались
930001096.0;1.0;Осталось на месте ДТП;Иное расположение рулевого управления;Мотоциклы;2018.0;Прочие марки мотоциклов Прочие марки мотоциклов;Физические лица;Зеленый;;Технические неисправности отсутствуют
930001076.0;1.0;Осталось на месте ДТП;Полноприводные;Е-класс (высший средний, бизнес-класс) до 4,9 м;2013.0;ВАЗ Largus (Ларгус);Физические лица;Серый;;Технические неисправности отсутствуют
930001076.0;2.0;Осталось на месте ДТП;С передним приводом;D-класс (средний) до 4,6 м;2003.0;TOYOTA Прочие модели Toyota;Физические лица;Черный;;Не устанавливались
930001057.0;1.0;Осталось на месте ДТП;С передним приводом;С-класс (малый средний, компактный) до 4,3 м;2002.0;ВАЗ ВАЗ 2110, 21101, 21102, 21103, 21108;Физические лица;Белый;;Технические неисправности отсутствуют
930001057.0;2.0;Осталось на месте ДТП;С задним приводом;Бортовые грузовые автомобили;2024.0;ГАЗ Прочие модели ГАЗ;Физические лица;Белый;;Технические неисправности отсутствуют
930001058.0;1.0;Осталось на месте ДТП;С передним приводом;D-класс (средний) до 4,6 м;2018.0;VOLKSWAGEN Polo;Физические лица;Серый;;Технические неисправности отсутствуют
930001056.0;1.0;Осталось на месте ДТП;С передним приводом;D-класс (средний) до 4,6 м;1983.0;TOYOTA Gaia;Физические лица;Серый;;Технические неисправности отсутствуют
930001056.0;2.0;Осталось на месте ДТП;Иное расположение рулевого управления;Мотоциклы;2024.0;Прочие марки мотоциклов Прочие марки мотоциклов;Физические лица;Черный;;Технические неисправности отсутствуют
930001053.0;1.0;Осталось на месте ДТП;Полноприводные;Е-класс (высший средний, бизнес-класс) до 4,9 м;2014.0;TOYOTA Land Cruiser;Физические лица;Черный;;Технические неисправности отсутствуют
930001053.0;2.0;Осталось на месте ДТП;С передним приводом;D-класс (средний) до 4,6 м;2013.0;VOLVO S60;Физические лица;Белый;;Технические неисправности отсутствуют
930001054.0;1.0;Осталось на месте ДТП;Иное расположение рулевого управления;Мотоциклы;2020.0;Прочие марки мотоциклов Прочие марки мотоциклов;Физические лица;Синий;;Технические неисправности отсутствуют
930001054.0;2.0;Осталось на месте ДТП;Иное расположение рулевого управления;Велосипеды (без двигателя);;Прочие марки ТС Прочие марки и модели ТС;Физические лица;;;Технические неисправности отсутствуют
930001045.0;1.0;Осталось на месте ДТП;С передним приводом;С-класс (малый средний, компактный) до 4,3 м;2006.0;ВАЗ ВАЗ 2111, 21110 (универсал), 21113, 21114;Физические лица;Серый;;Технические неисправности отсутствуют
930001047.0;1.0;Осталось на месте ДТП;Иное расположение рулевого управления;Мотоциклы;1980.0;ИЖ Прочие модели ИЖ;Физические лица;Черный;;Технические неисправности отсутствуют
930001042.0;1.0;Осталось на месте ДТП;Полноприводные;Фургоны;2020.0;УАЗ Прочие модели УАЗ;Физические лица;Серый;;Технические неисправности отсутствуют
930001042.0;2.0;Осталось на месте ДТП;Полноприводные;Прочие легковые автомобили;2018.0;KIA Прочие модели Kia;Физические лица;Белый;;Технические неисправности отсутствуют
930001039.0;1.0;Осталось на месте ДТП;Полноприводные;S-класс (высший, представительский класс) более 4,9 м;2020.0;TOYOTA RAV 4;Физические лица;Синий;;Технические неисправности отсутствуют
930001030.0;1.0;Осталось на месте ДТП;Полноприводные;D-класс (средний) до 4,6 м;2006.0;Прочие марки ТС Прочие марки и модели ТС;Физические лица;Серый;;Не устанавливались
930001023.0;1.0;Осталось на месте ДТП;С передним приводом;Е-класс (высший средний, бизнес-класс) до 4,9 м;2012.0;TOYOTA Hilux;Физические лица;Белый;;Технические неисправности отсутствуют
930001027.0;1.0;Осталось на месте ДТП;С передним приводом;Минивэны и универсалы повышенной вместимости;2011.0;TOYOTA Isis;Физические лица;Серый;;Технические неисправности отсутствуют
930001027.0;2.0;Осталось на месте ДТП;Иное расположение рулевого управления;Велосипеды (без двигателя);; ;Физические лица;;;Технические неисправности отсутствуют
930001026.0;1.0;Осталось на месте ДТП;С передним приводом;В-класс (малый) до 3,9 м;2012.0;ВАЗ Priora;Физические лица;Белый;;Технические неисправности отсутствуют
930001029.0;1.0;Осталось на месте ДТП;Иное расположение рулевого управления;Мотоциклы;2024.0;DAEWOO Racer;Физические лица;Синий;;Технические неисправности отсутствуют
930001015.0;1.0;Осталось на месте ДТП;С передним приводом;В-класс (малый) до 3,9 м;2008.0;TOYOTA Camry;Физические лица;Серый;;Технические неисправности отсутствуют
930001019.0;1.0;Осталось на месте ДТП;Иное расположение рулевого управления;Мотоциклы;2019.0;ATK Прочие модели ATK;Физические лица;Зеленый;;Технические неисправности отсутствуют
930001019.0;2.0;Осталось на месте ДТП;С передним приводом;В-класс (малый) до 3,9 м;2002.0;TOYOTA Picnic;Физические лица;Серый;;Технические неисправности отсутствуют
930001019.0;3.0;Осталось на месте ДТП;С передним приводом;В-класс (малый) до 3,9 м;2010.0;DAEWOO Прочие модели Daewoo;Физические лица;Серый;;Технические неисправности отсутствуют
930001021.0;1.0;Осталось на месте ДТП;С передним приводом;С-класс (малый средний, компактный) до 4,3 м;2020.0;ВАЗ Granta (Гранта);Физические лица;Красный;;Технические неисправности отсутствуют
930001021.0;2.0;Осталось на месте ДТП;С передним приводом;С-класс (малый средний, компактный) до 4,3 м;2008.0;ВАЗ Priora;Физические лица;Черный;;Технические неисправности отсутствуют
930001017.0;1.0;Осталось на месте ДТП;С передним приводом;С-класс (малый средний, компактный) до 4,3 м;2008.0;ВАЗ ВАЗ 2115 и модификации;Физические лица;Черный;;Технические неисправности отсутствуют
930001017.0;2.0;Осталось на месте ДТП;С задним приводом;Самосвалы;1993.0;ГАЗ 3302, 33027 и модификации;Физические лица;Синий;;Технические неисправности отсутствуют
930001011.0;1.0;Осталось на месте ДТП;Иное расположение рулевого управления;Мотоциклы;2020.0;Прочие марки ТС Прочие марки и модели ТС;Физические лица;Зеленый;;Технические неисправности отсутствуют
930001011.0;2.0;Осталось на месте ДТП;Иное расположение рулевого управления;Мотоциклы;2023.0;Прочие марки ТС Прочие марки и модели ТС;Физические лица;Синий;;Технические неисправности отсутствуют
930001009.0;1.0;Осталось на месте ДТП;С передним приводом;С-класс (малый средний, компактный) до 4,3 м;2007.0;TOYOTA Allion;Физические лица;Белый;;Технические неисправности отсутствуют
930001009.0;2.0;Осталось на месте ДТП;С передним приводом;С-класс (малый средний, компактный) до 4,3 м;2014.0;ВАЗ Granta (Гранта);Физические лица;Черный;;Технические неисправности отсутствуют
930000998.0;1.0;Осталось на месте ДТП;С передним приводом;С-класс (малый средний, компактный) до 4,3 м;2012.0;ВАЗ Priora;Физические лица;Белый;;Технические неисправности отсутствуют
930000998.0;2.0;Осталось на месте ДТП;Иное расположение рулевого управления;Мотоциклы;2020.0;Прочие марки ТС Прочие марки и модели ТС;Физические лица;Зеленый;;Технические неисправности отсутствуют
930001001.0;1.0;Осталось на месте ДТП;С передним приводом;D-класс (средний) до 4,6 м;2007.0;TOYOTA Corolla;Физические лица;Серый;;Технические неисправности отсутствуют
930000993.0;1.0;Осталось на месте ДТП;Полноприводные;Одноэтажные длиной от 5 до 8 м;2002.0;УАЗ 22069;Физические лица;Белый;;Технические неисправности отсутствуют
930000994.0;1.0;Осталось на месте ДТП;;Персональное электрическое средство передвижения малой мощности (не применяется);; ;Физические лица;Серый;;Технические неисправности отсутствуют
930000994.0;2.0;Осталось на месте ДТП;С передним приводом;D-класс (средний) до 4,6 м;2012.0;NISSAN Serena;Физические лица;Серый;;Технические неисправности отсутствуют
930000989.0;1.0;Осталось на месте ДТП;С передним приводом;D-класс (средний) до 4,6 м;1998.0;HONDA Accord;Физические лица;Серый;;Технические неисправности отсутствуют
930000990.0;1.0;Осталось на месте ДТП;С передним приводом;D-класс (средний) до 4,6 м;2001.0;TOYOTA Caldina;Физические лица;Серый;;Технические неисправности отсутствуют
930000961.0;1.0;Осталось на месте ДТП;С задним приводом;С-класс (малый средний, компактный) до 4,3 м;1999.0;TOYOTA Altezza;Физические лица;Серый;;Технические неисправности отсутствуют
930000965.0;1.0;Осталось на месте ДТП;Иное расположение рулевого управления;Мотоциклы;2020.0;DAEWOO Racer;Физические лица;Черный;;Технические неисправности отсутствуют
930000949.0;1.0;Осталось на месте ДТП;С передним приводом;С-класс (малый средний, компактный) до 4,3 м;2011.0;MITSUBISHI Lancer;Физические лица;Черный;;Технические неисправности отсутствуют
930000953.0;1.0;Осталось на месте ДТП;С задним приводом;D-класс (средний) до 4,6 м;2002.0;TOYOTA Matrix;Физические лица;Белый;;Технические неисправности отсутствуют
930000955.0;1.0;Осталось на месте ДТП;С передним приводом;Прочие легковые автомобили;2006.0;FORD Fusion;Физические лица;Многоцветный;;Технические неисправности отсутствуют
930000955.0;2.0;Осталось на месте ДТП;С передним приводом;D-класс (средний) до 4,6 м;2001.0;TOYOTA Camry;Физические лица;Серый;;Технические неисправности отсутствуют
930000954.0;1.0;Осталось на месте ДТП;Иное расположение рулевого управления;Мотоциклы;2020.0;Прочие марки ТС Прочие марки и модели ТС;Физические лица;Синий;;Технические неисправности отсутствуют
930000946.0;1.0;Осталось на месте ДТП;С передним приводом;Е-класс (высший средний, бизнес-класс) до 4,9 м;2012.0;MAZDA Mazda 6;Физические лица;Синий;;Технические неисправности отсутствуют
930000946.0;2.0;Осталось на месте ДТП;С передним приводом;D-класс (средний) до 4,6 м;2007.0;ВАЗ ВАЗ 2110, 21101, 21102, 21103, 21108;Физические лица;Серый;;Технические неисправности отсутствуют
930000944.0;1.0;Осталось на месте ДТП;С передним приводом;D-класс (средний) до 4,6 м;2006.0;FORD Focus;Физические лица;Серый;;Технические неисправности отсутствуют
930000944.0;2.0;Осталось на месте ДТП;С задним приводом;Прочие одноярусные;2024.0;YUTONG Прочие модели Yotong;Юридические лица, являющиеся некоммерческими организациями;Белый;;Технические неисправности отсутствуют
930000947.0;1.0;Осталось на месте ДТП;С передним приводом;В-класс (малый) до 3,9 м;2007.0;ВАЗ ВАЗ 2112 и модификации;Физические лица;Синий;;Технические неисправности отсутствуют
930000947.0;2.0;Осталось на месте ДТП;Иное расположение рулевого управления;Мотоциклы;2011.0;BMW Прочие модели BMW;Физические лица;Желтый;;Технические неисправности отсутствуют
930000942.0;1.0;Осталось на месте ДТП;С передним приводом;С-класс (малый средний, компактный) до 4,3 м;2009.0;ВАЗ Kalina;Физические лица;Серый;;Технические неисправности отсутствуют
930000942.0;2.0;Осталось на месте ДТП;С передним приводом;Минивэны и универсалы повышенной вместимости;2009.0;TOYOTA Прочие модели Toyota;Физические лица;Белый;;Технические неисправности отсутствуют
930000935.0;1.0;Скрылось и установлено в срок до 1 суток;С передним приводом;С-класс (малый средний, компактный) до 4,3 м;2010.0;ВАЗ Priora;Физические лица;Белый;;Технические неисправности отсутствуют
930000934.0;1.0;Осталось на месте ДТП;С передним приводом;D-класс (средний) до 4,6 м;1999.0;TOYOTA Camry;Физические лица;Серый;;Технические неисправности отсутствуют
930000934.0;2.0;Осталось на месте ДТП;С задним приводом;Бортовые грузовые автомобили;2000.0;ГАЗ 33023, 330232, 330273 и модификации;Физические лица;Белый;;Технические неисправности отсутствуют
930000936.0;1.0;Осталось на месте ДТП;С передним приводом;Минивэны и универсалы повышенной вместимости;2000.0;HONDA Odyssey;Физические лица;Белый;;Технические неисправности отсутствуют
930000936.0;2.0;Осталось на месте ДТП;С передним приводом;С-класс (малый средний, компактный) до 4,3 м;2015.0;VOLKSWAGEN Polo;Физические лица;Серый;;Технические неисправности отсутствуют
930000929.0;1.0;Осталось на месте ДТП;С передним приводом;С-класс (малый средний, компактный) до 4,3 м;2002.0;ВАЗ ВАЗ 2110, 21101, 21102, 21103, 21108;Физические лица;Серый;;Технические неисправности отсутствуют
930000924.0;1.0;Осталось на месте ДТП;С передним приводом;D-класс (средний) до 4,6 м;2008.0;TOYOTA Corolla;Физические лица;Серый;;Технические неисправности отсутствуют
930000917.0;1.0;Осталось на месте ДТП;Полноприводные;Минивэны и универсалы повышенной вместимости;2003.0;TOYOTA Land Cruiser;Физические лица;Белый;;Технические неисправности отсутствуют
930000917.0;2.0;Осталось на месте ДТП;С задним приводом;Прочие легковые автомобили;2014.0;MAZDA Прочие модели Mazda;Физические лица;Белый;;Технические неисправности отсутствуют
930001410.0;1.0;Осталось на месте ДТП;С передним приводом;D-класс (средний) до 4,6 м;2002.0;TOYOTA Corolla;Физические лица;Черный;;Технические неисправности отсутствуют
930001401.0;1.0;Скрылось с места ДТП;;D-класс (средний) до 4,6 м;; ;;;;Технические неисправности отсутствуют
930001400.0;1.0;Осталось на месте ДТП;С передним приводом;С-класс (малый средний, компактный) до 4,3 м;2012.0;ВАЗ ВАЗ 2111, 21110 (универсал), 21113, 21114;Физические лица;Белый;;Технические неисправности отсутствуют
930001400.0;2.0;Осталось на месте ДТП;Иное расположение рулевого управления;Мотоциклы;2000.0;KAWASAKI Прочие модели Kawasaki;Физические лица;Черный;;Не устанавливались
930001392.0;1.0;Осталось на месте ДТП;С передним приводом;С-класс (малый средний, компактный) до 4,3 м;2009.0;HONDA FR-V;Физические лица;Серый;;Технические неисправности отсутствуют
930001387.0;1.0;Осталось на месте ДТП;С передним приводом;В-класс (малый) до 3,9 м;2013.0;ВАЗ Priora;Физические лица;Серый;;Технические неисправности отсутствуют
930001388.0;1.0;Осталось на месте ДТП;С передним приводом;В-класс (малый) до 3,9 м;2012.0;HONDA Прочие модели Honda;Физические лица;Белый;;Технические неисправности отсутствуют
930001388.0;2.0;Осталось на месте ДТП;;Велосипеды (без двигателя);2020.0; ;Физические лица;;;Технические неисправности отсутствуют
930001375.0;1.0;Осталось на месте ДТП;С передним приводом;D-класс (средний) до 4,6 м;2001.0;TOYOTA Corolla;Физические лица;Белый;;Не устанавливались
930001375.0;2.0;Осталось на месте ДТП;С задним приводом;D-класс (средний) до 4,6 м;2009.0;CHEVROLET Прочие модели Chevrolet;Физические лица;Красный;;Не устанавливались
930001370.0;1.0;Осталось на месте ДТП;С передним приводом;D-класс (средний) до 4,6 м;2016.0;TOYOTA Corolla;Физические лица;Черный;;Технические неисправности отсутствуют
930001354.0;1.0;Осталось на месте ДТП;С передним приводом;D-класс (средний) до 4,6 м;1997.0;TOYOTA Camry;Физические лица;Белый;;Технические неисправности отсутствуют
930001355.0;1.0;Осталось на месте ДТП;С передним приводом;С-класс (малый средний, компактный) до 4,3 м;2008.0;HONDA Accord;Физические лица;Красный;;Технические неисправности отсутствуют
930001355.0;2.0;Осталось на месте ДТП;;Велосипеды (без двигателя);; ;Физические лица;;;Технические неисправности отсутствуют
930001349.0;1.0;Скрылось с места ДТП;Иное расположение рулевого управления;Мотоциклы;2015.0;Прочие марки мотоциклов Прочие марки мотоциклов;Физические лица;Синий;;Технические неисправности отсутствуют
930001348.0;1.0;Осталось на месте ДТП;Полноприводные;Минивэны и универсалы повышенной вместимости;2008.0;NISSAN X-Trail;Физические лица;Черный;;Технические неисправности отсутствуют
930001347.0;1.0;Скрылось с места ДТП;;D-класс (средний) до 4,6 м;; ;;;;Не устанавливались
930001339.0;1.0;Осталось на месте ДТП;С передним приводом;D-класс (средний) до 4,6 м;2012.0;RENAULT Fluence;Физические лица;Серый;;Технические неисправности отсутствуют
930001323.0;1.0;Осталось на месте ДТП;С передним приводом;Прочие легковые автомобили;2006.0;ВАЗ ВАЗ 2111, 21110 (универсал), 21113, 21114;Физические лица;Серый;;Технические неисправности отсутствуют
930001334.0;1.0;Осталось на месте ДТП;С передним приводом;С-класс (малый средний, компактный) до 4,3 м;2015.0;ВАЗ Granta (Гранта);Физические лица;Белый;;Технические неисправности отсутствуют
930001334.0;2.0;Осталось на месте ДТП;С передним приводом;В-класс (малый) до 3,9 м;2013.0;TOYOTA Corolla;Физические лица;Белый;;Технические неисправности отсутствуют
930001326.0;1.0;Осталось на месте ДТП;С передним приводом;В-класс (малый) до 3,9 м;2001.0;ВАЗ  Жигули  ВАЗ-2101, 02, 03 и модификации;Физические лица;Серый;;Технические неисправности отсутствуют
930001386.0;1.0;Осталось на месте ДТП;Иное расположение рулевого управления;Мотоциклы;2015.0;Прочие марки мотоциклов Прочие марки мотоциклов;Физические лица;Оранжевый;;Технические неисправности отсутствуют
930001329.0;1.0;Скрылось с места ДТП;;Прочие легковые автомобили;; ;;;;Не устанавливались
930001320.0;1.0;Осталось на месте ДТП;С передним приводом;В-класс (малый) до 3,9 м;2013.0;TOYOTA Wish;Физические лица;Белый;;Технические неисправности отсутствуют
930001312.0;1.0;Осталось на месте ДТП;С передним приводом;А-класс (особо малый) до 3,5 м;2001.0;TOYOTA Corona;Физические лица;Серый;;Технические неисправности отсутствуют
930001312.0;2.0;Осталось на месте ДТП;С передним приводом;А-класс (особо малый) до 3,5 м;2010.0;TOYOTA Wish;Физические лица;Черный;;Технические неисправности отсутствуют
930001307.0;1.0;Осталось на месте ДТП;С передним приводом;С-класс (малый средний, компактный) до 4,3 м;2013.0;Прочие марки ТС Прочие марки и модели ТС;Физические лица;Черный;;Технические неисправности отсутствуют
930001290.0;1.0;Осталось на месте ДТП;С передним приводом;В-класс (малый) до 3,9 м;2010.0;ВАЗ  Жигули  ВАЗ-2107 модификации;Физические лица;Серый;;Технические неисправности отсутствуют
930001289.0;1.0;Осталось на месте ДТП;С передним приводом;В-класс (малый) до 3,9 м;2011.0;ВАЗ Priora;Физические лица;Черный;;Технические неисправности отсутствуют
930001288.0;1.0;Осталось на месте ДТП;Полноприводные;Е-класс (высший средний, бизнес-класс) до 4,9 м;2019.0;SUBARU Forester;Физические лица;Серый;;Не устанавливались
930001287.0;1.0;Осталось на месте ДТП;С передним приводом;С-класс (малый средний, компактный) до 4,3 м;2004.0;HONDA Accord;Физические лица;Серый;;Не устанавливались
930001294.0;1.0;Осталось на месте ДТП;С передним приводом;В-класс (малый) до 3,9 м;2024.0;ВАЗ Granta (Гранта);Физические лица;Белый;;Технические неисправности отсутствуют
930001483.0;2.0;Осталось на месте ДТП;;Велосипеды (без двигателя);; ;Физические лица;;;Технические неисправности отсутствуют
930001483.0;1.0;Скрылось с места ДТП;;А-класс (особо малый) до 3,5 м;; ;;;;Технические неисправности отсутствуют
930001280.0;1.0;Осталось на месте ДТП;С передним приводом;В-класс (малый) до 3,9 м;2010.0;ВАЗ Priora;Физические лица;Черный;;Технические неисправности отсутствуют
930001280.0;2.0;Осталось на месте ДТП;Полноприводные;Прочие легковые автомобили;2023.0;УАЗ Прочие модели УАЗ;Физические лица;Серый;;Технические неисправности отсутствуют
930001286.0;1.0;Осталось на месте ДТП;С передним приводом;В-класс (малый) до 3,9 м;2009.0;TOYOTA Wish;Физические лица;Белый;;Технические неисправности отсутствуют
930001286.0;2.0;Осталось на месте ДТП;Полноприводные;В-класс (малый) до 3,9 м;2006.0;УАЗ УАЗ 3151, 31512, 31514, 31519 и модификации;Физические лица;Серый;;Технические неисправности отсутствуют
930001352.0;1.0;Осталось на месте ДТП;С передним приводом;С-класс (малый средний, компактный) до 4,3 м;2020.0;ВАЗ Granta (Гранта);Юридические лица, являющиеся коммерческими организациями;Не заполнено;;Технические неисправности отсутствуют
930001352.0;2.0;Осталось на месте ДТП;Иное расположение рулевого управления;Велосипеды (без двигателя);; ;Физические лица;Черный;;Технические неисправности отсутствуют
930001282.0;1.0;Осталось на месте ДТП;С передним приводом;С-класс (малый средний, компактный) до 4,3 м;2003.0;ВАЗ ВАЗ 2111, 21110 (универсал), 21113, 21114;Физические лица;Серый;;Не устанавливались
930001277.0;1.0;Осталось на месте ДТП;С передним приводом;В-класс (малый) до 3,9 м;1998.0;Прочие марки ТС Прочие марки и модели ТС;Физические лица;Белый;;Технические неисправности отсутствуют
930001267.0;1.0;Осталось на месте ДТП;С передним приводом;D-класс (средний) до 4,6 м;2020.0;KIA Sportage;Физические лица;Серый;;Технические неисправности отсутствуют
930001267.0;2.0;Осталось на месте ДТП;С передним приводом;С-класс (малый средний, компактный) до 4,3 м;2008.0;TOYOTA Corolla;Физические лица;Черный;;Технические неисправности отсутствуют
930001276.0;1.0;Осталось на месте ДТП;Полноприводные;С-класс (малый средний, компактный) до 4,3 м;2001.0;TOYOTA Platz;Физические лица;Серый;;Технические неисправности отсутствуют
930001272.0;1.0;Скрылось с места ДТП;;С-класс (малый средний, компактный) до 4,3 м;; ;;;;Не устанавливались
930001262.0;1.0;Осталось на месте ДТП;Полноприводные;В-класс (малый) до 3,9 м;2006.0;TOYOTA Land Cruiser;Физические лица;Черный;;Технические неисправности отсутствуют
930001262.0;2.0;Осталось на месте ДТП;Полноприводные;В-класс (малый) до 3,9 м;2015.0;TOYOTA Land Cruiser;Физические лица;Черный;;Технические неисправности отсутствуют
930001259.0;1.0;Скрылось и установлено в срок до 1 суток;С передним приводом;С-класс (малый средний, компактный) до 4,3 м;1997.0;TOYOTA Premio;Физические лица;Серый;;Технические неисправности отсутствуют
930001251.0;1.0;Осталось на месте ДТП;С передним приводом;А-класс (особо малый) до 3,5 м;2011.0;Прочие марки ТС Прочие марки и модели ТС;Физические лица;Черный;;Технические неисправности отсутствуют
930001240.0;1.0;Осталось на месте ДТП;С передним приводом;D-класс (средний) до 4,6 м;2013.0;CHEVROLET Cruze;Физические лица;Черный;;Технические неисправности отсутствуют
930001247.0;1.0;Осталось на месте ДТП;С передним приводом;Минивэны и универсалы повышенной вместимости;2003.0;TOYOTA Wish;Физические лица;Серый;;Технические неисправности отсутствуют
930001245.0;2.0;Осталось на месте ДТП;Иное расположение рулевого управления;Велосипеды (без двигателя);2020.0; ;Физические лица;Не заполнено;;Технические неисправности отсутствуют
930001245.0;1.0;Осталось на месте ДТП;С передним приводом;D-класс (средний) до 4,6 м;2003.0;TOYOTA Premio;Физические лица;Белый;;Технические неисправности отсутствуют
930001236.0;1.0;Осталось на месте ДТП;С передним приводом;С-класс (малый средний, компактный) до 4,3 м;2011.0;ВАЗ ВАЗ 2114 и модификации;Физические лица;Серый;;Технические неисправности отсутствуют
930001225.0;1.0;Осталось на месте ДТП;Иное расположение рулевого управления;Мотоциклы;2021.0;Прочие марки мотоциклов Прочие марки мотоциклов;Физические лица;Иные цвета;;Технические неисправности отсутствуют
930001217.0;1.0;Осталось на месте ДТП;Полноприводные;D-класс (средний) до 4,6 м;2007.0;MAZDA CX-7;Физические лица;Иные цвета;;Технические неисправности отсутствуют
930001211.0;1.0;Осталось на месте ДТП;Иное расположение рулевого управления;Минивэны и универсалы повышенной вместимости;1993.0;TOYOTA Caldina;Физические лица;Красный;;Технические неисправности отсутствуют
930001211.0;2.0;Осталось на месте ДТП;С передним приводом;D-класс (средний) до 4,6 м;2011.0;NISSAN Qashgai;Физические лица;Фиолетовый;;Технические неисправности отсутствуют
930001215.0;1.0;Осталось на месте ДТП;С передним приводом;D-класс (средний) до 4,6 м;2008.0;TOYOTA Corolla;Физические лица;Синий;;Технические неисправности отсутствуют
930001206.0;1.0;Осталось на месте ДТП;Иное расположение рулевого управления;Мотоциклы;2022.0;Прочие марки ТС Прочие марки и модели ТС;Физические лица;Черный;;Технические неисправности отсутствуют
930001206.0;2.0;Осталось на месте ДТП;С передним приводом;D-класс (средний) до 4,6 м;2009.0;TOYOTA Прочие модели Toyota;Физические лица;Белый;;Технические неисправности отсутствуют
930001204.0;1.0;Осталось на месте ДТП;С передним приводом;D-класс (средний) до 4,6 м;2004.0;TOYOTA Prius;Физические лица;Красный;;Технические неисправности отсутствуют
930001204.0;2.0;Осталось на месте ДТП;С передним приводом;Минивэны и универсалы повышенной вместимости;2001.0;TOYOTA Gaia;Физические лица;Серый;;Технические неисправности отсутствуют
930001198.0;1.0;Осталось на месте ДТП;С передним приводом;В-класс (малый) до 3,9 м;1997.0;TOYOTA Vista;Физические лица;Белый;;Технические неисправности отсутствуют
930001187.0;1.0;Осталось на месте ДТП;С передним приводом;D-класс (средний) до 4,6 м;2014.0;NISSAN Almera;Физические лица;Синий;;Технические неисправности отсутствуют
930001187.0;2.0;Осталось на месте ДТП;С передним приводом;С-класс (малый средний, компактный) до 4,3 м;2006.0;ВАЗ ВАЗ 2112 и модификации;Физические лица;Серый;;Технические неисправности отсутствуют
930001192.0;1.0;Осталось на месте ДТП;С передним приводом;В-класс (малый) до 3,9 м;2003.0;TOYOTA Duet;Физические лица;Зеленый;;Технические неисправности отсутствуют
930001185.0;1.0;Осталось на месте ДТП;С передним приводом;С-класс (малый средний, компактный) до 4,3 м;2010.0;Прочие марки ТС Прочие марки и модели ТС;Физические лица;Белый;;Технические неисправности отсутствуют
930001176.0;1.0;Осталось на месте ДТП;Иное расположение рулевого управления;Мотоциклы;2017.0;Прочие марки мотоциклов Прочие марки мотоциклов;Физические лица;Черный;;Технические неисправности отсутствуют
930001173.0;1.0;Осталось на месте ДТП;С передним приводом;Прочие легковые автомобили;1999.0;SSANGYONG Istana;Физические лица;Зеленый;;Технические неисправности отсутствуют
930001177.0;1.0;Осталось на месте ДТП;С передним приводом;С-класс (малый средний, компактный) до 4,3 м;2013.0;ВАЗ Granta (Гранта);Физические лица;Черный;;Технические неисправности отсутствуют
930001168.0;1.0;Осталось на месте ДТП;С передним приводом;С-класс (малый средний, компактный) до 4,3 м;2006.0;ВАЗ ВАЗ 2110, 21101, 21102, 21103, 21108;Физические лица;Зеленый;;Технические неисправности отсутствуют
930001664.0;1.0;Осталось на месте ДТП;С передним приводом;Прочие легковые автомобили;2006.0;HONDA Accord;Физические лица;Серый;;Технические неисправности отсутствуют
930001664.0;2.0;Осталось на месте ДТП;Иное расположение рулевого управления;Мотоциклы;2024.0;DAF CF-Series;Физические лица;Многоцветный;;Технические неисправности отсутствуют
930001661.0;1.0;Осталось на месте ДТП;Иное расположение рулевого управления;Мотоциклы;2018.0;MOTOTRANS Прочие модели Mototrans;Физические лица;Черный;;Технические неисправности отсутствуют
930001662.0;1.0;Осталось на месте ДТП;Иное расположение рулевого управления;Мотоциклы;2024.0;ACURA Integra;Физические лица;Оранжевый;;Технические неисправности отсутствуют
930001662.0;2.0;Осталось на месте ДТП;Полноприводные;Прочие легковые автомобили;2018.0;TOYOTA Noah;Физические лица;Серый;;Технические неисправности отсутствуют
930001645.0;1.0;Осталось на месте ДТП;Полноприводные;Прочие легковые автомобили;2008.0;УАЗ 3909;Физические лица;Серый;;Технические неисправности отсутствуют
930001653.0;1.0;Осталось на месте ДТП;С передним приводом;В-класс (малый) до 3,9 м;2008.0;TOYOTA Camry;Физические лица;Зеленый;;Технические неисправности отсутствуют
930001653.0;2.0;Осталось на месте ДТП;;Велосипеды (без двигателя);; ;Физические лица;;;Технические неисправности отсутствуют
930001633.0;1.0;Скрылось с места ДТП;;А-класс (особо малый) до 3,5 м;; ;;;;Технические неисправности отсутствуют
930001627.0;1.0;Осталось на месте ДТП;С передним приводом;В-класс (малый) до 3,9 м;2000.0;TOYOTA Corolla;Физические лица;Серый;;Технические неисправности отсутствуют
930001624.0;1.0;Осталось на месте ДТП;Полноприводные;Прочие легковые автомобили;1998.0;УАЗ УАЗ 3151, 31512, 31514, 31519 и модификации;Физические лица;Зеленый;;Технические неисправности отсутствуют
930001618.0;1.0;Осталось на месте ДТП;Иное расположение рулевого управления;Мотоциклы;2018.0;Прочие марки мотоциклов Прочие марки мотоциклов;Физические лица;Зеленый;;Технические неисправности отсутствуют
930001617.0;1.0;Осталось на месте ДТП;С передним приводом;Минивэны и универсалы повышенной вместимости;1997.0;TOYOTA Ipsum;Физические лица;Серый;;Технические неисправности отсутствуют
930001625.0;1.0;Осталось на месте ДТП;Полноприводные;В-класс (малый) до 3,9 м;2018.0;ВАЗ  Нива  ВАЗ-2121 и модификации;Юридические лица, являющиеся некоммерческими организациями;Коричневый;;Технические неисправности отсутствуют
930001612.0;1.0;Осталось на месте ДТП;Иное расположение рулевого управления;Мотоциклы;2022.0;YAMAHA Прочие модели Yamaha;Физические лица;Синий;;Технические неисправности отсутствуют
930001611.0;1.0;Осталось на месте ДТП;С задним приводом;Самосвалы;2021.0;SHACMAN Прочие модели SHACMAN;Физические лица;Белый;;Технические неисправности отсутствуют
930001611.0;2.0;Осталось на месте ДТП;С передним приводом;D-класс (средний) до 4,6 м;2007.0;HONDA FIT;Физические лица;Фиолетовый;;Технические неисправности отсутствуют
930001608.0;1.0;Скрылось с места ДТП;;В-класс (малый) до 3,9 м;; ;;;;Технические неисправности отсутствуют
930001608.0;2.0;Осталось на месте ДТП;;Велосипеды (без двигателя);; ;Физические лица;Синий;;Технические неисправности отсутствуют
930001593.0;1.0;Осталось на месте ДТП;С передним приводом;Минивэны и универсалы повышенной вместимости;2009.0;TOYOTA Wish;Физические лица;Черный;;Технические неисправности отсутствуют
930001593.0;2.0;Осталось на месте ДТП;С передним приводом;D-класс (средний) до 4,6 м;1997.0;TOYOTA Camry;Физические лица;Серый;;Технические неисправности отсутствуют
930001593.0;3.0;Осталось на месте ДТП;С задним приводом;Самосвалы;1986.0;ЗИЛ Прочие модели ЗИЛ;Физические лица;Синий;;Технические неисправности отсутствуют
930001596.0;1.0;Осталось на месте ДТП;С передним приводом;В-класс (малый) до 3,9 м;1995.0;TOYOTA Caldina;Физические лица;Серый;;Технические неисправности отсутствуют
930001599.0;1.0;Осталось на месте ДТП;С задним приводом;В-класс (малый) до 3,9 м;2002.0;ВАЗ  Жигули  ВАЗ-2107 модификации;Физические лица;Фиолетовый;;Не устанавливались
930001597.0;1.0;Осталось на месте ДТП;С передним приводом;В-класс (малый) до 3,9 м;2013.0;ВАЗ Priora;Физические лица;Иные цвета;;Технические неисправности отсутствуют
930001592.0;1.0;Осталось на месте ДТП;Иное расположение рулевого управления;Мотоциклы;1970.0;ИЖ Прочие модели ИЖ;Физические лица;Синий;;Не устанавливались
930001579.0;1.0;Осталось на месте ДТП;Иное расположение рулевого управления;Мотоциклы;2021.0;EXEED TLX;Физические лица;Черный;;Технические неисправности отсутствуют
930001568.0;1.0;Осталось на месте ДТП;Иное расположение рулевого управления;Мотоциклы;2024.0;FACTIRY BIKE Прочие модели Factiry bike;Физические лица;Синий;;Технические неисправности отсутствуют
930001574.0;1.0;Осталось на месте ДТП;С передним приводом;В-класс (малый) до 3,9 м;1999.0;MAZDA Premacy;Физические лица;Белый;;Технические неисправности отсутствуют
930001574.0;2.0;Осталось на месте ДТП;С задним приводом;В-класс (малый) до 3,9 м;2020.0;ГАЗ Прочие модели ГАЗ;Юридические лица, являющиеся некоммерческими организациями;Иные цвета;;Технические неисправности отсутствуют
930001559.0;1.0;Осталось на месте ДТП;С передним приводом;D-класс (средний) до 4,6 м;1996.0;TOYOTA Carina;Физические лица;Серый;;Технические неисправности отсутствуют
930001559.0;2.0;Осталось на месте ДТП;С передним приводом;Прочие легковые автомобили;2011.0;TOYOTA Wish;Физические лица;Синий;;Технические неисправности отсутствуют
930001563.0;1.0;Осталось на месте ДТП;С передним приводом;В-класс (малый) до 3,9 м;2021.0;ВАЗ Granta (Гранта);Физические лица;Серый;;Технические неисправности отсутствуют
930001562.0;1.0;Осталось на месте ДТП;С передним приводом;Минивэны и универсалы повышенной вместимости;2003.0;TOYOTA Will Vi;Физические лица;Серый;;Технические неисправности отсутствуют
930001562.0;2.0;Осталось на месте ДТП;С передним приводом;Прочие легковые автомобили;2002.0;HONDA FIT;Физические лица;Серый;;Технические неисправности отсутствуют
930001561.0;2.0;Осталось на месте ДТП;Иное расположение рулевого управления;Велосипеды (без двигателя);2022.0; ;Физические лица;;;Технические неисправности отсутствуют
930001561.0;1.0;Осталось на месте ДТП;С передним приводом;D-класс (средний) до 4,6 м;1999.0;HONDA Domani;Физические лица;Синий;;Технические неисправности отсутствуют
930001553.0;1.0;Осталось на месте ДТП;С передним приводом;С-класс (малый средний, компактный) до 4,3 м;2009.0;KIA Ceed;Физические лица;Серый;;Технические неисправности отсутствуют
930001553.0;2.0;Осталось на месте ДТП;Полноприводные;Минивэны и универсалы повышенной вместимости;2014.0;RENAULT Duster;Физические лица;Черный;;Технические неисправности отсутствуют
930001542.0;1.0;Скрылось с места ДТП;;В-класс (малый) до 3,9 м;; ;;;;Технические неисправности отсутствуют
930001546.0;1.0;Осталось на месте ДТП;С передним приводом;В-класс (малый) до 3,9 м;2009.0;TOYOTA Corolla;Физические лица;Серый;;Технические неисправности отсутствуют
930001546.0;2.0;Осталось на месте ДТП;;Велосипеды (без двигателя);;Прочие марки ТС Прочие марки и модели ТС;Физические лица;;;Технические неисправности отсутствуют
930001543.0;1.0;Осталось на месте ДТП;С передним приводом;В-класс (малый) до 3,9 м;1998.0;HONDA Torneo;Физические лица;Серый;;Технические неисправности отсутствуют
930001543.0;2.0;Осталось на месте ДТП;Полноприводные;В-класс (малый) до 3,9 м;2024.0;УАЗ Patriot (Патриот);Физические лица;Белый;;Технические неисправности отсутствуют
930001541.0;1.0;Осталось на месте ДТП;С передним приводом;В-класс (малый) до 3,9 м;1997.0;TOYOTA Vista;Физические лица;Белый;;Технические неисправности отсутствуют
930001541.0;2.0;Осталось на месте ДТП;С передним приводом;В-класс (малый) до 3,9 м;2020.0;ВАЗ Granta (Гранта);Юридические лица, являющиеся некоммерческими организациями;Белый;;Технические неисправности отсутствуют
930001541.0;3.0;Осталось на месте ДТП;Полноприводные;В-класс (малый) до 3,9 м;2012.0;GREAT WALL Прочие модели Great Wall;Физические лица;Черный;;Технические неисправности отсутствуют
930001541.0;4.0;Осталось на месте ДТП;;Прицепы прочие;2021.0; ;Физические лица;Серый;;Технические неисправности отсутствуют
930001536.0;1.0;Осталось на месте ДТП;С передним приводом;D-класс (средний) до 4,6 м;2001.0;HONDA Torneo;Физические лица;Черный;;Технические неисправности отсутствуют
930001536.0;2.0;Осталось на месте ДТП;С передним приводом;D-класс (средний) до 4,6 м;2012.0;RENAULT Logan;Физические лица;Белый;;Технические неисправности отсутствуют
930001534.0;1.0;Осталось на месте ДТП;С передним приводом;D-класс (средний) до 4,6 м;2006.0;TOYOTA Allion;Физические лица;Белый;;Технические неисправности отсутствуют
930001534.0;2.0;Осталось на месте ДТП;С передним приводом;Минивэны и универсалы повышенной вместимости;1990.0;TOYOTA Ipsum;Физические лица;Белый;;Технические неисправности отсутствуют
930001534.0;3.0;Осталось на месте ДТП;Полноприводные;D-класс (средний) до 4,6 м;2012.0;LEXUS LS;Физические лица;Черный;;Технические неисправности отсутствуют
930001540.0;1.0;Скрылось с места ДТП;;D-класс (средний) до 4,6 м;; ;;;;Технические неисправности отсутствуют
930001530.0;1.0;Осталось на месте ДТП;С передним приводом;В-класс (малый) до 3,9 м;2006.0;ВАЗ ВАЗ 2111, 21110 (универсал), 21113, 21114;Физические лица;Иные цвета;;Технические неисправности отсутствуют
930001522.0;1.0;Осталось на месте ДТП;Иное расположение рулевого управления;Мотоциклы;2020.0;MOTO GUZZI 250 TS;Физические лица;Зеленый;;Технические неисправности отсутствуют
930001522.0;2.0;Осталось на месте ДТП;С задним приводом;В-класс (малый) до 3,9 м;1981.0;ВАЗ  Жигули  ВАЗ-2101, 02, 03 и модификации;Физические лица;Желтый;;Технические неисправности отсутствуют
930001516.0;1.0;Осталось на месте ДТП;С передним приводом;Минивэны и универсалы повышенной вместимости;2006.0;TOYOTA Corolla;Физические лица;Серый;;Технические неисправности отсутствуют
930001514.0;1.0;Осталось на месте ДТП;С передним приводом;С-класс (малый средний, компактный) до 4,3 м;2007.0;ВАЗ Priora;Физические лица;Серый;;Технические неисправности отсутствуют
930001513.0;1.0;Осталось на месте ДТП;С передним приводом;Минивэны и универсалы повышенной вместимости;2014.0;TOYOTA Wish;Физические лица;Серый;;Технические неисправности отсутствуют
930001508.0;1.0;Осталось на месте ДТП;С передним приводом;С-класс (малый средний, компактный) до 4,3 м;2018.0;ВАЗ Granta (Гранта);Физические лица;Серый;;Технические неисправности отсутствуют
930001507.0;1.0;Осталось на месте ДТП;С задним приводом;С-класс (малый средний, компактный) до 4,3 м;2002.0;ВАЗ  Жигули  ВАЗ-2106 модификации;Физические лица;Синий;;Технические неисправности отсутствуют
930001506.0;1.0;Осталось на месте ДТП;С передним приводом;С-класс (малый средний, компактный) до 4,3 м;2010.0;ВАЗ Priora;Физические лица;Черный;;Технические неисправности отсутствуют
930001500.0;1.0;Осталось на месте ДТП;С передним приводом;В-класс (малый) до 3,9 м;2006.0;ВАЗ Kalina;Физические лица;Иные цвета;;Технические неисправности отсутствуют
930001500.0;2.0;Осталось на месте ДТП;Полноприводные;В-класс (малый) до 3,9 м;2009.0;УАЗ УАЗ 3151, 31512, 31514, 31519 и модификации;Физические лица;Иные цвета;;Технические неисправности отсутствуют
930001504.0;1.0;Осталось на месте ДТП;С задним приводом;D-класс (средний) до 4,6 м;2007.0;ГАЗ ГАЗ 3102, 3102-101, 3102-311;Физические лица;Белый;;Технические неисправности отсутствуют
930001504.0;2.0;Осталось на месте ДТП;С задним приводом;Прочие грузовые автомобили;2023.0;SHACMAN Прочие модели SHACMAN;Юридические лица, являющиеся коммерческими организациями;Белый;;Технические неисправности отсутствуют
930001504.0;3.0;Осталось на месте ДТП;С задним приводом;Самосвалы;2021.0;SHACMAN Прочие модели SHACMAN;Юридические лица, являющиеся коммерческими организациями;Желтый;;Технические неисправности отсутствуют
930001503.0;1.0;Осталось на месте ДТП;С передним приводом;В-класс (малый) до 3,9 м;1999.0;NISSAN Прочие модели грузовых Nissan;Физические лица;Синий;;Технические неисправности отсутствуют
930001503.0;2.0;Осталось на месте ДТП;С передним приводом;В-класс (малый) до 3,9 м;1998.0;MAZDA Demio;Физические лица;Серый;;Технические неисправности отсутствуют
930001501.0;1.0;Осталось на месте ДТП;С передним приводом;D-класс (средний) до 4,6 м;2002.0;TOYOTA Allion;Физические лица;Серый;;Технические неисправности отсутствуют
930001505.0;1.0;Осталось на месте ДТП;С передним приводом;С-класс (малый средний, компактный) до 4,3 м;2001.0;TOYOTA Allex;Физические лица;Серый;;Технические неисправности отсутствуют
930001489.0;1.0;Осталось на месте ДТП;С задним приводом;Фургоны;1994.0;NISSAN Elgrand;Физические лица;Белый;;Технические неисправности отсутствуют
930001489.0;2.0;Осталось на месте ДТП;С передним приводом;D-класс (средний) до 4,6 м;2004.0;TOYOTA Premio;Физические лица;Серый;;Технические неисправности отсутствуют
930001487.0;1.0;Осталось на месте ДТП;С передним приводом;Минивэны и универсалы повышенной вместимости;2015.0;TOYOTA Corolla;Физические лица;Синий;;Технические неисправности отсутствуют
930001487.0;2.0;Осталось на месте ДТП;Иное расположение рулевого управления;Мотоциклы;2024.0;RAJDOOT Прочие модели Rajdoot;Физические лица;Белый;;Технические неисправности отсутствуют
930001472.0;1.0;Осталось на месте ДТП;С передним приводом;D-класс (средний) до 4,6 м;1997.0;TOYOTA Corona;Физические лица;Серый;;Технические неисправности отсутствуют
930001477.0;1.0;Осталось на месте ДТП;С передним приводом;В-класс (малый) до 3,9 м;2000.0;TOYOTA Carina;Физические лица;Серый;;Технические неисправности отсутствуют
930001477.0;2.0;Осталось на месте ДТП;С передним приводом;В-класс (малый) до 3,9 м;2005.0;MAZDA Axela;Физические лица;Серый;;Технические неисправности отсутствуют
930001474.0;1.0;Осталось на месте ДТП;Иное расположение рулевого управления;Мотоциклы;2023.0;Прочие марки мотоциклов Прочие марки мотоциклов;Физические лица;Оранжевый;;Технические неисправности отсутствуют
930001475.0;1.0;Осталось на месте ДТП;С передним приводом;D-класс (средний) до 4,6 м;1998.0;MAZDA Familia;Физические лица;Белый;;Технические неисправности отсутствуют
930001476.0;1.0;Осталось на месте ДТП;С передним приводом;С-класс (малый средний, компактный) до 4,3 м;2020.0;ВАЗ Granta (Гранта);Физические лица;Белый;;Технические неисправности отсутствуют
930001471.0;1.0;Скрылось с места ДТП;;D-класс (средний) до 4,6 м;; ;;;;Технические неисправности отсутствуют
930001471.0;2.0;Осталось на месте ДТП;С передним приводом;D-класс (средний) до 4,6 м;2002.0;TOYOTA Allion;Физические лица;Синий;;Технические неисправности отсутствуют
930001466.0;1.0;Осталось на месте ДТП;С передним приводом;С-класс (малый средний, компактный) до 4,3 м;2001.0;TOYOTA Yaris;Физические лица;Синий;;Технические неисправности отсутствуют
930001466.0;2.0;Осталось на месте ДТП;С передним приводом;Е-класс (высший средний, бизнес-класс) до 4,9 м;2012.0;TOYOTA Camry;Физические лица;Черный;;Технические неисправности отсутствуют
930001464.0;1.0;Осталось на месте ДТП;Иное расположение рулевого управления;Мотоциклы;2020.0;DAEWOO Racer;Физические лица;Красный;;Технические неисправности отсутствуют
930001464.0;2.0;Осталось на месте ДТП;Иное расположение рулевого управления;Мотоциклы;2022.0;DAEWOO Racer;Физические лица;Зеленый;;Технические неисправности отсутствуют
930001545.0;1.0;Осталось на месте ДТП;С передним приводом;С-класс (малый средний, компактный) до 4,3 м;2020.0;TOYOTA Прочие модели Toyota;Физические лица;Белый;;Технические неисправности отсутствуют
930001545.0;2.0;Осталось на месте ДТП;;Велосипеды (без двигателя);; ;Физические лица;;;Технические неисправности отсутствуют
930001463.0;1.0;Осталось на месте ДТП;С задним приводом;Минивэны и универсалы повышенной вместимости;2002.0;TOYOTA Ipsum;Физические лица;Белый;;Технические неисправности отсутствуют
930001462.0;1.0;Осталось на месте ДТП;С передним приводом;С-класс (малый средний, компактный) до 4,3 м;2000.0;HONDA Accord;Физические лица;Серый;;Технические неисправности отсутствуют
930001454.0;1.0;Скрылось с места ДТП;Иное расположение рулевого управления;Мотоциклы;; ;;;;Технические неисправности отсутствуют
930001459.0;1.0;Осталось на месте ДТП;С передним приводом;В-класс (малый) до 3,9 м;2006.0;HONDA Civic;Физические лица;Синий;;Технические неисправности отсутствуют
930001452.0;1.0;Осталось на месте ДТП;С передним приводом;D-класс (средний) до 4,6 м;2014.0;FORD Focus;Физические лица;Синий;;Технические неисправности отсутствуют
930001452.0;2.0;Осталось на месте ДТП;С передним приводом;D-класс (средний) до 4,6 м;1997.0;TOYOTA Corona;Физические лица;Белый;;Технические неисправности отсутствуют
930001457.0;1.0;Осталось на месте ДТП;Полноприводные;В-класс (малый) до 3,9 м;2000.0;УАЗ УАЗ 3151, 31512, 31514, 31519 и модификации;Физические лица;Белый;;Технические неисправности отсутствуют
930001453.0;1.0;Осталось на месте ДТП;С передним приводом;С-класс (малый средний, компактный) до 4,3 м;2024.0;ВАЗ Granta (Гранта);Физические лица;Белый;;Технические неисправности отсутствуют
930001448.0;1.0;Скрылось с места ДТП;;А-класс (особо малый) до 3,5 м;; ;;;;Технические неисправности отсутствуют
930001448.0;2.0;Осталось на месте ДТП;;Велосипеды (без двигателя);; ;Физические лица;;;Технические неисправности отсутствуют
930001446.0;1.0;Осталось на месте ДТП;С передним приводом;А-класс (особо малый) до 3,5 м;2002.0;TOYOTA Corolla;Физические лица;Серый;;Технические неисправности отсутствуют
930001446.0;2.0;Осталось на месте ДТП;;Велосипеды (без двигателя);; ;Физические лица;;;Технические неисправности отсутствуют
930001442.0;1.0;Осталось на месте ДТП;С передним приводом;В-класс (малый) до 3,9 м;2018.0;TOYOTA Corolla;Физические лица;Черный;;Технические неисправности отсутствуют
930001444.0;1.0;Осталось на месте ДТП;С передним приводом;В-класс (малый) до 3,9 м;2018.0;Прочие марки ТС Прочие марки и модели ТС;Физические лица;Черный;;Не устанавливались
930001444.0;2.0;Осталось на месте ДТП;С передним приводом;С-класс (малый средний, компактный) до 4,3 м;1999.0;Прочие марки ТС Прочие марки и модели ТС;Физические лица;Белый;;Не устанавливались
930001444.0;3.0;Осталось на месте ДТП;Полноприводные;С-класс (малый средний, компактный) до 4,3 м;2002.0;Прочие марки ТС Прочие марки и модели ТС;Физические лица;Зеленый;;Технические неисправности отсутствуют
930001449.0;1.0;Осталось на месте ДТП;С передним приводом;С-класс (малый средний, компактный) до 4,3 м;2007.0;ВАЗ ВАЗ 2115 и модификации;Физические лица;Зеленый;;Технические неисправности отсутствуют
930001449.0;2.0;Осталось на месте ДТП;С передним приводом;Минивэны и универсалы повышенной вместимости;2014.0;HONDA Stepwgn;Физические лица;Серый;;Технические неисправности отсутствуют
930001434.0;1.0;Осталось на месте ДТП;Иное расположение рулевого управления;Мотоциклы;2011.0;Прочие марки мотоциклов Прочие марки мотоциклов;Физические лица;Синий;;Технические неисправности отсутствуют
930001428.0;1.0;Осталось на месте ДТП;С передним приводом;Минивэны и универсалы повышенной вместимости;1997.0;TOYOTA Ipsum;Физические лица;Серый;;Технические неисправности отсутствуют
930001438.0;1.0;Осталось на месте ДТП;С передним приводом;Прочие легковые автомобили;2011.0;TOYOTA Wish;Физические лица;Серый;;Технические неисправности отсутствуют
930001438.0;2.0;Осталось на месте ДТП;Иное расположение рулевого управления;Мотоциклы;2022.0;MOTOLEVO Прочие модели Motolevo;Физические лица;Черный;;Технические неисправности отсутствуют
930001424.0;1.0;Осталось на месте ДТП;С передним приводом;В-класс (малый) до 3,9 м;2021.0;RENAULT Logan;Физические лица;Белый;;Технические неисправности отсутствуют
930001426.0;1.0;Осталось на месте ДТП;Полноприводные;Минивэны и универсалы повышенной вместимости;1999.0;HONDA HR-V;Физические лица;Белый;;Технические неисправности отсутствуют
930001423.0;1.0;Осталось на месте ДТП;Полноприводные;В-класс (малый) до 3,9 м;2004.0;HONDA CR-V;Физические лица;Серый;;Технические неисправности отсутствуют
930001422.0;1.0;Осталось на месте ДТП;Иное расположение рулевого управления;Мотоциклы;2001.0;Прочие марки мотоциклов Прочие марки мотоциклов;Физические лица;Иные цвета;;Технические неисправности отсутствуют
930001417.0;1.0;Осталось на месте ДТП;Полноприводные;В-класс (малый) до 3,9 м;1993.0;УАЗ УАЗ 3151, 31512, 31514, 31519 и модификации;Физические лица;Иные цвета;;Технические неисправности отсутствуют
930001416.0;1.0;Осталось на месте ДТП;С передним приводом;D-класс (средний) до 4,6 м;2024.0;ВАЗ Granta (Гранта);Физические лица;Белый;;Технические неисправности отсутствуют
930001416.0;2.0;Осталось на месте ДТП;С передним приводом;D-класс (средний) до 4,6 м;1996.0;TOYOTA Camry;Физические лица;Белый;;Технические неисправности отсутствуют
930001416.0;3.0;Осталось на месте ДТП;С передним приводом;Прочие легковые автомобили;2000.0;TOYOTA Liteace;Физические лица;Белый;;Технические неисправности отсутствуют
930001923.0;1.0;Осталось на месте ДТП;Иное расположение рулевого управления;Мотоциклы;2024.0;MOTOLEVO Прочие модели Motolevo;Физические лица;Зеленый;;Технические неисправности отсутствуют
930001923.0;2.0;Осталось на месте ДТП;С передним приводом;D-класс (средний) до 4,6 м;2008.0;ВАЗ Priora;Физические лица;Зеленый;;Технические неисправности отсутствуют
930001913.0;1.0;Осталось на месте ДТП;С передним приводом;В-класс (малый) до 3,9 м;2011.0;TOYOTA Corolla;Физические лица;Черный;;Технические неисправности отсутствуют
930001913.0;2.0;Осталось на месте ДТП;С передним приводом;В-класс (малый) до 3,9 м;2005.0;ВАЗ ВАЗ 2110, 21101, 21102, 21103, 21108;Физические лица;Серый;;Технические неисправности отсутствуют
930001907.0;1.0;Осталось на месте ДТП;С передним приводом;В-класс (малый) до 3,9 м;2023.0;ВАЗ Granta (Гранта);Физические лица;Белый;;Технические неисправности отсутствуют
930001897.0;1.0;Осталось на месте ДТП;С передним приводом;В-класс (малый) до 3,9 м;2014.0;HYUNDAI Solaris;Физические лица;Черный;;Технические неисправности отсутствуют
930001897.0;2.0;Осталось на месте ДТП;С передним приводом;В-класс (малый) до 3,9 м;2012.0;TOYOTA Wish;Физические лица;Черный;;Технические неисправности отсутствуют
930001901.0;1.0;Скрылось с места ДТП;Иное расположение рулевого управления;Мотоциклы;; ;Физические лица;Синий;;Технические неисправности отсутствуют
930001894.0;1.0;Осталось на месте ДТП;С передним приводом;В-класс (малый) до 3,9 м;2003.0;TOYOTA Wish;Физические лица;Желтый;;Технические неисправности отсутствуют
930001886.0;1.0;Осталось на месте ДТП;Иное расположение рулевого управления;Мотоциклы;2020.0;Прочие марки мотоциклов Прочие марки мотоциклов;Физические лица;Красный;;Технические неисправности отсутствуют
930001884.0;1.0;Осталось на месте ДТП;С задним приводом;В-класс (малый) до 3,9 м;1999.0;ГАЗ ГАЗ 3110, 3110-101, 3110-111, 3110-311, 3110-331, 3110-341, 3110-411, 3110-441, 3110-600;Физические лица;Фиолетовый;;Технические неисправности отсутствуют
930001877.0;1.0;Осталось на месте ДТП;С передним приводом;В-класс (малый) до 3,9 м;2004.0;ВАЗ ВАЗ 2110, 21101, 21102, 21103, 21108;Физические лица;Зеленый;;Технические неисправности отсутствуют
930001871.0;1.0;Осталось на месте ДТП;С передним приводом;В-класс (малый) до 3,9 м;2010.0;ВАЗ ВАЗ 2114 и модификации;Физические лица;Зеленый;;Технические неисправности отсутствуют
930001872.0;1.0;Осталось на месте ДТП;Полноприводные;Прочие легковые автомобили;2002.0;УАЗ УАЗ 3151, 31512, 31514, 31519 и модификации;Физические лица;Белый;;Технические неисправности отсутствуют
930001888.0;1.0;Осталось на месте ДТП;Иное расположение рулевого управления;Мотоциклы;2024.0;MOTO GUZZI Прочие модели Moto Guzzi;Физические лица;Синий;;Технические неисправности отсутствуют
930001879.0;1.0;Осталось на месте ДТП;С передним приводом;Минивэны и универсалы повышенной вместимости;2003.0;TOYOTA Wish;Физические лица;Серый;;Технические неисправности отсутствуют
930001861.0;1.0;Осталось на месте ДТП;Полноприводные;Минивэны и универсалы повышенной вместимости;2012.0;УАЗ Patriot (Патриот);Физические лица;Серый;;Технические неисправности отсутствуют
930001861.0;2.0;Осталось на месте ДТП;;Прицепы к легковым автомобилям;2018.0; ;Физические лица;Серый;;Технические неисправности отсутствуют
930001863.0;1.0;Осталось на месте ДТП;С передним приводом;В-класс (малый) до 3,9 м;2002.0;TOYOTA Funcargo;Физические лица;Серый;;Технические неисправности отсутствуют
930001863.0;2.0;Осталось на месте ДТП;С передним приводом;Прочие легковые автомобили;2010.0;TOYOTA Прочие модели Toyota;Физические лица;Черный;;Технические неисправности отсутствуют
930001856.0;1.0;Осталось на месте ДТП;Полноприводные;Е-класс (высший средний, бизнес-класс) до 4,9 м;2007.0;BMW X5;Физические лица;Черный;;Технические неисправности отсутствуют
930001857.0;1.0;Осталось на месте ДТП;С передним приводом;В-класс (малый) до 3,9 м;2006.0;HONDA Fit Aria;Физические лица;Серый;;Технические неисправности отсутствуют
930001855.0;1.0;Скрылось с места ДТП;Иное расположение рулевого управления;Мотоциклы;; ;;;;Технические неисправности отсутствуют
930001852.0;1.0;Скрылось с места ДТП;;С-класс (малый средний, компактный) до 4,3 м;; ;;;;Технические неисправности отсутствуют
930001845.0;1.0;Осталось на месте ДТП;С передним приводом;С-класс (малый средний, компактный) до 4,3 м;2005.0;ВАЗ ВАЗ 2112 и модификации;Физические лица;Зеленый;;Технические неисправности отсутствуют
930001850.0;1.0;Осталось на месте ДТП;Иное расположение рулевого управления;Мотоциклы;2023.0;REGAL RAPTOR Прочие модели Regal Raptor;Физические лица;Не заполнено;;Технические неисправности отсутствуют
930001850.0;2.0;Осталось на месте ДТП;С передним приводом;Прочая спецтехника;2021.0;HYUNDAI Solaris;Прочие некоммерческие организации;Белый;;Технические неисправности отсутствуют
930001837.0;1.0;Осталось на месте ДТП;С передним приводом;В-класс (малый) до 3,9 м;2003.0;TOYOTA Vitz;Физические лица;Белый;;Технические неисправности отсутствуют
930001829.0;1.0;Осталось на месте ДТП;С передним приводом;В-класс (малый) до 3,9 м;2000.0;TOYOTA Прочие модели Toyota;Физические лица;Серый;;Технические неисправности отсутствуют
930001831.0;1.0;Осталось на месте ДТП;Полноприводные;В-класс (малый) до 3,9 м;2014.0;TOYOTA Highlander;Физические лица;Красный;;Технические неисправности отсутствуют
930001835.0;1.0;Осталось на месте ДТП;С передним приводом;В-класс (малый) до 3,9 м;2006.0;ВАЗ ВАЗ 2114 и модификации;Физические лица;Серый;;Технические неисправности отсутствуют
930001835.0;2.0;Осталось на месте ДТП;;Велосипеды (без двигателя);2020.0;Прочие марки ТС Прочие марки и модели ТС;Физические лица;Красный;;Технические неисправности отсутствуют
930001826.0;1.0;Осталось на месте ДТП;С передним приводом;D-класс (средний) до 4,6 м;2025.0;ВАЗ Vesta (Веста);Физические лица;Серый;;Не устанавливались
930002398.0;1.0;Скрылось с места ДТП;;В-класс (малый) до 3,9 м;; ;;;;Технические неисправности отсутствуют
930001815.0;1.0;Осталось на месте ДТП;Иное расположение рулевого управления;Мотоциклы;2010.0;Прочие марки мотоциклов Прочие марки мотоциклов;Физические лица;Черный;;Технические неисправности отсутствуют
930001815.0;2.0;Осталось на месте ДТП;С передним приводом;В-класс (малый) до 3,9 м;2009.0;TOYOTA Wish;Физические лица;Белый;;Технические неисправности отсутствуют
930001799.0;1.0;Осталось на месте ДТП;С передним приводом;В-класс (малый) до 3,9 м;2007.0;TOYOTA Corolla;Физические лица;Серый;;Технические неисправности отсутствуют
930001820.0;1.0;Осталось на месте ДТП;С задним приводом;Бортовые грузовые автомобили;1989.0;ГАЗ Прочие модели ГАЗ;Физические лица;Зеленый;;Неисправность рабочей тормозной системы
930001811.0;1.0;Осталось на месте ДТП;С задним приводом;Седельные тягачи;1991.0;КАМАЗ 5410;Физические лица;Зеленый;;Технические неисправности отсутствуют
930001797.0;1.0;Осталось на месте ДТП;С передним приводом;В-класс (малый) до 3,9 м;2008.0;ВАЗ ВАЗ 2115 и модификации;Физические лица;Серый;;Технические неисправности отсутствуют
930001790.0;1.0;Осталось на месте ДТП;С передним приводом;Фургоны;1997.0;MITSUBISHI Прочие модели MITSUBISHI;Физические лица;Желтый;;Не устанавливались
930001790.0;2.0;Осталось на месте ДТП;С задним приводом;Е-класс (высший средний, бизнес-класс) до 4,9 м;2007.0;MERCEDES E-класс;Физические лица;Черный;;Технические неисправности отсутствуют
930001788.0;1.0;Осталось на месте ДТП;С передним приводом;В-класс (малый) до 3,9 м;2001.0;HONDA Stepwgn;Физические лица;Белый;;Технические неисправности отсутствуют
930001788.0;2.0;Осталось на месте ДТП;Иное расположение рулевого управления;Мотоциклы;2021.0;TOMOTO Прочие модели Tomoto;Физические лица;Синий;;Технические неисправности отсутствуют
930001780.0;2.0;Осталось на месте ДТП;Иное расположение рулевого управления;Мотоциклы;2024.0;MOTO GUZZI Прочие модели Moto Guzzi;Физические лица;Синий;;Технические неисправности отсутствуют
930001780.0;1.0;Осталось на месте ДТП;Иное расположение рулевого управления;Мотоциклы;2023.0;REGAL RAPTOR Прочие модели Regal Raptor;Физические лица;Черный;;Технические неисправности отсутствуют
930001800.0;1.0;Осталось на месте ДТП;Полноприводные;Фургоны;2025.0;ГАЗ 231079  Соболь  и модификации;Юридические лица, являющиеся коммерческими организациями;Белый;;Технические неисправности отсутствуют
930001779.0;1.0;Осталось на месте ДТП;Иное расположение рулевого управления;Мотоциклы;2023.0;DAEWOO Racer;Физические лица;Зеленый;;Технические неисправности отсутствуют
930001763.0;1.0;Осталось на месте ДТП;С передним приводом;Е-класс (высший средний, бизнес-класс) до 4,9 м;2015.0;УАЗ Patriot (Патриот);Физические лица;Серый;;Технические неисправности отсутствуют
930001771.0;1.0;Осталось на месте ДТП;С задним приводом;Фургоны;2011.0;КАМАЗ 4741;Физические лица;Оранжевый;;Технические неисправности отсутствуют
930001756.0;1.0;Осталось на месте ДТП;С передним приводом;D-класс (средний) до 4,6 м;2009.0;ВАЗ Priora;Физические лица;Серый;;Технические неисправности отсутствуют
930001756.0;2.0;Осталось на месте ДТП;Полноприводные;Е-класс (высший средний, бизнес-класс) до 4,9 м;2010.0;LEXUS GS;Физические лица;Черный;;Не устанавливались
930001751.0;1.0;Осталось на месте ДТП;Полноприводные;В-класс (малый) до 3,9 м;2002.0;УАЗ УАЗ 3151, 31512, 31514, 31519 и модификации;Физические лица;Серый;;Технические неисправности отсутствуют
930001749.0;1.0;Осталось на месте ДТП;С передним приводом;D-класс (средний) до 4,6 м;2014.0;ВАЗ ВАЗ 2114 и модификации;Физические лица;Белый;;Технические неисправности отсутствуют
930001749.0;2.0;Осталось на месте ДТП;С передним приводом;С-класс (малый средний, компактный) до 4,3 м;2010.0;HONDA Прочие модели Honda;Физические лица;Серый;;Технические неисправности отсутствуют
930001735.0;1.0;Осталось на месте ДТП;Полноприводные;S-класс (высший, представительский класс) более 4,9 м;2006.0;TOYOTA Land Cruiser;Физические лица;Черный;;Технические неисправности отсутствуют
930001736.0;1.0;Осталось на месте ДТП;Полноприводные;Е-класс (высший средний, бизнес-класс) до 4,9 м;2004.0;MERCEDES E-класс;Физические лица;Черный;;Технические неисправности отсутствуют
930001726.0;1.0;Осталось на месте ДТП;С задним приводом;Минивэны и универсалы повышенной вместимости;2010.0;TOYOTA Hiace;Физические лица;Серый;;Технические неисправности отсутствуют
930001726.0;2.0;Осталось на месте ДТП;С передним приводом;С-класс (малый средний, компактный) до 4,3 м;2005.0;ВАЗ ВАЗ 2112 и модификации;Физические лица;Серый;;Технические неисправности отсутствуют
930001725.0;1.0;Осталось на месте ДТП;С передним приводом;D-класс (средний) до 4,6 м;1993.0;Прочие марки ТС Прочие марки и модели ТС;Физические лица;Зеленый;;Технические неисправности отсутствуют
930001734.0;1.0;Осталось на месте ДТП;С передним приводом;С-класс (малый средний, компактный) до 4,3 м;2002.0;ВАЗ  Жигули  ВАЗ-2108, 09 и модификации                       ;Физические лица;Серый;;Технические неисправности отсутствуют
930001723.0;1.0;Осталось на месте ДТП;С передним приводом;D-класс (средний) до 4,6 м;2011.0;HONDA Stream;Физические лица;Белый;;Технические неисправности отсутствуют
930001715.0;1.0;Осталось на месте ДТП;С передним приводом;С-класс (малый средний, компактный) до 4,3 м;2012.0;ВАЗ Granta (Гранта);Физические лица;Серый;;Технические неисправности отсутствуют
930001713.0;1.0;Осталось на месте ДТП;Иное расположение рулевого управления;Мотоциклы;2024.0;Прочие марки мотоциклов Прочие марки мотоциклов;Физические лица;Черный;;Технические неисправности отсутствуют
930001713.0;2.0;Осталось на месте ДТП;С передним приводом;В-класс (малый) до 3,9 м;2001.0;HONDA Odyssey;Физические лица;Синий;;Технические неисправности отсутствуют
930001712.0;1.0;Осталось на месте ДТП;С передним приводом;В-класс (малый) до 3,9 м;2000.0;TOYOTA Gaia;Физические лица;Серый;;Технические неисправности отсутствуют
930001705.0;1.0;Осталось на месте ДТП;С передним приводом;D-класс (средний) до 4,6 м;2007.0;TOYOTA Camry;Физические лица;Серый;;Технические неисправности отсутствуют
930001701.0;1.0;Осталось на месте ДТП;С передним приводом;В-класс (малый) до 3,9 м;2020.0;ВАЗ Largus (Ларгус);Юридические лица, являющиеся некоммерческими организациями;Белый;;Технические неисправности отсутствуют
930001701.0;2.0;Осталось на месте ДТП;Полноприводные;D-класс (средний) до 4,6 м;2018.0;TOYOTA 4runner;Юридические лица, являющиеся некоммерческими организациями;Белый;;Технические неисправности отсутствуют
930002753.0;1.0;Скрылось с места ДТП;;В-класс (малый) до 3,9 м;; ;;;;Не устанавливались
930001698.0;1.0;Скрылось с места ДТП;Иное расположение рулевого управления;Мотоциклы;; ;;;;Технические неисправности отсутствуют
930001667.0;1.0;Осталось на месте ДТП;С передним приводом;С-класс (малый средний, компактный) до 4,3 м;2007.0;TOYOTA Corolla;Физические лица;Серый;;Технические неисправности отсутствуют
930001669.0;1.0;Осталось на месте ДТП;С задним приводом;Фургоны;2008.0;ИЖ 2715 и модификации;Физические лица;Белый;;Технические неисправности отсутствуют
930002400.0;1.0;Осталось на месте ДТП;Иное расположение рулевого управления;Квадроциклы;2015.0;Прочие марки ТС Прочие марки и модели ТС;Физические лица;Синий;;Технические неисправности отсутствуют
930002400.0;2.0;Осталось на месте ДТП;С задним приводом;Бортовые грузовые автомобили;1997.0;КАМАЗ 5321;Физические лица;Зеленый;;Технические неисправности отсутствуют
930002403.0;1.0;Осталось на месте ДТП;Иное расположение рулевого управления;Мотоциклы;2020.0;DAEWOO Racer;Физические лица;Зеленый;;Технические неисправности отсутствуют
930002403.0;2.0;Осталось на месте ДТП;С передним приводом;D-класс (средний) до 4,6 м;1981.0;TOYOTA Carina;Физические лица;Белый;;Технические неисправности отсутствуют
930002397.0;1.0;Осталось на месте ДТП;С передним приводом;D-класс (средний) до 4,6 м;2008.0;HONDA Accord;Физические лица;Черный;;Технические неисправности отсутствуют
930002397.0;2.0;Осталось на месте ДТП;Иное расположение рулевого управления;Мотоциклы;2023.0;Прочие марки мотоциклов Прочие марки мотоциклов;Физические лица;Белый;;Технические неисправности отсутствуют
930002394.0;1.0;Скрылось и установлено в срок до 1 суток;Полноприводные;Прочие легковые автомобили;2000.0;TOYOTA Hilux;Физические лица;Черный;;Технические неисправности отсутствуют
930002390.0;1.0;Осталось на месте ДТП;Полноприводные;Прочая спецтехника;2023.0;УАЗ УАЗ 3151, 31512, 31514, 31519 и модификации;Физические лица;Серый;;Технические неисправности отсутствуют
930002392.0;1.0;Скрылось с места ДТП;;А-класс (особо малый) до 3,5 м;; ;;;;Технические неисправности отсутствуют
930002383.0;1.0;Осталось на месте ДТП;С задним приводом;Одноэтажные длиной не более 5 м;2011.0;TOYOTA Hiace;Физические лица;Серый;;Технические неисправности отсутствуют
930002383.0;2.0;Осталось на месте ДТП;;Прицепы прочие;2023.0; ;Физические лица;Серый;;Технические неисправности отсутствуют
930002382.0;1.0;Осталось на месте ДТП;С передним приводом;В-класс (малый) до 3,9 м;2005.0;ВАЗ ВАЗ 2115 и модификации;Физические лица;Серый;;Технические неисправности отсутствуют
930002367.0;1.0;Скрылось и установлено в срок до 1 суток;С передним приводом;А-класс (особо малый) до 3,5 м;2002.0;ВАЗ ВАЗ 2115 и модификации;Физические лица;Серый;;Технические неисправности отсутствуют
930002370.0;1.0;Скрылось с места ДТП;;D-класс (средний) до 4,6 м;; ;;;;Технические неисправности отсутствуют
930002358.0;1.0;Скрылось и установлено в срок до 1 суток;С передним приводом;С-класс (малый средний, компактный) до 4,3 м;2014.0;MAZDA Axela;Физические лица;Синий;;Технические неисправности отсутствуют
930002352.0;1.0;Скрылось с места ДТП;С передним приводом;D-класс (средний) до 4,6 м;2008.0;ВАЗ ВАЗ 2114 и модификации;Физические лица;Серый;;Технические неисправности отсутствуют
930002352.0;2.0;Осталось на месте ДТП;С задним приводом;Прочие одноярусные;2024.0;YUTONG Прочие модели Yotong;Юридические лица, являющиеся коммерческими организациями;Белый;;Технические неисправности отсутствуют
930002356.0;1.0;Осталось на месте ДТП;С передним приводом;D-класс (средний) до 4,6 м;2007.0;HONDA Stepwgn;Физические лица;Белый;;Технические неисправности отсутствуют
930002339.0;1.0;Скрылось с места ДТП;С передним приводом;D-класс (средний) до 4,6 м;2003.0;ВАЗ ВАЗ 2112 и модификации;Физические лица;Красный;;Технические неисправности отсутствуют
930002339.0;2.0;Осталось на месте ДТП;С передним приводом;D-класс (средний) до 4,6 м;2023.0;ВАЗ Granta (Гранта);Хозяйствующие субъекты без прав юридического лица;Белый;;Технические неисправности отсутствуют
930002333.0;1.0;Скрылось с места ДТП;;В-класс (малый) до 3,9 м;; ;;;;Технические неисправности отсутствуют
930002330.0;1.0;Осталось на месте ДТП;Иное расположение рулевого управления;Тракторы;1970.0;MINSK Прочие модели Minsk;Физические лица;Серый;;Технические неисправности отсутствуют
930002319.0;1.0;Осталось на месте ДТП;С передним приводом;D-класс (средний) до 4,6 м;2014.0;TOYOTA Прочие модели Toyota;Физические лица;Белый;;Технические неисправности отсутствуют
930002293.0;1.0;Осталось на месте ДТП;С передним приводом;D-класс (средний) до 4,6 м;2008.0;ВАЗ Priora;Физические лица;Серый;;Технические неисправности отсутствуют
930002292.0;1.0;Осталось на месте ДТП;С передним приводом;В-класс (малый) до 3,9 м;2004.0;TOYOTA Premio;Физические лица;Серый;;Технические неисправности отсутствуют
930002289.0;1.0;Скрылось с места ДТП;;В-класс (малый) до 3,9 м;; ;;;;Технические неисправности отсутствуют
930002287.0;1.0;Осталось на месте ДТП;Полноприводные;В-класс (малый) до 3,9 м;2014.0;TOYOTA Corolla;Физические лица;Серый;;Технические неисправности отсутствуют
930002287.0;2.0;Осталось на месте ДТП;Иное расположение рулевого управления;Мопеды с двигателем внутреннего сгорания менее 50 см. куб.;2022.0;DAEWOO Racer;Физические лица;Синий;;Технические неисправности отсутствуют
930002272.0;1.0;Осталось на месте ДТП;С передним приводом;В-класс (малый) до 3,9 м;2017.0;TOYOTA Corolla;Физические лица;Серый;;Технические неисправности отсутствуют
930002272.0;2.0;Осталось на месте ДТП;Иное расположение рулевого управления;Прочие легковые автомобили;2018.0;CHEVROLET Прочие модели Chevrolet;Физические лица;Синий;;Технические неисправности отсутствуют
930002274.0;1.0;Осталось на месте ДТП;Полноприводные;В-класс (малый) до 3,9 м;1985.0;ВАЗ  Нива  ВАЗ-2121 и модификации;Физические лица;Красный;;Технические неисправности отсутствуют
930002254.0;1.0;Осталось на месте ДТП;С передним приводом;В-класс (малый) до 3,9 м;2003.0;ВАЗ  Жигули  ВАЗ-2108, 09 и модификации                       ;Физические лица;Зеленый;;Технические неисправности отсутствуют
930002264.0;1.0;Осталось на месте ДТП;Иное расположение рулевого управления;Мотоциклы;2022.0;PUCH Enduro;Физические лица;Иные цвета;;Технические неисправности отсутствуют
930002263.0;1.0;Осталось на месте ДТП;Полноприводные;Прочие легковые автомобили;2016.0;УАЗ Patriot (Патриот);Физические лица;Серый;;Технические неисправности отсутствуют
930002262.0;1.0;Осталось на месте ДТП;С передним приводом;В-класс (малый) до 3,9 м;2001.0;TOYOTA Corolla;Физические лица;Белый;;Технические неисправности отсутствуют
930002257.0;1.0;Осталось на месте ДТП;С передним приводом;В-класс (малый) до 3,9 м;2000.0;NISSAN Bleubird;Физические лица;Серый;;Технические неисправности отсутствуют
930002257.0;2.0;Осталось на месте ДТП;Полноприводные;Прочая спецтехника;2023.0;SHACMAN Прочие модели SHACMAN;Хозяйствующие субъекты без прав юридического лица;Белый;;Технические неисправности отсутствуют
930002246.0;1.0;Скрылось с места ДТП;Иное расположение рулевого управления;Мотоциклы;; ;;;;Технические неисправности отсутствуют
930002244.0;1.0;Осталось на месте ДТП;Полноприводные;Фургоны;2023.0;УАЗ 3909;Физические лица;Серый;;Технические неисправности отсутствуют
930002244.0;2.0;Осталось на месте ДТП;С передним приводом;Минивэны и универсалы повышенной вместимости;2001.0;TOYOTA Gaia;Физические лица;Серый;;Технические неисправности отсутствуют
930002294.0;1.0;Скрылось с места ДТП;;Одноэтажные длиной от 8 до 12 м;; ;;;;Технические неисправности отсутствуют
930002237.0;1.0;Осталось на месте ДТП;С передним приводом;В-класс (малый) до 3,9 м;2007.0;Прочие марки ТС Прочие марки и модели ТС;Физические лица;Черный;;Технические неисправности отсутствуют
930002235.0;1.0;Осталось на месте ДТП;С задним приводом;Фургоны;1994.0;NISSAN Прочие модели грузовых Nissan;Физические лица;Белый;;Технические неисправности отсутствуют
930002232.0;1.0;Осталось на месте ДТП;Иное расположение рулевого управления;Мотоциклы;2024.0;DAEWOO Racer;Физические лица;Не заполнено;;Технические неисправности отсутствуют
930002227.0;1.0;Осталось на месте ДТП;Полноприводные;D-класс (средний) до 4,6 м;1998.0;SUBARU Forester;Физические лица;Белый;;Технические неисправности отсутствуют
930002226.0;1.0;Осталось на месте ДТП;С задним приводом;Самосвалы;2000.0;MITSUBISHI Прочие модели Mitsubishi;Физические лица;Белый;;Технические неисправности отсутствуют
930002226.0;2.0;Осталось на месте ДТП;С передним приводом;В-класс (малый) до 3,9 м;2000.0;TOYOTA Vitz;Физические лица;Серый;;Технические неисправности отсутствуют
930002219.0;1.0;Осталось на месте ДТП;С передним приводом;В-класс (малый) до 3,9 м;2007.0;TOYOTA Wish;Физические лица;Черный;;Технические неисправности отсутствуют
930002217.0;1.0;Осталось на месте ДТП;С передним приводом;В-класс (малый) до 3,9 м;1999.0;TOYOTA Avensis;Физические лица;Зеленый;;Технические неисправности отсутствуют
930002212.0;1.0;Осталось на месте ДТП;С передним приводом;Прочие легковые автомобили;2002.0;HONDA Civic;Физические лица;Белый;;Технические неисправности отсутствуют
930002211.0;1.0;Осталось на месте ДТП;С передним приводом;В-класс (малый) до 3,9 м;2024.0;ВАЗ Granta (Гранта);Физические лица;Белый;;Технические неисправности отсутствуют
930002204.0;1.0;Осталось на месте ДТП;Полноприводные;С-класс (малый средний, компактный) до 4,3 м;1999.0;TOYOTA Harrier;Физические лица;Черный;;Технические неисправности отсутствуют
930002204.0;2.0;Осталось на месте ДТП;С передним приводом;В-класс (малый) до 3,9 м;1990.0;TOYOTA Vista;Физические лица;Серый;;Технические неисправности отсутствуют
930002203.0;1.0;Осталось на месте ДТП;С передним приводом;В-класс (малый) до 3,9 м;2004.0;TOYOTA Corolla;Физические лица;Белый;;Технические неисправности отсутствуют
930002192.0;1.0;Осталось на месте ДТП;С передним приводом;D-класс (средний) до 4,6 м;1988.0;TOYOTA Carina;Физические лица;Серый;;Технические неисправности отсутствуют
930002187.0;1.0;Осталось на месте ДТП;Полноприводные;С-класс (малый средний, компактный) до 4,3 м;2016.0;ВАЗ  Нива  ВАЗ-2121 и модификации;Физические лица;Белый;;Технические неисправности отсутствуют
930002187.0;2.0;Осталось на месте ДТП;Полноприводные;Прочие легковые автомобили;2007.0;УАЗ 3909;Физические лица;Белый;;Технические неисправности отсутствуют
930002189.0;1.0;Осталось на месте ДТП;С передним приводом;D-класс (средний) до 4,6 м;2015.0;HYUNDAI Solaris;Физические лица;Белый;;Технические неисправности отсутствуют
930002180.0;1.0;Осталось на месте ДТП;С передним приводом;С-класс (малый средний, компактный) до 4,3 м;2023.0;ВАЗ Granta (Гранта);Физические лица;Черный;;Технические неисправности отсутствуют
930002182.0;1.0;Осталось на месте ДТП;Иное расположение рулевого управления;Мотоциклы;2001.0;Прочие марки мотоциклов Прочие марки мотоциклов;Физические лица;Красный;;Технические неисправности отсутствуют
930002179.0;1.0;Осталось на месте ДТП;Иное расположение рулевого управления;Мотоциклы;2010.0;Прочие марки мотоциклов Прочие марки мотоциклов;Физические лица;Черный;;Технические неисправности отсутствуют
930002164.0;1.0;Осталось на месте ДТП;Полноприводные;Бортовые грузовые автомобили;1992.0;ГАЗ ГАЗ 3110, 3110-101, 3110-111, 3110-311, 3110-331, 3110-341, 3110-411, 3110-441, 3110-600;Физические лица;Зеленый;;Технические неисправности отсутствуют
930002622.0;1.0;Осталось на месте ДТП;С передним приводом;В-класс (малый) до 3,9 м;2001.0;TOYOTA Corolla;Физические лица;Белый;;Технические неисправности отсутствуют
930002596.0;1.0;Осталось на месте ДТП;С задним приводом;Бортовые грузовые автомобили;1996.0;ГАЗ 3302, 33027 и модификации;Физические лица;Серый;;Технические неисправности отсутствуют
930002596.0;2.0;Осталось на месте ДТП;С передним приводом;В-класс (малый) до 3,9 м;2004.0;TOYOTA Avensis;Физические лица;Коричневый;;Технические неисправности отсутствуют
930002580.0;1.0;Скрылось с места ДТП;;С-класс (малый средний, компактный) до 4,3 м;; ;;;;Технические неисправности отсутствуют
930002579.0;1.0;Осталось на месте ДТП;С передним приводом;В-класс (малый) до 3,9 м;2011.0;ВАЗ Priora;Физические лица;Иные цвета;;Технические неисправности отсутствуют
930002579.0;2.0;Осталось на месте ДТП;С задним приводом;Седельные тягачи;2017.0;VOLVO FH;Юридические лица, являющиеся коммерческими организациями;Белый;;Технические неисправности отсутствуют
930002575.0;1.0;Осталось на месте ДТП;С передним приводом;D-класс (средний) до 4,6 м;2015.0;TOYOTA Camry;Физические лица;Иные цвета;;Технические неисправности отсутствуют
930002576.0;1.0;Осталось на месте ДТП;С передним приводом;D-класс (средний) до 4,6 м;2012.0;HYUNDAI Elantra (Lantra, Avante);Физические лица;Синий;;Технические неисправности отсутствуют
930002571.0;1.0;Осталось на месте ДТП;С передним приводом;D-класс (средний) до 4,6 м;2017.0;MAZDA Mazda 6;Физические лица;Белый;;Технические неисправности отсутствуют
930002571.0;2.0;Осталось на месте ДТП;С задним приводом;Рефрижераторы;1992.0;MITSUBISHI Прочие модели MITSUBISHI;Физические лица;Зеленый;;Технические неисправности отсутствуют
930002560.0;1.0;Осталось на месте ДТП;С передним приводом;С-класс (малый средний, компактный) до 4,3 м;2003.0;NISSAN Sunny;Физические лица;Белый;;Технические неисправности отсутствуют
930002560.0;2.0;Осталось на месте ДТП;С передним приводом;С-класс (малый средний, компактный) до 4,3 м;2003.0;HONDA FIT;Физические лица;Серый;;Технические неисправности отсутствуют
930002556.0;1.0;Осталось на месте ДТП;С передним приводом;В-класс (малый) до 3,9 м;2008.0;TOYOTA Vitz;Физические лица;Серый;;Технические неисправности отсутствуют
930002556.0;2.0;Осталось на месте ДТП;Полноприводные;В-класс (малый) до 3,9 м;2013.0;RENAULT Duster;Юридические лица, являющиеся некоммерческими организациями;Желтый;;Технические неисправности отсутствуют
930002556.0;3.0;Осталось на месте ДТП;С передним приводом;В-класс (малый) до 3,9 м;2021.0;TOYOTA Harrier;Физические лица;Белый;;Технические неисправности отсутствуют
930002554.0;1.0;Осталось на месте ДТП;С передним приводом;А-класс (особо малый) до 3,5 м;2021.0;CHERY Tiggo;Физические лица;Серый;;Технические неисправности отсутствуют
930002542.0;1.0;Осталось на месте ДТП;С передним приводом;D-класс (средний) до 4,6 м;2001.0;TOYOTA Corolla;Физические лица;Серый;;Технические неисправности отсутствуют
930002531.0;1.0;Скрылось и установлено в срок до 1 суток;Полноприводные;Бортовые грузовые автомобили;2012.0;УАЗ Прочие модели УАЗ;Физические лица;Зеленый;;Технические неисправности отсутствуют
930002532.0;1.0;Осталось на месте ДТП;С передним приводом;В-класс (малый) до 3,9 м;2009.0;TOYOTA Noah;Физические лица;Серый;;Технические неисправности отсутствуют
930002509.0;1.0;Осталось на месте ДТП;Полноприводные;В-класс (малый) до 3,9 м;2006.0;УАЗ УАЗ 3151, 31512, 31514, 31519 и модификации;Физические лица;Зеленый;;Технические неисправности отсутствуют
930002513.0;1.0;Осталось на месте ДТП;Полноприводные;D-класс (средний) до 4,6 м;2003.0;ВАЗ  Нива  ВАЗ-2121 и модификации;Физические лица;Белый;;Технические неисправности отсутствуют
930002510.0;2.0;Осталось на месте ДТП;С передним приводом;В-класс (малый) до 3,9 м;2008.0;TOYOTA Premio;Физические лица;Серый;;Технические неисправности отсутствуют
930002510.0;1.0;Осталось на месте ДТП;С передним приводом;В-класс (малый) до 3,9 м;1997.0;ВАЗ  Ока  ВАЗ-1111 и модификации;Физические лица;Белый;;Технические неисправности отсутствуют
930002499.0;1.0;Осталось на месте ДТП;С передним приводом;В-класс (малый) до 3,9 м;2012.0;ВАЗ Priora;Физические лица;Белый;;Технические неисправности отсутствуют
930002526.0;1.0;Осталось на месте ДТП;С передним приводом;С-класс (малый средний, компактный) до 4,3 м;2007.0;ВАЗ Kalina;Физические лица;Серый;;Технические неисправности отсутствуют
930002496.0;1.0;Осталось на месте ДТП;С передним приводом;В-класс (малый) до 3,9 м;2011.0;ВАЗ Priora;Физические лица;Зеленый;;Технические неисправности отсутствуют
930002491.0;1.0;Осталось на месте ДТП;С передним приводом;В-класс (малый) до 3,9 м;2002.0;TOYOTA Premio;Физические лица;Серый;;Технические неисправности отсутствуют
930002492.0;1.0;Осталось на месте ДТП;С передним приводом;В-класс (малый) до 3,9 м;2001.0;MAZDA Familia;Физические лица;Синий;;Технические неисправности отсутствуют
930002492.0;2.0;Осталось на месте ДТП;С передним приводом;В-класс (малый) до 3,9 м;2011.0;ВАЗ Priora;Физические лица;Черный;;Технические неисправности отсутствуют
930002484.0;1.0;Осталось на месте ДТП;С задним приводом;D-класс (средний) до 4,6 м;2000.0;TOYOTA Corona;Физические лица;Серый;;Технические неисправности отсутствуют
930002484.0;2.0;Осталось на месте ДТП;С передним приводом;D-класс (средний) до 4,6 м;1996.0;TOYOTA Corona;Физические лица;Серый;;Технические неисправности отсутствуют
930002472.0;1.0;Осталось на месте ДТП;Полноприводные;В-класс (малый) до 3,9 м;2002.0;УАЗ УАЗ 3151, 31512, 31514, 31519 и модификации;Физические лица;Зеленый;;Технические неисправности отсутствуют
930002476.0;1.0;Осталось на месте ДТП;С задним приводом;Прочие легковые автомобили;2022.0;KTM SXC;Физические лица;Синий;;Технические неисправности отсутствуют
930002455.0;1.0;Осталось на месте ДТП;С передним приводом;Минивэны и универсалы повышенной вместимости;2010.0;TOYOTA Wish;Физические лица;Черный;;Иные неисправности
930002455.0;2.0;Осталось на месте ДТП;С передним приводом;Минивэны и универсалы повышенной вместимости;2009.0;TOYOTA Прочие модели Toyota;Физические лица;Белый;;Технические неисправности отсутствуют
930002442.0;1.0;Осталось на месте ДТП;С передним приводом;С-класс (малый средний, компактный) до 4,3 м;2008.0;TOYOTA Vitz;Физические лица;Серый;;Технические неисправности отсутствуют
930002442.0;2.0;Осталось на месте ДТП;С передним приводом;D-класс (средний) до 4,6 м;2013.0;ВАЗ ВАЗ 2111, 21110 (универсал), 21113, 21114;Физические лица;Белый;;Технические неисправности отсутствуют
930002430.0;1.0;Осталось на месте ДТП;С передним приводом;D-класс (средний) до 4,6 м;2012.0;FAW Jetta;Физические лица;Коричневый;;Не устанавливались
930002415.0;1.0;Осталось на месте ДТП;С передним приводом;В-класс (малый) до 3,9 м;2009.0;MAZDA Axela;Физические лица;Серый;;Технические неисправности отсутствуют
930002415.0;2.0;Осталось на месте ДТП;С передним приводом;В-класс (малый) до 3,9 м;2012.0;ВАЗ Granta (Гранта);Физические лица;Серый;;Технические неисправности отсутствуют
930002427.0;1.0;Осталось на месте ДТП;С передним приводом;D-класс (средний) до 4,6 м;2011.0;ВАЗ Priora;Физические лица;Черный;;Технические неисправности отсутствуют
930002427.0;2.0;Осталось на месте ДТП;С передним приводом;D-класс (средний) до 4,6 м;2015.0;УАЗ Patriot (Патриот);Физические лица;Серый;;Технические неисправности отсутствуют
930002427.0;3.0;Осталось на месте ДТП;;Прицепы к легковым автомобилям;2023.0;Прочие марки ТС Прочие марки и модели ТС;Физические лица;Черный;;Технические неисправности отсутствуют
930002416.0;1.0;Осталось на месте ДТП;Полноприводные;В-класс (малый) до 3,9 м;2001.0;TOYOTA Corolla;Физические лица;Серый;;Технические неисправности отсутствуют
930002417.0;1.0;Осталось на месте ДТП;Иное расположение рулевого управления;Мотоциклы;2020.0;Прочие марки мотоциклов Прочие марки мотоциклов;Физические лица;Серый;;Технические неисправности отсутствуют
930002405.0;1.0;Осталось на месте ДТП;С передним приводом;В-класс (малый) до 3,9 м;2001.0;TOYOTA Carina;Физические лица;Серый;;Технические неисправности отсутствуют
930002889.0;1.0;Скрылось с места ДТП;;Бортовые грузовые автомобили;; ;;;;Технические неисправности отсутствуют
930002887.0;1.0;Осталось на месте ДТП;Полноприводные;Минивэны и универсалы повышенной вместимости;2011.0;TOYOTA Highlander;Физические лица;Белый;;Технические неисправности отсутствуют
930002887.0;2.0;Осталось на месте ДТП;С передним приводом;Прочие легковые автомобили;2002.0;MAZDA Familia;Физические лица;Зеленый;;Технические неисправности отсутствуют
930002879.0;1.0;Осталось на месте ДТП;С передним приводом;В-класс (малый) до 3,9 м;1999.0;MAZDA Demio;Физические лица;Белый;;Технические неисправности отсутствуют
930002879.0;2.0;Осталось на месте ДТП;С передним приводом;В-класс (малый) до 3,9 м;2018.0;KIA Ceed;Физические лица;Белый;;Технические неисправности отсутствуют
930002883.0;1.0;Осталось на месте ДТП;С передним приводом;D-класс (средний) до 4,6 м;1995.0;NISSAN Skyline;Физические лица;Серый;;Технические неисправности отсутствуют
930002876.0;1.0;Осталось на месте ДТП;Полноприводные;D-класс (средний) до 4,6 м;2022.0;УАЗ 3909;Физические лица;Серый;;Технические неисправности отсутствуют
930002876.0;2.0;Осталось на месте ДТП;Полноприводные;D-класс (средний) до 4,6 м;2023.0;УАЗ 3741;Физические лица;Серый;;Технические неисправности отсутствуют
930002871.0;1.0;Скрылось с места ДТП;;D-класс (средний) до 4,6 м;; ;;;;Технические неисправности отсутствуют
930002856.0;1.0;Осталось на месте ДТП;С задним приводом;В-класс (малый) до 3,9 м;2000.0;ВАЗ ВАЗ 2115 и модификации;Физические лица;Белый;;Технические неисправности отсутствуют
930002852.0;1.0;Осталось на месте ДТП;С передним приводом;А-класс (особо малый) до 3,5 м;2014.0;ВАЗ Priora;Физические лица;Белый;;Технические неисправности отсутствуют
930002840.0;1.0;Осталось на месте ДТП;С передним приводом;В-класс (малый) до 3,9 м;2005.0;ВАЗ  Жигули  ВАЗ-2107 модификации;Физические лица;Зеленый;;Технические неисправности отсутствуют
930002792.0;1.0;Осталось на месте ДТП;С передним приводом;А-класс (особо малый) до 3,5 м;2002.0;TOYOTA Ipsum;Физические лица;Серый;;Технические неисправности отсутствуют
930002792.0;2.0;Осталось на месте ДТП;С задним приводом;А-класс (особо малый) до 3,5 м;2005.0;ВАЗ  Жигули  ВАЗ-2106 модификации;Физические лица;Зеленый;;Технические неисправности отсутствуют
930002797.0;1.0;Осталось на месте ДТП;С передним приводом;В-класс (малый) до 3,9 м;2002.0;ВАЗ  Жигули  ВАЗ-2108, 09 и модификации                       ;Физические лица;Серый;;Технические неисправности отсутствуют
930002794.0;1.0;Осталось на месте ДТП;Полноприводные;А-класс (особо малый) до 3,5 м;2004.0;Прочие марки ТС Прочие марки и модели ТС;Физические лица;Иные цвета;;Технические неисправности отсутствуют
930002794.0;2.0;Осталось на месте ДТП;С передним приводом;А-класс (особо малый) до 3,5 м;2024.0;ВАЗ Granta (Гранта);Юридические лица, являющиеся некоммерческими организациями;Белый;;Технические неисправности отсутствуют
930002782.0;1.0;Осталось на месте ДТП;С передним приводом;D-класс (средний) до 4,6 м;2000.0;TOYOTA Corolla;Физические лица;Белый;;Технические неисправности отсутствуют
930002752.0;1.0;Осталось на месте ДТП;С передним приводом;В-класс (малый) до 3,9 м;2005.0;TOYOTA Camry;Физические лица;Черный;;Технические неисправности отсутствуют
930002752.0;2.0;Осталось на месте ДТП;С передним приводом;В-класс (малый) до 3,9 м;2016.0;KIA Optima;Физические лица;Белый;;Технические неисправности отсутствуют
930002754.0;1.0;Осталось на месте ДТП;Полноприводные;В-класс (малый) до 3,9 м;2008.0;MAZDA CX-7;Физические лица;Черный;;Технические неисправности отсутствуют
930002739.0;1.0;Осталось на месте ДТП;С передним приводом;Минивэны и универсалы повышенной вместимости;2000.0;TOYOTA Opa;Физические лица;Серый;;Технические неисправности отсутствуют
930002739.0;2.0;Осталось на месте ДТП;С передним приводом;Минивэны и универсалы повышенной вместимости;2004.0;HYUNDAI Tucson;Физические лица;Зеленый;;Технические неисправности отсутствуют
930002730.0;1.0;Скрылось с места ДТП;;С-класс (малый средний, компактный) до 4,3 м;; ;;;;Технические неисправности отсутствуют
930002733.0;1.0;Осталось на месте ДТП;С передним приводом;Прочие легковые автомобили;2006.0;NISSAN Serena;Физические лица;Коричневый;;Технические неисправности отсутствуют
930002727.0;1.0;Осталось на месте ДТП;С передним приводом;D-класс (средний) до 4,6 м;2013.0;TOYOTA Camry;Физические лица;Черный;;Технические неисправности отсутствуют
930002727.0;2.0;Осталось на месте ДТП;С передним приводом;Прочие легковые автомобили;2015.0;ВАЗ Priora;Физические лица;Белый;;Технические неисправности отсутствуют
930002705.0;1.0;Осталось на месте ДТП;С передним приводом;А-класс (особо малый) до 3,5 м;1997.0;OPEL Прочие модели Opel;Физические лица;Черный;;Технические неисправности отсутствуют
930002707.0;1.0;Осталось на месте ДТП;Полноприводные;D-класс (средний) до 4,6 м;2005.0;MERCEDES Прочие модели Mercedes;Физические лица;Коричневый;;Технические неисправности отсутствуют
930002707.0;2.0;Осталось на месте ДТП;С передним приводом;С-класс (малый средний, компактный) до 4,3 м;2002.0;NISSAN Sunny;Физические лица;Серый;;Технические неисправности отсутствуют
930002716.0;1.0;Скрылось с места ДТП;;В-класс (малый) до 3,9 м;; ;;;;Не устанавливались
930002712.0;1.0;Осталось на месте ДТП;Полноприводные;D-класс (средний) до 4,6 м;2020.0;TOYOTA Corolla;Физические лица;Серый;;Технические неисправности отсутствуют
930002712.0;2.0;Осталось на месте ДТП;С передним приводом;D-класс (средний) до 4,6 м;2012.0;TOYOTA Wish;Физические лица;Белый;;Технические неисправности отсутствуют
930002701.0;1.0;Осталось на месте ДТП;Полноприводные;Минивэны и универсалы повышенной вместимости;2000.0;TOYOTA Estima;Физические лица;Белый;;Технические неисправности отсутствуют
930002686.0;1.0;Осталось на месте ДТП;С передним приводом;С-класс (малый средний, компактный) до 4,3 м;1997.0;TOYOTA Carina;Физические лица;Белый;;Технические неисправности отсутствуют
930002667.0;1.0;Осталось на месте ДТП;Полноприводные;В-класс (малый) до 3,9 м;2014.0;Прочие марки ТС Прочие марки и модели ТС;Физические лица;Коричневый;;Технические неисправности отсутствуют
930002672.0;1.0;Осталось на месте ДТП;С передним приводом;D-класс (средний) до 4,6 м;2015.0;TOYOTA Corolla;Физические лица;Серый;;Технические неисправности отсутствуют
930002668.0;1.0;Осталось на месте ДТП;С передним приводом;В-класс (малый) до 3,9 м;2021.0;ВАЗ Granta (Гранта);Физические лица;Серый;;Технические неисправности отсутствуют
930002673.0;1.0;Осталось на месте ДТП;Полноприводные;D-класс (средний) до 4,6 м;2005.0;УАЗ УАЗ 3151, 31512, 31514, 31519 и модификации;Физические лица;Зеленый;;Технические неисправности отсутствуют
930002673.0;2.0;Осталось на месте ДТП;С передним приводом;С-класс (малый средний, компактный) до 4,3 м;2018.0;ВАЗ Vesta (Веста);Физические лица;Белый;;Технические неисправности отсутствуют
930002674.0;1.0;Осталось на месте ДТП;С передним приводом;D-класс (средний) до 4,6 м;2019.0;ВАЗ Vesta (Веста);Физические лица;Белый;;Технические неисправности отсутствуют
930002674.0;2.0;Осталось на месте ДТП;С задним приводом;D-класс (средний) до 4,6 м;2014.0;TOYOTA Prius;Физические лица;Белый;;Технические неисправности отсутствуют
930002649.0;1.0;Осталось на месте ДТП;С передним приводом;D-класс (средний) до 4,6 м;2014.0;TOYOTA Paseo;Физические лица;Красный;;Технические неисправности отсутствуют
930002649.0;2.0;Осталось на месте ДТП;С задним приводом;Бортовые грузовые автомобили;2002.0;ГАЗ 3302, 33027 и модификации;Физические лица;Белый;;Технические неисправности отсутствуют
930002646.0;1.0;Осталось на месте ДТП;Полноприводные;Прочие легковые автомобили;2004.0;TOYOTA Estima;Физические лица;Иные цвета;;Технические неисправности отсутствуют
930002646.0;2.0;Осталось на месте ДТП;С передним приводом;D-класс (средний) до 4,6 м;2014.0;TOYOTA Camry;Физические лица;Белый;;Технические неисправности отсутствуют
930002645.0;1.0;Осталось на месте ДТП;Не заполнено;В-класс (малый) до 3,9 м;2013.0;ВАЗ Granta (Гранта);Физические лица;Серый;;Технические неисправности отсутствуют
930002645.0;2.0;Осталось на месте ДТП;Не заполнено;Прочие грузовые автомобили;1999.0;NISSAN Прочие модели грузовых Nissan;Индивидуальные предприниматели без образования юридического лица;Белый;;Технические неисправности отсутствуют
930002635.0;1.0;Осталось на месте ДТП;С передним приводом;D-класс (средний) до 4,6 м;2015.0;ВАЗ Priora;Физические лица;Белый;;Технические неисправности отсутствуют
930002635.0;2.0;Осталось на месте ДТП;С передним приводом;D-класс (средний) до 4,6 м;2013.0;TOYOTA Corolla;Физические лица;Белый;;Технические неисправности отсутствуют
930000211.0;1.0;Осталось на месте ДТП;Полноприводные;D-класс (средний) до 4,6 м;2024.0;GREAT WALL Прочие модели Great Wall;Физические лица;Оранжевый;;Технические неисправности отсутствуют
930000211.0;2.0;Осталось на месте ДТП;С передним приводом;С-класс (малый средний, компактный) до 4,3 м;2001.0;TOYOTA Corolla;Физические лица;Серый;;Технические неисправности отсутствуют
930000190.0;1.0;Осталось на месте ДТП;Полноприводные;В-класс (малый) до 3,9 м;2011.0;MITSUBISHI RVR;Физические лица;Белый;;Технические неисправности отсутствуют
930000188.0;1.0;Осталось на месте ДТП;С передним приводом;D-класс (средний) до 4,6 м;2004.0;TOYOTA Premio;Физические лица;Серый;;Технические неисправности отсутствуют
930000188.0;2.0;Осталось на месте ДТП;С передним приводом;D-класс (средний) до 4,6 м;2003.0;TOYOTA Wish;Физические лица;Красный;;Технические неисправности отсутствуют
930000163.0;1.0;Осталось на месте ДТП;С задним приводом;Прочие одноярусные;2024.0;YUTONG Прочие модели Yotong;Юридические лица, являющиеся коммерческими организациями;Белый;;Технические неисправности отсутствуют
930000163.0;2.0;Осталось на месте ДТП;С передним приводом;D-класс (средний) до 4,6 м;2005.0;TOYOTA Allion;Физические лица;Белый;;Технические неисправности отсутствуют
930000151.0;1.0;Осталось на месте ДТП;С передним приводом;В-класс (малый) до 3,9 м;1997.0;TOYOTA Picnic;Физические лица;Серый;;Технические неисправности отсутствуют
930000146.0;1.0;Осталось на месте ДТП;С передним приводом;С-класс (малый средний, компактный) до 4,3 м;2021.0;ВАЗ Vesta (Веста);Физические лица;Серый;;Технические неисправности отсутствуют
930000133.0;1.0;Осталось на месте ДТП;С передним приводом;D-класс (средний) до 4,6 м;2003.0;Прочие марки ТС Прочие марки и модели ТС;Физические лица;Черный;;Технические неисправности отсутствуют
930000145.0;1.0;Осталось на месте ДТП;С передним приводом;В-класс (малый) до 3,9 м;2008.0;ВАЗ ВАЗ 2112 и модификации;Физические лица;Черный;;Технические неисправности отсутствуют
930000106.0;1.0;Осталось на месте ДТП;С передним приводом;D-класс (средний) до 4,6 м;2000.0;Прочие марки ТС Прочие марки и модели ТС;Физические лица;Белый;;Технические неисправности отсутствуют
930000104.0;1.0;Осталось на месте ДТП;С передним приводом;D-класс (средний) до 4,6 м;2012.0;HONDA Stepwgn;Физические лица;Белый;;Технические неисправности отсутствуют
930000075.0;1.0;Осталось на месте ДТП;С передним приводом;D-класс (средний) до 4,6 м;2000.0;TOYOTA Platz;Физические лица;Коричневый;;Технические неисправности отсутствуют
930000075.0;2.0;Осталось на месте ДТП;С передним приводом;D-класс (средний) до 4,6 м;1999.0;TOYOTA Corolla;Физические лица;Белый;;Технические неисправности отсутствуют
930000074.0;1.0;Осталось на месте ДТП;Полноприводные;В-класс (малый) до 3,9 м;2017.0;TOYOTA Land Cruiser;Физические лица;Черный;;Технические неисправности отсутствуют
930000060.0;1.0;Осталось на месте ДТП;С передним приводом;D-класс (средний) до 4,6 м;2009.0;TOYOTA Camry;Физические лица;Серый;;Технические неисправности отсутствуют
930000060.0;2.0;Осталось на месте ДТП;С передним приводом;D-класс (средний) до 4,6 м;2007.0;TOYOTA Corolla;Физические лица;Серый;;Технические неисправности отсутствуют
930000057.0;1.0;Осталось на месте ДТП;Полноприводные;Прочая спецтехника;2015.0;УАЗ Прочие модели УАЗ;Юридические лица, являющиеся некоммерческими организациями;Синий;;Технические неисправности отсутствуют
930000057.0;2.0;Осталось на месте ДТП;С передним приводом;С-класс (малый средний, компактный) до 4,3 м;2018.0;TOYOTA Прочие модели Toyota;Физические лица;Красный;;Технические неисправности отсутствуют
930000046.0;1.0;Осталось на месте ДТП;С передним приводом;В-класс (малый) до 3,9 м;2012.0;ВАЗ Granta (Гранта);Физические лица;Черный;;Технические неисправности отсутствуют
930000040.0;1.0;Осталось на месте ДТП;С передним приводом;Минивэны и универсалы повышенной вместимости;2015.0;HONDA Stepwgn;Физические лица;Серый;;Технические неисправности отсутствуют
930000041.0;2.0;Осталось на месте ДТП;С передним приводом;С-класс (малый средний, компактный) до 4,3 м;2007.0;TOYOTA Corolla;Физические лица;Белый;;Технические неисправности отсутствуют
930000041.0;1.0;Осталось на месте ДТП;С передним приводом;Минивэны и универсалы повышенной вместимости;2009.0;HONDA Прочие модели Honda;Физические лица;Синий;;Технические неисправности отсутствуют
930000032.0;1.0;Осталось на месте ДТП;С передним приводом;В-класс (малый) до 3,9 м;2008.0;ВАЗ ВАЗ 2114 и модификации;Физические лица;Коричневый;;Технические неисправности отсутствуют
930000031.0;1.0;Осталось на месте ДТП;С передним приводом;В-класс (малый) до 3,9 м;2025.0;ВАЗ Granta (Гранта);Физические лица;Серый;;Технические неисправности отсутствуют
930000023.0;1.0;Осталось на месте ДТП;С передним приводом;В-класс (малый) до 3,9 м;2012.0;HONDA Прочие модели Honda;Физические лица;Белый;;Технические неисправности отсутствуют
930000015.0;1.0;Осталось на месте ДТП;С передним приводом;В-класс (малый) до 3,9 м;2004.0;TOYOTA Allion;Физические лица;Серый;;Технические неисправности отсутствуют
930000010.0;1.0;Осталось на месте ДТП;С передним приводом;В-класс (малый) до 3,9 м;2012.0;ВАЗ Priora;Физические лица;Черный;;Технические неисправности отсутствуют
930000006.0;1.0;Осталось на месте ДТП;С передним приводом;D-класс (средний) до 4,6 м;2019.0;SKODA Rapid;Физические лица;Белый;;Технические неисправности отсутствуют
930000006.0;2.0;Осталось на месте ДТП;С передним приводом;D-класс (средний) до 4,6 м;2001.0;TOYOTA Estima;Физические лица;Белый;;Технические неисправности отсутствуют
930000009.0;1.0;Скрылось с места ДТП;С передним приводом;D-класс (средний) до 4,6 м;2000.0;TOYOTA Corolla;;Серый;;Технические неисправности отсутствуют
930000009.0;2.0;Осталось на месте ДТП;С передним приводом;D-класс (средний) до 4,6 м;2002.0;TOYOTA Allion;Физические лица;Серый;;Технические неисправности отсутствуют
930000002.0;1.0;Осталось на месте ДТП;С передним приводом;В-класс (малый) до 3,9 м;2005.0;ВАЗ ВАЗ 2110, 21101, 21102, 21103, 21108;Физические лица;Красный;;Технические неисправности отсутствуют
930000201.0;1.0;Осталось на месте ДТП;С передним приводом;D-класс (средний) до 4,6 м;2002.0;TOYOTA Premio;Физические лица;Серый;;Технические неисправности отсутствуют
930000183.0;1.0;Осталось на месте ДТП;С передним приводом;Минивэны и универсалы повышенной вместимости;2014.0;NISSAN Serena;Физические лица;Белый;;Технические неисправности отсутствуют
930000157.0;1.0;Осталось на месте ДТП;С задним приводом;D-класс (средний) до 4,6 м;1993.0;TOYOTA Chaser;Физические лица;Белый;;Технические неисправности отсутствуют
930000158.0;1.0;Осталось на месте ДТП;С передним приводом;С-класс (малый средний, компактный) до 4,3 м;2007.0;ВАЗ Priora;Физические лица;Зеленый;;Технические неисправности отсутствуют
930000155.0;1.0;Осталось на месте ДТП;С передним приводом;С-класс (малый средний, компактный) до 4,3 м;2002.0;TOYOTA Vitz;Физические лица;Зеленый;;Технические неисправности отсутствуют
930000147.0;1.0;Осталось на месте ДТП;Иное расположение рулевого управления;Снегоходы;1970.0;Прочие марки ТС Прочие марки и модели ТС;Физические лица;Белый;;Технические неисправности отсутствуют
930000119.0;1.0;Осталось на месте ДТП;С передним приводом;Минивэны и универсалы повышенной вместимости;2018.0;VOLKSWAGEN Tiguan;Физические лица;Белый;;Технические неисправности отсутствуют
930000106.0;1.0;Скрылось и установлено в срок до 1 суток;Полноприводные;Минивэны и универсалы повышенной вместимости;1998.0;SUBARU Forester;Физические лица;Белый;;Технические неисправности отсутствуют
930000095.0;1.0;Осталось на месте ДТП;Полноприводные;Минивэны и универсалы повышенной вместимости;2013.0;LEXUS Прочие модели Lexus;Физические лица;Белый;;Технические неисправности отсутствуют
930000094.0;1.0;Осталось на месте ДТП;С передним приводом;Минивэны и универсалы повышенной вместимости;2000.0;TOYOTA Ipsum;Физические лица;Серый;;Технические неисправности отсутствуют
930000094.0;2.0;Осталось на месте ДТП;С передним приводом;Минивэны и универсалы повышенной вместимости;2001.0;TOYOTA Corolla;Физические лица;Серый;;Технические неисправности отсутствуют
930000089.0;1.0;Осталось на месте ДТП;С передним приводом;D-класс (средний) до 4,6 м;2003.0;TOYOTA Avensis;Физические лица;Серый;;Технические неисправности отсутствуют
930000089.0;2.0;Осталось на месте ДТП;С передним приводом;С-класс (малый средний, компактный) до 4,3 м;2011.0;ВАЗ ВАЗ 2111, 21110 (универсал), 21113, 21114;Физические лица;Зеленый;;Технические неисправности отсутствуют
930000087.0;1.0;Скрылось с места ДТП;;D-класс (средний) до 4,6 м;; ;;;;Технические неисправности отсутствуют
930000075.0;1.0;Осталось на месте ДТП;С передним приводом;С-класс (малый средний, компактный) до 4,3 м;2012.0;ВАЗ ВАЗ 2114 и модификации;Физические лица;Белый;;Технические неисправности отсутствуют
930000082.0;1.0;Осталось на месте ДТП;С передним приводом;D-класс (средний) до 4,6 м;2001.0;TOYOTA Corolla;Физические лица;Белый;;Технические неисправности отсутствуют
930000071.0;1.0;Скрылось с места ДТП;;D-класс (средний) до 4,6 м;; ;;;;Технические неисправности отсутствуют
930000070.0;1.0;Осталось на месте ДТП;С передним приводом;D-класс (средний) до 4,6 м;2004.0;TOYOTA Avensis;Физические лица;Серый;;Технические неисправности отсутствуют
930000070.0;2.0;Осталось на месте ДТП;С передним приводом;С-класс (малый средний, компактный) до 4,3 м;2016.0;SUZUKI Прочие модели Suzuki;Физические лица;Серый;;Технические неисправности отсутствуют
930000066.0;1.0;Осталось на месте ДТП;С передним приводом;D-класс (средний) до 4,6 м;1999.0;HONDA Accord;Физические лица;Белый;;Технические неисправности отсутствуют
930000039.0;1.0;Осталось на месте ДТП;Полноприводные;Минивэны и универсалы повышенной вместимости;2006.0;TOYOTA Estima;Физические лица;Белый;;Технические неисправности отсутствуют
930000034.0;1.0;Осталось на месте ДТП;С передним приводом;Минивэны и универсалы повышенной вместимости;1994.0;TOYOTA Caldina;Физические лица;Белый;;Технические неисправности отсутствуют
930000034.0;2.0;Осталось на месте ДТП;С задним приводом;Самосвалы;1990.0;КАМАЗ 5410;Физические лица;Белый;;Технические неисправности отсутствуют
930000023.0;1.0;Скрылось и установлено в срок до 1 суток;С передним приводом;Минивэны и универсалы повышенной вместимости;1998.0;TOYOTA Caldina;Физические лица;Черный;;Технические неисправности отсутствуют
930000003.0;1.0;Осталось на месте ДТП;Полноприводные;Минивэны и универсалы повышенной вместимости;2013.0;TOYOTA Wish;Физические лица;Красный;;Технические неисправности отсутствуют
930000009.0;1.0;Осталось на месте ДТП;С задним приводом;С-класс (малый средний, компактный) до 4,3 м;2008.0;ВАЗ ВАЗ 2115 и модификации;Физические лица;Черный;;Технические неисправности отсутствуют
930000009.0;2.0;Осталось на месте ДТП;С задним приводом;D-класс (средний) до 4,6 м;1993.0;TOYOTA Mark II;Физические лица;Черный;;Технические неисправности отсутствуют
930000009.0;3.0;Осталось на месте ДТП;С задним приводом;С-класс (малый средний, компактный) до 4,3 м;2004.0;ВАЗ  Жигули  ВАЗ-2107 модификации;Физические лица;Белый;;Технические неисправности отсутствуют
930000361.0;1.0;Осталось на месте ДТП;С передним приводом;С-класс (малый средний, компактный) до 4,3 м;2009.0;ВАЗ ВАЗ 2114 и модификации;Физические лица;Зеленый;;Технические неисправности отсутствуют
930000361.0;2.0;Осталось на месте ДТП;С передним приводом;Минивэны и универсалы повышенной вместимости;2020.0;ВАЗ Largus (Ларгус);Юридические лица, являющиеся некоммерческими организациями;Синий;;Технические неисправности отсутствуют
930000384.0;1.0;Скрылось с места ДТП;;Бортовые грузовые автомобили;; ;;;;Технические неисправности отсутствуют
930000327.0;1.0;Осталось на месте ДТП;С передним приводом;D-класс (средний) до 4,6 м;1995.0;TOYOTA Camry;Физические лица;Серый;;Технические неисправности отсутствуют
930000317.0;1.0;Осталось на месте ДТП;С передним приводом;С-класс (малый средний, компактный) до 4,3 м;2008.0;ВАЗ ВАЗ 2112 и модификации;Физические лица;Серый;;Технические неисправности отсутствуют
930000317.0;2.0;Осталось на месте ДТП;С задним приводом;Седельные тягачи;1987.0;КАМАЗ 5410;Физические лица;Серый;;Технические неисправности отсутствуют
930000317.0;3.0;Осталось на месте ДТП;;Полуприцепы с бортовой платформой;1992.0; ;Физические лица;Красный;;Технические неисправности отсутствуют
930000322.0;1.0;Осталось на месте ДТП;С передним приводом;Минивэны и универсалы повышенной вместимости;2013.0;CHERY Tiggo;Физические лица;Серый;;Технические неисправности отсутствуют
930000287.0;1.0;Осталось на месте ДТП;С передним приводом;D-класс (средний) до 4,6 м;2000.0;MAZDA Familia;Физические лица;Белый;;Технические неисправности отсутствуют
930000287.0;2.0;Осталось на месте ДТП;С передним приводом;Минивэны и универсалы повышенной вместимости;2006.0;TOYOTA Wish;Физические лица;Серый;;Технические неисправности отсутствуют
930000287.0;3.0;Осталось на месте ДТП;С задним приводом;Одноэтажные длиной от 8 до 12 м;2008.0;ПАЗ 32053;Юридические лица, являющиеся коммерческими организациями;Желтый;;Технические неисправности отсутствуют
930000285.0;1.0;Осталось на месте ДТП;С передним приводом;D-класс (средний) до 4,6 м;2002.0;TOYOTA Camry;Физические лица;Серый;;Технические неисправности отсутствуют
930000285.0;2.0;Осталось на месте ДТП;С передним приводом;Минивэны и универсалы повышенной вместимости;1997.0;TOYOTA Ipsum;Физические лица;Серый;;Технические неисправности отсутствуют
930000286.0;1.0;Осталось на месте ДТП;С передним приводом;D-класс (средний) до 4,6 м;2014.0;NISSAN Almera;Физические лица;Белый;;Технические неисправности отсутствуют
930000271.0;1.0;Осталось на месте ДТП;С передним приводом;D-класс (средний) до 4,6 м;2008.0;NISSAN Tiida;Физические лица;Синий;;Технические неисправности отсутствуют
930000271.0;2.0;Осталось на месте ДТП;С передним приводом;С-класс (малый средний, компактный) до 4,3 м;2021.0;ВАЗ Granta (Гранта);Юридические лица, являющиеся коммерческими организациями;Белый;;Технические неисправности отсутствуют
930000277.0;1.0;Осталось на месте ДТП;С передним приводом;D-класс (средний) до 4,6 м;2001.0;TOYOTA Carina;Физические лица;Белый;;Технические неисправности отсутствуют
930000265.0;1.0;Осталось на месте ДТП;Полноприводные;Прочие легковые автомобили;2013.0;TOYOTA Hilux;Физические лица;Серый;;Технические неисправности отсутствуют
930000260.0;1.0;Осталось на месте ДТП;С передним приводом;Минивэны и универсалы повышенной вместимости;2002.0;TOYOTA Gaia;Физические лица;Белый;;Технические неисправности отсутствуют
930000295.0;1.0;Осталось на месте ДТП;Полноприводные;Прочие легковые автомобили;2012.0;УАЗ УАЗ 3151, 31512, 31514, 31519 и модификации;Физические лица;Зеленый;;Технические неисправности отсутствуют
930000231.0;1.0;Осталось на месте ДТП;С задним приводом;D-класс (средний) до 4,6 м;2000.0;NISSAN Sunny;Физические лица;Белый;;Технические неисправности отсутствуют
930000231.0;2.0;Осталось на месте ДТП;С передним приводом;Минивэны и универсалы повышенной вместимости;2003.0;TOYOTA Estima;Физические лица;Серый;;Технические неисправности отсутствуют
930000220.0;1.0;Осталось на месте ДТП;С передним приводом;С-класс (малый средний, компактный) до 4,3 м;2011.0;ВАЗ Priora;Физические лица;Синий;;Технические неисправности отсутствуют
930000595.0;1.0;Осталось на месте ДТП;С передним приводом;D-класс (средний) до 4,6 м;2005.0;HONDA Accord;Физические лица;Серый;;Технические неисправности отсутствуют
930000595.0;2.0;Осталось на месте ДТП;С передним приводом;D-класс (средний) до 4,6 м;1992.0;TOYOTA Corona;Физические лица;Синий;;Технические неисправности отсутствуют
930000597.0;1.0;Осталось на месте ДТП;Иное расположение рулевого управления;Тракторы;1988.0;Прочие марки ТС Прочие марки и модели ТС;Физические лица;Синий;;Технические неисправности отсутствуют
930000592.0;1.0;Скрылось и установлено в срок до 1 суток;С передним приводом;D-класс (средний) до 4,6 м;1996.0;NISSAN Cefiro;Физические лица;Зеленый;;Технические неисправности отсутствуют
930000594.0;1.0;Осталось на месте ДТП;С передним приводом;D-класс (средний) до 4,6 м;2000.0;TOYOTA Corolla;Физические лица;Серый;;Технические неисправности отсутствуют
930000594.0;2.0;Осталось на месте ДТП;С передним приводом;С-класс (малый средний, компактный) до 4,3 м;2005.0;ВАЗ ВАЗ 2114 и модификации;Физические лица;Зеленый;;Технические неисправности отсутствуют
930000591.0;1.0;Осталось на месте ДТП;С задним приводом;D-класс (средний) до 4,6 м;1989.0;TOYOTA Chaser;Физические лица;Белый;;Технические неисправности отсутствуют
930000574.0;1.0;Осталось на месте ДТП;С задним приводом;С-класс (малый средний, компактный) до 4,3 м;2010.0;ВАЗ  Жигули  ВАЗ-2107 модификации;Физические лица;Серый;;Технические неисправности отсутствуют
930000576.0;1.0;Осталось на месте ДТП;С передним приводом;D-класс (средний) до 4,6 м;2002.0;TOYOTA Premio;Физические лица;Белый;;Технические неисправности отсутствуют
930000576.0;2.0;Осталось на месте ДТП;С передним приводом;Минивэны и универсалы повышенной вместимости;2020.0;TOYOTA Harrier;Физические лица;Черный;;Технические неисправности отсутствуют
930000568.0;1.0;Осталось на месте ДТП;С передним приводом;Минивэны и универсалы повышенной вместимости;1996.0;TOYOTA Ipsum;Физические лица;Многоцветный;;Технические неисправности отсутствуют
930000567.0;1.0;Осталось на месте ДТП;С передним приводом;D-класс (средний) до 4,6 м;2002.0;NISSAN Almera;Физические лица;Красный;;Технические неисправности отсутствуют
930000566.0;1.0;Осталось на месте ДТП;С передним приводом;С-класс (малый средний, компактный) до 4,3 м;2007.0;ВАЗ ВАЗ 2112 и модификации;Физические лица;Зеленый;;Технические неисправности отсутствуют
930000566.0;2.0;Осталось на месте ДТП;С передним приводом;D-класс (средний) до 4,6 м;2001.0;TOYOTA Corolla;Физические лица;Белый;;Технические неисправности отсутствуют
930000564.0;1.0;Осталось на месте ДТП;С задним приводом;D-класс (средний) до 4,6 м;2002.0;TOYOTA Corolla;Физические лица;Серый;;Технические неисправности отсутствуют
930000564.0;2.0;Скрылось и установлено в срок до 1 суток;С передним приводом;D-класс (средний) до 4,6 м;2000.0;TOYOTA Corolla;Физические лица;Белый;;Технические неисправности отсутствуют
930000561.0;1.0;Осталось на месте ДТП;С передним приводом;D-класс (средний) до 4,6 м;2002.0;MAZDA Familia;Физические лица;Белый;;Технические неисправности отсутствуют
930000561.0;2.0;Осталось на месте ДТП;С передним приводом;D-класс (средний) до 4,6 м;2012.0;HONDA Прочие модели Honda;Физические лица;Серый;;Технические неисправности отсутствуют
930000539.0;1.0;Осталось на месте ДТП;Полноприводные;Прочие легковые автомобили;2019.0;УАЗ 3909;Юридические лица, являющиеся некоммерческими организациями;Серый;;Технические неисправности отсутствуют
930000545.0;1.0;Осталось на месте ДТП;С передним приводом;D-класс (средний) до 4,6 м;1990.0;TOYOTA Carina;Физические лица;Серый;;Технические неисправности отсутствуют
930000527.0;1.0;Скрылось с места ДТП;;D-класс (средний) до 4,6 м;; ;;;;Технические неисправности отсутствуют
930000518.0;1.0;Осталось на месте ДТП;С задним приводом;D-класс (средний) до 4,6 м;2002.0;TOYOTA Corolla;Физические лица;Серый;;Технические неисправности отсутствуют
930000512.0;1.0;Осталось на месте ДТП;С передним приводом;Седельные тягачи;2006.0;VOLVO 440 K;Физические лица;Белый;;Технические неисправности отсутствуют
930000512.0;2.0;Осталось на месте ДТП;С передним приводом;С-класс (малый средний, компактный) до 4,3 м;2007.0;TOYOTA Vitz;Физические лица;Серый;;Технические неисправности отсутствуют
930000512.0;3.0;Осталось на месте ДТП;;Полуприцепы с бортовой платформой;2007.0; ;Физические лица;Серый;;Технические неисправности отсутствуют
930000497.0;1.0;Осталось на месте ДТП;С передним приводом;D-класс (средний) до 4,6 м;2000.0;HONDA Accord;Физические лица;Серый;;Технические неисправности отсутствуют
930000497.0;2.0;Осталось на месте ДТП;С передним приводом;D-класс (средний) до 4,6 м;2007.0;MITSUBISHI Lancer;Физические лица;Серый;;Технические неисправности отсутствуют
930000490.0;1.0;Скрылось и установлено в срок до 1 суток;Полноприводные;С-класс (малый средний, компактный) до 4,3 м;2014.0;CHEVROLET Прочие модели Chevrolet;Юридические лица, являющиеся некоммерческими организациями;Серый;;Технические неисправности отсутствуют
930000490.0;2.0;Скрылось и установлено в срок до 1 суток;Полноприводные;Минивэны и универсалы повышенной вместимости;2006.0;SUZUKI Grand Vitara;Физические лица;Серый;;Технические неисправности отсутствуют
930000478.0;1.0;Осталось на месте ДТП;С передним приводом;D-класс (средний) до 4,6 м;1994.0;TOYOTA Carina;Физические лица;Красный;;Технические неисправности отсутствуют
930000463.0;1.0;Осталось на месте ДТП;С передним приводом;Минивэны и универсалы повышенной вместимости;2009.0;TOYOTA Wish;Физические лица;Белый;;Технические неисправности отсутствуют
930000460.0;1.0;Осталось на месте ДТП;С передним приводом;Е-класс (высший средний, бизнес-класс) до 4,9 м;2010.0;TOYOTA Camry;Физические лица;Серый;;Технические неисправности отсутствуют
930000460.0;2.0;Осталось на месте ДТП;С передним приводом;Е-класс (высший средний, бизнес-класс) до 4,9 м;2019.0;ВАЗ XRay;Физические лица;Серый;;Технические неисправности отсутствуют
930000434.0;1.0;Осталось на месте ДТП;С передним приводом;С-класс (малый средний, компактный) до 4,3 м;2010.0;ВАЗ ВАЗ 2114 и модификации;Физические лица;Зеленый;;Технические неисправности отсутствуют
930000434.0;2.0;Осталось на месте ДТП;С задним приводом;Фургоны;1994.0;HINDUSTAN Прочие модели HINDUSTAN;Физические лица;Оранжевый;;Технические неисправности отсутствуют
930000419.0;1.0;Осталось на месте ДТП;С задним приводом;Медицинские комплексы на шасси транспортных средств;2020.0;ГАЗ Next;Юридические лица, являющиеся некоммерческими организациями;Белый;;Технические неисправности отсутствуют
930000419.0;2.0;Осталось на месте ДТП;С передним приводом;С-класс (малый средний, компактный) до 4,3 м;2007.0;HONDA Civic;Физические лица;Синий;;Технические неисправности отсутствуют
930000428.0;1.0;Осталось на месте ДТП;С передним приводом;С-класс (малый средний, компактный) до 4,3 м;2006.0;ВАЗ ВАЗ 2110, 21101, 21102, 21103, 21108;Физические лица;Серый;;Технические неисправности отсутствуют
930000421.0;2.0;Осталось на месте ДТП;С передним приводом;D-класс (средний) до 4,6 м;1998.0;TOYOTA Corolla;Физические лица;Белый;;Технические неисправности отсутствуют
930000421.0;1.0;Осталось на месте ДТП;С передним приводом;Минивэны и универсалы повышенной вместимости;1988.0;TOYOTA Ipsum;Физические лица;Серый;;Технические неисправности отсутствуют
930000414.0;1.0;Осталось на месте ДТП;С передним приводом;Е-класс (высший средний, бизнес-класс) до 4,9 м;2019.0;TOYOTA Camry;Физические лица;Серый;;Технические неисправности отсутствуют
930000406.0;1.0;Осталось на месте ДТП;С передним приводом;Минивэны и универсалы повышенной вместимости;2012.0;TOYOTA Wish;Физические лица;Белый;;Технические неисправности отсутствуют
930000407.0;1.0;Осталось на месте ДТП;С передним приводом;D-класс (средний) до 4,6 м;2002.0;TOYOTA Прочие модели Toyota;Физические лица;Серый;;Технические неисправности отсутствуют
930000412.0;1.0;Осталось на месте ДТП;С передним приводом;D-класс (средний) до 4,6 м;1998.0;TOYOTA Carina;Физические лица;Белый;;Технические неисправности отсутствуют
930000812.0;1.0;Осталось на месте ДТП;Полноприводные;Минивэны и универсалы повышенной вместимости;2005.0;УАЗ УАЗ 3151, 31512, 31514, 31519 и модификации;Физические лица;Зеленый;;Технические неисправности отсутствуют
930000841.0;1.0;Скрылось с места ДТП;;В-класс (малый) до 3,9 м;; ;;;;Технические неисправности отсутствуют
930000814.0;1.0;Осталось на месте ДТП;С задним приводом;Фургоны;1991.0;ISUZU Прочие модели Isuzu;Физические лица;Серый;;Технические неисправности отсутствуют
930000807.0;1.0;Осталось на месте ДТП;С передним приводом;С-класс (малый средний, компактный) до 4,3 м;2009.0;ВАЗ Priora;Физические лица;Белый;;Технические неисправности отсутствуют
930000806.0;1.0;Осталось на месте ДТП;С передним приводом;С-класс (малый средний, компактный) до 4,3 м;2023.0;ВАЗ Granta (Гранта);Физические лица;Белый;;Технические неисправности отсутствуют
930000802.0;1.0;Скрылось и установлено в срок до 1 суток;С передним приводом;С-класс (малый средний, компактный) до 4,3 м;1998.0;TOYOTA Corolla;Физические лица;Белый;;Технические неисправности отсутствуют
930000803.0;1.0;Осталось на месте ДТП;С передним приводом;С-класс (малый средний, компактный) до 4,3 м;2006.0;ВАЗ ВАЗ 2110, 21101, 21102, 21103, 21108;Физические лица;Зеленый;;Технические неисправности отсутствуют
930000803.0;2.0;Осталось на месте ДТП;Иное расположение рулевого управления;Мотоциклы;2020.0;Прочие марки мотоциклов Прочие марки мотоциклов;Физические лица;Зеленый;;Технические неисправности отсутствуют
930000793.0;1.0;Осталось на месте ДТП;С передним приводом;D-класс (средний) до 4,6 м;2007.0;TOYOTA Corolla;Физические лица;Синий;;Технические неисправности отсутствуют
930000777.0;1.0;Осталось на месте ДТП;С передним приводом;D-класс (средний) до 4,6 м;2003.0;TOYOTA Corolla;Физические лица;Серый;;Технические неисправности отсутствуют
930000777.0;2.0;Осталось на месте ДТП;Полноприводные;D-класс (средний) до 4,6 м;2003.0;MERCEDES E-класс;Физические лица;Серый;;Технические неисправности отсутствуют
930000761.0;1.0;Осталось на месте ДТП;Полноприводные;Минивэны и универсалы повышенной вместимости;2012.0;TOYOTA Land Cruiser;Физические лица;Белый;;Технические неисправности отсутствуют
930000750.0;1.0;Осталось на месте ДТП;С передним приводом;С-класс (малый средний, компактный) до 4,3 м;2012.0;ВАЗ Priora;Физические лица;Зеленый;;Технические неисправности отсутствуют
930000750.0;2.0;Осталось на месте ДТП;Полноприводные;Минивэны и универсалы повышенной вместимости;2016.0;TOYOTA RAV 4;Физические лица;Черный;;Технические неисправности отсутствуют
930000743.0;1.0;Осталось на месте ДТП;С передним приводом;D-класс (средний) до 4,6 м;1996.0;TOYOTA Camry;Физические лица;Белый;;Технические неисправности отсутствуют
930000743.0;2.0;Осталось на месте ДТП;Иное расположение рулевого управления;Велосипеды;2020.0; ;Физические лица;Черный;;Технические неисправности отсутствуют
930000744.0;1.0;Осталось на месте ДТП;С задним приводом;Прочие легковые автомобили;1999.0;TOYOTA Noah;Физические лица;Белый;;Технические неисправности отсутствуют
930000744.0;2.0;Осталось на месте ДТП;С передним приводом;D-класс (средний) до 4,6 м;2012.0;MAZDA Mazda 3;Физические лица;Белый;;Технические неисправности отсутствуют
930000746.0;1.0;Осталось на месте ДТП;С передним приводом;Минивэны и универсалы повышенной вместимости;2007.0;PONTIAC Vibe;Физические лица;Серый;;Технические неисправности отсутствуют
930000746.0;2.0;Осталось на месте ДТП;Иное расположение рулевого управления;Тракторы;1987.0;Прочие марки ТС Прочие марки и модели ТС;Физические лица;Синий;;Технические неисправности отсутствуют
930000746.0;3.0;Осталось на месте ДТП;;Прицепы тракторные;1984.0; ;Физические лица;Синий;;Технические неисправности отсутствуют
930000736.0;1.0;Осталось на месте ДТП;С передним приводом;С-класс (малый средний, компактный) до 4,3 м;2006.0;ВАЗ ВАЗ 2110, 21101, 21102, 21103, 21108;Физические лица;Серый;;Технические неисправности отсутствуют
930000738.0;2.0;Осталось на месте ДТП;Иное расположение рулевого управления;Мотоциклы;2022.0;Прочие марки мотоциклов Прочие марки мотоциклов;Физические лица;Белый;;Технические неисправности отсутствуют
930000738.0;1.0;Скрылось с места ДТП;;С-класс (малый средний, компактный) до 4,3 м;; ;;;;Технические неисправности отсутствуют
930000738.0;3.0;Осталось на месте ДТП;С передним приводом;С-класс (малый средний, компактный) до 4,3 м;2006.0;ВАЗ ВАЗ 2110, 21101, 21102, 21103, 21108;Физические лица;Зеленый;;Технические неисправности отсутствуют
930000730.0;1.0;Осталось на месте ДТП;С передним приводом;Е-класс (высший средний, бизнес-класс) до 4,9 м;2013.0;TOYOTA Camry;Физические лица;Белый;;Технические неисправности отсутствуют
930000733.0;1.0;Осталось на месте ДТП;С задним приводом;D-класс (средний) до 4,6 м;2003.0;TOYOTA Platz;Физические лица;Белый;;Технические неисправности отсутствуют
930000733.0;2.0;Осталось на месте ДТП;С передним приводом;D-класс (средний) до 4,6 м;2012.0;HYUNDAI Solaris;Физические лица;Черный;;Технические неисправности отсутствуют
930000723.0;1.0;Осталось на месте ДТП;Полноприводные;Минивэны и универсалы повышенной вместимости;2017.0;CHEVROLET Niva;Физические лица;Серый;;Технические неисправности отсутствуют
930000721.0;1.0;Осталось на месте ДТП;С передним приводом;Минивэны и универсалы повышенной вместимости;1991.0;HONDA Stream;Физические лица;Зеленый;;Технические неисправности отсутствуют
930000721.0;2.0;Осталось на месте ДТП;С передним приводом;В-класс (малый) до 3,9 м;2010.0;ВАЗ Priora;Физические лица;Черный;;Технические неисправности отсутствуют
930000716.0;2.0;Осталось на месте ДТП;С передним приводом;С-класс (малый средний, компактный) до 4,3 м;1991.0;TOYOTA Sprinter;Физические лица;Серый;;Технические неисправности отсутствуют
930000716.0;1.0;Осталось на месте ДТП;Иное расположение рулевого управления;Мотоциклы;1991.0;Прочие марки мотоциклов Прочие марки мотоциклов;Физические лица;Черный;;Технические неисправности отсутствуют
930000713.0;1.0;Осталось на месте ДТП;С передним приводом;Минивэны и универсалы повышенной вместимости;2017.0;ВАЗ Largus (Ларгус);Физические лица;Серый;;Технические неисправности отсутствуют
930000708.0;1.0;Осталось на месте ДТП;Полноприводные;Минивэны и универсалы повышенной вместимости;2023.0;Прочие марки легковых ТС Прочие марки легковых ТС;Физические лица;Черный;;Технические неисправности отсутствуют
930000702.0;1.0;Осталось на месте ДТП;С передним приводом;D-класс (средний) до 4,6 м;2008.0;TOYOTA Corolla;Физические лица;Черный;;Технические неисправности отсутствуют
930000700.0;1.0;Осталось на месте ДТП;Иное расположение рулевого управления;Мопеды с двигателем внутреннего сгорания менее 50 см. куб.;2023.0;Прочие марки мотоциклов Прочие марки мотоциклов;Физические лица;Черный;;Технические неисправности отсутствуют
930000703.0;1.0;Осталось на месте ДТП;С передним приводом;D-класс (средний) до 4,6 м;2011.0;VOLKSWAGEN Polo;Физические лица;Желтый;;Технические неисправности отсутствуют
930000692.0;1.0;Осталось на месте ДТП;С передним приводом;D-класс (средний) до 4,6 м;2010.0;TOYOTA Corolla;Физические лица;Черный;;Технические неисправности отсутствуют
930000692.0;2.0;Осталось на месте ДТП;Иное расположение рулевого управления;Мотоциклы;2022.0;Прочие марки мотоциклов Прочие марки мотоциклов;Физические лица;Зеленый;;Технические неисправности отсутствуют
930000685.0;1.0;Осталось на месте ДТП;С передним приводом;D-класс (средний) до 4,6 м;2011.0;RENAULT Прочие модели RENAULT;Физические лица;Белый;;Технические неисправности отсутствуют
930000696.0;1.0;Осталось на месте ДТП;С передним приводом;С-класс (малый средний, компактный) до 4,3 м;2012.0;ВАЗ Priora;Физические лица;Черный;;Технические неисправности отсутствуют
930000669.0;1.0;Осталось на месте ДТП;С передним приводом;Прочие легковые автомобили;2010.0;HONDA Stepwgn;Физические лица;Серый;;Технические неисправности отсутствуют
930000655.0;1.0;Осталось на месте ДТП;Иное расположение рулевого управления;Мотоциклы;2020.0;Прочие марки мотоциклов Прочие марки мотоциклов;Физические лица;Зеленый;;Технические неисправности отсутствуют
930000655.0;2.0;Скрылось с места ДТП;;С-класс (малый средний, компактный) до 4,3 м;; ;;;;Технические неисправности отсутствуют
930000649.0;1.0;Скрылось с места ДТП;С задним приводом;В-класс (малый) до 3,9 м;1995.0;TOYOTA Tercel;;Серый;;Технические неисправности отсутствуют
930000663.0;1.0;Осталось на месте ДТП;Иное расположение рулевого управления;Мотоциклы;2000.0;Прочие марки мотоциклов Прочие марки мотоциклов;Физические лица;Красный;;Технические неисправности отсутствуют
930000631.0;1.0;Осталось на месте ДТП;С передним приводом;С-класс (малый средний, компактный) до 4,3 м;2012.0;ВАЗ ВАЗ 2113 и модификации;Физические лица;Серый;;Технические неисправности отсутствуют
930000632.0;1.0;Осталось на месте ДТП;С передним приводом;С-класс (малый средний, компактный) до 4,3 м;2008.0;ВАЗ Priora;Физические лица;Черный;;Технические неисправности отсутствуют
930000629.0;1.0;Осталось на месте ДТП;С передним приводом;С-класс (малый средний, компактный) до 4,3 м;2005.0;ВАЗ ВАЗ 2112 и модификации;Физические лица;Серый;;Технические неисправности отсутствуют
930000638.0;1.0;Осталось на месте ДТП;С задним приводом;С-класс (малый средний, компактный) до 4,3 м;1999.0;ВАЗ  Жигули  ВАЗ-2107 модификации;Физические лица;Синий;;Технические неисправности отсутствуют
930000638.0;2.0;Осталось на месте ДТП;С передним приводом;Минивэны и универсалы повышенной вместимости;2012.0;MITSUBISHI ASX;Физические лица;Черный;;Технические неисправности отсутствуют
930000627.0;1.0;Осталось на месте ДТП;С передним приводом;С-класс (малый средний, компактный) до 4,3 м;2008.0;ВАЗ Priora;Физические лица;Черный;;Технические неисправности отсутствуют
930000628.0;1.0;Осталось на месте ДТП;С передним приводом;Минивэны и универсалы повышенной вместимости;2020.0;ВАЗ Largus (Ларгус);Юридические лица, являющиеся некоммерческими организациями;Белый;;Технические неисправности отсутствуют
930000613.0;1.0;Осталось на месте ДТП;С передним приводом;С-класс (малый средний, компактный) до 4,3 м;2009.0;ВАЗ Priora;Физические лица;Зеленый;;Технические неисправности отсутствуют
930000608.0;1.0;Осталось на месте ДТП;Иное расположение рулевого управления;Мотоциклы;2020.0;Прочие марки мотоциклов Прочие марки мотоциклов;Физические лица;Черный;;Технические неисправности отсутствуют
930000608.0;2.0;Осталось на месте ДТП;С передним приводом;Минивэны и универсалы повышенной вместимости;2000.0;TOYOTA Harrier;Физические лица;Серый;;Технические неисправности отсутствуют
930001026.0;1.0;Осталось на месте ДТП;С передним приводом;D-класс (средний) до 4,6 м;2005.0;ВАЗ ВАЗ 2114 и модификации;Физические лица;Зеленый;;Технические неисправности отсутствуют
930001025.0;1.0;Осталось на месте ДТП;С передним приводом;D-класс (средний) до 4,6 м;2005.0;NISSAN Tiida;Физические лица;Белый;;Технические неисправности отсутствуют
930001025.0;2.0;Осталось на месте ДТП;С передним приводом;D-класс (средний) до 4,6 м;2001.0;HONDA Torneo;Физические лица;Белый;;Технические неисправности отсутствуют
930001022.0;1.0;Осталось на месте ДТП;Иное расположение рулевого управления;Мотоциклы;2023.0;BUICK Rainer;Физические лица;Черный;;Технические неисправности отсутствуют
930001019.0;1.0;Осталось на месте ДТП;С передним приводом;Минивэны и универсалы повышенной вместимости;2001.0;NISSAN Прочие модели Nissan;Физические лица;Белый;;Технические неисправности отсутствуют
930001012.0;1.0;Осталось на месте ДТП;С передним приводом;Минивэны и универсалы повышенной вместимости;2010.0;HONDA Прочие модели Honda;Физические лица;Серый;;Технические неисправности отсутствуют
930001018.0;1.0;Осталось на месте ДТП;С передним приводом;Минивэны и универсалы повышенной вместимости;2009.0;HONDA Stream;Физические лица;Серый;;Технические неисправности отсутствуют
930001018.0;2.0;Осталось на месте ДТП;С передним приводом;С-класс (малый средний, компактный) до 4,3 м;2011.0;ВАЗ Priora;Физические лица;Синий;;Технические неисправности отсутствуют
930001000.0;1.0;Осталось на месте ДТП;С передним приводом;D-класс (средний) до 4,6 м;2003.0;TOYOTA Sienna;Физические лица;Черный;;Технические неисправности отсутствуют
930001000.0;2.0;Осталось на месте ДТП;Полноприводные;D-класс (средний) до 4,6 м;2021.0;ВАЗ ВАЗ 2131 и модификации;Юридические лица, являющиеся некоммерческими организациями;Белый;;Технические неисправности отсутствуют
930001003.0;1.0;Осталось на месте ДТП;С передним приводом;D-класс (средний) до 4,6 м;2011.0;ВАЗ Priora;Физические лица;Серый;;Технические неисправности отсутствуют
930000998.0;1.0;Скрылось с места ДТП;Иное расположение рулевого управления;Мотоциклы;; ;;;;Технические неисправности отсутствуют
930000995.0;1.0;Осталось на месте ДТП;С передним приводом;С-класс (малый средний, компактный) до 4,3 м;2002.0;TOYOTA Platz;Физические лица;Серый;;Технические неисправности отсутствуют
930000994.0;1.0;Осталось на месте ДТП;С передним приводом;Минивэны и универсалы повышенной вместимости;2001.0;HONDA Odyssey;Физические лица;Белый;;Технические неисправности отсутствуют
930000991.0;1.0;Осталось на месте ДТП;С передним приводом;D-класс (средний) до 4,6 м;1998.0;NISSAN Sunny;Физические лица;Белый;;Технические неисправности отсутствуют
930000980.0;1.0;Осталось на месте ДТП;С передним приводом;D-класс (средний) до 4,6 м;2010.0;TOYOTA Camry;Физические лица;Черный;;Технические неисправности отсутствуют
930000980.0;2.0;Осталось на месте ДТП;С передним приводом;D-класс (средний) до 4,6 м;2005.0;ВАЗ  Жигули  ВАЗ-2107 модификации;Физические лица;Белый;;Технические неисправности отсутствуют
930000982.0;1.0;Осталось на месте ДТП;С задним приводом;D-класс (средний) до 4,6 м;1996.0;TOYOTA Corona;Физические лица;Зеленый;;Технические неисправности отсутствуют
930000982.0;2.0;Осталось на месте ДТП;С передним приводом;D-класс (средний) до 4,6 м;2004.0;NISSAN Wingroad;Физические лица;Серый;;Технические неисправности отсутствуют
930000984.0;1.0;Осталось на месте ДТП;Иное расположение рулевого управления;Мотоциклы;2022.0;RAJDOOT Прочие модели Rajdoot;Физические лица;Иные цвета;;Технические неисправности отсутствуют
930000976.0;1.0;Осталось на месте ДТП;Иное расположение рулевого управления;Мотоциклы;2023.0;MOTOLEVO Прочие модели Motolevo;Физические лица;Коричневый;;Технические неисправности отсутствуют
930000976.0;2.0;Осталось на месте ДТП;С передним приводом;D-класс (средний) до 4,6 м;2009.0;TOYOTA Прочие модели Toyota;Физические лица;Белый;;Технические неисправности отсутствуют
930000973.0;1.0;Осталось на месте ДТП;С задним приводом;В-класс (малый) до 3,9 м;1975.0;ВАЗ  Жигули  ВАЗ-2101, 02, 03 и модификации;Физические лица;Оранжевый;;Технические неисправности отсутствуют
930000970.0;1.0;Скрылось и установлено в срок до 1 суток;С передним приводом;С-класс (малый средний, компактный) до 4,3 м;2005.0;ВАЗ ВАЗ 2112 и модификации;Физические лица;Серый;;Технические неисправности отсутствуют
930000971.0;1.0;Осталось на месте ДТП;С передним приводом;В-класс (малый) до 3,9 м;2002.0;ВАЗ ВАЗ 2110, 21101, 21102, 21103, 21108;Физические лица;Серый;;Технические неисправности отсутствуют
930000962.0;1.0;Скрылось с места ДТП;;Прочие грузовые автомобили;; ;;;;Технические неисправности отсутствуют
930000960.0;1.0;Осталось на месте ДТП;Полноприводные;D-класс (средний) до 4,6 м;2002.0;TOYOTA Corolla;Физические лица;Серый;;Технические неисправности отсутствуют
930000961.0;1.0;Осталось на месте ДТП;С передним приводом;D-класс (средний) до 4,6 м;1993.0;TOYOTA Corona;Физические лица;Белый;;Технические неисправности отсутствуют
930000952.0;1.0;Осталось на месте ДТП;С передним приводом;D-класс (средний) до 4,6 м;2008.0;TOYOTA Corolla;Физические лица;Серый;;Технические неисправности отсутствуют
930000949.0;1.0;Осталось на месте ДТП;Иное расположение рулевого управления;Мотоциклы;2020.0;DAEWOO Racer;Физические лица;Иные цвета;;Технические неисправности отсутствуют
930000939.0;1.0;Осталось на месте ДТП;С передним приводом;С-класс (малый средний, компактный) до 4,3 м;2016.0;TOYOTA Noah;Физические лица;Серый;;Технические неисправности отсутствуют
930000938.0;1.0;Осталось на месте ДТП;Иное расположение рулевого управления;Мопеды с двигателем внутреннего сгорания менее 50 см. куб.;2023.0;Прочие марки мотоциклов Прочие марки мотоциклов;Физические лица;Зеленый;;Технические неисправности отсутствуют
930000921.0;1.0;Осталось на месте ДТП;Полноприводные;Е-класс (высший средний, бизнес-класс) до 4,9 м;2007.0;MITSUBISHI Outlander;Физические лица;Черный;;Технические неисправности отсутствуют
930000916.0;1.0;Осталось на месте ДТП;С передним приводом;Минивэны и универсалы повышенной вместимости;1997.0;TOYOTA Ipsum;Физические лица;Белый;;Технические неисправности отсутствуют
930000904.0;1.0;Осталось на месте ДТП;С передним приводом;С-класс (малый средний, компактный) до 4,3 м;1997.0;NISSAN Presea;Физические лица;Серый;;Технические неисправности отсутствуют
930000910.0;1.0;Осталось на месте ДТП;С передним приводом;В-класс (малый) до 3,9 м;2000.0;ВАЗ  Ока  ВАЗ-1111 и модификации;Физические лица;Белый;;Технические неисправности отсутствуют
930000910.0;2.0;Осталось на месте ДТП;С передним приводом;D-класс (средний) до 4,6 м;2020.0;ВАЗ Vesta (Веста);Юридические лица, являющиеся некоммерческими организациями;Белый;;Технические неисправности отсутствуют
930000894.0;1.0;Осталось на месте ДТП;С передним приводом;D-класс (средний) до 4,6 м;2005.0;HONDA Accord;Физические лица;Серый;;Технические неисправности отсутствуют
930000901.0;1.0;Осталось на месте ДТП;Полноприводные;D-класс (средний) до 4,6 м;2001.0;SUBARU Forester;Физические лица;Серый;;Технические неисправности отсутствуют
930000901.0;2.0;Осталось на месте ДТП;С задним приводом;Прочие легковые автомобили;2001.0;TOYOTA Corolla;Физические лица;Белый;;Технические неисправности отсутствуют
930000891.0;1.0;Скрылось с места ДТП;Иное расположение рулевого управления;Мотоциклы;; ;;;;Технические неисправности отсутствуют
930000885.0;1.0;Осталось на месте ДТП;Полноприводные;D-класс (средний) до 4,6 м;2004.0;УАЗ УАЗ 3151, 31512, 31514, 31519 и модификации;Физические лица;Белый;;Технические неисправности отсутствуют
930000886.0;1.0;Осталось на месте ДТП;Полноприводные;Бортовые грузовые автомобили;2013.0;УАЗ Прочие модели УАЗ;Физические лица;Желтый;;Технические неисправности отсутствуют
930000886.0;2.0;Осталось на месте ДТП;С передним приводом;D-класс (средний) до 4,6 м;2002.0;TOYOTA Premio;Физические лица;Серый;;Технические неисправности отсутствуют
930000874.0;1.0;Осталось на месте ДТП;С передним приводом;D-класс (средний) до 4,6 м;1993.0;HONDA Integra;Физические лица;Серый;;Технические неисправности отсутствуют
930000876.0;1.0;Осталось на месте ДТП;С передним приводом;D-класс (средний) до 4,6 м;2000.0;NISSAN Bleubird;Физические лица;Серый;;Технические неисправности отсутствуют
930000876.0;2.0;Осталось на месте ДТП;С передним приводом;D-класс (средний) до 4,6 м;2000.0;TOYOTA Corolla;Физические лица;Белый;;Технические неисправности отсутствуют
930000873.0;1.0;Осталось на месте ДТП;С задним приводом;С-класс (малый средний, компактный) до 4,3 м;2005.0;ВАЗ  Жигули  ВАЗ-2106 модификации;Физические лица;Красный;;Технические неисправности отсутствуют
930000866.0;1.0;Осталось на месте ДТП;С передним приводом;В-класс (малый) до 3,9 м;2012.0;ВАЗ ВАЗ 2114 и модификации;Физические лица;Белый;;Технические неисправности отсутствуют
930000866.0;2.0;Осталось на месте ДТП;С передним приводом;В-класс (малый) до 3,9 м;2007.0;HONDA Stream;Физические лица;Коричневый;;Технические неисправности отсутствуют
930000866.0;3.0;Осталось на месте ДТП;С передним приводом;В-класс (малый) до 3,9 м;1996.0;ВАЗ  Жигули  ВАЗ-2108, 09 и модификации                       ;Физические лица;Зеленый;;Технические неисправности отсутствуют
930000854.0;2.0;Осталось на месте ДТП;С передним приводом;В-класс (малый) до 3,9 м;1998.0;NISSAN Sunny;Физические лица;Серый;;Технические неисправности отсутствуют
930000854.0;1.0;Осталось на месте ДТП;С передним приводом;В-класс (малый) до 3,9 м;2016.0;HONDA Stepwgn;Физические лица;Черный;;Технические неисправности отсутствуют
930000860.0;1.0;Осталось на месте ДТП;С передним приводом;D-класс (средний) до 4,6 м;2013.0;VOLKSWAGEN Polo;Физические лица;Белый;;Технические неисправности отсутствуют
930000850.0;1.0;Скрылось с места ДТП;Иное расположение рулевого управления;Мотоциклы;;Прочие марки мотоциклов Прочие марки мотоциклов;;;;Технические неисправности отсутствуют
930000843.0;1.0;Осталось на месте ДТП;С передним приводом;D-класс (средний) до 4,6 м;2000.0;TOYOTA Corolla;Физические лица;Серый;;Технические неисправности отсутствуют
930000838.0;1.0;Осталось на месте ДТП;С передним приводом;С-класс (малый средний, компактный) до 4,3 м;2006.0;CHEVROLET Прочие модели Chevrolet;Физические лица;Синий;;Технические неисправности отсутствуют
930000838.0;2.0;Осталось на месте ДТП;С задним приводом;Прочие легковые автомобили;1998.0;ГАЗ ГАЗ 3102, 3102-101, 3102-311;Физические лица;Серый;;Технические неисправности отсутствуют
930000838.0;3.0;Осталось на месте ДТП;Полноприводные;Минивэны и универсалы повышенной вместимости;2014.0;KIA Sportage;Физические лица;Оранжевый;;Технические неисправности отсутствуют
930000837.0;2.0;Осталось на месте ДТП;Иное расположение рулевого управления;Велосипеды;2020.0; ;Физические лица;Черный;;Технические неисправности отсутствуют
930000837.0;1.0;Осталось на месте ДТП;С передним приводом;Минивэны и универсалы повышенной вместимости;2019.0;ВАЗ Largus (Ларгус);Юридические лица, являющиеся коммерческими организациями;Белый;;Технические неисправности отсутствуют
930000833.0;1.0;Осталось на месте ДТП;С передним приводом;С-класс (малый средний, компактный) до 4,3 м;1994.0;TOYOTA Corona;Физические лица;Синий;;Технические неисправности отсутствуют
930000828.0;1.0;Осталось на месте ДТП;С передним приводом;Минивэны и универсалы повышенной вместимости;2000.0;TOYOTA Funcargo;Физические лица;Белый;;Технические неисправности отсутствуют
930000828.0;2.0;Осталось на месте ДТП;С передним приводом;Минивэны и универсалы повышенной вместимости;1997.0;TOYOTA Ipsum;Физические лица;Серый;;Технические неисправности отсутствуют
930000827.0;1.0;Осталось на месте ДТП;С задним приводом;Прочие одноярусные;2022.0;YUTONG Прочие модели Yotong;Юридические лица, являющиеся коммерческими организациями;Белый;;Технические неисправности отсутствуют
930000826.0;1.0;Осталось на месте ДТП;С передним приводом;Прочие легковые автомобили;2010.0;TOYOTA Прочие модели Toyota;Физические лица;Черный;;Технические неисправности отсутствуют
930000825.0;1.0;Осталось на месте ДТП;Иное расположение рулевого управления;Мотоциклы;2021.0;RAJDOOT Прочие модели Rajdoot;Физические лица;Оранжевый;;Технические неисправности отсутствуют
930001270.0;1.0;Осталось на месте ДТП;С передним приводом;С-класс (малый средний, компактный) до 4,3 м;2001.0;TOYOTA Corolla;Физические лица;Серый;;Технические неисправности отсутствуют
930001256.0;1.0;Осталось на месте ДТП;С передним приводом;D-класс (средний) до 4,6 м;2004.0;TOYOTA Allion;Физические лица;Белый;;Технические неисправности отсутствуют
930001256.0;2.0;Осталось на месте ДТП;С передним приводом;D-класс (средний) до 4,6 м;2012.0;ВАЗ Priora;Физические лица;Серый;;Технические неисправности отсутствуют
930001236.0;1.0;Осталось на месте ДТП;Иное расположение рулевого управления;Мотоциклы;2018.0;MOTOLEVO Прочие модели Motolevo;Физические лица;Синий;;Технические неисправности отсутствуют
930001226.0;1.0;Осталось на месте ДТП;С передним приводом;D-класс (средний) до 4,6 м;2011.0;TOYOTA Wish;Физические лица;Черный;;Технические неисправности отсутствуют
930001226.0;2.0;Осталось на месте ДТП;С передним приводом;D-класс (средний) до 4,6 м;2012.0;ВАЗ Priora;Физические лица;Серый;;Технические неисправности отсутствуют
930001229.0;1.0;Скрылось с места ДТП;Иное расположение рулевого управления;Мотоциклы;; ;;;;Технические неисправности отсутствуют
930001223.0;1.0;Осталось на месте ДТП;С передним приводом;D-класс (средний) до 4,6 м;2010.0;NISSAN Tiida;Физические лица;Серый;;Технические неисправности отсутствуют
930001223.0;2.0;Осталось на месте ДТП;Полноприводные;D-класс (средний) до 4,6 м;2000.0;LEXUS RX;Физические лица;Иные цвета;;Технические неисправности отсутствуют
930001221.0;1.0;Осталось на месте ДТП;Полноприводные;D-класс (средний) до 4,6 м;2008.0;JEEP Liberty;Физические лица;Черный;;Технические неисправности отсутствуют
930001204.0;1.0;Осталось на месте ДТП;С задним приводом;Самосвалы;2007.0;SHAANXI Прочие модели Shaanxi;Физические лица;Желтый;;Технические неисправности отсутствуют
930001199.0;1.0;Осталось на месте ДТП;С передним приводом;В-класс (малый) до 3,9 м;2003.0;TOYOTA Corolla;Физические лица;Серый;;Технические неисправности отсутствуют
930001199.0;2.0;Осталось на месте ДТП;;Велосипеды;; ;Физические лица;;;Технические неисправности отсутствуют
930001185.0;1.0;Скрылось с места ДТП;;D-класс (средний) до 4,6 м;; ;;;;Технические неисправности отсутствуют
930001188.0;1.0;Осталось на месте ДТП;С задним приводом;Прочие одноярусные;2022.0;YUTONG Прочие модели Yotong;Юридические лица, являющиеся некоммерческими организациями;Белый;;Технические неисправности отсутствуют
930001187.0;1.0;Осталось на месте ДТП;С передним приводом;D-класс (средний) до 4,6 м;2011.0;ВАЗ Priora;Физические лица;Белый;;Технические неисправности отсутствуют
930001186.0;1.0;Осталось на месте ДТП;С передним приводом;D-класс (средний) до 4,6 м;2007.0;ВАЗ ВАЗ 2110, 21101, 21102, 21103, 21108;Физические лица;Черный;;Технические неисправности отсутствуют
930001186.0;2.0;Осталось на месте ДТП;Полноприводные;Минивэны и универсалы повышенной вместимости;2017.0;УАЗ 2206;Физические лица;Иные цвета;;Технические неисправности отсутствуют
930001190.0;1.0;Осталось на месте ДТП;Иное расположение рулевого управления;Мотоциклы;2023.0;DAEWOO Racer;Физические лица;Красный;;Технические неисправности отсутствуют
930001183.0;1.0;Осталось на месте ДТП;С передним приводом;D-класс (средний) до 4,6 м;2006.0;ВАЗ ВАЗ 2110, 21101, 21102, 21103, 21108;Физические лица;Зеленый;;Технические неисправности отсутствуют
930001183.0;2.0;Осталось на месте ДТП;С передним приводом;D-класс (средний) до 4,6 м;2005.0;TOYOTA Caldina;Физические лица;Серый;;Технические неисправности отсутствуют
930001168.0;1.0;Осталось на месте ДТП;С передним приводом;D-класс (средний) до 4,6 м;2001.0;HONDA Torneo;Физические лица;Серый;;Технические неисправности отсутствуют
930001174.0;1.0;Осталось на месте ДТП;С передним приводом;D-класс (средний) до 4,6 м;2012.0;ВАЗ Priora;Физические лица;Серый;;Технические неисправности отсутствуют
930001166.0;1.0;Осталось на месте ДТП;Иное расположение рулевого управления;Мотоциклы;2000.0;SUZUKI RC;Физические лица;Черный;;Технические неисправности отсутствуют
930001164.0;1.0;Осталось на месте ДТП;Иное расположение рулевого управления;Мопеды с двигателем внутреннего сгорания менее 50 см. куб.;2013.0;DAEWOO Racer;Физические лица;Серый;;Технические неисправности отсутствуют
930001130.0;1.0;Осталось на месте ДТП;Полноприводные;D-класс (средний) до 4,6 м;2019.0;УАЗ 3741;Физические лица;Серый;;Технические неисправности отсутствуют
930001134.0;1.0;Осталось на месте ДТП;С передним приводом;С-класс (малый средний, компактный) до 4,3 м;2008.0;AUDI А3;Физические лица;Черный;;Технические неисправности отсутствуют
930001140.0;1.0;Осталось на месте ДТП;С передним приводом;В-класс (малый) до 3,9 м;2023.0;ВАЗ Vesta (Веста);Физические лица;Белый;;Технические неисправности отсутствуют
930001140.0;2.0;Осталось на месте ДТП;С передним приводом;В-класс (малый) до 3,9 м;2007.0;TOYOTA Camry;Физические лица;Черный;;Технические неисправности отсутствуют
930001125.0;1.0;Осталось на месте ДТП;Иное расположение рулевого управления;Мотоциклы;2023.0;Прочие марки ТС Прочие марки и модели ТС;Физические лица;Зеленый;;Технические неисправности отсутствуют
930001132.0;1.0;Осталось на месте ДТП;С передним приводом;С-класс (малый средний, компактный) до 4,3 м;2002.0;HONDA Odyssey;Физические лица;Серый;;Технические неисправности отсутствуют
930001121.0;1.0;Осталось на месте ДТП;С передним приводом;А-класс (особо малый) до 3,5 м;2002.0;TOYOTA Corolla;Физические лица;Черный;;Технические неисправности отсутствуют
930001119.0;1.0;Осталось на месте ДТП;С передним приводом;D-класс (средний) до 4,6 м;2014.0;NISSAN Sentra;Физические лица;Черный;;Технические неисправности отсутствуют
930001119.0;2.0;Осталось на месте ДТП;С передним приводом;D-класс (средний) до 4,6 м;2012.0;ВАЗ ВАЗ 2114 и модификации;Физические лица;Белый;;Технические неисправности отсутствуют
930001118.0;1.0;Осталось на месте ДТП;Полноприводные;D-класс (средний) до 4,6 м;2008.0;УАЗ УАЗ 3151, 31512, 31514, 31519 и модификации;Физические лица;Коричневый;;Технические неисправности отсутствуют
930001118.0;2.0;Осталось на месте ДТП;Иное расположение рулевого управления;Мотоциклы;2019.0;MOTOTRANS Прочие модели Mototrans;Физические лица;Зеленый;;Технические неисправности отсутствуют
930001116.0;1.0;Осталось на месте ДТП;Иное расположение рулевого управления;Мотоциклы;2023.0;DAEWOO Racer;Физические лица;Коричневый;;Технические неисправности отсутствуют
930001103.0;1.0;Осталось на месте ДТП;Полноприводные;D-класс (средний) до 4,6 м;1985.0;ВАЗ  Нива  ВАЗ-2121 и модификации;Физические лица;Синий;;Технические неисправности отсутствуют
930001102.0;1.0;Осталось на месте ДТП;С передним приводом;D-класс (средний) до 4,6 м;2006.0;ВАЗ ВАЗ 2110, 21101, 21102, 21103, 21108;Физические лица;Зеленый;;Технические неисправности отсутствуют
930001102.0;2.0;Осталось на месте ДТП;Полноприводные;D-класс (средний) до 4,6 м;2016.0;NISSAN Terrano;Физические лица;Серый;;Технические неисправности отсутствуют
930001111.0;1.0;Осталось на месте ДТП;Полноприводные;В-класс (малый) до 3,9 м;2015.0;KIA Sportage;Физические лица;Белый;;Технические неисправности отсутствуют
930001089.0;1.0;Осталось на месте ДТП;С передним приводом;D-класс (средний) до 4,6 м;2022.0;ВАЗ Granta (Гранта);Юридические лица, являющиеся коммерческими организациями;Серый;;Технические неисправности отсутствуют
930001088.0;1.0;Осталось на месте ДТП;С передним приводом;Прочие легковые автомобили;2006.0;TOYOTA Caldina;Физические лица;Черный;;Технические неисправности отсутствуют
930001093.0;1.0;Осталось на месте ДТП;Иное расположение рулевого управления;Мопеды с двигателем внутреннего сгорания менее 50 см. куб.;2024.0;Прочие марки мотоциклов Прочие марки мотоциклов;Физические лица;Черный;;Технические неисправности отсутствуют
930001093.0;2.0;Осталось на месте ДТП;С передним приводом;D-класс (средний) до 4,6 м;2001.0;TOYOTA Corolla;Физические лица;Серый;;Технические неисправности отсутствуют
930001087.0;1.0;Осталось на месте ДТП;Иное расположение рулевого управления;Мопеды с двигателем внутреннего сгорания менее 50 см. куб.;2022.0;DAEWOO Racer;Физические лица;Оранжевый;;Технические неисправности отсутствуют
930001078.0;1.0;Осталось на месте ДТП;С передним приводом;D-класс (средний) до 4,6 м;2001.0;TOYOTA Platz;Физические лица;Белый;;Технические неисправности отсутствуют
930001078.0;2.0;Осталось на месте ДТП;С передним приводом;D-класс (средний) до 4,6 м;2019.0;JAC Прочие модели Jac;Физические лица;Коричневый;;Технические неисправности отсутствуют
930001071.0;1.0;Осталось на месте ДТП;С передним приводом;D-класс (средний) до 4,6 м;2012.0;ВАЗ ВАЗ 2114 и модификации;Физические лица;Черный;;Технические неисправности отсутствуют
930001077.0;1.0;Осталось на месте ДТП;Иное расположение рулевого управления;Мотоциклы;2020.0;SUZUKI GSX;Физические лица;Оранжевый;;Технические неисправности отсутствуют
930001077.0;2.0;Осталось на месте ДТП;Иное расположение рулевого управления;Мотоциклы;2022.0;Прочие марки мотоциклов Прочие марки мотоциклов;Физические лица;Оранжевый;;Технические неисправности отсутствуют
930001063.0;1.0;Осталось на месте ДТП;Полноприводные;Минивэны и универсалы повышенной вместимости;2005.0;TOYOTA Land Cruiser;Физические лица;Белый;;Технические неисправности отсутствуют
930001053.0;1.0;Осталось на месте ДТП;С передним приводом;D-класс (средний) до 4,6 м;2003.0;TOYOTA Premio;Физические лица;Белый;;Технические неисправности отсутствуют
930001050.0;1.0;Осталось на месте ДТП;С передним приводом;Минивэны и универсалы повышенной вместимости;2009.0;TOYOTA Corolla;Физические лица;Черный;;Технические неисправности отсутствуют
930001055.0;1.0;Осталось на месте ДТП;Иное расположение рулевого управления;Мотоциклы;2023.0;RAJDOOT Прочие модели Rajdoot;Физические лица;Зеленый;;Технические неисправности отсутствуют
930001060.0;1.0;Осталось на месте ДТП;Полноприводные;Прочие легковые автомобили;2008.0;HONDA Stepwgn;Физические лица;Серый;;Технические неисправности отсутствуют
930001057.0;1.0;Скрылось с места ДТП;Иное расположение рулевого управления;Мотоциклы;; ;;;;Технические неисправности отсутствуют
930001044.0;1.0;Осталось на месте ДТП;Иное расположение рулевого управления;D-класс (средний) до 4,6 м;2004.0;ВАЗ ВАЗ 2110, 21101, 21102, 21103, 21108;Физические лица;Серый;;Технические неисправности отсутствуют
930001043.0;1.0;Скрылось с места ДТП;Иное расположение рулевого управления;D-класс (средний) до 4,6 м;; ;;;;Технические неисправности отсутствуют
930001043.0;2.0;Осталось на месте ДТП;;Велосипеды;; ;Физические лица;;;Технические неисправности отсутствуют
930001038.0;1.0;Осталось на месте ДТП;С задним приводом;Самосвалы;1982.0;ГАЗ Прочие модели ГАЗ;Физические лица;Синий;;Технические неисправности отсутствуют
930001041.0;1.0;Скрылось с места ДТП;С задним приводом;Самосвалы;1987.0;ГАЗ Прочие модели ГАЗ;;Синий;;Технические неисправности отсутствуют
930001034.0;1.0;Осталось на месте ДТП;С задним приводом;D-класс (средний) до 4,6 м;1996.0;ВАЗ  Жигули  ВАЗ-2106 модификации;Физические лица;Синий;;Технические неисправности отсутствуют
930001497.0;1.0;Осталось на месте ДТП;Иное расположение рулевого управления;Мотоциклы;2023.0;Прочие марки мотоциклов Прочие марки мотоциклов;Физические лица;Иные цвета;;Технические неисправности отсутствуют
930001497.0;2.0;Осталось на месте ДТП;С задним приводом;Одноэтажные длиной от 5 до 8 м;2011.0;ГАЗ 3221  Газель , 32217, 32213, 32212, 322172, 322132, 322133 и модификации;Юридические лица, являющиеся коммерческими организациями;Белый;;Технические неисправности отсутствуют
930001498.0;1.0;Осталось на месте ДТП;Полноприводные;Прочие легковые автомобили;1978.0;УАЗ УАЗ 469;Физические лица;Зеленый;;Технические неисправности отсутствуют
930001502.0;1.0;Осталось на месте ДТП;С передним приводом;D-класс (средний) до 4,6 м;2011.0;ВАЗ ВАЗ 2114 и модификации;Физические лица;Серый;;Технические неисправности отсутствуют
930001502.0;2.0;Осталось на месте ДТП;С задним приводом;Одноэтажные длиной от 5 до 8 м;2019.0;ПАЗ 32054;Юридические лица, являющиеся коммерческими организациями;Белый;;Технические неисправности отсутствуют
930001502.0;3.0;Осталось на месте ДТП;С передним приводом;D-класс (средний) до 4,6 м;2009.0;TOYOTA Wish;Физические лица;Черный;;Технические неисправности отсутствуют
930001488.0;1.0;Осталось на месте ДТП;Иное расположение рулевого управления;Мотоциклы;2020.0;DAEWOO Racer;Физические лица;Синий;;Технические неисправности отсутствуют
930001488.0;2.0;Осталось на месте ДТП;С передним приводом;D-класс (средний) до 4,6 м;2004.0;ГАЗ ГАЗ 3102, 3102-101, 3102-311;Физические лица;Белый;;Технические неисправности отсутствуют
930001493.0;1.0;Скрылось с места ДТП;Иное расположение рулевого управления;Мотоциклы;; ;;;;Технические неисправности отсутствуют
930001491.0;1.0;Осталось на месте ДТП;Иное расположение рулевого управления;Мотоциклы;2019.0;DAEWOO Прочие модели Daewoo;Физические лица;Черный;;Технические неисправности отсутствуют
930001491.0;2.0;Осталось на месте ДТП;С передним приводом;D-класс (средний) до 4,6 м;2011.0;ВАЗ ВАЗ 2114 и модификации;Физические лица;Черный;;Технические неисправности отсутствуют
930001477.0;1.0;Осталось на месте ДТП;Полноприводные;С-класс (малый средний, компактный) до 4,3 м;2015.0;ВАЗ  Нива  ВАЗ-2121 и модификации;Физические лица;Белый;;Технические неисправности отсутствуют
930001477.0;2.0;Осталось на месте ДТП;С задним приводом;Седельные тягачи;2019.0;VOLVO FH;Юридические лица, являющиеся коммерческими организациями;Серый;;Технические неисправности отсутствуют
930001478.0;1.0;Осталось на месте ДТП;Полноприводные;D-класс (средний) до 4,6 м;2018.0;HYUNDAI Tucson;Физические лица;Серый;;Технические неисправности отсутствуют
930001483.0;1.0;Осталось на месте ДТП;С передним приводом;D-класс (средний) до 4,6 м;2010.0;TOYOTA Прочие модели Toyota;Физические лица;Коричневый;;Технические неисправности отсутствуют
930001511.0;1.0;Скрылось с места ДТП;Иное расположение рулевого управления;Мотоциклы;; ;;;;Технические неисправности отсутствуют
930001470.0;1.0;Осталось на месте ДТП;С передним приводом;D-класс (средний) до 4,6 м;2008.0;ВАЗ Priora;Физические лица;Серый;;Технические неисправности отсутствуют
930001470.0;2.0;Осталось на месте ДТП;С передним приводом;С-класс (малый средний, компактный) до 4,3 м;2000.0;TOYOTA Carina;Физические лица;Белый;;Технические неисправности отсутствуют
930001480.0;1.0;Скрылось с места ДТП;;D-класс (средний) до 4,6 м;; ;;;;Технические неисправности отсутствуют
930001464.0;1.0;Осталось на месте ДТП;С передним приводом;А-класс (особо малый) до 3,5 м;2014.0;NISSAN Teana;Физические лица;Белый;;Технические неисправности отсутствуют
930001464.0;2.0;Осталось на месте ДТП;С передним приводом;А-класс (особо малый) до 3,5 м;2015.0;ВАЗ Granta (Гранта);Физические лица;Синий;;Технические неисправности отсутствуют
930001453.0;1.0;Осталось на месте ДТП;С передним приводом;D-класс (средний) до 4,6 м;2017.0;MAZDA Mazda 6;Физические лица;Серый;;Технические неисправности отсутствуют
930001454.0;1.0;Осталось на месте ДТП;С передним приводом;В-класс (малый) до 3,9 м;2006.0;ВАЗ Kalina;Физические лица;Синий;;Технические неисправности отсутствуют
930001476.0;1.0;Скрылось с места ДТП;;D-класс (средний) до 4,6 м;; ;;;;Технические неисправности отсутствуют
930001443.0;1.0;Осталось на месте ДТП;С передним приводом;А-класс (особо малый) до 3,5 м;2008.0;ВАЗ ВАЗ 2111, 21110 (универсал), 21113, 21114;Физические лица;Серый;;Технические неисправности отсутствуют
930001436.0;1.0;Скрылось с места ДТП;;С-класс (малый средний, компактный) до 4,3 м;; ;;;;Технические неисправности отсутствуют
930001438.0;1.0;Осталось на месте ДТП;С передним приводом;Минивэны и универсалы повышенной вместимости;2011.0;KIA Sportage;Физические лица;Белый;;Технические неисправности отсутствуют
930001431.0;1.0;Осталось на месте ДТП;С передним приводом;В-класс (малый) до 3,9 м;2000.0;TOYOTA Ipsum;Физические лица;Белый;;Технические неисправности отсутствуют
930001434.0;1.0;Осталось на месте ДТП;Полноприводные;В-класс (малый) до 3,9 м;2008.0;HONDA Pilot;Физические лица;Серый;;Технические неисправности отсутствуют
930001425.0;1.0;Скрылось с места ДТП;Иное расположение рулевого управления;Мотоциклы;;ИЖ Юпитер;;;;Технические неисправности отсутствуют
930001425.0;2.0;Осталось на месте ДТП;С передним приводом;D-класс (средний) до 4,6 м;2005.0;ВАЗ ВАЗ 2112 и модификации;Физические лица;Серый;;Технические неисправности отсутствуют
930001425.0;3.0;Осталось на месте ДТП;;Прицепы к легковым автомобилям;2019.0; ;Физические лица;Серый;;Технические неисправности отсутствуют
930001424.0;1.0;Осталось на месте ДТП;Иное расположение рулевого управления;Квадроциклы;2013.0;ATK Прочие модели ATK;Физические лица;Черный;;Технические неисправности отсутствуют
930001417.0;1.0;Осталось на месте ДТП;С передним приводом;Минивэны и универсалы повышенной вместимости;2003.0;MAZDA MPV;Физические лица;Серый;;Технические неисправности отсутствуют
930001417.0;2.0;Осталось на месте ДТП;Иное расположение рулевого управления;Мотоциклы;2019.0;DAEWOO Racer;Физические лица;Черный;;Технические неисправности отсутствуют
930001407.0;1.0;Осталось на месте ДТП;С передним приводом;D-класс (средний) до 4,6 м;2000.0;HONDA Accord;Физические лица;Серый;;Технические неисправности отсутствуют
930001416.0;1.0;Осталось на месте ДТП;Полноприводные;Прочие легковые автомобили;2004.0;HONDA Прочие модели Honda;Физические лица;Иные цвета;;Технические неисправности отсутствуют
930001408.0;1.0;Осталось на месте ДТП;С передним приводом;D-класс (средний) до 4,6 м;2012.0;ВАЗ Priora;Физические лица;Белый;;Технические неисправности отсутствуют
930001419.0;1.0;Осталось на месте ДТП;С передним приводом;D-класс (средний) до 4,6 м;1987.0;HONDA Torneo;Физические лица;Белый;;Технические неисправности отсутствуют
930001419.0;3.0;Осталось на месте ДТП;С передним приводом;D-класс (средний) до 4,6 м;2005.0;TOYOTA Wish;Физические лица;Серый;;Технические неисправности отсутствуют
930001419.0;2.0;Осталось на месте ДТП;С передним приводом;D-класс (средний) до 4,6 м;2002.0;TOYOTA Estima;Физические лица;Серый;;Технические неисправности отсутствуют
930001415.0;1.0;Скрылось с места ДТП;;С-класс (малый средний, компактный) до 4,3 м;;ВАЗ  Жигули  ВАЗ-2106 модификации;Физические лица;;;Технические неисправности отсутствуют
930001415.0;2.0;Осталось на месте ДТП;С передним приводом;С-класс (малый средний, компактный) до 4,3 м;2004.0;ВАЗ ВАЗ 2115 и модификации;Физические лица;Зеленый;;Технические неисправности отсутствуют
930001403.0;1.0;Осталось на месте ДТП;Полноприводные;А-класс (особо малый) до 3,5 м;2001.0;HINDUSTAN Pajero;Физические лица;Серый;;Технические неисправности отсутствуют
930001403.0;2.0;Осталось на месте ДТП;С передним приводом;А-класс (особо малый) до 3,5 м;1999.0;TOYOTA Carina;Физические лица;Белый;;Технические неисправности отсутствуют
930001406.0;1.0;Осталось на месте ДТП;С передним приводом;D-класс (средний) до 4,6 м;2007.0;TOYOTA Corolla;Физические лица;Белый;;Технические неисправности отсутствуют
930001397.0;1.0;Осталось на месте ДТП;С передним приводом;D-класс (средний) до 4,6 м;2008.0;TOYOTA Corolla;Физические лица;Белый;;Технические неисправности отсутствуют
930001397.0;2.0;Осталось на месте ДТП;С передним приводом;D-класс (средний) до 4,6 м;2007.0;MITSUBISHI Lancer;Физические лица;Черный;;Технические неисправности отсутствуют
930001385.0;1.0;Осталось на месте ДТП;Полноприводные;Е-класс (высший средний, бизнес-класс) до 4,9 м;2016.0;VOLVO XC90;Физические лица;Черный;;Технические неисправности отсутствуют
930001385.0;2.0;Осталось на месте ДТП;С передним приводом;Прочие легковые автомобили;2008.0;ВАЗ Priora;Физические лица;Черный;;Технические неисправности отсутствуют
930001396.0;1.0;Осталось на месте ДТП;С передним приводом;А-класс (особо малый) до 3,5 м;2002.0;TOYOTA Corolla;Физические лица;Белый;;Технические неисправности отсутствуют
930001380.0;1.0;Осталось на месте ДТП;С передним приводом;D-класс (средний) до 4,6 м;2012.0;TOYOTA Corolla;Физические лица;Белый;;Технические неисправности отсутствуют
930001374.0;1.0;Скрылось и установлено в срок до 1 суток;С задним приводом;В-класс (малый) до 3,9 м;2007.0;ВАЗ ВАЗ 2110, 21101, 21102, 21103, 21108;Физические лица;Многоцветный;;Технические неисправности отсутствуют
930001374.0;2.0;Осталось на месте ДТП;;Велосипеды;; ;Физические лица;;;Технические неисправности отсутствуют
930001368.0;2.0;Осталось на месте ДТП;С передним приводом;Минивэны и универсалы повышенной вместимости;2000.0;TOYOTA Caldina;Физические лица;Серый;;Технические неисправности отсутствуют
930001368.0;1.0;Осталось на месте ДТП;С передним приводом;D-класс (средний) до 4,6 м;2015.0;KIA Sportage;Физические лица;Черный;;Технические неисправности отсутствуют
930001355.0;1.0;Осталось на месте ДТП;С передним приводом;D-класс (средний) до 4,6 м;2020.0;TOYOTA Camry;Физические лица;Серый;;Технические неисправности отсутствуют
930001360.0;1.0;Осталось на месте ДТП;С передним приводом;D-класс (средний) до 4,6 м;2011.0;TOYOTA Прочие модели Toyota;Физические лица;Белый;;Технические неисправности отсутствуют
930001360.0;2.0;Осталось на месте ДТП;;Велосипеды;; ;Физические лица;;;Технические неисправности отсутствуют
930001351.0;1.0;Осталось на месте ДТП;С передним приводом;D-класс (средний) до 4,6 м;1989.0;TOYOTA Corolla;Физические лица;Синий;;Технические неисправности отсутствуют
930001345.0;1.0;Осталось на месте ДТП;С передним приводом;D-класс (средний) до 4,6 м;2007.0;BMW X3;Физические лица;Черный;;Не устанавливались
930001348.0;1.0;Осталось на месте ДТП;С передним приводом;D-класс (средний) до 4,6 м;2001.0;TOYOTA Corolla;Физические лица;Серый;;Не устанавливались
930001339.0;1.0;Осталось на месте ДТП;С передним приводом;С-класс (малый средний, компактный) до 4,3 м;2006.0;ВАЗ ВАЗ 2112 и модификации;Физические лица;Иные цвета;;Технические неисправности отсутствуют
930001339.0;2.0;Осталось на месте ДТП;С передним приводом;Минивэны и универсалы повышенной вместимости;2010.0;HONDA Прочие модели Honda;Физические лица;Белый;;Технические неисправности отсутствуют
930001336.0;1.0;Осталось на месте ДТП;С задним приводом;С-класс (малый средний, компактный) до 4,3 м;1999.0;TOYOTA Vitz;Физические лица;Белый;;Технические неисправности отсутствуют
930001651.0;1.0;Осталось на месте ДТП;С передним приводом;Прочие легковые автомобили;2014.0;HONDA Stepwgn;Физические лица;Черный;;Не устанавливались
930001319.0;1.0;Осталось на месте ДТП;;Велосипеды;; ;Физические лица;;;Технические неисправности отсутствуют
930001319.0;2.0;Осталось на месте ДТП;С передним приводом;D-класс (средний) до 4,6 м;2010.0;KIA Ceed;Физические лица;Серый;;Технические неисправности отсутствуют
930001314.0;1.0;Осталось на месте ДТП;С передним приводом;С-класс (малый средний, компактный) до 4,3 м;2001.0;TOYOTA Corolla;Физические лица;Серый;;Технические неисправности отсутствуют
930001314.0;2.0;Осталось на месте ДТП;С передним приводом;С-класс (малый средний, компактный) до 4,3 м;2016.0;TOYOTA Corolla;Физические лица;Серый;;Технические неисправности отсутствуют
930001313.0;1.0;Осталось на месте ДТП;С передним приводом;В-класс (малый) до 3,9 м;2001.0;TOYOTA Caldina;Физические лица;Серый;;Технические неисправности отсутствуют
930001310.0;1.0;Осталось на месте ДТП;С передним приводом;В-класс (малый) до 3,9 м;2004.0;ВАЗ ВАЗ 2110, 21101, 21102, 21103, 21108;Физические лица;Зеленый;;Технические неисправности отсутствуют
930001310.0;2.0;Осталось на месте ДТП;С передним приводом;D-класс (средний) до 4,6 м;1997.0;TOYOTA Vista;Физические лица;Синий;;Технические неисправности отсутствуют
930001307.0;1.0;Осталось на месте ДТП;С передним приводом;D-класс (средний) до 4,6 м;1991.0;TOYOTA Camry;Физические лица;Серый;;Технические неисправности отсутствуют
930001305.0;1.0;Осталось на месте ДТП;С передним приводом;D-класс (средний) до 4,6 м;2015.0;HONDA Stepwgn;Физические лица;Серый;;Технические неисправности отсутствуют
930001305.0;2.0;Осталось на месте ДТП;С передним приводом;D-класс (средний) до 4,6 м;2003.0;TOYOTA Platz;Физические лица;Белый;;Технические неисправности отсутствуют
930001294.0;1.0;Осталось на месте ДТП;С задним приводом;D-класс (средний) до 4,6 м;2003.0;ВАЗ  Жигули  ВАЗ-2106 модификации;Физические лица;Синий;;Технические неисправности отсутствуют
930001291.0;1.0;Осталось на месте ДТП;Иное расположение рулевого управления;Иные мототранспортные средства;2023.0;Прочие марки мотоциклов Прочие марки мотоциклов;Физические лица;Синий;;Технические неисправности отсутствуют
930001291.0;2.0;Осталось на месте ДТП;С задним приводом;Бортовые грузовые автомобили;1999.0;ГАЗ 3302, 33027 и модификации;Физические лица;Серый;;Технические неисправности отсутствуют
930001295.0;1.0;Скрылось с места ДТП;Иное расположение рулевого управления;Мотоциклы;2020.0;Прочие марки мотоциклов Прочие марки мотоциклов;Физические лица;Серый;;Технические неисправности отсутствуют
930001284.0;1.0;Осталось на месте ДТП;С передним приводом;D-класс (средний) до 4,6 м;2003.0;TOYOTA Corolla;Физические лица;Красный;;Технические неисправности отсутствуют
930001283.0;1.0;Осталось на месте ДТП;Полноприводные;Минивэны и универсалы повышенной вместимости;2010.0;BMW X5;Физические лица;Белый;;Технические неисправности отсутствуют
930001773.0;1.0;Осталось на месте ДТП;Полноприводные;Бортовые грузовые автомобили;1981.0;ГАЗ Прочие модели ГАЗ;Физические лица;Зеленый;;Не устанавливались
930001770.0;1.0;Осталось на месте ДТП;Полноприводные;В-класс (малый) до 3,9 м;2006.0;УАЗ УАЗ 3151, 31512, 31514, 31519 и модификации;Физические лица;Не заполнено;;Не устанавливались
930001776.0;1.0;Осталось на месте ДТП;С передним приводом;D-класс (средний) до 4,6 м;2010.0;TOYOTA Isis;Физические лица;Белый;;Технические неисправности отсутствуют
930001757.0;1.0;Осталось на месте ДТП;С передним приводом;D-класс (средний) до 4,6 м;2011.0;TOYOTA Camry;Физические лица;Черный;;Технические неисправности отсутствуют
930001758.0;1.0;Осталось на месте ДТП;С передним приводом;В-класс (малый) до 3,9 м;1999.0;ВАЗ  Жигули  ВАЗ-2108, 09 и модификации                       ;Физические лица;Зеленый;;Не устанавливались
930001746.0;1.0;Осталось на месте ДТП;Полноприводные;D-класс (средний) до 4,6 м;2024.0;ВАЗ  Нива  ВАЗ-2121 и модификации;Физические лица;Серый;;Не устанавливались
930001739.0;2.0;Осталось на месте ДТП;Полноприводные;Фургоны;2020.0;УАЗ УАЗ 3151, 31512, 31514, 31519 и модификации;Физические лица;Серый;;Не устанавливались
930001739.0;1.0;Осталось на месте ДТП;С задним приводом;Самосвалы;1980.0;ГАЗ ГАЗ 24, 24-01, 24-02, 24-03, 24-04, 24-07, 24-10, 24-11, 24-12, 24-13, 24-17, 24-25 и модификации;Физические лица;Зеленый;;Не устанавливались
930001731.0;1.0;Осталось на месте ДТП;С передним приводом;Минивэны и универсалы повышенной вместимости;2003.0;TOYOTA Wish;Физические лица;Белый;;Технические неисправности отсутствуют
930001730.0;1.0;Осталось на месте ДТП;Иное расположение рулевого управления;Мотоциклы;2023.0;Прочие марки мотоциклов Прочие марки мотоциклов;Физические лица;Черный;;Технические неисправности отсутствуют
930001725.0;1.0;Осталось на месте ДТП;Полноприводные;В-класс (малый) до 3,9 м;2020.0;УАЗ Patriot (Патриот);Физические лица;Коричневый;;Не устанавливались
930001725.0;2.0;Осталось на месте ДТП;С передним приводом;В-класс (малый) до 3,9 м;2008.0;TOYOTA Camry;Физические лица;Белый;;Не устанавливались
930001708.0;1.0;Осталось на месте ДТП;С передним приводом;D-класс (средний) до 4,6 м;1996.0;TOYOTA Windom;Физические лица;Белый;;Технические неисправности отсутствуют
930001708.0;2.0;Осталось на месте ДТП;Полноприводные;D-класс (средний) до 4,6 м;1993.0;УАЗ 3303;Физические лица;Серый;;Технические неисправности отсутствуют
930001700.0;1.0;Осталось на месте ДТП;С передним приводом;D-класс (средний) до 4,6 м;2001.0;TOYOTA Carina;Физические лица;Серый;;Технические неисправности отсутствуют
930001694.0;1.0;Осталось на месте ДТП;С передним приводом;В-класс (малый) до 3,9 м;2007.0;TOYOTA Camry;Физические лица;Черный;;Технические неисправности отсутствуют
930001676.0;1.0;Осталось на месте ДТП;С задним приводом;D-класс (средний) до 4,6 м;2004.0;ВАЗ  Жигули  ВАЗ-2101, 02, 03 и модификации;Физические лица;Синий;;Технические неисправности отсутствуют
930001679.0;1.0;Осталось на месте ДТП;С передним приводом;D-класс (средний) до 4,6 м;2014.0;TOYOTA RAV 4;Физические лица;Черный;;Технические неисправности отсутствуют
930001679.0;2.0;Осталось на месте ДТП;Иное расположение рулевого управления;Мотоциклы;2024.0;Прочие марки мотоциклов Прочие марки мотоциклов;Физические лица;Красный;;Технические неисправности отсутствуют
930001671.0;1.0;Осталось на месте ДТП;С передним приводом;D-класс (средний) до 4,6 м;2007.0;ВАЗ ВАЗ 2112 и модификации;Физические лица;Коричневый;;Технические неисправности отсутствуют
930001666.0;1.0;Осталось на месте ДТП;Полноприводные;Прочая спецтехника;2015.0;УАЗ 22069;Физические лица;Белый;;Технические неисправности отсутствуют
930001666.0;2.0;Осталось на месте ДТП;С задним приводом;Прочая спецтехника;2021.0;HOLDEN Прочие модели HOLDEN;Хозяйствующие субъекты без прав юридического лица;Белый;;Технические неисправности отсутствуют
930001673.0;1.0;Осталось на месте ДТП;С передним приводом;Минивэны и универсалы повышенной вместимости;2003.0;TOYOTA Wish;Физические лица;Черный;;Технические неисправности отсутствуют
930001673.0;2.0;Осталось на месте ДТП;С передним приводом;D-класс (средний) до 4,6 м;2012.0;VOLKSWAGEN Polo;Физические лица;Белый;;Технические неисправности отсутствуют
930001672.0;1.0;Осталось на месте ДТП;С передним приводом;В-класс (малый) до 3,9 м;2000.0;HONDA Stepwgn;Физические лица;Серый;;Технические неисправности отсутствуют
930001647.0;1.0;Осталось на месте ДТП;С передним приводом;D-класс (средний) до 4,6 м;2008.0;ВАЗ Priora;Физические лица;Синий;;Технические неисправности отсутствуют
930001645.0;1.0;Осталось на месте ДТП;С задним приводом;В-класс (малый) до 3,9 м;1986.0;ВАЗ  Жигули  ВАЗ-2106 модификации;Физические лица;Желтый;;Технические неисправности отсутствуют
930001639.0;1.0;Осталось на месте ДТП;С передним приводом;В-класс (малый) до 3,9 м;2012.0;NISSAN Juke;Физические лица;Черный;;Технические неисправности отсутствуют
930001642.0;1.0;Осталось на месте ДТП;С передним приводом;С-класс (малый средний, компактный) до 4,3 м;2003.0;HONDA Odyssey;Физические лица;Серый;;Технические неисправности отсутствуют
930001642.0;2.0;Осталось на месте ДТП;Иное расположение рулевого управления;Мотоциклы;2024.0;MOTOTRANS Прочие модели Mototrans;Физические лица;Красный;;Не устанавливались
930001638.0;1.0;Осталось на месте ДТП;С передним приводом;В-класс (малый) до 3,9 м;2008.0;ВАЗ ВАЗ 2111, 21110 (универсал), 21113, 21114;Физические лица;Черный;;Технические неисправности отсутствуют
930001633.0;1.0;Осталось на месте ДТП;С передним приводом;Бортовые грузовые автомобили;2007.0;ГАЗ 3302, 33027 и модификации;Физические лица;Белый;;Технические неисправности отсутствуют
930001635.0;1.0;Скрылось с места ДТП;Иное расположение рулевого управления;Мотоциклы;; ;;;;Технические неисправности отсутствуют
930001634.0;1.0;Осталось на месте ДТП;С передним приводом;D-класс (средний) до 4,6 м;2008.0;HYUNDAI Elantra (Lantra, Avante);Физические лица;Белый;;Технические неисправности отсутствуют
930001634.0;2.0;Осталось на месте ДТП;С задним приводом;Прочая спецтехника;2010.0;КАМАЗ 6511;Юридические лица, являющиеся некоммерческими организациями;Оранжевый;;Технические неисправности отсутствуют
930001631.0;1.0;Осталось на месте ДТП;С передним приводом;Минивэны и универсалы повышенной вместимости;2012.0;TOYOTA Wish;Физические лица;Белый;;Технические неисправности отсутствуют
930001631.0;2.0;Осталось на месте ДТП;С передним приводом;D-класс (средний) до 4,6 м;2004.0;TOYOTA Premio;Физические лица;Серый;;Технические неисправности отсутствуют
930001627.0;1.0;Осталось на месте ДТП;С передним приводом;D-класс (средний) до 4,6 м;2014.0;HYUNDAI Solaris;Физические лица;Серый;;Технические неисправности отсутствуют
930001626.0;1.0;Осталось на месте ДТП;С задним приводом;Седельные тягачи;2000.0;FREIGHTLINER Прочие модели Freightliner;Физические лица;Белый;;Технические неисправности отсутствуют
930001626.0;2.0;Осталось на месте ДТП;Иное расположение рулевого управления;Велосипеды;; ;Физические лица;;;Технические неисправности отсутствуют
930001617.0;1.0;Скрылось с места ДТП;Иное расположение рулевого управления;Мотоциклы;; ;;;;Технические неисправности отсутствуют
930001613.0;1.0;Скрылось с места ДТП;;Минивэны и универсалы повышенной вместимости;; ;;;;Технические неисправности отсутствуют
930001610.0;1.0;Осталось на месте ДТП;С передним приводом;D-класс (средний) до 4,6 м;2002.0;TOYOTA Premio;Физические лица;Иные цвета;;Технические неисправности отсутствуют
930001610.0;2.0;Осталось на месте ДТП;С передним приводом;С-класс (малый средний, компактный) до 4,3 м;2008.0;ВАЗ ВАЗ 2114 и модификации;Физические лица;Иные цвета;;Технические неисправности отсутствуют
930001614.0;1.0;Осталось на месте ДТП;Иное расположение рулевого управления;Мотоциклы;2008.0;DAEWOO Racer;Физические лица;Зеленый;;Технические неисправности отсутствуют
930001602.0;1.0;Осталось на месте ДТП;С передним приводом;Минивэны и универсалы повышенной вместимости;2003.0;HONDA Stepwgn;Физические лица;Белый;;Технические неисправности отсутствуют
930001602.0;2.0;Осталось на месте ДТП;Полноприводные;Минивэны и универсалы повышенной вместимости;2010.0;TOYOTA Highlander;Физические лица;Синий;;Технические неисправности отсутствуют
930001602.0;3.0;Осталось на месте ДТП;Полноприводные;Минивэны и универсалы повышенной вместимости;2012.0;УАЗ УАЗ 3151, 31512, 31514, 31519 и модификации;Физические лица;Зеленый;;Технические неисправности отсутствуют
930001603.0;1.0;Осталось на месте ДТП;С передним приводом;В-класс (малый) до 3,9 м;2006.0;ВАЗ ВАЗ 2112 и модификации;Физические лица;Серый;;Технические неисправности отсутствуют
930001593.0;1.0;Осталось на месте ДТП;С передним приводом;D-класс (средний) до 4,6 м;2010.0;CHEVROLET Cruze;Физические лица;Серый;;Технические неисправности отсутствуют
930001590.0;1.0;Осталось на месте ДТП;С передним приводом;D-класс (средний) до 4,6 м;1993.0;TOYOTA Camry;Физические лица;Белый;;Технические неисправности отсутствуют
930001590.0;2.0;Осталось на месте ДТП;С передним приводом;D-класс (средний) до 4,6 м;2014.0;VOLKSWAGEN Polo;Физические лица;Белый;;Технические неисправности отсутствуют
930001580.0;1.0;Осталось на месте ДТП;С передним приводом;D-класс (средний) до 4,6 м;2000.0;TOYOTA Avensis;Физические лица;Красный;;Технические неисправности отсутствуют
930001585.0;1.0;Осталось на месте ДТП;С передним приводом;D-класс (средний) до 4,6 м;2001.0;TOYOTA Caldina;Физические лица;Серый;;Технические неисправности отсутствуют
930001582.0;1.0;Осталось на месте ДТП;С передним приводом;D-класс (средний) до 4,6 м;2004.0;TOYOTA Ipsum;Физические лица;Белый;;Технические неисправности отсутствуют
930001576.0;1.0;Осталось на месте ДТП;Полноприводные;Фургоны;2022.0;УАЗ УАЗ 3151, 31512, 31514, 31519 и модификации;Юридические лица, являющиеся некоммерческими организациями;Серый;;Технические неисправности отсутствуют
930001568.0;1.0;Осталось на месте ДТП;С передним приводом;В-класс (малый) до 3,9 м;1996.0;TOYOTA Corona;Физические лица;Серый;;Технические неисправности отсутствуют
930001568.0;2.0;Осталось на месте ДТП;Полноприводные;В-класс (малый) до 3,9 м;1994.0;УАЗ УАЗ 3151, 31512, 31514, 31519 и модификации;Физические лица;Зеленый;;Технические неисправности отсутствуют
930001559.0;1.0;Осталось на месте ДТП;С передним приводом;В-класс (малый) до 3,9 м;2004.0;TOYOTA Прочие модели Toyota;Физические лица;Белый;;Технические неисправности отсутствуют
930001552.0;1.0;Осталось на месте ДТП;С передним приводом;D-класс (средний) до 4,6 м;2003.0;HONDA Accord;Физические лица;Серый;;Технические неисправности отсутствуют
930001543.0;1.0;Осталось на месте ДТП;С передним приводом;Прочие легковые автомобили;2014.0;HONDA Stepwgn;Физические лица;Белый;;Технические неисправности отсутствуют
930001547.0;1.0;Осталось на месте ДТП;С передним приводом;В-класс (малый) до 3,9 м;2008.0;ВАЗ Kalina;Физические лица;Красный;;Технические неисправности отсутствуют
930001549.0;1.0;Осталось на месте ДТП;С передним приводом;Прочие легковые автомобили;2010.0;TOYOTA Camry;Физические лица;Серый;;Технические неисправности отсутствуют
930001549.0;2.0;Осталось на месте ДТП;Иное расположение рулевого управления;Мопеды с двигателем внутреннего сгорания менее 50 см. куб.;2023.0;Прочие марки мотоциклов Прочие марки мотоциклов;Физические лица;Зеленый;;Технические неисправности отсутствуют
930001562.0;1.0;Осталось на месте ДТП;Иное расположение рулевого управления;Мотоциклы;2000.0;ЗАЗ Прочие модели ЗАЗ;Физические лица;Синий;;Технические неисправности отсутствуют
930001548.0;1.0;Осталось на месте ДТП;С передним приводом;А-класс (особо малый) до 3,5 м;1991.0;TOYOTA Camry;Физические лица;Серый;;Технические неисправности отсутствуют
930001541.0;1.0;Осталось на месте ДТП;С передним приводом;С-класс (малый средний, компактный) до 4,3 м;2000.0;TOYOTA Vitz;Физические лица;Белый;;Технические неисправности отсутствуют
930001536.0;1.0;Скрылось и установлено в срок до 1 суток;Иное расположение рулевого управления;Мотоциклы;2022.0;Прочие марки мотоциклов Прочие марки мотоциклов;Физические лица;Коричневый;;Технические неисправности отсутствуют
930001525.0;1.0;Осталось на месте ДТП;Иное расположение рулевого управления;Мопеды с двигателем внутреннего сгорания более 50 см. куб.;2022.0;HONDA Прочие модели Honda;Физические лица;Синий;;Технические неисправности отсутствуют
930001506.0;1.0;Осталось на месте ДТП;С передним приводом;В-класс (малый) до 3,9 м;2012.0;ВАЗ Granta (Гранта);Физические лица;Белый;;Технические неисправности отсутствуют
930001505.0;1.0;Осталось на месте ДТП;С передним приводом;В-класс (малый) до 3,9 м;1999.0;TOYOTA Corona;Физические лица;Белый;;Технические неисправности отсутствуют
930002056.0;1.0;Осталось на месте ДТП;Полноприводные;В-класс (малый) до 3,9 м;2013.0;TOYOTA Прочие модели Toyota;Физические лица;Белый;;Не устанавливались
930002048.0;1.0;Осталось на месте ДТП;Иное расположение рулевого управления;Мотоциклы;2016.0;Прочие марки ТС Прочие марки и модели ТС;Физические лица;Черный;;Не устанавливались
930002048.0;2.0;Осталось на месте ДТП;Полноприводные;В-класс (малый) до 3,9 м;2006.0;TOYOTA RAV 4;Физические лица;Серый;;Не устанавливались
930002054.0;1.0;Скрылось с места ДТП;;D-класс (средний) до 4,6 м;; ;;;;Технические неисправности отсутствуют
930002052.0;1.0;Осталось на месте ДТП;Иное расположение рулевого управления;Мотоциклы;2020.0;MOTOTRANS Прочие модели Mototrans;Физические лица;Зеленый;;Не устанавливались
930002052.0;2.0;Осталось на месте ДТП;С передним приводом;В-класс (малый) до 3,9 м;2006.0;ВАЗ ВАЗ 2110, 21101, 21102, 21103, 21108;Физические лица;Коричневый;;Технические неисправности отсутствуют
930002040.0;1.0;Осталось на месте ДТП;С передним приводом;С-класс (малый средний, компактный) до 4,3 м;2000.0;ВАЗ  Жигули  ВАЗ-2108, 09 и модификации                       ;Физические лица;Зеленый;;Технические неисправности отсутствуют
930002040.0;2.0;Осталось на месте ДТП;С задним приводом;Прочие одноярусные;2022.0;FORD Transit;Физические лица;Белый;;Технические неисправности отсутствуют
930002035.0;1.0;Скрылось с места ДТП;;D-класс (средний) до 4,6 м;; ;;;;Технические неисправности отсутствуют
930002031.0;1.0;Осталось на месте ДТП;С передним приводом;Минивэны и универсалы повышенной вместимости;1991.0;TOYOTA Hilux;Физические лица;Синий;;Технические неисправности отсутствуют
930002025.0;1.0;Осталось на месте ДТП;С передним приводом;Минивэны и универсалы повышенной вместимости;2000.0;TOYOTA Corolla;Физические лица;Белый;;Технические неисправности отсутствуют
930002010.0;1.0;Осталось на месте ДТП;С передним приводом;Минивэны и универсалы повышенной вместимости;2021.0;CHERY Tiggo;Физические лица;Серый;;Технические неисправности отсутствуют
930002010.0;2.0;Осталось на месте ДТП;С передним приводом;Минивэны и универсалы повышенной вместимости;1989.0;TOYOTA Hiace;Физические лица;Серый;;Технические неисправности отсутствуют
930002027.0;1.0;Осталось на месте ДТП;С задним приводом;Минивэны и универсалы повышенной вместимости;1999.0;TOYOTA Caldina;Физические лица;Белый;;Технические неисправности отсутствуют
930002005.0;1.0;Осталось на месте ДТП;С передним приводом;Минивэны и универсалы повышенной вместимости;2001.0;TOYOTA Corolla;Физические лица;Черный;;Технические неисправности отсутствуют
930002005.0;2.0;Осталось на месте ДТП;С передним приводом;С-класс (малый средний, компактный) до 4,3 м;2005.0;TOYOTA Corolla;Физические лица;Серый;;Технические неисправности отсутствуют
930002006.0;1.0;Осталось на месте ДТП;С передним приводом;Минивэны и универсалы повышенной вместимости;2012.0;TOYOTA Wish;Физические лица;Белый;;Технические неисправности отсутствуют
930002006.0;2.0;Осталось на месте ДТП;С передним приводом;Прочие легковые автомобили;2003.0;TOYOTA Wish;Физические лица;Серый;;Технические неисправности отсутствуют
930001995.0;1.0;Осталось на месте ДТП;Полноприводные;Е-класс (высший средний, бизнес-класс) до 4,9 м;2016.0;TOYOTA Land Cruiser;Юридические лица, являющиеся коммерческими организациями;Белый;;Технические неисправности отсутствуют
930002000.0;1.0;Скрылось с места ДТП;;С-класс (малый средний, компактный) до 4,3 м;; ;;;;Технические неисправности отсутствуют
930002000.0;2.0;Осталось на месте ДТП;Иное расположение рулевого управления;Велосипеды;; ;Физические лица;Не заполнено;;Не устанавливались
930001984.0;1.0;Осталось на месте ДТП;С передним приводом;D-класс (средний) до 4,6 м;2017.0;ВАЗ Granta (Гранта);Юридические лица, являющиеся коммерческими организациями;Серый;;Технические неисправности отсутствуют
930001989.0;1.0;Скрылось и установлено в срок до 1 суток;С передним приводом;Прочие легковые автомобили;2014.0;HONDA Stepwgn;Физические лица;Белый;;Технические неисправности отсутствуют
930001979.0;1.0;Осталось на месте ДТП;Полноприводные;D-класс (средний) до 4,6 м;2003.0;TOYOTA RAV 4;Физические лица;Серый;;Технические неисправности отсутствуют
930001979.0;2.0;Осталось на месте ДТП;Иное расположение рулевого управления;Мотоциклы;2021.0;Прочие марки мотоциклов Прочие марки мотоциклов;Физические лица;Белый;;Технические неисправности отсутствуют
930001978.0;1.0;Осталось на месте ДТП;С передним приводом;С-класс (малый средний, компактный) до 4,3 м;2002.0;ВАЗ  Жигули  ВАЗ-2108, 09 и модификации                       ;Физические лица;Зеленый;;Технические неисправности отсутствуют
930001978.0;2.0;Осталось на месте ДТП;Иное расположение рулевого управления;Мотоциклы;2020.0;Прочие марки мотоциклов Прочие марки мотоциклов;Физические лица;Зеленый;;Технические неисправности отсутствуют
930001971.0;1.0;Осталось на месте ДТП;С передним приводом;Прочие легковые автомобили;2010.0;TOYOTA Hilux;Физические лица;Черный;;Технические неисправности отсутствуют
930001971.0;2.0;Осталось на месте ДТП;С передним приводом;D-класс (средний) до 4,6 м;1997.0;TOYOTA Vista;Физические лица;Серый;;Технические неисправности отсутствуют
930001975.0;1.0;Скрылось и установлено в срок от 1 до 3 суток;С передним приводом;Минивэны и универсалы повышенной вместимости;2013.0;TOYOTA Wish;Физические лица;Оранжевый;;Технические неисправности отсутствуют
930001970.0;1.0;Осталось на месте ДТП;С задним приводом;Е-класс (высший средний, бизнес-класс) до 4,9 м;2014.0;TOYOTA Camry;Физические лица;Белый;;Технические неисправности отсутствуют
930001967.0;1.0;Осталось на месте ДТП;Полноприводные;Минивэны и универсалы повышенной вместимости;2014.0;TOYOTA RAV 4;Физические лица;Черный;;Технические неисправности отсутствуют
930001967.0;2.0;Осталось на месте ДТП;С задним приводом;Седельные тягачи;2007.0;VOLVO FH;Физические лица;Белый;;Технические неисправности отсутствуют
930001957.0;1.0;Осталось на месте ДТП;С передним приводом;D-класс (средний) до 4,6 м;2016.0;VOLKSWAGEN Polo;Физические лица;Белый;;Технические неисправности отсутствуют
930001960.0;1.0;Скрылось и установлено в срок до 1 суток;С передним приводом;С-класс (малый средний, компактный) до 4,3 м;2001.0;ВАЗ  Жигули  ВАЗ-2108, 09 и модификации                       ;Физические лица;Зеленый;;Технические неисправности отсутствуют
930001954.0;1.0;Осталось на месте ДТП;С передним приводом;D-класс (средний) до 4,6 м;2011.0;ТАГАЗ (TAGAZ) Vortex Tingo;Физические лица;Серый;;Технические неисправности отсутствуют
930001954.0;2.0;Осталось на месте ДТП;С передним приводом;В-класс (малый) до 3,9 м;2006.0;DAEWOO Matiz;Физические лица;Синий;;Технические неисправности отсутствуют
930001949.0;1.0;Скрылось и установлено в срок до 1 суток;Иное расположение рулевого управления;Мотоциклы;2018.0;Прочие марки мотоциклов Прочие марки мотоциклов;Физические лица;Синий;;Технические неисправности отсутствуют
930001932.0;1.0;Осталось на месте ДТП;С передним приводом;Минивэны и универсалы повышенной вместимости;2009.0;TOYOTA Wish;Физические лица;Серый;;Технические неисправности отсутствуют
930001932.0;2.0;Осталось на месте ДТП;Полноприводные;Минивэны и универсалы повышенной вместимости;2014.0;MITSUBISHI Pajero;Физические лица;Черный;;Технические неисправности отсутствуют
930001941.0;1.0;Осталось на месте ДТП;Иное расположение рулевого управления;Мопеды с двигателем внутреннего сгорания более 50 см. куб.;2024.0;DAEWOO Racer;Физические лица;Коричневый;;Технические неисправности отсутствуют
930001928.0;1.0;Осталось на месте ДТП;С задним приводом;Одноэтажные длиной от 8 до 12 м;2018.0;ПАЗ 32051;Юридические лица, являющиеся коммерческими организациями;Белый;;Технические неисправности отсутствуют
930001920.0;1.0;Осталось на месте ДТП;С передним приводом;С-класс (малый средний, компактный) до 4,3 м;2002.0;ВАЗ  Жигули  ВАЗ-2108, 09 и модификации                       ;Физические лица;Серый;;Технические неисправности отсутствуют
930001916.0;1.0;Осталось на месте ДТП;С передним приводом;D-класс (средний) до 4,6 м;2005.0;TOYOTA Allion;Физические лица;Серый;;Технические неисправности отсутствуют
930001917.0;1.0;Скрылось с места ДТП;;D-класс (средний) до 4,6 м;; ;;;;Технические неисправности отсутствуют
930001917.0;2.0;Осталось на месте ДТП;Иное расположение рулевого управления;Мотоциклы;1997.0;Прочие марки мотоциклов Прочие марки мотоциклов;Физические лица;Красный;;Технические неисправности отсутствуют
930001903.0;1.0;Осталось на месте ДТП;С передним приводом;С-класс (малый средний, компактный) до 4,3 м;2008.0;FORD Focus;Физические лица;Серый;;Технические неисправности отсутствуют
930001903.0;2.0;Осталось на месте ДТП;С передним приводом;С-класс (малый средний, компактный) до 4,3 м;2009.0;ВАЗ ВАЗ 2114 и модификации;Физические лица;Зеленый;;Технические неисправности отсутствуют
930001905.0;1.0;Осталось на месте ДТП;С передним приводом;Минивэны и универсалы повышенной вместимости;2012.0;NISSAN Qashgai;Физические лица;Серый;;Технические неисправности отсутствуют
930001893.0;1.0;Осталось на месте ДТП;С передним приводом;С-класс (малый средний, компактный) до 4,3 м;2007.0;ВАЗ ВАЗ 2114 и модификации;Физические лица;Черный;;Технические неисправности отсутствуют
930001893.0;2.0;Осталось на месте ДТП;С передним приводом;Минивэны и универсалы повышенной вместимости;2003.0;TOYOTA Wish;Физические лица;Серый;;Технические неисправности отсутствуют
930001880.0;1.0;Осталось на месте ДТП;С передним приводом;С-класс (малый средний, компактный) до 4,3 м;2012.0;ВАЗ ВАЗ 2114 и модификации;Физические лица;Синий;;Технические неисправности отсутствуют
930001869.0;1.0;Осталось на месте ДТП;С передним приводом;Минивэны и универсалы повышенной вместимости;1995.0;TOYOTA Caldina;Физические лица;Белый;;Технические неисправности отсутствуют
930001873.0;1.0;Осталось на месте ДТП;Полноприводные;Минивэны и универсалы повышенной вместимости;2000.0;УАЗ УАЗ 3151, 31512, 31514, 31519 и модификации;Физические лица;Зеленый;;Технические неисправности отсутствуют
930001873.0;2.0;Осталось на месте ДТП;Иное расположение рулевого управления;Тракторы;2000.0;MTT Прочие модели MTT;Физические лица;Синий;;Технические неисправности отсутствуют
930001873.0;3.0;Осталось на месте ДТП;;Прицепы тракторные;1991.0; ;Физические лица;Черный;;Технические неисправности отсутствуют
930001861.0;1.0;Осталось на месте ДТП;С передним приводом;С-класс (малый средний, компактный) до 4,3 м;2023.0;ВАЗ Granta (Гранта);Юридические лица, являющиеся коммерческими организациями;Черный;;Технические неисправности отсутствуют
930001861.0;2.0;Осталось на месте ДТП;Иное расположение рулевого управления;Тракторы;1972.0;Прочие марки ТС Прочие марки и модели ТС;Физические лица;Красный;;Технические неисправности отсутствуют
930001866.0;1.0;Осталось на месте ДТП;С передним приводом;С-класс (малый средний, компактный) до 4,3 м;2005.0;ВАЗ ВАЗ 2115 и модификации;Физические лица;Серый;;Технические неисправности отсутствуют
930001866.0;2.0;Осталось на месте ДТП;С передним приводом;Бортовые грузовые автомобили;1994.0;ГАЗ 33023, 330232, 330273 и модификации;Физические лица;Синий;;Технические неисправности отсутствуют
930001856.0;1.0;Осталось на месте ДТП;С передним приводом;С-класс (малый средний, компактный) до 4,3 м;2005.0;ВАЗ Прочие модели ВАЗ;Физические лица;Серый;;Технические неисправности отсутствуют
930001862.0;1.0;Скрылось с места ДТП;;С-класс (малый средний, компактный) до 4,3 м;; ;;;;Технические неисправности отсутствуют
930001849.0;1.0;Осталось на месте ДТП;С задним приводом;С-класс (малый средний, компактный) до 4,3 м;1986.0;ВАЗ  Жигули  ВАЗ-2101, 02, 03 и модификации;Физические лица;Коричневый;;Технические неисправности отсутствуют
930001849.0;2.0;Осталось на месте ДТП;С передним приводом;С-класс (малый средний, компактный) до 4,3 м;1997.0;TOYOTA Corona;Физические лица;Серый;;Технические неисправности отсутствуют
930001849.0;3.0;Осталось на месте ДТП;С передним приводом;Минивэны и универсалы повышенной вместимости;2018.0;ВАЗ Largus (Ларгус);Физические лица;Серый;;Технические неисправности отсутствуют
930001851.0;1.0;Осталось на месте ДТП;С передним приводом;Прочие легковые автомобили;2006.0;ВАЗ ВАЗ 2110, 21101, 21102, 21103, 21108;Физические лица;Серый;;Технические неисправности отсутствуют
930001848.0;1.0;Осталось на месте ДТП;Полноприводные;Минивэны и универсалы повышенной вместимости;1993.0;УАЗ УАЗ 3151, 31512, 31514, 31519 и модификации;Физические лица;Оранжевый;;Технические неисправности отсутствуют
930001829.0;1.0;Скрылось с места ДТП;Иное расположение рулевого управления;Мотоциклы;; ;;;;Технические неисправности отсутствуют
930001865.0;1.0;Скрылось с места ДТП;Иное расположение рулевого управления;Мотоциклы;; ;;;;Технические неисправности отсутствуют
930001812.0;1.0;Осталось на месте ДТП;Иное расположение рулевого управления;Тракторы;1988.0;Прочие марки ТС Прочие марки и модели ТС;Физические лица;Зеленый;;Технические неисправности отсутствуют
930001803.0;1.0;Осталось на месте ДТП;Иное расположение рулевого управления;Мотоциклы;2021.0;Прочие марки мотоциклов Прочие марки мотоциклов;Физические лица;Синий;;Технические неисправности отсутствуют
930001781.0;1.0;Осталось на месте ДТП;Иное расположение рулевого управления;Квадроциклы;2021.0;BIMOTA 500 V-Due;Физические лица;Зеленый;;Не устанавливались
930001785.0;1.0;Осталось на месте ДТП;С передним приводом;В-класс (малый) до 3,9 м;1993.0;TOYOTA Corona;Физические лица;Белый;;Не устанавливались
930002326.0;1.0;Осталось на месте ДТП;С передним приводом;Прочие легковые автомобили;2001.0;TOYOTA Vitz;Физические лица;Белый;;Технические неисправности отсутствуют
930002321.0;1.0;Осталось на месте ДТП;С передним приводом;С-класс (малый средний, компактный) до 4,3 м;2006.0;ВАЗ ВАЗ 2110, 21101, 21102, 21103, 21108;Физические лица;Серый;;Технические неисправности отсутствуют
930002321.0;2.0;Осталось на месте ДТП;Полноприводные;Прочие легковые автомобили;2021.0;УАЗ 3741;Физические лица;Серый;;Технические неисправности отсутствуют
930002315.0;1.0;Осталось на месте ДТП;С передним приводом;С-класс (малый средний, компактный) до 4,3 м;2012.0;ВАЗ Granta (Гранта);Физические лица;Черный;;Технические неисправности отсутствуют
930002315.0;2.0;Осталось на месте ДТП;С передним приводом;Минивэны и универсалы повышенной вместимости;2013.0;HONDA Stepwgn;Физические лица;Серый;;Технические неисправности отсутствуют
930002308.0;1.0;Осталось на месте ДТП;С передним приводом;С-класс (малый средний, компактный) до 4,3 м;2012.0;ВАЗ ВАЗ 2114 и модификации;Физические лица;Серый;;Технические неисправности отсутствуют
930002308.0;2.0;Осталось на месте ДТП;С передним приводом;Оснащённые специализированным оборудованием автотранспортные средства аварийно-спасательных служб и полиции;2019.0;SKODA Octavia;Юридические лица, являющиеся некоммерческими организациями;Белый;;Технические неисправности отсутствуют
930002292.0;1.0;Осталось на месте ДТП;С передним приводом;D-класс (средний) до 4,6 м;1999.0;MAZDA Capella;Физические лица;Зеленый;;Технические неисправности отсутствуют
930002292.0;2.0;Осталось на месте ДТП;С передним приводом;С-класс (малый средний, компактный) до 4,3 м;2024.0;ВАЗ Granta (Гранта);Физические лица;Серый;;Технические неисправности отсутствуют
930002293.0;1.0;Осталось на месте ДТП;Полноприводные;Прочие грузовые автомобили;2023.0;SHACMAN Прочие модели SHACMAN;Юридические лица, являющиеся коммерческими организациями;Желтый;;Технические неисправности отсутствуют
930002293.0;2.0;Осталось на месте ДТП;;Прицепы прочие;2022.0; ;Юридические лица, являющиеся коммерческими организациями;Синий;;Технические неисправности отсутствуют
930002291.0;1.0;Осталось на месте ДТП;С передним приводом;В-класс (малый) до 3,9 м;2001.0;HONDA Stepwgn;Физические лица;Серый;;Технические неисправности отсутствуют
930002291.0;2.0;Осталось на месте ДТП;Полноприводные;В-класс (малый) до 3,9 м;2009.0;УАЗ УАЗ 3153;Физические лица;Иные цвета;;Технические неисправности отсутствуют
930002297.0;1.0;Осталось на месте ДТП;С передним приводом;D-класс (средний) до 4,6 м;2011.0;SKODA Octavia;Физические лица;Синий;;Технические неисправности отсутствуют
930002281.0;1.0;Осталось на месте ДТП;С передним приводом;С-класс (малый средний, компактный) до 4,3 м;2012.0;HYUNDAI Solaris;Физические лица;Красный;;Технические неисправности отсутствуют
930002281.0;2.0;Осталось на месте ДТП;Полноприводные;D-класс (средний) до 4,6 м;1993.0;MITSUBISHI Pajero;Физические лица;Белый;;Технические неисправности отсутствуют
930002268.0;1.0;Осталось на месте ДТП;С передним приводом;D-класс (средний) до 4,6 м;2002.0;TOYOTA Corolla;Физические лица;Белый;;Технические неисправности отсутствуют
930002272.0;1.0;Осталось на месте ДТП;С передним приводом;D-класс (средний) до 4,6 м;1990.0;TOYOTA Avensis;Физические лица;Серый;;Технические неисправности отсутствуют
930002273.0;1.0;Осталось на месте ДТП;С передним приводом;В-класс (малый) до 3,9 м;2018.0;TOYOTA Corolla;Физические лица;Серый;;Технические неисправности отсутствуют
930002273.0;2.0;Осталось на месте ДТП;Полноприводные;В-класс (малый) до 3,9 м;2010.0;ВАЗ Прочие модели ВАЗ;Физические лица;Белый;;Технические неисправности отсутствуют
930002275.0;1.0;Осталось на месте ДТП;Полноприводные;Минивэны и универсалы повышенной вместимости;2011.0;MITSUBISHI Прочие модели Mitsubishi;Физические лица;Черный;;Технические неисправности отсутствуют
930002275.0;2.0;Осталось на месте ДТП;С передним приводом;D-класс (средний) до 4,6 м;2012.0;HONDA Прочие модели Honda;Физические лица;Серый;;Технические неисправности отсутствуют
930002265.0;1.0;Осталось на месте ДТП;С передним приводом;Минивэны и универсалы повышенной вместимости;2002.0;TOYOTA Corolla;Физические лица;Серый;;Технические неисправности отсутствуют
930002262.0;1.0;Осталось на месте ДТП;С передним приводом;С-класс (малый средний, компактный) до 4,3 м;2017.0;ВАЗ Granta (Гранта);Физические лица;Белый;;Технические неисправности отсутствуют
930002262.0;2.0;Осталось на месте ДТП;С передним приводом;С-класс (малый средний, компактный) до 4,3 м;2011.0;ВАЗ ВАЗ 2114 и модификации;Физические лица;Черный;;Технические неисправности отсутствуют
930002252.0;1.0;Осталось на месте ДТП;С передним приводом;D-класс (средний) до 4,6 м;2015.0;HONDA Прочие модели Honda;Физические лица;Белый;;Технические неисправности отсутствуют
930002245.0;1.0;Осталось на месте ДТП;С передним приводом;D-класс (средний) до 4,6 м;2015.0;HYUNDAI Solaris;Физические лица;Коричневый;;Технические неисправности отсутствуют
930002244.0;1.0;Осталось на месте ДТП;С передним приводом;В-класс (малый) до 3,9 м;2007.0;TOYOTA Corolla;Физические лица;Серый;;Технические неисправности отсутствуют
930002239.0;1.0;Осталось на месте ДТП;С задним приводом;Самосвалы;1988.0;ГАЗ ГАЗ 24, 24-01, 24-02, 24-03, 24-04, 24-07, 24-10, 24-11, 24-12, 24-13, 24-17, 24-25 и модификации;Физические лица;Иные цвета;;Технические неисправности отсутствуют
930002233.0;1.0;Осталось на месте ДТП;С задним приводом;Минивэны и универсалы повышенной вместимости;2003.0;TOYOTA Wish;Физические лица;Серый;;Технические неисправности отсутствуют
930002226.0;1.0;Осталось на месте ДТП;С передним приводом;В-класс (малый) до 3,9 м;2005.0;TOYOTA Avensis;Физические лица;Серый;;Технические неисправности отсутствуют
930002225.0;1.0;Осталось на месте ДТП;С задним приводом;С-класс (малый средний, компактный) до 4,3 м;1997.0;ВАЗ  Жигули  ВАЗ-2107 модификации;Физические лица;Красный;;Технические неисправности отсутствуют
930002227.0;1.0;Осталось на месте ДТП;Иное расположение рулевого управления;Мопеды с двигателем внутреннего сгорания менее 50 см. куб.;2020.0;DAIHATSU Прочие модели Daihatsu;Физические лица;Черный;;Технические неисправности отсутствуют
930002227.0;2.0;Осталось на месте ДТП;С передним приводом;В-класс (малый) до 3,9 м;2011.0;TOYOTA Camry;Физические лица;Серый;;Технические неисправности отсутствуют
930002218.0;1.0;Осталось на месте ДТП;С передним приводом;D-класс (средний) до 4,6 м;2006.0;MAZDA Demio;Физические лица;Черный;;Технические неисправности отсутствуют
930002214.0;1.0;Осталось на месте ДТП;С передним приводом;Минивэны и универсалы повышенной вместимости;2005.0;HONDA Прочие модели Honda;Физические лица;Серый;;Технические неисправности отсутствуют
930002214.0;2.0;Осталось на месте ДТП;Полноприводные;Минивэны и универсалы повышенной вместимости;2013.0;HYUNDAI ix35;Физические лица;Синий;;Технические неисправности отсутствуют
930002201.0;1.0;Осталось на месте ДТП;С передним приводом;D-класс (средний) до 4,6 м;2011.0;TOYOTA Camry;Физические лица;Белый;;Технические неисправности отсутствуют
930002199.0;1.0;Осталось на месте ДТП;Иное расположение рулевого управления;Мотоциклы;2022.0;DAEWOO Racer;Физические лица;Синий;;Технические неисправности отсутствуют
930002199.0;2.0;Осталось на месте ДТП;С передним приводом;В-класс (малый) до 3,9 м;2010.0;NISSAN Cube;Физические лица;Коричневый;;Технические неисправности отсутствуют
930002192.0;1.0;Осталось на месте ДТП;Иное расположение рулевого управления;Мотоциклы;2010.0;Прочие марки мотоциклов Прочие марки мотоциклов;Физические лица;Красный;;Технические неисправности отсутствуют
930002191.0;1.0;Осталось на месте ДТП;С передним приводом;В-класс (малый) до 3,9 м;2010.0;TOYOTA Corolla;Физические лица;Серый;;Технические неисправности отсутствуют
930002178.0;1.0;Осталось на месте ДТП;С передним приводом;С-класс (малый средний, компактный) до 4,3 м;2014.0;ВАЗ Granta (Гранта);Физические лица;Белый;;Технические неисправности отсутствуют
930002178.0;2.0;Осталось на месте ДТП;С передним приводом;Минивэны и универсалы повышенной вместимости;2020.0;ВАЗ Largus (Ларгус);Физические лица;Белый;;Технические неисправности отсутствуют
930002175.0;1.0;Осталось на месте ДТП;Полноприводные;Бортовые грузовые автомобили;2007.0;УАЗ 3909;Физические лица;Белый;;Технические неисправности отсутствуют
930002204.0;1.0;Осталось на месте ДТП;С передним приводом;D-класс (средний) до 4,6 м;1997.0;TOYOTA Ipsum;Физические лица;Серый;;Технические неисправности отсутствуют
930002177.0;1.0;Осталось на месте ДТП;Иное расположение рулевого управления;Мотоциклы;2023.0;PANOZ Прочие модели Panoz;Физические лица;Синий;;Технические неисправности отсутствуют
930002167.0;1.0;Осталось на месте ДТП;С передним приводом;С-класс (малый средний, компактный) до 4,3 м;2000.0;ВАЗ ВАЗ 2110, 21101, 21102, 21103, 21108;Физические лица;Красный;;Технические неисправности отсутствуют
930002167.0;2.0;Осталось на месте ДТП;С задним приводом;С-класс (малый средний, компактный) до 4,3 м;2003.0;TOYOTA Vista;Физические лица;Серый;;Технические неисправности отсутствуют
930002168.0;1.0;Скрылось с места ДТП;;D-класс (средний) до 4,6 м;; ;;;;Технические неисправности отсутствуют
930002161.0;1.0;Осталось на месте ДТП;С передним приводом;D-класс (средний) до 4,6 м;2021.0;TOYOTA Camry;Физические лица;Белый;;Технические неисправности отсутствуют
930002154.0;1.0;Осталось на месте ДТП;С передним приводом;Минивэны и универсалы повышенной вместимости;2021.0;HYUNDAI Creta;Юридические лица, являющиеся коммерческими организациями;Красный;;Технические неисправности отсутствуют
930002149.0;1.0;Осталось на месте ДТП;С передним приводом;В-класс (малый) до 3,9 м;2013.0;УАЗ УАЗ 3151, 31512, 31514, 31519 и модификации;Юридические лица, являющиеся некоммерческими организациями;Зеленый;;Технические неисправности отсутствуют
930002149.0;2.0;Осталось на месте ДТП;С задним приводом;В-класс (малый) до 3,9 м;2004.0;ВАЗ  Жигули  ВАЗ-2106 модификации;Физические лица;Белый;;Технические неисправности отсутствуют
930002145.0;1.0;Осталось на месте ДТП;Полноприводные;D-класс (средний) до 4,6 м;2021.0;ВАЗ Нива 2329;Физические лица;Зеленый;;Технические неисправности отсутствуют
930002145.0;2.0;Осталось на месте ДТП;Иное расположение рулевого управления;Мотоциклы;2006.0;DAEWOO Racer;Физические лица;Черный;;Технические неисправности отсутствуют
930002200.0;1.0;Скрылось и установлено в срок от 3 до 10 суток;С передним приводом;D-класс (средний) до 4,6 м;1995.0;TOYOTA Corolla;Физические лица;Белый;;Технические неисправности отсутствуют
930002143.0;1.0;Осталось на месте ДТП;С передним приводом;С-класс (малый средний, компактный) до 4,3 м;2009.0;ВАЗ Priora;Физические лица;Серый;;Технические неисправности отсутствуют
930002150.0;1.0;Осталось на месте ДТП;Иное расположение рулевого управления;Мотоциклы;2022.0;JAWA 250;Физические лица;Красный;;Технические неисправности отсутствуют
930002151.0;1.0;Осталось на месте ДТП;С передним приводом;Прочие грузовые автомобили;2002.0;ЗИЛ ЗИЛ 114, 117;Физические лица;Иные цвета;;Технические неисправности отсутствуют
930002134.0;1.0;Осталось на месте ДТП;С передним приводом;Прочие легковые автомобили;2012.0;NISSAN Vanette;Физические лица;Белый;;Технические неисправности отсутствуют
930002139.0;1.0;Осталось на месте ДТП;С задним приводом;D-класс (средний) до 4,6 м;1993.0;TOYOTA Camry;Физические лица;Серый;;Технические неисправности отсутствуют
930002138.0;1.0;Осталось на месте ДТП;С передним приводом;В-класс (малый) до 3,9 м;2013.0;MAZDA Mazda 3;Физические лица;Белый;;Технические неисправности отсутствуют
930002122.0;1.0;Осталось на месте ДТП;Полноприводные;Минивэны и универсалы повышенной вместимости;2011.0;HYUNDAI ix35;Физические лица;Белый;;Технические неисправности отсутствуют
930002131.0;1.0;Осталось на месте ДТП;С передним приводом;Минивэны и универсалы повышенной вместимости;1998.0;TOYOTA Caldina;Физические лица;Белый;;Технические неисправности отсутствуют
930002113.0;1.0;Осталось на месте ДТП;С передним приводом;В-класс (малый) до 3,9 м;2007.0;TOYOTA Camry;Физические лица;Иные цвета;;Технические неисправности отсутствуют
930002105.0;1.0;Осталось на месте ДТП;С передним приводом;D-класс (средний) до 4,6 м;2005.0;ВАЗ  Жигули  ВАЗ-2107 модификации;Физические лица;Синий;;Технические неисправности отсутствуют
930002105.0;2.0;Осталось на месте ДТП;С задним приводом;Бортовые грузовые автомобили;1990.0;MITSUBISHI Прочие модели MITSUBISHI;Физические лица;Белый;;Технические неисправности отсутствуют
930002116.0;1.0;Осталось на месте ДТП;С передним приводом;Минивэны и универсалы повышенной вместимости;2001.0;TOYOTA Corolla;Физические лица;Синий;;Технические неисправности отсутствуют
930002106.0;1.0;Осталось на месте ДТП;С передним приводом;D-класс (средний) до 4,6 м;1997.0;TOYOTA Corolla;Физические лица;Белый;;Технические неисправности отсутствуют
930002106.0;2.0;Осталось на месте ДТП;Полноприводные;Минивэны и универсалы повышенной вместимости;2004.0;TOYOTA RAV 4;Физические лица;Серый;;Технические неисправности отсутствуют
930002079.0;1.0;Осталось на месте ДТП;Иное расположение рулевого управления;Мотоциклы;2023.0;MOTOTRANS Прочие модели Mototrans;Физические лица;Синий;;Не устанавливались
930002079.0;2.0;Осталось на месте ДТП;С задним приводом;Самосвалы;1985.0;ГАЗ ГАЗ 3105, 31052;Физические лица;Синий;;Не устанавливались
930002080.0;1.0;Осталось на месте ДТП;С передним приводом;С-класс (малый средний, компактный) до 4,3 м;2007.0;ВАЗ ВАЗ 2110, 21101, 21102, 21103, 21108;Физические лица;Черный;;Технические неисправности отсутствуют
930002078.0;1.0;Осталось на месте ДТП;С передним приводом;D-класс (средний) до 4,6 м;2014.0;CHERY Tiggo;Физические лица;Черный;;Технические неисправности отсутствуют
930002078.0;2.0;Осталось на месте ДТП;С задним приводом;Бортовые грузовые автомобили;1995.0;ГАЗ Прочие модели ГАЗ;Физические лица;Серый;;Технические неисправности отсутствуют
930002749.0;1.0;Осталось на месте ДТП;С передним приводом;D-класс (средний) до 4,6 м;2006.0;TOYOTA Camry;Физические лица;Зеленый;;Технические неисправности отсутствуют
930002069.0;1.0;Осталось на месте ДТП;С задним приводом;Седельные тягачи;2015.0;КАМАЗ 6511;Физические лица;Синий;;Не устанавливались
930002069.0;2.0;Осталось на месте ДТП;С передним приводом;D-класс (средний) до 4,6 м;2009.0;ВАЗ ВАЗ 2114 и модификации;Физические лица;Черный;;Технические неисправности отсутствуют
930002069.0;3.0;Осталось на месте ДТП;;Полуприцепы прочие;2016.0; ;Физические лица;Оранжевый;;Технические неисправности отсутствуют
930002595.0;1.0;Осталось на месте ДТП;С передним приводом;Минивэны и универсалы повышенной вместимости;2010.0;TOYOTA Wish;Физические лица;Серый;;Технические неисправности отсутствуют
930002601.0;1.0;Осталось на месте ДТП;С передним приводом;D-класс (средний) до 4,6 м;2002.0;TOYOTA Corolla;Физические лица;Белый;;Технические неисправности отсутствуют
930002601.0;2.0;Осталось на месте ДТП;С передним приводом;Минивэны и универсалы повышенной вместимости;2009.0;TOYOTA Wish;Физические лица;Черный;;Технические неисправности отсутствуют
930002589.0;1.0;Осталось на месте ДТП;Полноприводные;Прочие легковые автомобили;2010.0;УАЗ УАЗ 3151, 31512, 31514, 31519 и модификации;Физические лица;Зеленый;;Технические неисправности отсутствуют
930002582.0;1.0;Осталось на месте ДТП;С передним приводом;D-класс (средний) до 4,6 м;2002.0;TOYOTA Corolla;Физические лица;Синий;;Технические неисправности отсутствуют
930002579.0;1.0;Осталось на месте ДТП;Полноприводные;D-класс (средний) до 4,6 м;1985.0;SUBARU Legacy;Физические лица;Серый;;Технические неисправности отсутствуют
930002575.0;1.0;Осталось на месте ДТП;С передним приводом;Минивэны и универсалы повышенной вместимости;1998.0;TOYOTA Gaia;Физические лица;Черный;;Технические неисправности отсутствуют
930002575.0;2.0;Осталось на месте ДТП;С передним приводом;С-класс (малый средний, компактный) до 4,3 м;2014.0;ВАЗ Priora;Физические лица;Белый;;Технические неисправности отсутствуют
930002567.0;1.0;Осталось на месте ДТП;С передним приводом;С-класс (малый средний, компактный) до 4,3 м;2014.0;ВАЗ Granta (Гранта);Физические лица;Синий;;Технические неисправности отсутствуют
930002567.0;2.0;Осталось на месте ДТП;С передним приводом;С-класс (малый средний, компактный) до 4,3 м;2003.0;TOYOTA Premio;Физические лица;Белый;;Технические неисправности отсутствуют
930002568.0;1.0;Осталось на месте ДТП;С передним приводом;В-класс (малый) до 3,9 м;2008.0;TOYOTA Corolla;Физические лица;Красный;;Технические неисправности отсутствуют
930002552.0;1.0;Осталось на месте ДТП;Полноприводные;Транспортные средства для перевозки нефтепродуктов;2013.0;МАЗ Прочие модели МАЗ;Физические лица;Белый;;Технические неисправности отсутствуют
930002552.0;2.0;Осталось на месте ДТП;С задним приводом;Прочая спецтехника;2022.0;SHACMAN Прочие модели SHACMAN;Физические лица;Белый;;Технические неисправности отсутствуют
930002550.0;1.0;Осталось на месте ДТП;С задним приводом;В-класс (малый) до 3,9 м;2004.0;TOYOTA Прочие модели Toyota;Физические лица;Синий;;Технические неисправности отсутствуют
930002556.0;1.0;Осталось на месте ДТП;С передним приводом;С-класс (малый средний, компактный) до 4,3 м;2019.0;ВАЗ Granta (Гранта);Физические лица;Серый;;Технические неисправности отсутствуют
930002522.0;1.0;Скрылось с места ДТП;Полноприводные;В-класс (малый) до 3,9 м;1997.0;УАЗ УАЗ 3151, 31512, 31514, 31519 и модификации;Физические лица;Белый;;Технические неисправности отсутствуют
930002513.0;1.0;Осталось на месте ДТП;С передним приводом;Прочие легковые автомобили;1998.0;TOYOTA Ipsum;Физические лица;Серый;;Технические неисправности отсутствуют
930002513.0;2.0;Осталось на месте ДТП;С передним приводом;Е-класс (высший средний, бизнес-класс) до 4,9 м;2012.0;TOYOTA Camry;Физические лица;Белый;;Технические неисправности отсутствуют
930002515.0;1.0;Осталось на месте ДТП;С передним приводом;D-класс (средний) до 4,6 м;2008.0;TOYOTA Camry;Физические лица;Черный;;Технические неисправности отсутствуют
930002512.0;1.0;Осталось на месте ДТП;С передним приводом;D-класс (средний) до 4,6 м;2000.0;NISSAN Bleubird;Физические лица;Серый;;Технические неисправности отсутствуют
930002524.0;1.0;Осталось на месте ДТП;С передним приводом;Минивэны и универсалы повышенной вместимости;2009.0;TOYOTA Wish;Физические лица;Серый;;Технические неисправности отсутствуют
930002504.0;1.0;Скрылось с места ДТП;;В-класс (малый) до 3,9 м;; ;;;;Технические неисправности отсутствуют
930002500.0;1.0;Осталось на месте ДТП;С передним приводом;В-класс (малый) до 3,9 м;2002.0;TOYOTA Premio;Физические лица;Серый;;Технические неисправности отсутствуют
930002498.0;1.0;Осталось на месте ДТП;С задним приводом;Прочая спецтехника;2023.0;МАЗ-МАН Прочие модели МАЗ-МАН;Юридические лица, являющиеся коммерческими организациями;Многоцветный;;Технические неисправности отсутствуют
930002476.0;1.0;Осталось на месте ДТП;Полноприводные;Минивэны и универсалы повышенной вместимости;2011.0;CHEVROLET Прочие модели Chevrolet;Физические лица;Белый;;Не устанавливались
930002480.0;1.0;Осталось на месте ДТП;С передним приводом;Минивэны и универсалы повышенной вместимости;2004.0;FORD Explorer;Физические лица;Черный;;Технические неисправности отсутствуют
930002474.0;1.0;Осталось на месте ДТП;Полноприводные;Минивэны и универсалы повышенной вместимости;2003.0;TOYOTA Harrier;Физические лица;Серый;;Технические неисправности отсутствуют
930002483.0;1.0;Осталось на месте ДТП;Полноприводные;Минивэны и универсалы повышенной вместимости;2020.0;УАЗ УАЗ 3151, 31512, 31514, 31519 и модификации;Физические лица;Черный;;Технические неисправности отсутствуют
930002483.0;2.0;Осталось на месте ДТП;Полноприводные;С-класс (малый средний, компактный) до 4,3 м;2020.0;ВАЗ  Нива  ВАЗ-2121 и модификации;Физические лица;Белый;;Технические неисправности отсутствуют
930002469.0;1.0;Осталось на месте ДТП;Полноприводные;Минивэны и универсалы повышенной вместимости;2005.0;TOYOTA Прочие модели Toyota;Физические лица;Белый;;Технические неисправности отсутствуют
930002469.0;2.0;Осталось на месте ДТП;С передним приводом;D-класс (средний) до 4,6 м;1998.0;TOYOTA Carina;Физические лица;Серый;;Технические неисправности отсутствуют
930002462.0;1.0;Осталось на месте ДТП;С передним приводом;Минивэны и универсалы повышенной вместимости;2019.0;ВАЗ Largus (Ларгус);Юридические лица, являющиеся некоммерческими организациями;Белый;;Технические неисправности отсутствуют
930002450.0;1.0;Осталось на месте ДТП;С задним приводом;Бортовые грузовые автомобили;2010.0;КАМАЗ Прочие модели КАМАЗ;Юридические лица, являющиеся коммерческими организациями;Оранжевый;;Технические неисправности отсутствуют
930002450.0;2.0;Осталось на месте ДТП;С передним приводом;С-класс (малый средний, компактный) до 4,3 м;2004.0;ВАЗ ВАЗ 2110, 21101, 21102, 21103, 21108;Физические лица;Серый;;Технические неисправности отсутствуют
930002458.0;1.0;Скрылось с места ДТП;;D-класс (средний) до 4,6 м;; ;;;;Технические неисправности отсутствуют
930002443.0;1.0;Осталось на месте ДТП;Полноприводные;Минивэны и универсалы повышенной вместимости;2010.0;УАЗ УАЗ 3151, 31512, 31514, 31519 и модификации;Физические лица;Зеленый;;Наличие конструктивных изменений по сравнению с серийным ТС, сведения о которых отсутствуют в регистрационных документах
930002441.0;1.0;Осталось на месте ДТП;С передним приводом;Минивэны и универсалы повышенной вместимости;2003.0;TOYOTA Picnic;Физические лица;Синий;;Технические неисправности отсутствуют
930002436.0;1.0;Осталось на месте ДТП;С передним приводом;D-класс (средний) до 4,6 м;2016.0;TOYOTA Прочие модели грузовых Toyota;Физические лица;Белый;;Технические неисправности отсутствуют
930002436.0;2.0;Осталось на месте ДТП;С задним приводом;Седельные тягачи;2002.0;FREIGHTLINER Прочие модели Freightliner;Физические лица;Белый;;Технические неисправности отсутствуют
930002434.0;1.0;Осталось на месте ДТП;С передним приводом;D-класс (средний) до 4,6 м;2003.0;TOYOTA Corolla;Физические лица;Синий;;Технические неисправности отсутствуют
930002434.0;2.0;Осталось на месте ДТП;С передним приводом;D-класс (средний) до 4,6 м;1998.0;MAZDA Capella;Физические лица;Серый;;Технические неисправности отсутствуют
930002426.0;1.0;Скрылось и установлено в срок до 1 суток;С задним приводом;Самосвалы;2021.0;SHACMAN Прочие модели SHACMAN;Юридические лица, являющиеся коммерческими организациями;Желтый;;Технические неисправности отсутствуют
930002426.0;2.0;Осталось на месте ДТП;С задним приводом;Самосвалы;2021.0;SHACMAN Прочие модели SHACMAN;Хозяйствующие субъекты без прав юридического лица;Белый;;Технические неисправности отсутствуют
930002425.0;1.0;Осталось на месте ДТП;С передним приводом;С-класс (малый средний, компактный) до 4,3 м;2008.0;ВАЗ Priora;Физические лица;Синий;;Технические неисправности отсутствуют
930002424.0;1.0;Осталось на месте ДТП;С передним приводом;D-класс (средний) до 4,6 м;2006.0;HONDA Accord;Физические лица;Черный;;Технические неисправности отсутствуют
930002424.0;2.0;Осталось на месте ДТП;С передним приводом;С-класс (малый средний, компактный) до 4,3 м;1996.0;ВАЗ  Жигули  ВАЗ-2106 модификации;Физические лица;Серый;;Технические неисправности отсутствуют
930002410.0;1.0;Осталось на месте ДТП;С передним приводом;D-класс (средний) до 4,6 м;2010.0;TOYOTA Corolla;Физические лица;Серый;;Технические неисправности отсутствуют
930002399.0;1.0;Осталось на месте ДТП;Полноприводные;Минивэны и универсалы повышенной вместимости;2020.0;УАЗ УАЗ 3151, 31512, 31514, 31519 и модификации;Юридические лица, являющиеся некоммерческими организациями;Синий;;Технические неисправности отсутствуют
930002397.0;1.0;Осталось на месте ДТП;С задним приводом;Минивэны и универсалы повышенной вместимости;2009.0;TOYOTA Hiace;Физические лица;Серый;;Технические неисправности отсутствуют
930002403.0;1.0;Осталось на месте ДТП;С передним приводом;Минивэны и универсалы повышенной вместимости;2016.0;TOYOTA Corolla;Физические лица;Белый;;Технические неисправности отсутствуют
930002393.0;1.0;Осталось на месте ДТП;С задним приводом;Рефрижераторы;1997.0;MITSUBISHI Прочие модели MITSUBISHI;Физические лица;Белый;;Технические неисправности отсутствуют
930002385.0;1.0;Осталось на месте ДТП;С передним приводом;Минивэны и универсалы повышенной вместимости;2001.0;TOYOTA Liteace;Физические лица;Серый;;Технические неисправности отсутствуют
930002380.0;1.0;Осталось на месте ДТП;С задним приводом;Прочие легковые автомобили;2013.0;ГАЗ Прочие модели ГАЗ;Юридические лица, являющиеся коммерческими организациями;Белый;;Технические неисправности отсутствуют
930002380.0;2.0;Осталось на месте ДТП;С задним приводом;Одноэтажные длиной от 5 до 8 м;2013.0;ПАЗ 32054;Физические лица;Белый;;Технические неисправности отсутствуют
930002376.0;1.0;Осталось на месте ДТП;С передним приводом;С-класс (малый средний, компактный) до 4,3 м;2006.0;ВАЗ ВАЗ 2112 и модификации;Физические лица;Черный;;Технические неисправности отсутствуют
930002367.0;1.0;Осталось на месте ДТП;С передним приводом;Минивэны и универсалы повышенной вместимости;2004.0;TOYOTA Wish;Физические лица;Белый;;Технические неисправности отсутствуют
930002366.0;1.0;Осталось на месте ДТП;Полноприводные;Минивэны и универсалы повышенной вместимости;2010.0;УАЗ УАЗ 3151, 31512, 31514, 31519 и модификации;Физические лица;Черный;;Технические неисправности отсутствуют
930002366.0;2.0;Осталось на месте ДТП;С передним приводом;С-класс (малый средний, компактный) до 4,3 м;2012.0;ВАЗ Priora;Физические лица;Черный;;Технические неисправности отсутствуют
930002362.0;1.0;Осталось на месте ДТП;С задним приводом;Минивэны и универсалы повышенной вместимости;2000.0;NISSAN Liberty;Физические лица;Белый;;Технические неисправности отсутствуют
930002364.0;1.0;Скрылось и установлено в срок свыше 10 суток;С передним приводом;D-класс (средний) до 4,6 м;2006.0;ВАЗ ВАЗ 2112 и модификации;Физические лица;Иные цвета;;Технические неисправности отсутствуют
930002361.0;1.0;Осталось на месте ДТП;С передним приводом;С-класс (малый средний, компактный) до 4,3 м;2008.0;ВАЗ Priora;Физические лица;Серый;;Технические неисправности отсутствуют
930002361.0;2.0;Осталось на месте ДТП;С передним приводом;С-класс (малый средний, компактный) до 4,3 м;2019.0;ВАЗ Granta (Гранта);Физические лица;Серый;;Технические неисправности отсутствуют
930002355.0;1.0;Осталось на месте ДТП;С передним приводом;С-класс (малый средний, компактный) до 4,3 м;2008.0;ВАЗ ВАЗ 2111, 21110 (универсал), 21113, 21114;Физические лица;Серый;;Технические неисправности отсутствуют
930002349.0;1.0;Осталось на месте ДТП;С передним приводом;С-класс (малый средний, компактный) до 4,3 м;2012.0;ВАЗ Granta (Гранта);Физические лица;Красный;;Технические неисправности отсутствуют
930002344.0;1.0;Осталось на месте ДТП;С передним приводом;D-класс (средний) до 4,6 м;2013.0;LIFAN Прочие модели Lifan;Физические лица;Черный;;Технические неисправности отсутствуют
930002342.0;1.0;Осталось на месте ДТП;С передним приводом;Прочие легковые автомобили;2000.0;TOYOTA Raum;Физические лица;Серый;;Технические неисправности отсутствуют
930002345.0;1.0;Осталось на месте ДТП;С передним приводом;Минивэны и универсалы повышенной вместимости;2003.0;TOYOTA Caldina;Физические лица;Белый;;Технические неисправности отсутствуют
930002337.0;1.0;Осталось на месте ДТП;Полноприводные;Минивэны и универсалы повышенной вместимости;2013.0;TOYOTA Land Cruiser;Физические лица;Черный;;Технические неисправности отсутствуют
930002337.0;2.0;Осталось на месте ДТП;С передним приводом;D-класс (средний) до 4,6 м;1996.0;TOYOTA Vista;Физические лица;Белый;;Технические неисправности отсутствуют
930002897.0;1.0;Осталось на месте ДТП;С передним приводом;Минивэны и универсалы повышенной вместимости;2016.0;TOYOTA Noah;Физические лица;Черный;;Технические неисправности отсутствуют
930002897.0;2.0;Осталось на месте ДТП;С передним приводом;D-класс (средний) до 4,6 м;2007.0;TOYOTA Avensis;Физические лица;Серый;;Технические неисправности отсутствуют
930002891.0;1.0;Скрылось с места ДТП;;В-класс (малый) до 3,9 м;; ;;;;Технические неисправности отсутствуют
930002891.0;2.0;Скрылось с места ДТП;Иное расположение рулевого управления;Тракторы;; ;;;;Технические неисправности отсутствуют
930002881.0;1.0;Осталось на месте ДТП;С передним приводом;С-класс (малый средний, компактный) до 4,3 м;2000.0;TOYOTA Corona;Физические лица;Белый;;Технические неисправности отсутствуют
930002861.0;1.0;Осталось на месте ДТП;С передним приводом;D-класс (средний) до 4,6 м;2006.0;VOLKSWAGEN Passat;Физические лица;Черный;;Технические неисправности отсутствуют
930002851.0;1.0;Осталось на месте ДТП;С задним приводом;D-класс (средний) до 4,6 м;2000.0;BMW Прочие модели BMW;Физические лица;Черный;;Технические неисправности отсутствуют
930002851.0;2.0;Осталось на месте ДТП;С передним приводом;D-класс (средний) до 4,6 м;2013.0;TOYOTA Camry;Физические лица;Многоцветный;;Технические неисправности отсутствуют
930002882.0;1.0;Осталось на месте ДТП;Иное расположение рулевого управления;Снегоходы;2009.0;YAMAHA Прочие модели Yamaha;Физические лица;Черный;;Технические неисправности отсутствуют
930002848.0;1.0;Осталось на месте ДТП;С передним приводом;С-класс (малый средний, компактный) до 4,3 м;2016.0;MAZDA Mazda 6;Физические лица;Белый;;Технические неисправности отсутствуют
930002848.0;2.0;Осталось на месте ДТП;С передним приводом;С-класс (малый средний, компактный) до 4,3 м;2012.0;ВАЗ Priora;Физические лица;Красный;;Технические неисправности отсутствуют
930002846.0;1.0;Осталось на месте ДТП;С передним приводом;В-класс (малый) до 3,9 м;2008.0;MAZDA Demio;Физические лица;Серый;;Технические неисправности отсутствуют
930002815.0;1.0;Осталось на месте ДТП;С передним приводом;С-класс (малый средний, компактный) до 4,3 м;2003.0;ВАЗ ВАЗ 2111, 21110 (универсал), 21113, 21114;Физические лица;Серый;;Технические неисправности отсутствуют
930002801.0;1.0;Осталось на месте ДТП;С передним приводом;С-класс (малый средний, компактный) до 4,3 м;2020.0;ВАЗ Granta (Гранта);Физические лица;Белый;;Технические неисправности отсутствуют
930002792.0;1.0;Осталось на месте ДТП;С передним приводом;Е-класс (высший средний, бизнес-класс) до 4,9 м;2012.0;TOYOTA Camry;Физические лица;Белый;;Технические неисправности отсутствуют
930002792.0;2.0;Осталось на месте ДТП;С передним приводом;Минивэны и универсалы повышенной вместимости;2003.0;TOYOTA Caldina;Физические лица;Белый;;Технические неисправности отсутствуют
930002787.0;1.0;Осталось на месте ДТП;С передним приводом;D-класс (средний) до 4,6 м;2010.0;TOYOTA Corolla;Физические лица;Черный;;Технические неисправности отсутствуют
930002797.0;1.0;Осталось на месте ДТП;С передним приводом;Бортовые грузовые автомобили;1997.0;ГАЗ 3302, 33027 и модификации;Физические лица;Синий;;Технические неисправности отсутствуют
930002785.0;1.0;Осталось на месте ДТП;С передним приводом;С-класс (малый средний, компактный) до 4,3 м;2013.0;ВАЗ Priora;Физические лица;Белый;;Технические неисправности отсутствуют
930002777.0;1.0;Осталось на месте ДТП;С передним приводом;D-класс (средний) до 4,6 м;2008.0;TOYOTA Corolla;Физические лица;Белый;;Технические неисправности отсутствуют
930002781.0;1.0;Осталось на месте ДТП;С передним приводом;D-класс (средний) до 4,6 м;2005.0;TOYOTA Corolla;Физические лица;Серый;;Технические неисправности отсутствуют
930002784.0;1.0;Осталось на месте ДТП;С задним приводом;D-класс (средний) до 4,6 м;2011.0;TOYOTA Avensis;Физические лица;Черный;;Технические неисправности отсутствуют
930002766.0;1.0;Осталось на месте ДТП;С передним приводом;D-класс (средний) до 4,6 м;2012.0;SKODA Octavia;Физические лица;Серый;;Технические неисправности отсутствуют
930002766.0;2.0;Осталось на месте ДТП;С передним приводом;Прочие легковые автомобили;2008.0;TOYOTA Noah;Физические лица;Серый;;Технические неисправности отсутствуют
930002756.0;1.0;Осталось на месте ДТП;С передним приводом;Минивэны и универсалы повышенной вместимости;2001.0;TOYOTA Estima;Физические лица;Белый;;Технические неисправности отсутствуют
930002756.0;2.0;Осталось на месте ДТП;С передним приводом;Прочие легковые автомобили;2013.0;HONDA Stepwgn;Физические лица;Черный;;Технические неисправности отсутствуют
930002760.0;1.0;Осталось на месте ДТП;С передним приводом;D-класс (средний) до 4,6 м;2002.0;NISSAN Sunny;Физические лица;Белый;;Технические неисправности отсутствуют
930002760.0;2.0;Осталось на месте ДТП;С передним приводом;D-класс (средний) до 4,6 м;2005.0;TOYOTA Прочие модели Toyota;Физические лица;Черный;;Технические неисправности отсутствуют
930002741.0;1.0;Осталось на месте ДТП;С передним приводом;С-класс (малый средний, компактный) до 4,3 м;2005.0;ВАЗ ВАЗ 2114 и модификации;Физические лица;Серый;;Технические неисправности отсутствуют
930002732.0;1.0;Осталось на месте ДТП;С передним приводом;С-класс (малый средний, компактный) до 4,3 м;2007.0;ВАЗ ВАЗ 2112 и модификации;Физические лица;Зеленый;;Технические неисправности отсутствуют
930002730.0;1.0;Осталось на месте ДТП;С передним приводом;Минивэны и универсалы повышенной вместимости;2004.0;TOYOTA Wish;Физические лица;Синий;;Технические неисправности отсутствуют
930002730.0;2.0;Осталось на месте ДТП;С передним приводом;Минивэны и универсалы повышенной вместимости;2004.0;TOYOTA Corolla;Физические лица;Белый;;Технические неисправности отсутствуют
930002718.0;1.0;Осталось на месте ДТП;Полноприводные;Прочие легковые автомобили;1999.0;ВАЗ  Нива  ВАЗ-2121 и модификации;Физические лица;Белый;;Технические неисправности отсутствуют
930002718.0;2.0;Осталось на месте ДТП;С передним приводом;D-класс (средний) до 4,6 м;2012.0;TOYOTA Prius;Физические лица;Серый;;Технические неисправности отсутствуют
930002707.0;1.0;Осталось на месте ДТП;С передним приводом;С-класс (малый средний, компактный) до 4,3 м;2012.0;ВАЗ Priora;Физические лица;Черный;;Технические неисправности отсутствуют
930002695.0;1.0;Осталось на месте ДТП;С передним приводом;С-класс (малый средний, компактный) до 4,3 м;2012.0;ВАЗ Granta (Гранта);Физические лица;Белый;;Технические неисправности отсутствуют
930002678.0;1.0;Осталось на месте ДТП;С передним приводом;С-класс (малый средний, компактный) до 4,3 м;2013.0;ВАЗ Granta (Гранта);Физические лица;Синий;;Технические неисправности отсутствуют
930002665.0;1.0;Осталось на месте ДТП;С передним приводом;Минивэны и универсалы повышенной вместимости;2016.0;HONDA Stepwgn;Физические лица;Серый;;Технические неисправности отсутствуют
930002664.0;1.0;Скрылось с места ДТП;;В-класс (малый) до 3,9 м;; ;;;;Технические неисправности отсутствуют
930002663.0;1.0;Осталось на месте ДТП;С передним приводом;Минивэны и универсалы повышенной вместимости;1997.0;HONDA Stepwgn;Физические лица;Серый;;Технические неисправности отсутствуют
930002661.0;1.0;Осталось на месте ДТП;С передним приводом;Минивэны и универсалы повышенной вместимости;1986.0;УАЗ 2206;Физические лица;Зеленый;;Технические неисправности отсутствуют
930002661.0;2.0;Осталось на месте ДТП;С передним приводом;D-класс (средний) до 4,6 м;2004.0;TOYOTA Avensis;Физические лица;Черный;;Технические неисправности отсутствуют
930002644.0;1.0;Скрылось с места ДТП;С передним приводом;D-класс (средний) до 4,6 м;1989.0;TOYOTA Ipsum;Физические лица;Серый;;Технические неисправности отсутствуют
930002624.0;1.0;Осталось на месте ДТП;Иное расположение рулевого управления;Мотоциклы;2000.0;Прочие марки мотоциклов Прочие марки мотоциклов;Физические лица;Не заполнено;;Технические неисправности отсутствуют
930002600.0;1.0;Осталось на месте ДТП;С передним приводом;D-класс (средний) до 4,6 м;1993.0;TOYOTA Corona;Физические лица;Серый;;Технические неисправности отсутствуют
930002600.0;2.0;Осталось на месте ДТП;С передним приводом;С-класс (малый средний, компактный) до 4,3 м;2010.0;БОГДАН А092.12;Физические лица;Черный;;Не устанавливались
930000190.0;1.0;Осталось на месте ДТП;С задним приводом;С-класс (малый средний, компактный) до 4,3 м;2011.0;ВАЗ  Жигули  ВАЗ-2107 модификации;Физические лица;Многоцветный;;Технические неисправности отсутствуют
930000178.0;1.0;Осталось на месте ДТП;С задним приводом;D-класс (средний) до 4,6 м;1993.0;TOYOTA Cresta;Физические лица;Красный;;Технические неисправности отсутствуют
930000171.0;1.0;Осталось на месте ДТП;С передним приводом;D-класс (средний) до 4,6 м;2003.0;HONDA Accord;Физические лица;Зеленый;;Технические неисправности отсутствуют
930000145.0;1.0;Скрылось и установлено в срок до 1 суток;С передним приводом;Минивэны и универсалы повышенной вместимости;2006.0;ВАЗ ВАЗ 2110, 21101, 21102, 21103, 21108;Физические лица;Серый;;Технические неисправности отсутствуют
930000137.0;1.0;Осталось на месте ДТП;С передним приводом;С-класс (малый средний, компактный) до 4,3 м;2007.0;ВАЗ ВАЗ 2110, 21101, 21102, 21103, 21108;Физические лица;Серый;;Технические неисправности отсутствуют
930000131.0;2.0;Осталось на месте ДТП;С передним приводом;D-класс (средний) до 4,6 м;2015.0;RENAULT Logan;Индивидуальные предприниматели без образования юридического лица;Синий;;Технические неисправности отсутствуют
930000131.0;1.0;Осталось на месте ДТП;С передним приводом;D-класс (средний) до 4,6 м;1998.0;TOYOTA Vista;Физические лица;Серый;;Технические неисправности отсутствуют
930000136.0;2.0;Осталось на месте ДТП;С передним приводом;С-класс (малый средний, компактный) до 4,3 м;2003.0;TOYOTA Vitz;Физические лица;Белый;;Технические неисправности отсутствуют
930000136.0;1.0;Осталось на месте ДТП;С передним приводом;D-класс (средний) до 4,6 м;2014.0;SKODA Rapid;Физические лица;Белый;;Технические неисправности отсутствуют
930000136.0;3.0;Осталось на месте ДТП;С передним приводом;Минивэны и универсалы повышенной вместимости;2012.0;LIFAN Прочие модели Lifan;Физические лица;Серый;;Технические неисправности отсутствуют
930000135.0;1.0;Осталось на месте ДТП;С передним приводом;D-класс (средний) до 4,6 м;2013.0;RENAULT Logan;Индивидуальные предприниматели без образования юридического лица;Белый;;Технические неисправности отсутствуют
930000120.0;2.0;Осталось на месте ДТП;С передним приводом;С-класс (малый средний, компактный) до 4,3 м;1999.0;ВАЗ ВАЗ 2110, 21101, 21102, 21103, 21108;Физические лица;Серый;;Технические неисправности отсутствуют
930000120.0;1.0;Осталось на месте ДТП;Полноприводные;С-класс (малый средний, компактный) до 4,3 м;2010.0;УАЗ УАЗ 3159;Физические лица;Зеленый;;Технические неисправности отсутствуют
930000120.0;3.0;Осталось на месте ДТП;С передним приводом;D-класс (средний) до 4,6 м;2007.0;MITSUBISHI Lancer;Физические лица;Черный;;Технические неисправности отсутствуют
930000123.0;1.0;Осталось на месте ДТП;С передним приводом;Минивэны и универсалы повышенной вместимости;2008.0;TOYOTA Wish;Физические лица;Черный;;Технические неисправности отсутствуют
930000116.0;1.0;Осталось на месте ДТП;С передним приводом;Прочие легковые автомобили;2001.0;MAZDA Прочие модели Mazda;Физические лица;Желтый;;Технические неисправности отсутствуют
930000119.0;1.0;Осталось на месте ДТП;С задним приводом;D-класс (средний) до 4,6 м;2008.0;MAZDA Atenza;Физические лица;Серый;;Технические неисправности отсутствуют
930000193.0;2.0;Осталось на месте ДТП;С передним приводом;D-класс (средний) до 4,6 м;2005.0;TOYOTA Premio;Физические лица;Серый;;Технические неисправности отсутствуют
930000193.0;1.0;Скрылось и установлено в срок свыше 10 суток;С передним приводом;D-класс (средний) до 4,6 м;2018.0;HYUNDAI Solaris;Физические лица;Белый;;Технические неисправности отсутствуют
930000107.0;1.0;Осталось на месте ДТП;С передним приводом;В-класс (малый) до 3,9 м;2012.0;ВАЗ Priora;Физические лица;Белый;;Технические неисправности отсутствуют
930000091.0;1.0;Осталось на месте ДТП;С передним приводом;С-класс (малый средний, компактный) до 4,3 м;2004.0;ВАЗ ВАЗ 2115 и модификации;Физические лица;Черный;;Технические неисправности отсутствуют
930000087.0;1.0;Скрылось и установлено в срок от 1 до 3 суток;С передним приводом;D-класс (средний) до 4,6 м;2001.0;ВАЗ ВАЗ 2110, 21101, 21102, 21103, 21108;Физические лица;Белый;;Технические неисправности отсутствуют
930000085.0;2.0;Осталось на месте ДТП;С передним приводом;D-класс (средний) до 4,6 м;2001.0;TOYOTA Corolla;Физические лица;Белый;;Технические неисправности отсутствуют
930000085.0;1.0;Осталось на месте ДТП;Полноприводные;Минивэны и универсалы повышенной вместимости;2010.0;УАЗ УАЗ 3151, 31512, 31514, 31519 и модификации;Физические лица;Белый;;Технические неисправности отсутствуют
930000073.0;1.0;Осталось на месте ДТП;С передним приводом;Минивэны и универсалы повышенной вместимости;1982.0;TOYOTA Ipsum;Физические лица;Белый;;Технические неисправности отсутствуют
930000076.0;1.0;Осталось на месте ДТП;Полноприводные;Минивэны и универсалы повышенной вместимости;2013.0;УАЗ УАЗ 3151, 31512, 31514, 31519 и модификации;Юридические лица, являющиеся некоммерческими организациями;Зеленый;;Технические неисправности отсутствуют
930000075.0;1.0;Осталось на месте ДТП;С передним приводом;Одноэтажные длиной от 5 до 8 м;2019.0;ПАЗ 32053;Юридические лица, являющиеся коммерческими организациями;Белый;;Технические неисправности отсутствуют
930002152.0;1.0;Осталось на месте ДТП;С передним приводом;С-класс (малый средний, компактный) до 4,3 м;2019.0;ВАЗ Granta (Гранта);Физические лица;Черный;;Технические неисправности отсутствуют
930000060.0;1.0;Осталось на месте ДТП;С передним приводом;Минивэны и универсалы повышенной вместимости;2000.0;TOYOTA Gaia;Физические лица;Белый;;Технические неисправности отсутствуют
930000054.0;1.0;Осталось на месте ДТП;С передним приводом;D-класс (средний) до 4,6 м;2008.0;ВАЗ Priora;Физические лица;Зеленый;;Технические неисправности отсутствуют
930000020.0;2.0;Осталось на месте ДТП;С передним приводом;С-класс (малый средний, компактный) до 4,3 м;2006.0;ВАЗ ВАЗ 2110, 21101, 21102, 21103, 21108;Физические лица;Белый;;Не устанавливались
930000020.0;1.0;Осталось на месте ДТП;С передним приводом;С-класс (малый средний, компактный) до 4,3 м;2005.0;ВАЗ ВАЗ 2112 и модификации;Физические лица;Серый;;Не устанавливались
930000019.0;1.0;Скрылось и установлено в срок от 1 до 3 суток;Полноприводные;С-класс (малый средний, компактный) до 4,3 м;2010.0;УАЗ УАЗ 3151, 31512, 31514, 31519 и модификации;Физические лица;Зеленый;;Технические неисправности отсутствуют
930000019.0;2.0;Осталось на месте ДТП;С передним приводом;Минивэны и универсалы повышенной вместимости;2005.0;TOYOTA Wish;Физические лица;Серый;;Технические неисправности отсутствуют
930000018.0;1.0;Осталось на месте ДТП;С передним приводом;D-класс (средний) до 4,6 м;2002.0;TOYOTA Corolla;Физические лица;Белый;;Технические неисправности отсутствуют
930000018.0;2.0;Осталось на месте ДТП;С передним приводом;Минивэны и универсалы повышенной вместимости;2004.0;TOYOTA Corolla;Физические лица;Серый;;Технические неисправности отсутствуют
930000008.0;1.0;Осталось на месте ДТП;С передним приводом;С-класс (малый средний, компактный) до 4,3 м;1998.0;TOYOTA Corona;Физические лица;Белый;;Технические неисправности отсутствуют
930000354.0;1.0;Осталось на месте ДТП;Полноприводные;Минивэны и универсалы повышенной вместимости;2020.0;LEXUS RX;Физические лица;Черный;;Технические неисправности отсутствуют
930000352.0;1.0;Осталось на месте ДТП;С задним приводом;С-класс (малый средний, компактный) до 4,3 м;2009.0;ВАЗ ВАЗ 2114 и модификации;Физические лица;Серый;;Технические неисправности отсутствуют
930000352.0;2.0;Осталось на месте ДТП;С передним приводом;Прочие легковые автомобили;2007.0;FORD Focus;Физические лица;Черный;;Технические неисправности отсутствуют
930000400.0;1.0;Осталось на месте ДТП;С передним приводом;С-класс (малый средний, компактный) до 4,3 м;2006.0;ВАЗ ВАЗ 2111, 21110 (универсал), 21113, 21114;Физические лица;Серый;;Технические неисправности отсутствуют
930000400.0;2.0;Осталось на месте ДТП;С задним приводом;D-класс (средний) до 4,6 м;1993.0;TOYOTA Mark II;Физические лица;Черный;;Технические неисправности отсутствуют
930000337.0;1.0;Осталось на месте ДТП;С передним приводом;D-класс (средний) до 4,6 м;2011.0;DAEWOO Nexia;Физические лица;Черный;;Технические неисправности отсутствуют
930000331.0;1.0;Осталось на месте ДТП;С передним приводом;С-класс (малый средний, компактный) до 4,3 м;2006.0;ВАЗ ВАЗ 2112 и модификации;Физические лица;Серый;;Технические неисправности отсутствуют
930000331.0;2.0;Осталось на месте ДТП;С передним приводом;D-класс (средний) до 4,6 м;1997.0;TOYOTA Camry;Физические лица;Серый;;Технические неисправности отсутствуют
930000330.0;2.0;Осталось на месте ДТП;С задним приводом;Прочие одноярусные;2011.0;IVECO Прочие модели Iveco;Физические лица;Белый;;Технические неисправности отсутствуют
930000330.0;1.0;Осталось на месте ДТП;С передним приводом;Минивэны и универсалы повышенной вместимости;2001.0;TOYOTA Ipsum;Физические лица;Серый;;Технические неисправности отсутствуют
930000324.0;1.0;Осталось на месте ДТП;Полноприводные;Минивэны и универсалы повышенной вместимости;2006.0;LEXUS RX;Физические лица;Черный;;Технические неисправности отсутствуют
930000325.0;2.0;Осталось на месте ДТП;С передним приводом;Минивэны и универсалы повышенной вместимости;1999.0;TOYOTA Прочие модели Toyota;Физические лица;Белый;;Технические неисправности отсутствуют
930000325.0;1.0;Осталось на месте ДТП;Полноприводные;Минивэны и универсалы повышенной вместимости;2010.0;УАЗ 2206;Физические лица;Белый;;Технические неисправности отсутствуют
930000316.0;1.0;Осталось на месте ДТП;С передним приводом;Е-класс (высший средний, бизнес-класс) до 4,9 м;2007.0;TOYOTA Camry;Физические лица;Черный;;Технические неисправности отсутствуют
930000309.0;1.0;Осталось на месте ДТП;С задним приводом;Бортовые грузовые автомобили;1990.0;КАМАЗ 5321;Физические лица;Красный;;На одну ось ТС установлены шины различных размеров, конструкций (радиальной, диагональной, камерной, бескамерной), моделей, с различными рисунками протектора. На ТС одновременно установлены ошипованные и неошипованные шины
930000309.0;2.0;Осталось на месте ДТП;Полноприводные;Минивэны и универсалы повышенной вместимости;2020.0;ВАЗ  Нива  ВАЗ-2121 и модификации;Физические лица;Белый;;Технические неисправности отсутствуют
930000303.0;1.0;Осталось на месте ДТП;Полноприводные;Минивэны и универсалы повышенной вместимости;1994.0;УАЗ 22069;Физические лица;Желтый;;Износ рисунка протектора
930000293.0;1.0;Скрылось и установлено в срок до 1 суток;Полноприводные;Минивэны и универсалы повышенной вместимости;1997.0;TOYOTA Noah;Физические лица;Серый;;Технические неисправности отсутствуют
930000272.0;2.0;Осталось на месте ДТП;С передним приводом;D-класс (средний) до 4,6 м;1996.0;TOYOTA Vista;Физические лица;Белый;;Технические неисправности отсутствуют
930000272.0;1.0;Осталось на месте ДТП;С передним приводом;D-класс (средний) до 4,6 м;1996.0;TOYOTA Corona;Физические лица;Серый;;Технические неисправности отсутствуют
930000271.0;1.0;Осталось на месте ДТП;С передним приводом;D-класс (средний) до 4,6 м;2008.0;SKODA Octavia;Физические лица;Черный;;Технические неисправности отсутствуют
930000271.0;2.0;Осталось на месте ДТП;Полноприводные;Минивэны и универсалы повышенной вместимости;2010.0;SSANGYONG Rexton;Физические лица;Серый;;Технические неисправности отсутствуют
930000264.0;1.0;Осталось на месте ДТП;С задним приводом;Прочие легковые автомобили;2000.0;MAZDA Demio;Физические лица;Синий;;Технические неисправности отсутствуют
930000265.0;1.0;Осталось на месте ДТП;С передним приводом;С-класс (малый средний, компактный) до 4,3 м;2004.0;ВАЗ ВАЗ 2114 и модификации;Физические лица;Белый;;Технические неисправности отсутствуют
930000253.0;1.0;Осталось на месте ДТП;С передним приводом;D-класс (средний) до 4,6 м;2001.0;TOYOTA Corolla;Физические лица;Белый;;На одну ось ТС установлены шины различных размеров, конструкций (радиальной, диагональной, камерной, бескамерной), моделей, с различными рисунками протектора. На ТС одновременно установлены ошипованные и неошипованные шины
930000252.0;1.0;Осталось на месте ДТП;С передним приводом;Минивэны и универсалы повышенной вместимости;2010.0;TOYOTA Wish;Физические лица;Белый;;Технические неисправности отсутствуют
930000252.0;2.0;Осталось на месте ДТП;С передним приводом;Одноэтажные длиной от 5 до 8 м;2006.0;ГАЗ 3221  Газель , 32217, 32213, 32212, 322172, 322132, 322133 и модификации;Индивидуальные предприниматели без образования юридического лица;Желтый;;Технические неисправности отсутствуют
930000227.0;1.0;Осталось на месте ДТП;С передним приводом;С-класс (малый средний, компактный) до 4,3 м;2013.0;ВАЗ Priora;Физические лица;Синий;;Технические неисправности отсутствуют
930000230.0;1.0;Осталось на месте ДТП;С передним приводом;Прочие легковые автомобили;2002.0;HONDA Odyssey;Физические лица;Черный;;Технические неисправности отсутствуют
930000215.0;1.0;Осталось на месте ДТП;С передним приводом;С-класс (малый средний, компактный) до 4,3 м;2002.0;ВАЗ ВАЗ 2112 и модификации;Физические лица;Серый;;На одну ось ТС установлены шины различных размеров, конструкций (радиальной, диагональной, камерной, бескамерной), моделей, с различными рисунками протектора. На ТС одновременно установлены ошипованные и неошипованные шины
930000494.0;1.0;Осталось на месте ДТП;С передним приводом;D-класс (средний) до 4,6 м;2002.0;TOYOTA Allion;Физические лица;Белый;;Технические неисправности отсутствуют
930000494.0;2.0;Осталось на месте ДТП;С передним приводом;D-класс (средний) до 4,6 м;2008.0;TOYOTA Corolla;Физические лица;Серый;;Технические неисправности отсутствуют
930000483.0;1.0;Осталось на месте ДТП;С передним приводом;Минивэны и универсалы повышенной вместимости;2002.0;TOYOTA Ipsum;Физические лица;Белый;;Технические неисправности отсутствуют
930000473.0;2.0;Осталось на месте ДТП;С передним приводом;С-класс (малый средний, компактный) до 4,3 м;2005.0;ВАЗ ВАЗ 2110, 21101, 21102, 21103, 21108;Физические лица;Серый;;На одну ось ТС установлены шины различных размеров, конструкций (радиальной, диагональной, камерной, бескамерной), моделей, с различными рисунками протектора. На ТС одновременно установлены ошипованные и неошипованные шины
930000473.0;1.0;Осталось на месте ДТП;Полноприводные;Минивэны и универсалы повышенной вместимости;2016.0;УАЗ УАЗ 3151, 31512, 31514, 31519 и модификации;Физические лица;Зеленый;;Технические неисправности отсутствуют
930000472.0;1.0;Осталось на месте ДТП;С передним приводом;С-класс (малый средний, компактный) до 4,3 м;2005.0;ВАЗ ВАЗ 2115 и модификации;Физические лица;Серый;;Технические неисправности отсутствуют
930000472.0;2.0;Скрылось и установлено в срок от 3 до 10 суток;С передним приводом;С-класс (малый средний, компактный) до 4,3 м;2011.0;ВАЗ ВАЗ 2114 и модификации;Физические лица;Серый;;Технические неисправности отсутствуют
930000470.0;1.0;Осталось на месте ДТП;С передним приводом;С-класс (малый средний, компактный) до 4,3 м;2020.0;ВАЗ Granta (Гранта);Юридические лица, являющиеся некоммерческими организациями;Белый;;Технические неисправности отсутствуют
930000470.0;2.0;Осталось на месте ДТП;С задним приводом;Минивэны и универсалы повышенной вместимости;2003.0;BMW X5;Физические лица;Черный;;Технические неисправности отсутствуют
930000465.0;1.0;Осталось на месте ДТП;С передним приводом;С-класс (малый средний, компактный) до 4,3 м;1995.0;ВАЗ  Жигули  ВАЗ-2108, 09 и модификации                       ;Физические лица;Белый;;Не устанавливались
930000459.0;1.0;Осталось на месте ДТП;С передним приводом;D-класс (средний) до 4,6 м;1998.0;TOYOTA Sprinter;Физические лица;Белый;;Технические неисправности отсутствуют
930000452.0;1.0;Осталось на месте ДТП;Полноприводные;Минивэны и универсалы повышенной вместимости;1999.0;HONDA CR-V;Физические лица;Серый;;Технические неисправности отсутствуют
930000446.0;1.0;Осталось на месте ДТП;С передним приводом;С-класс (малый средний, компактный) до 4,3 м;2012.0;ВАЗ Priora;Физические лица;Черный;;Технические неисправности отсутствуют
930000446.0;2.0;Осталось на месте ДТП;С передним приводом;Минивэны и универсалы повышенной вместимости;2006.0;ВАЗ ВАЗ 2111, 21110 (универсал), 21113, 21114;Физические лица;Черный;;Технические неисправности отсутствуют
930000433.0;1.0;Осталось на месте ДТП;С передним приводом;С-класс (малый средний, компактный) до 4,3 м;2006.0;ВАЗ ВАЗ 2114 и модификации;Физические лица;Черный;;Технические неисправности отсутствуют
930000430.0;1.0;Осталось на месте ДТП;Полноприводные;Минивэны и универсалы повышенной вместимости;2006.0;CHEVROLET Прочие модели Chevrolet;Физические лица;Зеленый;;Технические неисправности отсутствуют
930000413.0;1.0;Скрылось с места ДТП;;В-класс (малый) до 3,9 м;; ;;;;Технические неисправности отсутствуют
930000379.0;2.0;Осталось на месте ДТП;С передним приводом;С-класс (малый средний, компактный) до 4,3 м;2005.0;ВАЗ ВАЗ 2112 и модификации;Физические лица;Белый;;Технические неисправности отсутствуют
930000379.0;1.0;Осталось на месте ДТП;С передним приводом;Минивэны и универсалы повышенной вместимости;2001.0;TOYOTA Corolla;Физические лица;Белый;;Технические неисправности отсутствуют
930000380.0;2.0;Осталось на месте ДТП;С передним приводом;С-класс (малый средний, компактный) до 4,3 м;2006.0;ВАЗ ВАЗ 2112 и модификации;Физические лица;Серый;;Технические неисправности отсутствуют
930000380.0;1.0;Осталось на месте ДТП;Полноприводные;Минивэны и универсалы повышенной вместимости;1998.0;HONDA CR-V;Физические лица;Красный;;Технические неисправности отсутствуют
930000371.0;2.0;Осталось на месте ДТП;С передним приводом;D-класс (средний) до 4,6 м;2011.0;MAZDA 323;Физические лица;Синий;;Технические неисправности отсутствуют
930000371.0;1.0;Осталось на месте ДТП;Иное расположение рулевого управления;Мотоциклы;2019.0;Прочие марки мотоциклов Прочие марки мотоциклов;Физические лица;Зеленый;;Технические неисправности отсутствуют
930000365.0;1.0;Осталось на месте ДТП;С задним приводом;С-класс (малый средний, компактный) до 4,3 м;2001.0;BMW 3er;Физические лица;Черный;;Технические неисправности отсутствуют
930000365.0;2.0;Осталось на месте ДТП;С передним приводом;D-класс (средний) до 4,6 м;1996.0;TOYOTA Corolla;Физические лица;Белый;;Технические неисправности отсутствуют
930000664.0;1.0;Осталось на месте ДТП;С передним приводом;D-класс (средний) до 4,6 м;2002.0;HONDA Civic;Физические лица;Синий;;Технические неисправности отсутствуют
930000665.0;1.0;Осталось на месте ДТП;Полноприводные;D-класс (средний) до 4,6 м;1991.0;УАЗ УАЗ 469;Физические лица;Зеленый;;Технические неисправности отсутствуют
930000661.0;1.0;Осталось на месте ДТП;Иное расположение рулевого управления;Мотоциклы;2019.0;FACTIRY BIKE Прочие модели Factiry bike;Физические лица;Черный;;Технические неисправности отсутствуют
930000658.0;1.0;Осталось на месте ДТП;С передним приводом;С-класс (малый средний, компактный) до 4,3 м;2010.0;ВАЗ Priora;Физические лица;Зеленый;;Технические неисправности отсутствуют
930000653.0;1.0;Осталось на месте ДТП;С передним приводом;С-класс (малый средний, компактный) до 4,3 м;2015.0;ВАЗ Granta (Гранта);Юридические лица, являющиеся коммерческими организациями;Серый;;Технические неисправности отсутствуют
930000648.0;1.0;Осталось на месте ДТП;С передним приводом;D-класс (средний) до 4,6 м;2002.0;TOYOTA Premio;Физические лица;Синий;;Технические неисправности отсутствуют
930000637.0;1.0;Осталось на месте ДТП;С передним приводом;D-класс (средний) до 4,6 м;1996.0;TOYOTA Carina;Физические лица;Белый;;Технические неисправности отсутствуют
930000640.0;2.0;Осталось на месте ДТП;С задним приводом;Самосвалы;2004.0;VOLVO Прочие модели Volvo;Физические лица;Красный;;Не устанавливались
930000640.0;1.0;Осталось на месте ДТП;С задним приводом;Самосвалы;2018.0;SHACMAN Прочие модели SHACMAN;Юридические лица, являющиеся коммерческими организациями;Оранжевый;;Технические неисправности отсутствуют
930000633.0;1.0;Осталось на месте ДТП;С передним приводом;С-класс (малый средний, компактный) до 4,3 м;2005.0;ВАЗ  Жигули  ВАЗ-2107 модификации;Физические лица;Белый;;На одну ось ТС установлены шины различных размеров, конструкций (радиальной, диагональной, камерной, бескамерной), моделей, с различными рисунками протектора. На ТС одновременно установлены ошипованные и неошипованные шины
930000636.0;1.0;Осталось на месте ДТП;С передним приводом;С-класс (малый средний, компактный) до 4,3 м;2006.0;ВАЗ ВАЗ 2112 и модификации;Физические лица;Зеленый;;Технические неисправности отсутствуют
930000645.0;1.0;Скрылось с места ДТП;;В-класс (малый) до 3,9 м;; ;;;;Технические неисправности отсутствуют
930000620.0;2.0;Осталось на месте ДТП;Иное расположение рулевого управления;Велосипеды;2019.0; ;Физические лица;Черный;;Технические неисправности отсутствуют
930000620.0;1.0;Осталось на месте ДТП;С передним приводом;D-класс (средний) до 4,6 м;2015.0;HYUNDAI Solaris;Физические лица;Серый;;Технические неисправности отсутствуют
930000612.0;1.0;Осталось на месте ДТП;С передним приводом;D-класс (средний) до 4,6 м;2004.0;TOYOTA Premio;Физические лица;Белый;;Технические неисправности отсутствуют
930000608.0;1.0;Скрылось и установлено в срок до 1 суток;Иное расположение рулевого управления;Мотоциклы;2016.0;DAEWOO Racer;Физические лица;Белый;;Технические неисправности отсутствуют
930000601.0;1.0;Скрылось и установлено в срок до 1 суток;С передним приводом;D-класс (средний) до 4,6 м;1997.0;HONDA Domani;Физические лица;Серый;;Технические неисправности отсутствуют
930000597.0;1.0;Осталось на месте ДТП;С передним приводом;С-класс (малый средний, компактный) до 4,3 м;2016.0;ВАЗ Priora;Физические лица;Черный;;Технические неисправности отсутствуют
930000598.0;1.0;Осталось на месте ДТП;С передним приводом;D-класс (средний) до 4,6 м;1996.0;TOYOTA Camry;Физические лица;Серый;;Технические неисправности отсутствуют
930000596.0;1.0;Осталось на месте ДТП;Иное расположение рулевого управления;Мопеды с двигателем внутреннего сгорания менее 50 см. куб.;2020.0;Прочие марки мотоциклов Прочие марки мотоциклов;Физические лица;Красный;;Технические неисправности отсутствуют
930000591.0;1.0;Осталось на месте ДТП;С передним приводом;Минивэны и универсалы повышенной вместимости;2006.0;TOYOTA Estima;Физические лица;Белый;;Технические неисправности отсутствуют
930000580.0;2.0;Осталось на месте ДТП;Полноприводные;Прочие легковые автомобили;2001.0;SUZUKI Grand Vitara;Физические лица;Серый;;Технические неисправности отсутствуют
930000580.0;1.0;Осталось на месте ДТП;Полноприводные;Минивэны и универсалы повышенной вместимости;1987.0;TOYOTA Hilux;Физические лица;Черный;;Технические неисправности отсутствуют
930000579.0;1.0;Осталось на месте ДТП;С передним приводом;С-класс (малый средний, компактный) до 4,3 м;2008.0;ВАЗ ВАЗ 2114 и модификации;Физические лица;Черный;;Технические неисправности отсутствуют
930000581.0;1.0;Осталось на месте ДТП;С передним приводом;С-класс (малый средний, компактный) до 4,3 м;2020.0;ВАЗ Granta (Гранта);Юридические лица, являющиеся некоммерческими организациями;Белый;;Технические неисправности отсутствуют
930000581.0;2.0;Осталось на месте ДТП;С передним приводом;D-класс (средний) до 4,6 м;2015.0;HYUNDAI Solaris;Индивидуальные предприниматели без образования юридического лица;Коричневый;;Технические неисправности отсутствуют
930000571.0;2.0;Осталось на месте ДТП;С передним приводом;Минивэны и универсалы повышенной вместимости;1999.0;TOYOTA Ipsum;Физические лица;Белый;;Технические неисправности отсутствуют
930000571.0;1.0;Осталось на месте ДТП;С передним приводом;Минивэны и универсалы повышенной вместимости;2000.0;TOYOTA Caldina;Физические лица;Серый;;Технические неисправности отсутствуют
930000573.0;1.0;Скрылось с места ДТП;;В-класс (малый) до 3,9 м;; ;;;;Технические неисправности отсутствуют
930000569.0;1.0;Осталось на месте ДТП;С передним приводом;D-класс (средний) до 4,6 м;1994.0;TOYOTA Carina;Физические лица;Серый;;Технические неисправности отсутствуют
930000569.0;2.0;Осталось на месте ДТП;Полноприводные;Минивэны и универсалы повышенной вместимости;2007.0;УАЗ УАЗ 3151, 31512, 31514, 31519 и модификации;Физические лица;Зеленый;;Технические неисправности отсутствуют
930000578.0;1.0;Скрылось с места ДТП;;В-класс (малый) до 3,9 м;; ;;;;Технические неисправности отсутствуют
930000562.0;1.0;Осталось на месте ДТП;С передним приводом;D-класс (средний) до 4,6 м;1999.0;TOYOTA Avensis;Физические лица;Серый;;Технические неисправности отсутствуют
930000563.0;1.0;Осталось на месте ДТП;С задним приводом;С-класс (малый средний, компактный) до 4,3 м;2000.0;ВАЗ  Жигули  ВАЗ-2106 модификации;Физические лица;Синий;;Технические неисправности отсутствуют
930000563.0;2.0;Осталось на месте ДТП;Полноприводные;Минивэны и универсалы повышенной вместимости;2012.0;УАЗ 3909;Юридические лица, являющиеся коммерческими организациями;Белый;;Технические неисправности отсутствуют
930000564.0;1.0;Осталось на месте ДТП;С передним приводом;В-класс (малый) до 3,9 м;2003.0;FORD Focus;Физические лица;Черный;;Технические неисправности отсутствуют
930000556.0;1.0;Осталось на месте ДТП;С передним приводом;D-класс (средний) до 4,6 м;2019.0;VOLKSWAGEN Polo;Физические лица;Белый;;Технические неисправности отсутствуют
930000560.0;1.0;Осталось на месте ДТП;С передним приводом;С-класс (малый средний, компактный) до 4,3 м;2012.0;ВАЗ ВАЗ 2110, 21101, 21102, 21103, 21108;Физические лица;Белый;;На одну ось ТС установлены шины различных размеров, конструкций (радиальной, диагональной, камерной, бескамерной), моделей, с различными рисунками протектора. На ТС одновременно установлены ошипованные и неошипованные шины
930000557.0;1.0;Осталось на месте ДТП;С передним приводом;С-класс (малый средний, компактный) до 4,3 м;2002.0;ВАЗ ВАЗ 2110, 21101, 21102, 21103, 21108;Физические лица;Белый;;На одну ось ТС установлены шины различных размеров, конструкций (радиальной, диагональной, камерной, бескамерной), моделей, с различными рисунками протектора. На ТС одновременно установлены ошипованные и неошипованные шины
930000552.0;2.0;Скрылось с места ДТП;;В-класс (малый) до 3,9 м;; ;;;;Технические неисправности отсутствуют
930000552.0;1.0;Скрылось с места ДТП;;В-класс (малый) до 3,9 м;; ;;;;Технические неисправности отсутствуют
930000549.0;3.0;Осталось на месте ДТП;С передним приводом;С-класс (малый средний, компактный) до 4,3 м;2008.0;ВАЗ  Жигули  ВАЗ-2107 модификации;Физические лица;Зеленый;;Технические неисправности отсутствуют
930000549.0;2.0;Осталось на месте ДТП;Полноприводные;Минивэны и универсалы повышенной вместимости;2005.0;INFINITI FX-серия;Физические лица;Серый;;Технические неисправности отсутствуют
930000549.0;1.0;Осталось на месте ДТП;С передним приводом;Минивэны и универсалы повышенной вместимости;2019.0;ВАЗ Vesta (Веста);Физические лица;Коричневый;;Технические неисправности отсутствуют
930000546.0;2.0;Осталось на месте ДТП;С задним приводом;Фургоны;2004.0;ГАЗ 3302, 33027 и модификации;Физические лица;Белый;;Технические неисправности отсутствуют
930000546.0;1.0;Осталось на месте ДТП;С задним приводом;D-класс (средний) до 4,6 м;1999.0;TOYOTA Avensis;Физические лица;Зеленый;;Технические неисправности отсутствуют
930000533.0;1.0;Скрылось с места ДТП;Иное расположение рулевого управления;Тракторы;; ;;;;Технические неисправности отсутствуют
930000536.0;1.0;Осталось на месте ДТП;С задним приводом;С-класс (малый средний, компактный) до 4,3 м;1992.0;ВАЗ  Жигули  ВАЗ-2106 модификации;Физические лица;Синий;;Технические неисправности отсутствуют
930000531.0;1.0;Осталось на месте ДТП;С передним приводом;Е-класс (высший средний, бизнес-класс) до 4,9 м;2005.0;TOYOTA Crown;Физические лица;Серый;;Коэффициент светопропускания стекол менее нормативного, установлены дополнительные предметы или нанесены покрытия, ограничивающие обзорность с места водителя
930000526.0;1.0;Осталось на месте ДТП;С передним приводом;С-класс (малый средний, компактный) до 4,3 м;2017.0;ВАЗ Granta (Гранта);Физические лица;Серый;;Технические неисправности отсутствуют
930000519.0;1.0;Осталось на месте ДТП;Иное расположение рулевого управления;Мотоциклы;1999.0;HONDA Прочие модели Honda;Физические лица;Красный;;Технические неисправности отсутствуют
930000518.0;1.0;Осталось на месте ДТП;С передним приводом;D-класс (средний) до 4,6 м;2000.0;TOYOTA Corolla;Физические лица;Серый;;Технические неисправности отсутствуют
930000510.0;2.0;Осталось на месте ДТП;С задним приводом;С-класс (малый средний, компактный) до 4,3 м;2007.0;ВАЗ ВАЗ 2115 и модификации;Физические лица;Серый;;Технические неисправности отсутствуют
930000510.0;1.0;Осталось на месте ДТП;Полноприводные;Минивэны и универсалы повышенной вместимости;2017.0;УАЗ УАЗ 3163;Юридические лица, являющиеся некоммерческими организациями;Серый;;Технические неисправности отсутствуют
930000504.0;1.0;Осталось на месте ДТП;Полноприводные;Минивэны и универсалы повышенной вместимости;2007.0;HONDA CR-V;Физические лица;Серый;;Технические неисправности отсутствуют
930000844.0;1.0;Осталось на месте ДТП;Иное расположение рулевого управления;Мотоциклы;2013.0;KAWASAKI KLX;Физические лица;Зеленый;;Технические неисправности отсутствуют
930000844.0;2.0;Осталось на месте ДТП;С задним приводом;Одноэтажные длиной от 5 до 8 м;2010.0;ПАЗ 4234;Юридические лица, являющиеся коммерческими организациями;Белый;;Технические неисправности отсутствуют
930000841.0;1.0;Осталось на месте ДТП;Иное расположение рулевого управления;Мотоциклы;2015.0;RAJDOOT Прочие модели Rajdoot;Физические лица;Серый;;Технические неисправности отсутствуют
930000836.0;1.0;Скрылось с места ДТП;;В-класс (малый) до 3,9 м;; ;;;;Не устанавливались
930000839.0;1.0;Осталось на месте ДТП;Иное расположение рулевого управления;Мопеды с двигателем внутреннего сгорания более 50 см. куб.;2013.0;RAJDOOT Прочие модели Rajdoot;Физические лица;Синий;;Технические неисправности отсутствуют
930000832.0;1.0;Осталось на месте ДТП;С задним приводом;С-класс (малый средний, компактный) до 4,3 м;1973.0;ВАЗ  Жигули  ВАЗ-2101, 02, 03 и модификации;Физические лица;Зеленый;;Технические неисправности отсутствуют
930000832.0;2.0;Осталось на месте ДТП;С передним приводом;Минивэны и универсалы повышенной вместимости;2012.0;NISSAN Juke;Физические лица;Белый;;Технические неисправности отсутствуют
930000830.0;1.0;Осталось на месте ДТП;С передним приводом;Минивэны и универсалы повышенной вместимости;2000.0;TOYOTA Caldina;Физические лица;Серый;;Технические неисправности отсутствуют
930000831.0;1.0;Осталось на месте ДТП;С передним приводом;D-класс (средний) до 4,6 м;1999.0;TOYOTA Avensis;Физические лица;Зеленый;;Технические неисправности отсутствуют
930000824.0;1.0;Осталось на месте ДТП;С передним приводом;С-класс (малый средний, компактный) до 4,3 м;2002.0;TOYOTA Allex;Физические лица;Серый;;Технические неисправности отсутствуют
930000819.0;2.0;Осталось на месте ДТП;Иное расположение рулевого управления;Велосипеды;2019.0; ;Физические лица;Синий;;Технические неисправности отсутствуют
930000819.0;1.0;Осталось на месте ДТП;Полноприводные;Прочие легковые автомобили;2012.0;УАЗ Прочие модели УАЗ;Физические лица;Черный;;Технические неисправности отсутствуют
930000808.0;1.0;Осталось на месте ДТП;С передним приводом;D-класс (средний) до 4,6 м;2009.0;ВАЗ ВАЗ 2111, 21110 (универсал), 21113, 21114;Физические лица;Белый;;Технические неисправности отсутствуют
930000801.0;1.0;Осталось на месте ДТП;С передним приводом;Прочие легковые автомобили;2006.0;ВАЗ Kalina;Физические лица;Синий;;Технические неисправности отсутствуют
930000827.0;1.0;Скрылось с места ДТП;;В-класс (малый) до 3,9 м;; ;;;;Технические неисправности отсутствуют
930000799.0;2.0;Осталось на месте ДТП;Полноприводные;Прочие легковые автомобили;2007.0;УАЗ УАЗ 33094;Физические лица;Белый;;Технические неисправности отсутствуют
930000799.0;1.0;Осталось на месте ДТП;С задним приводом;D-класс (средний) до 4,6 м;2007.0;ВАЗ  Жигули  ВАЗ-2105 модификации;Физические лица;Красный;;Технические неисправности отсутствуют
930000792.0;2.0;Осталось на месте ДТП;Полноприводные;S-класс (высший, представительский класс) более 4,9 м;2018.0;LEXUS LX;Юридические лица, являющиеся некоммерческими организациями;Серый;;Технические неисправности отсутствуют
930000792.0;1.0;Осталось на месте ДТП;С передним приводом;Минивэны и универсалы повышенной вместимости;2005.0;SUBARU Forester;Физические лица;Желтый;;Технические неисправности отсутствуют
930000788.0;1.0;Скрылось с места ДТП;Иное расположение рулевого управления;Мотоциклы;; ;;;;Технические неисправности отсутствуют
930000789.0;1.0;Осталось на месте ДТП;С передним приводом;D-класс (средний) до 4,6 м;2002.0;ВАЗ  Жигули  ВАЗ-2108, 09 и модификации                       ;Физические лица;Серый;;Технические неисправности отсутствуют
930000791.0;2.0;Осталось на месте ДТП;Полноприводные;С-класс (малый средний, компактный) до 4,3 м;2011.0;BMW X6;Физические лица;Черный;;Технические неисправности отсутствуют
930000791.0;1.0;Осталось на месте ДТП;С передним приводом;С-класс (малый средний, компактный) до 4,3 м;1997.0;TOYOTA Corona;Физические лица;Серый;;Технические неисправности отсутствуют
930000779.0;1.0;Осталось на месте ДТП;С передним приводом;Минивэны и универсалы повышенной вместимости;2001.0;MITSUBISHI Airtek;Физические лица;Серый;;Технические неисправности отсутствуют
930000778.0;1.0;Осталось на месте ДТП;С передним приводом;D-класс (средний) до 4,6 м;2018.0;ВАЗ Granta (Гранта);Физические лица;Серый;;Технические неисправности отсутствуют
930000778.0;2.0;Осталось на месте ДТП;С передним приводом;D-класс (средний) до 4,6 м;2005.0;ВАЗ ВАЗ 2110, 21101, 21102, 21103, 21108;Физические лица;Серый;;Технические неисправности отсутствуют
930000768.0;1.0;Осталось на месте ДТП;С передним приводом;D-класс (средний) до 4,6 м;2003.0;Прочие марки ТС Прочие марки и модели ТС;Физические лица;Белый;;Технические неисправности отсутствуют
930000758.0;1.0;Осталось на месте ДТП;С передним приводом;Е-класс (высший средний, бизнес-класс) до 4,9 м;2004.0;TOYOTA Camry;Физические лица;Зеленый;;Технические неисправности отсутствуют
930000753.0;1.0;Скрылось с места ДТП;;С-класс (малый средний, компактный) до 4,3 м;; ;;;;Технические неисправности отсутствуют
930000756.0;1.0;Осталось на месте ДТП;С передним приводом;D-класс (средний) до 4,6 м;1998.0;ВАЗ  Жигули  ВАЗ-2108, 09 и модификации                       ;Физические лица;Зеленый;;Технические неисправности отсутствуют
930000757.0;1.0;Осталось на месте ДТП;С задним приводом;Минивэны и универсалы повышенной вместимости;2011.0;ВАЗ  Жигули  ВАЗ-2101, 02, 03 и модификации;Физические лица;Коричневый;;Технические неисправности отсутствуют
930000755.0;1.0;Осталось на месте ДТП;С передним приводом;С-класс (малый средний, компактный) до 4,3 м;1996.0;TOYOTA Corolla;Физические лица;Белый;;Технические неисправности отсутствуют
930000777.0;1.0;Скрылось с места ДТП;;В-класс (малый) до 3,9 м;; ;;;;Технические неисправности отсутствуют
930000752.0;1.0;Осталось на месте ДТП;Иное расположение рулевого управления;Мотоциклы;2006.0;HONDA Прочие модели Honda;Физические лица;Красный;;Технические неисправности отсутствуют
930000752.0;2.0;Осталось на месте ДТП;Полноприводные;Бортовые грузовые автомобили;2016.0;VOLKSWAGEN Amarok;Физические лица;Черный;;Технические неисправности отсутствуют
930000747.0;1.0;Осталось на месте ДТП;С задним приводом;Одноэтажные длиной от 5 до 8 м;2013.0;IVECO Прочие модели Iveco;Индивидуальные предприниматели без образования юридического лица;Белый;;Технические неисправности отсутствуют
930000742.0;1.0;Скрылось с места ДТП;;Е-класс (высший средний, бизнес-класс) до 4,9 м;; ;;;;Технические неисправности отсутствуют
930000737.0;1.0;Осталось на месте ДТП;С задним приводом;Прочие грузовые автомобили;2009.0;ГАЗ Прочие модели ГАЗ;Физические лица;Белый;;Технические неисправности отсутствуют
930000735.0;1.0;Осталось на месте ДТП;С передним приводом;D-класс (средний) до 4,6 м;1984.0;MITSUBISHI GTO;Физические лица;Серый;;Технические неисправности отсутствуют
930000738.0;2.0;Осталось на месте ДТП;С задним приводом;Фургоны;2015.0;MITSUBISHI Прочие модели MITSUBISHI;Физические лица;Белый;;Технические неисправности отсутствуют
930000738.0;1.0;Осталось на месте ДТП;С передним приводом;D-класс (средний) до 4,6 м;2000.0;ВАЗ  Жигули  ВАЗ-2107 модификации;Физические лица;Синий;;Технические неисправности отсутствуют
930000730.0;2.0;Осталось на месте ДТП;С передним приводом;С-класс (малый средний, компактный) до 4,3 м;2012.0;ВАЗ ВАЗ 2114 и модификации;Физические лица;Красный;;Технические неисправности отсутствуют
930000730.0;1.0;Осталось на месте ДТП;Полноприводные;Прочие легковые автомобили;1989.0;TOYOTA Town Ace;Физические лица;Коричневый;;Технические неисправности отсутствуют
930000727.0;2.0;Осталось на месте ДТП;Иное расположение рулевого управления;Мотоциклы;2019.0;Прочие марки ТС Прочие марки и модели ТС;Физические лица;Синий;;Технические неисправности отсутствуют
930000727.0;1.0;Осталось на месте ДТП;Иное расположение рулевого управления;Мотоциклы;2019.0;Прочие марки ТС Прочие марки и модели ТС;Физические лица;Черный;;Технические неисправности отсутствуют
930000726.0;1.0;Осталось на месте ДТП;С передним приводом;D-класс (средний) до 4,6 м;1999.0;TOYOTA Carina;Физические лица;Белый;;Технические неисправности отсутствуют
930000718.0;2.0;Осталось на месте ДТП;С передним приводом;D-класс (средний) до 4,6 м;2002.0;TOYOTA Corolla;Физические лица;Белый;;Технические неисправности отсутствуют
930000718.0;1.0;Осталось на месте ДТП;С задним приводом;Рефрижераторы;2000.0;HOLDEN Прочие модели HOLDEN;Физические лица;Белый;;Технические неисправности отсутствуют
930000712.0;1.0;Осталось на месте ДТП;С передним приводом;С-класс (малый средний, компактный) до 4,3 м;2007.0;ВАЗ ВАЗ 2110, 21101, 21102, 21103, 21108;Физические лица;Зеленый;;Технические неисправности отсутствуют
930000712.0;2.0;Осталось на месте ДТП;Полноприводные;Минивэны и универсалы повышенной вместимости;2011.0;NISSAN Qashgai;Физические лица;Черный;;Технические неисправности отсутствуют
930000706.0;1.0;Осталось на месте ДТП;С передним приводом;С-класс (малый средний, компактный) до 4,3 м;2005.0;ВАЗ ВАЗ 2110, 21101, 21102, 21103, 21108;Физические лица;Черный;;Технические неисправности отсутствуют
930000706.0;2.0;Осталось на месте ДТП;С передним приводом;Минивэны и универсалы повышенной вместимости;2017.0;ВАЗ Largus (Ларгус);Физические лица;Белый;;Технические неисправности отсутствуют
930000706.0;3.0;Осталось на месте ДТП;;Прицепы прочие;2007.0; ;Физические лица;Оранжевый;;Технические неисправности отсутствуют
930000709.0;1.0;Осталось на месте ДТП;Иное расположение рулевого управления;Мотоциклы;2020.0;Прочие марки ТС Прочие марки и модели ТС;Физические лица;Красный;;Технические неисправности отсутствуют
930000702.0;1.0;Осталось на месте ДТП;С задним приводом;Одноэтажные длиной от 8 до 12 м;2018.0;ПАЗ 32054;Юридические лица, являющиеся коммерческими организациями;Белый;;Технические неисправности отсутствуют
930000702.0;2.0;Осталось на месте ДТП;Полноприводные;Минивэны и универсалы повышенной вместимости;2009.0;ВАЗ ВАЗ 2131 и модификации;Физические лица;Серый;;Технические неисправности отсутствуют
930000703.0;2.0;Осталось на месте ДТП;Иное расположение рулевого управления;Велосипеды;2019.0; ;Физические лица;Синий;;Технические неисправности отсутствуют
930000703.0;1.0;Осталось на месте ДТП;Полноприводные;Минивэны и универсалы повышенной вместимости;2013.0;LEXUS GS;Физические лица;Белый;;Технические неисправности отсутствуют
930000694.0;2.0;Осталось на месте ДТП;С передним приводом;D-класс (средний) до 4,6 м;2002.0;TOYOTA Allion;Физические лица;Синий;;Технические неисправности отсутствуют
930000694.0;1.0;Осталось на месте ДТП;С передним приводом;D-класс (средний) до 4,6 м;2013.0;FORD Focus;Физические лица;Белый;;Технические неисправности отсутствуют
930000698.0;2.0;Осталось на месте ДТП;С передним приводом;D-класс (средний) до 4,6 м;1986.0;TOYOTA Carina;Физические лица;Белый;;Технические неисправности отсутствуют
930000698.0;1.0;Осталось на месте ДТП;С передним приводом;D-класс (средний) до 4,6 м;1991.0;TOYOTA Camry;Физические лица;Серый;;Технические неисправности отсутствуют
930000699.0;2.0;Осталось на месте ДТП;Иное расположение рулевого управления;Велосипеды;2019.0; ;Физические лица;;;Технические неисправности отсутствуют
930000699.0;1.0;Осталось на месте ДТП;Иное расположение рулевого управления;Мотоциклы;2019.0;Прочие марки мотоциклов Прочие марки мотоциклов;Физические лица;Серый;;Технические неисправности отсутствуют
930000697.0;1.0;Осталось на месте ДТП;Полноприводные;Прочие одноярусные;2011.0;УРАЛ 3255;Физические лица;Синий;;Технические неисправности отсутствуют
930000688.0;2.0;Осталось на месте ДТП;Иное расположение рулевого управления;Велосипеды;2019.0; ;Физические лица;Синий;;Технические неисправности отсутствуют
930000688.0;1.0;Осталось на месте ДТП;С передним приводом;D-класс (средний) до 4,6 м;2011.0;TOYOTA Corolla;Физические лица;Серый;;Технические неисправности отсутствуют
930000680.0;1.0;Осталось на месте ДТП;С передним приводом;С-класс (малый средний, компактный) до 4,3 м;2000.0;ВАЗ ВАЗ 2110, 21101, 21102, 21103, 21108;Физические лица;Белый;;Технические неисправности отсутствуют
930000668.0;2.0;Осталось на месте ДТП;С передним приводом;D-класс (средний) до 4,6 м;2004.0;TOYOTA Avensis;Физические лица;Зеленый;;Технические неисправности отсутствуют
930000668.0;1.0;Осталось на месте ДТП;С передним приводом;D-класс (средний) до 4,6 м;2003.0;TOYOTA Allion;Физические лица;Белый;;Технические неисправности отсутствуют
930000678.0;1.0;Осталось на месте ДТП;С задним приводом;С-класс (малый средний, компактный) до 4,3 м;2004.0;ВАЗ  Жигули  ВАЗ-2104 модификации;Физические лица;Фиолетовый;;Технические неисправности отсутствуют
930000669.0;1.0;Осталось на месте ДТП;С передним приводом;С-класс (малый средний, компактный) до 4,3 м;2007.0;ВАЗ ВАЗ 2112 и модификации;Физические лица;Серый;;Технические неисправности отсутствуют
930000669.0;2.0;Осталось на месте ДТП;С передним приводом;D-класс (средний) до 4,6 м;1993.0;TOYOTA Corolla;Физические лица;Белый;;Технические неисправности отсутствуют
930000677.0;1.0;Осталось на месте ДТП;С передним приводом;С-класс (малый средний, компактный) до 4,3 м;2009.0;ВАЗ Priora;Физические лица;Белый;;Технические неисправности отсутствуют
930000677.0;2.0;Осталось на месте ДТП;С передним приводом;Е-класс (высший средний, бизнес-класс) до 4,9 м;2008.0;TOYOTA Camry;Физические лица;Серый;;Технические неисправности отсутствуют
930000676.0;1.0;Осталось на месте ДТП;С передним приводом;D-класс (средний) до 4,6 м;2010.0;FORD Focus;Физические лица;Серый;;Технические неисправности отсутствуют
930001002.0;2.0;Осталось на месте ДТП;С передним приводом;С-класс (малый средний, компактный) до 4,3 м;2005.0;ВАЗ ВАЗ 2115 и модификации;Физические лица;Зеленый;;Технические неисправности отсутствуют
930001002.0;1.0;Осталось на месте ДТП;С передним приводом;С-класс (малый средний, компактный) до 4,3 м;2012.0;ВАЗ Granta (Гранта);Физические лица;Красный;;Технические неисправности отсутствуют
930000998.0;1.0;Осталось на месте ДТП;С передним приводом;С-класс (малый средний, компактный) до 4,3 м;2004.0;ВАЗ  Жигули  ВАЗ-2107 модификации;Физические лица;Красный;;Технические неисправности отсутствуют
930000997.0;1.0;Осталось на месте ДТП;Полноприводные;Минивэны и универсалы повышенной вместимости;1996.0;УАЗ УАЗ 3151, 31512, 31514, 31519 и модификации;Физические лица;Зеленый;;Наличие конструктивных изменений по сравнению с серийным ТС, сведения о которых отсутствуют в регистрационных документах
930000988.0;1.0;Осталось на месте ДТП;С задним приводом;В-класс (малый) до 3,9 м;2004.0;ВАЗ  Ока  ВАЗ-1111 и модификации;Физические лица;Желтый;;Технические неисправности отсутствуют
930000973.0;1.0;Осталось на месте ДТП;С передним приводом;В-класс (малый) до 3,9 м;2002.0;HONDA FIT;Физические лица;Серый;;Технические неисправности отсутствуют
930000975.0;1.0;Осталось на месте ДТП;С передним приводом;D-класс (средний) до 4,6 м;1991.0;TOYOTA Corolla;Физические лица;Серый;;Технические неисправности отсутствуют
930000975.0;2.0;Осталось на месте ДТП;С передним приводом;Минивэны и универсалы повышенной вместимости;2013.0;TOYOTA RAV 4;Физические лица;Белый;;Технические неисправности отсутствуют
930000969.0;2.0;Осталось на месте ДТП;С задним приводом;Прочие легковые автомобили;1994.0;NISSAN Datsun;Физические лица;Черный;;Технические неисправности отсутствуют
930000969.0;1.0;Осталось на месте ДТП;С передним приводом;D-класс (средний) до 4,6 м;1997.0;TOYOTA Carina;Физические лица;Белый;;Технические неисправности отсутствуют
930000963.0;2.0;Осталось на месте ДТП;Иное расположение рулевого управления;Мотоциклы;2016.0;MOTOLEVO Прочие модели Motolevo;Физические лица;Черный;;Технические неисправности отсутствуют
930000963.0;1.0;Осталось на месте ДТП;С передним приводом;Е-класс (высший средний, бизнес-класс) до 4,9 м;2002.0;TOYOTA Allion;Физические лица;Белый;;Технические неисправности отсутствуют
930000954.0;1.0;Скрылось с места ДТП;Иное расположение рулевого управления;Мопеды с двигателем внутреннего сгорания более 50 см. куб.;; ;;;;Технические неисправности отсутствуют
930000956.0;1.0;Осталось на месте ДТП;С передним приводом;D-класс (средний) до 4,6 м;1993.0;TOYOTA Corolla;Физические лица;Серый;;Технические неисправности отсутствуют
930000956.0;2.0;Осталось на месте ДТП;С передним приводом;Минивэны и универсалы повышенной вместимости;2001.0;HONDA Odyssey;Физические лица;Белый;;Технические неисправности отсутствуют
930000958.0;1.0;Осталось на месте ДТП;С передним приводом;D-класс (средний) до 4,6 м;2003.0;TOYOTA Avensis;Физические лица;Черный;;Технические неисправности отсутствуют
930000950.0;1.0;Осталось на месте ДТП;С передним приводом;D-класс (средний) до 4,6 м;2008.0;HONDA Odyssey;Физические лица;Белый;;Технические неисправности отсутствуют
930000939.0;1.0;Осталось на месте ДТП;С передним приводом;Минивэны и универсалы повышенной вместимости;2002.0;TOYOTA Прочие модели Toyota;Физические лица;Серый;;Не устанавливались
930000945.0;1.0;Осталось на месте ДТП;С передним приводом;С-класс (малый средний, компактный) до 4,3 м;1999.0;TOYOTA Corsa;Физические лица;Серый;;Технические неисправности отсутствуют
930000945.0;2.0;Осталось на месте ДТП;С передним приводом;С-класс (малый средний, компактный) до 4,3 м;2003.0;ВАЗ  Жигули  ВАЗ-2108, 09 и модификации                       ;Физические лица;Серый;;Технические неисправности отсутствуют
930000937.0;1.0;Осталось на месте ДТП;С передним приводом;В-класс (малый) до 3,9 м;2001.0;HONDA FIT;Физические лица;Белый;;Технические неисправности отсутствуют
930000937.0;2.0;Осталось на месте ДТП;С передним приводом;D-класс (средний) до 4,6 м;2003.0;FORD Focus;Физические лица;Черный;;Технические неисправности отсутствуют
930000934.0;1.0;Осталось на месте ДТП;С передним приводом;D-класс (средний) до 4,6 м;1991.0;ВАЗ  Жигули  ВАЗ-2105 модификации;Физические лица;Красный;;Неисправность рабочей тормозной системы
930000926.0;1.0;Осталось на месте ДТП;С передним приводом;D-класс (средний) до 4,6 м;2003.0;ВАЗ ВАЗ 2114 и модификации;Физические лица;Серый;;Технические неисправности отсутствуют
930000928.0;1.0;Осталось на месте ДТП;С передним приводом;В-класс (малый) до 3,9 м;2015.0;NISSAN Note;Физические лица;Серый;;Технические неисправности отсутствуют
930000928.0;2.0;Осталось на месте ДТП;;Велосипеды;; ;Физические лица;Синий;;Технические неисправности отсутствуют
930000922.0;1.0;Осталось на месте ДТП;С задним приводом;D-класс (средний) до 4,6 м;2005.0;FORD Focus;Физические лица;Серый;;Технические неисправности отсутствуют
930000922.0;2.0;Осталось на месте ДТП;С передним приводом;Минивэны и универсалы повышенной вместимости;2001.0;ВАЗ ВАЗ 2111, 21110 (универсал), 21113, 21114;Физические лица;Серый;;Технические неисправности отсутствуют
930000915.0;1.0;Скрылось и установлено в срок от 3 до 10 суток;С передним приводом;Прочие легковые автомобили;2006.0;ВАЗ ВАЗ 2111, 21110 (универсал), 21113, 21114;Физические лица;Серый;;Технические неисправности отсутствуют
930000911.0;1.0;Осталось на месте ДТП;С передним приводом;D-класс (средний) до 4,6 м;2009.0;CHEVROLET Прочие модели Chevrolet;Физические лица;Серый;;Технические неисправности отсутствуют
930000910.0;1.0;Осталось на месте ДТП;Полноприводные;Минивэны и универсалы повышенной вместимости;1993.0;KIA Sportage;Физические лица;Красный;;Технические неисправности отсутствуют
930000908.0;1.0;Осталось на месте ДТП;С передним приводом;Е-класс (высший средний, бизнес-класс) до 4,9 м;2007.0;TOYOTA Allion;Физические лица;Черный;;Технические неисправности отсутствуют
930000904.0;1.0;Осталось на месте ДТП;Полноприводные;С-класс (малый средний, компактный) до 4,3 м;2003.0;УАЗ УАЗ 3151, 31512, 31514, 31519 и модификации;Физические лица;Синий;;Технические неисправности отсутствуют
930000972.0;1.0;Скрылось и установлено в срок от 3 до 10 суток;Иное расположение рулевого управления;Мотоциклы;1990.0;ИЖ Планета;Физические лица;Красный;;Технические неисправности отсутствуют
930000903.0;1.0;Осталось на месте ДТП;С задним приводом;Минивэны и универсалы повышенной вместимости;2002.0;SUBARU Forester;Физические лица;Белый;;Технические неисправности отсутствуют
930000898.0;1.0;Осталось на месте ДТП;С передним приводом;D-класс (средний) до 4,6 м;2002.0;MITSUBISHI Прочие модели Mitsubishi;Физические лица;Белый;;Технические неисправности отсутствуют
930000893.0;1.0;Осталось на месте ДТП;С передним приводом;D-класс (средний) до 4,6 м;1999.0;TOYOTA Corolla;Физические лица;Зеленый;;Технические неисправности отсутствуют
930000893.0;2.0;Осталось на месте ДТП;С передним приводом;Минивэны и универсалы повышенной вместимости;2011.0;ВАЗ  Жигули  ВАЗ-2104 модификации;Физические лица;Серый;;Технические неисправности отсутствуют
930000891.0;1.0;Осталось на месте ДТП;С передним приводом;D-класс (средний) до 4,6 м;1999.0;NISSAN Sunny;Физические лица;Синий;;Технические неисправности отсутствуют
930000888.0;1.0;Скрылось и установлено в срок до 1 суток;Иное расположение рулевого управления;Мотоциклы;1982.0;Прочие марки мотоциклов Прочие марки мотоциклов;Физические лица;Красный;;Технические неисправности отсутствуют
930000886.0;2.0;Осталось на месте ДТП;С передним приводом;D-класс (средний) до 4,6 м;2001.0;TOYOTA Allion;Физические лица;Серый;;Технические неисправности отсутствуют
930000886.0;1.0;Осталось на месте ДТП;С передним приводом;D-класс (средний) до 4,6 м;2006.0;ВАЗ ВАЗ 2114 и модификации;Физические лица;Черный;;Технические неисправности отсутствуют
930000869.0;1.0;Осталось на месте ДТП;С передним приводом;Минивэны и универсалы повышенной вместимости;2001.0;TOYOTA Caldina;Физические лица;Белый;;Технические неисправности отсутствуют
930000864.0;1.0;Осталось на месте ДТП;С передним приводом;С-класс (малый средний, компактный) до 4,3 м;2012.0;ВАЗ Priora;Физические лица;Белый;;Технические неисправности отсутствуют
930000863.0;1.0;Осталось на месте ДТП;С передним приводом;D-класс (средний) до 4,6 м;2009.0;ВАЗ Priora;Физические лица;Серый;;Технические неисправности отсутствуют
930000856.0;1.0;Осталось на месте ДТП;С передним приводом;Минивэны и универсалы повышенной вместимости;1997.0;TOYOTA Ipsum;Физические лица;Синий;;Технические неисправности отсутствуют
930000851.0;1.0;Осталось на месте ДТП;С передним приводом;D-класс (средний) до 4,6 м;2001.0;ВАЗ ВАЗ 2110, 21101, 21102, 21103, 21108;Физические лица;Серый;;Технические неисправности отсутствуют
930000845.0;1.0;Осталось на месте ДТП;Иное расположение рулевого управления;Тракторы;1997.0;Прочие марки строительной техники Прочие марки строительной техники;Физические лица;Синий;;Неисправность внешних световых приборов
930000845.0;2.0;Осталось на месте ДТП;Полноприводные;Минивэны и универсалы повышенной вместимости;2001.0;MITSUBISHI Прочие модели Mitsubishi;Физические лица;Серый;;Технические неисправности отсутствуют
930000845.0;3.0;Осталось на месте ДТП;;Прицепы прочие;1997.0;Прочие марки ТС Прочие марки и модели ТС;Физические лица;Черный;;Неисправность внешних световых приборов
930000848.0;1.0;Осталось на месте ДТП;С передним приводом;D-класс (средний) до 4,6 м;2003.0;TOYOTA Corolla;Физические лица;Серый;;Технические неисправности отсутствуют
930000847.0;1.0;Осталось на месте ДТП;Полноприводные;Прочие легковые автомобили;2007.0;MITSUBISHI Прочие модели Mitsubishi;Физические лица;Черный;;Технические неисправности отсутствуют
930001165.0;1.0;Скрылось с места ДТП;;С-класс (малый средний, компактный) до 4,3 м;; ;;;;Технические неисправности отсутствуют
930001168.0;1.0;Осталось на месте ДТП;С передним приводом;С-класс (малый средний, компактный) до 4,3 м;2006.0;ВАЗ ВАЗ 2110, 21101, 21102, 21103, 21108;Физические лица;Зеленый;;Технические неисправности отсутствуют
930001147.0;1.0;Скрылось и установлено в срок до 1 суток;С передним приводом;В-класс (малый) до 3,9 м;2000.0;MAZDA Demio;Физические лица;Серый;;Технические неисправности отсутствуют
930001150.0;1.0;Скрылось с места ДТП;;С-класс (малый средний, компактный) до 4,3 м;; ;;;;Технические неисправности отсутствуют
930001154.0;1.0;Скрылось с места ДТП;;В-класс (малый) до 3,9 м;; ;;;;Технические неисправности отсутствуют
930001143.0;1.0;Осталось на месте ДТП;С передним приводом;С-класс (малый средний, компактный) до 4,3 м;1999.0;ВАЗ  Жигули  ВАЗ-2108, 09 и модификации                       ;Физические лица;Зеленый;;Технические неисправности отсутствуют
930001144.0;1.0;Осталось на месте ДТП;С передним приводом;С-класс (малый средний, компактный) до 4,3 м;2007.0;ВАЗ Priora;Физические лица;Серый;;Технические неисправности отсутствуют
930001134.0;1.0;Осталось на месте ДТП;Полноприводные;Минивэны и универсалы повышенной вместимости;2014.0;УАЗ 3909;Физические лица;Белый;;Технические неисправности отсутствуют
930001163.0;1.0;Скрылось и установлено в срок свыше 10 суток;С передним приводом;D-класс (средний) до 4,6 м;2001.0;TOYOTA Allion;Физические лица;Серый;;Технические неисправности отсутствуют
930001132.0;1.0;Осталось на месте ДТП;С передним приводом;D-класс (средний) до 4,6 м;1998.0;TOYOTA Chaser;Физические лица;Серый;;Технические неисправности отсутствуют
930001132.0;2.0;Осталось на месте ДТП;С передним приводом;Минивэны и универсалы повышенной вместимости;2010.0;TOYOTA Wish;Физические лица;Серый;;Технические неисправности отсутствуют
930001128.0;1.0;Осталось на месте ДТП;Полноприводные;Минивэны и универсалы повышенной вместимости;2005.0;CHEVROLET Прочие модели Chevrolet;Физические лица;Серый;;Технические неисправности отсутствуют
930001127.0;1.0;Осталось на месте ДТП;С задним приводом;Самосвалы;2013.0;SHACMAN Прочие модели SHACMAN;Физические лица;Желтый;;Неисправность рабочей тормозной системы
930001127.0;2.0;Осталось на месте ДТП;С передним приводом;D-класс (средний) до 4,6 м;2000.0;HONDA Accord;Физические лица;Серый;;Технические неисправности отсутствуют
930001121.0;1.0;Осталось на месте ДТП;С передним приводом;D-класс (средний) до 4,6 м;1998.0;HONDA Torneo;Физические лица;Серый;;Технические неисправности отсутствуют
930001123.0;1.0;Осталось на месте ДТП;С передним приводом;С-класс (малый средний, компактный) до 4,3 м;2008.0;ВАЗ ВАЗ 2114 и модификации;Физические лица;Серый;;Технические неисправности отсутствуют
930001123.0;2.0;Осталось на месте ДТП;Иное расположение рулевого управления;Велосипеды;2020.0; ;Физические лица;Синий;;Технические неисправности отсутствуют
930001116.0;2.0;Осталось на месте ДТП;С передним приводом;С-класс (малый средний, компактный) до 4,3 м;2021.0;ВАЗ Granta (Гранта);Юридические лица, являющиеся коммерческими организациями;Коричневый;;Технические неисправности отсутствуют
930001116.0;1.0;Осталось на месте ДТП;С передним приводом;Минивэны и универсалы повышенной вместимости;2000.0;TOYOTA Caldina;Физические лица;Белый;;Технические неисправности отсутствуют
930001117.0;1.0;Осталось на месте ДТП;С задним приводом;Бортовые грузовые автомобили;2010.0;DAEWOO Прочие модели Daewoo;Физические лица;Белый;;Технические неисправности отсутствуют
930001112.0;1.0;Скрылось и установлено в срок до 1 суток;Полноприводные;Минивэны и универсалы повышенной вместимости;2003.0;УАЗ УАЗ 3151, 31512, 31514, 31519 и модификации;Физические лица;Зеленый;;Технические неисправности отсутствуют
930001111.0;1.0;Осталось на месте ДТП;С передним приводом;С-класс (малый средний, компактный) до 4,3 м;2007.0;ВАЗ ВАЗ 2110, 21101, 21102, 21103, 21108;Физические лица;Серый;;Технические неисправности отсутствуют
930001111.0;2.0;Скрылось и установлено в срок до 1 суток;Полноприводные;Прочие легковые автомобили;1982.0;УАЗ УАЗ 469;Физические лица;Зеленый;;Технические неисправности отсутствуют
930001113.0;1.0;Осталось на месте ДТП;Иное расположение рулевого управления;Мотоциклы;2014.0;Прочие марки мотоциклов Прочие марки мотоциклов;Физические лица;Зеленый;;Технические неисправности отсутствуют
930001108.0;1.0;Осталось на месте ДТП;Полноприводные;Минивэны и универсалы повышенной вместимости;2011.0;УАЗ УАЗ 3151, 31512, 31514, 31519 и модификации;Физические лица;Зеленый;;Технические неисправности отсутствуют
930001100.0;1.0;Осталось на месте ДТП;С передним приводом;С-класс (малый средний, компактный) до 4,3 м;2012.0;ВАЗ ВАЗ 2111, 21110 (универсал), 21113, 21114;Физические лица;Черный;;Технические неисправности отсутствуют
930001100.0;2.0;Осталось на месте ДТП;С передним приводом;D-класс (средний) до 4,6 м;2002.0;TOYOTA Corolla;Физические лица;Белый;;Технические неисправности отсутствуют
930001105.0;2.0;Осталось на месте ДТП;Полноприводные;Минивэны и универсалы повышенной вместимости;1988.0;SUBARU Forester;Физические лица;Черный;;Технические неисправности отсутствуют
930001105.0;1.0;Осталось на месте ДТП;Полноприводные;Минивэны и универсалы повышенной вместимости;2005.0;TOYOTA Land Cruiser;Физические лица;Серый;;Технические неисправности отсутствуют
930001089.0;1.0;Осталось на месте ДТП;С передним приводом;С-класс (малый средний, компактный) до 4,3 м;1996.0;ВАЗ  Жигули  ВАЗ-2108, 09 и модификации                       ;Физические лица;Белый;;Технические неисправности отсутствуют
930001086.0;1.0;Скрылось с места ДТП;;С-класс (малый средний, компактный) до 4,3 м;; ;;;;Технические неисправности отсутствуют
930001082.0;1.0;Осталось на месте ДТП;С передним приводом;С-класс (малый средний, компактный) до 4,3 м;2010.0;ВАЗ ВАЗ 2115 и модификации;Физические лица;Серый;;Технические неисправности отсутствуют
930001082.0;3.0;Осталось на месте ДТП;Полноприводные;С-класс (малый средний, компактный) до 4,3 м;2012.0;ВАЗ Прочие модели ВАЗ;Физические лица;Серый;;Технические неисправности отсутствуют
930001082.0;2.0;Осталось на месте ДТП;С задним приводом;Одноэтажные длиной от 5 до 8 м;2007.0;ГАЗ 3221  Газель , 32217, 32213, 32212, 322172, 322132, 322133 и модификации;Физические лица;Желтый;;Технические неисправности отсутствуют
930001085.0;1.0;Скрылось и установлено в срок до 1 суток;Иное расположение рулевого управления;Мотоциклы;2014.0;DAEWOO Racer;Физические лица;Черный;;Технические неисправности отсутствуют
930001080.0;2.0;Осталось на месте ДТП;Иное расположение рулевого управления;Велосипеды;2019.0; ;Физические лица;Синий;;Технические неисправности отсутствуют
930001080.0;1.0;Осталось на месте ДТП;Полноприводные;Прочая спецтехника;2014.0;УРАЛ 5557;Юридические лица, являющиеся некоммерческими организациями;Зеленый;;Технические неисправности отсутствуют
930001079.0;1.0;Осталось на месте ДТП;С передним приводом;Седельные тягачи;2007.0;УРАЛ 5960;Физические лица;Синий;;Технические неисправности отсутствуют
930001076.0;1.0;Осталось на месте ДТП;С передним приводом;D-класс (средний) до 4,6 м;2003.0;TOYOTA Corolla;Физические лица;Серый;;Технические неисправности отсутствуют
930001071.0;2.0;Осталось на месте ДТП;С задним приводом;С-класс (малый средний, компактный) до 4,3 м;1997.0;ВАЗ  Жигули  ВАЗ-2106 модификации;Физические лица;Белый;;Технические неисправности отсутствуют
930001071.0;1.0;Осталось на месте ДТП;С передним приводом;D-класс (средний) до 4,6 м;1996.0;TOYOTA Carina;Физические лица;Синий;;Технические неисправности отсутствуют
930001073.0;1.0;Осталось на месте ДТП;С передним приводом;D-класс (средний) до 4,6 м;2005.0;HONDA Accord;Физические лица;Серый;;Технические неисправности отсутствуют
930001065.0;1.0;Осталось на месте ДТП;Полноприводные;Минивэны и универсалы повышенной вместимости;2016.0;RENAULT Duster;Физические лица;Синий;;Технические неисправности отсутствуют
930001066.0;1.0;Осталось на месте ДТП;Полноприводные;D-класс (средний) до 4,6 м;2020.0;УАЗ УАЗ 3151, 31512, 31514, 31519 и модификации;Прочие некоммерческие организации;Зеленый;;Технические неисправности отсутствуют
930001067.0;1.0;Осталось на месте ДТП;С передним приводом;Минивэны и универсалы повышенной вместимости;1997.0;TOYOTA Caldina;Физические лица;Белый;;Технические неисправности отсутствуют
930001061.0;1.0;Осталось на месте ДТП;С передним приводом;Прочие легковые автомобили;2004.0;BMW Прочие модели BMW;Физические лица;Черный;;Технические неисправности отсутствуют
930001054.0;2.0;Осталось на месте ДТП;С передним приводом;D-класс (средний) до 4,6 м;2005.0;TOYOTA Corolla;Физические лица;Белый;;Технические неисправности отсутствуют
930001054.0;1.0;Осталось на месте ДТП;С передним приводом;D-класс (средний) до 4,6 м;1993.0;TOYOTA Corona;Физические лица;Белый;;Технические неисправности отсутствуют
930001056.0;1.0;Осталось на месте ДТП;Иное расположение рулевого управления;Мотоциклы;2018.0;Прочие марки мотоциклов Прочие марки мотоциклов;Физические лица;Зеленый;;Технические неисправности отсутствуют
930001049.0;1.0;Осталось на месте ДТП;С передним приводом;С-класс (малый средний, компактный) до 4,3 м;1999.0;ВАЗ  Жигули  ВАЗ-2107 модификации;Физические лица;Синий;;Технические неисправности отсутствуют
930001047.0;1.0;Осталось на месте ДТП;С передним приводом;С-класс (малый средний, компактный) до 4,3 м;2010.0;ВАЗ Kalina;Физические лица;Серый;;Технические неисправности отсутствуют
930001042.0;1.0;Осталось на месте ДТП;С передним приводом;С-класс (малый средний, компактный) до 4,3 м;2007.0;ВАЗ ВАЗ 2112 и модификации;Физические лица;Серый;;Технические неисправности отсутствуют
930001042.0;2.0;Осталось на месте ДТП;С передним приводом;D-класс (средний) до 4,6 м;2000.0;TOYOTA Platz;Физические лица;Серый;;Технические неисправности отсутствуют
930001041.0;1.0;Осталось на месте ДТП;Полноприводные;D-класс (средний) до 4,6 м;2002.0;TOYOTA Premio;Физические лица;Серый;;Технические неисправности отсутствуют
930001040.0;1.0;Осталось на месте ДТП;С задним приводом;Прочие одноярусные;2012.0;ГАЗ 3221  Газель , 32217, 32213, 32212, 322172, 322132, 322133 и модификации;Физические лица;Белый;;Технические неисправности отсутствуют
930001037.0;1.0;Осталось на месте ДТП;С передним приводом;D-класс (средний) до 4,6 м;1993.0;TOYOTA Corona;Физические лица;Синий;;Технические неисправности отсутствуют
930001035.0;1.0;Осталось на месте ДТП;Полноприводные;Минивэны и универсалы повышенной вместимости;2002.0;УАЗ УАЗ 3151, 31512, 31514, 31519 и модификации;Физические лица;Зеленый;;Технические неисправности отсутствуют
930001033.0;1.0;Осталось на месте ДТП;С передним приводом;D-класс (средний) до 4,6 м;2000.0;TOYOTA Corolla;Физические лица;Белый;;Технические неисправности отсутствуют
930001033.0;2.0;Осталось на месте ДТП;С передним приводом;Минивэны и универсалы повышенной вместимости;2012.0;KIA Sportage;Физические лица;Белый;;Технические неисправности отсутствуют
930001033.0;3.0;Осталось на месте ДТП;С задним приводом;Минивэны и универсалы повышенной вместимости;1998.0;TOYOTA Carina;Физические лица;Черный;;Технические неисправности отсутствуют
930001022.0;1.0;Скрылось с места ДТП;;В-класс (малый) до 3,9 м;; ;;;;Технические неисправности отсутствуют
930001020.0;1.0;Осталось на месте ДТП;С передним приводом;Минивэны и универсалы повышенной вместимости;1989.0;TOYOTA Ipsum;Физические лица;Синий;;Технические неисправности отсутствуют
930001020.0;2.0;Осталось на месте ДТП;С задним приводом;Одноэтажные длиной от 5 до 8 м;2019.0;ПАЗ 32054;Юридические лица, являющиеся коммерческими организациями;Белый;;Технические неисправности отсутствуют
930001046.0;1.0;Скрылось с места ДТП;;В-класс (малый) до 3,9 м;; ;;;;Технические неисправности отсутствуют
930001025.0;1.0;Осталось на месте ДТП;С передним приводом;С-класс (малый средний, компактный) до 4,3 м;2004.0;ВАЗ ВАЗ 2110, 21101, 21102, 21103, 21108;Физические лица;Зеленый;;Технические неисправности отсутствуют
930001025.0;2.0;Осталось на месте ДТП;С передним приводом;D-класс (средний) до 4,6 м;2000.0;TOYOTA Premio;Физические лица;Серый;;Технические неисправности отсутствуют
930001014.0;1.0;Осталось на месте ДТП;Иное расположение рулевого управления;Мопеды с двигателем внутреннего сгорания более 50 см. куб.;2014.0;DAEWOO Racer;Физические лица;Красный;;Технические неисправности отсутствуют
930001021.0;1.0;Осталось на месте ДТП;С передним приводом;Минивэны и универсалы повышенной вместимости;2000.0;TOYOTA RAV 4;Физические лица;Серый;;Технические неисправности отсутствуют
930001018.0;1.0;Осталось на месте ДТП;С передним приводом;С-класс (малый средний, компактный) до 4,3 м;2013.0;ВАЗ Priora;Физические лица;Серый;;Технические неисправности отсутствуют
930001018.0;2.0;Осталось на месте ДТП;С задним приводом;Минивэны и универсалы повышенной вместимости;2003.0;TOYOTA Ipsum;Физические лица;Серый;;Технические неисправности отсутствуют
930001017.0;2.0;Осталось на месте ДТП;С передним приводом;С-класс (малый средний, компактный) до 4,3 м;2006.0;ВАЗ ВАЗ 2114 и модификации;Физические лица;Черный;;Технические неисправности отсутствуют
930001017.0;1.0;Осталось на месте ДТП;С передним приводом;С-класс (малый средний, компактный) до 4,3 м;2005.0;ВАЗ ВАЗ 2113 и модификации;Физические лица;Черный;;Технические неисправности отсутствуют
930001011.0;1.0;Осталось на месте ДТП;С передним приводом;Минивэны и универсалы повышенной вместимости;2005.0;TOYOTA Прочие модели Toyota;Индивидуальные предприниматели без образования юридического лица;Серый;;Технические неисправности отсутствуют
930001102.0;1.0;Скрылось с места ДТП;;В-класс (малый) до 3,9 м;; ;;;;Технические неисправности отсутствуют
930001013.0;1.0;Скрылось с места ДТП;;Самосвалы;; ;;;;Технические неисправности отсутствуют
930001013.0;2.0;Осталось на месте ДТП;Полноприводные;Минивэны и универсалы повышенной вместимости;2011.0;TOYOTA Прочие модели Toyota;Физические лица;Серый;;Технические неисправности отсутствуют
930001004.0;1.0;Осталось на месте ДТП;С передним приводом;D-класс (средний) до 4,6 м;2012.0;HONDA Stepwgn;Физические лица;Черный;;Технические неисправности отсутствуют
930001010.0;2.0;Осталось на месте ДТП;С передним приводом;С-класс (малый средний, компактный) до 4,3 м;2011.0;ВАЗ ВАЗ 2114 и модификации;Физические лица;Черный;;Технические неисправности отсутствуют
930001010.0;1.0;Осталось на месте ДТП;С передним приводом;С-класс (малый средний, компактный) до 4,3 м;2013.0;ВАЗ Granta (Гранта);Физические лица;Черный;;Технические неисправности отсутствуют
930001349.0;2.0;Осталось на месте ДТП;Иное расположение рулевого управления;Велосипеды;2018.0; ;Физические лица;Синий;;Технические неисправности отсутствуют
930001349.0;1.0;Осталось на месте ДТП;С передним приводом;Е-класс (высший средний, бизнес-класс) до 4,9 м;2008.0;TOYOTA Camry;Физические лица;Черный;;Технические неисправности отсутствуют
930001348.0;1.0;Осталось на месте ДТП;С передним приводом;Е-класс (высший средний, бизнес-класс) до 4,9 м;2006.0;TOYOTA Camry;Физические лица;Черный;;Технические неисправности отсутствуют
930001334.0;1.0;Осталось на месте ДТП;С передним приводом;С-класс (малый средний, компактный) до 4,3 м;2005.0;ВАЗ ВАЗ 2110, 21101, 21102, 21103, 21108;Физические лица;Серый;;Технические неисправности отсутствуют
930001340.0;1.0;Скрылось и установлено в срок до 1 суток;С передним приводом;Прочие легковые автомобили;2007.0;УАЗ 3909;Физические лица;Белый;;Технические неисправности отсутствуют
930001337.0;1.0;Осталось на месте ДТП;С передним приводом;D-класс (средний) до 4,6 м;2012.0;VOLKSWAGEN Passat;Физические лица;Серый;;Технические неисправности отсутствуют
930001327.0;1.0;Осталось на месте ДТП;Полноприводные;Прочие легковые автомобили;2013.0;GREAT WALL Прочие модели Great Wall;Физические лица;Серый;;Технические неисправности отсутствуют
930001373.0;1.0;Скрылось с места ДТП;;В-класс (малый) до 3,9 м;; ;;;;Технические неисправности отсутствуют
930001321.0;1.0;Осталось на месте ДТП;С передним приводом;Минивэны и универсалы повышенной вместимости;2000.0;TOYOTA Estima;Физические лица;Белый;;Технические неисправности отсутствуют
930001319.0;1.0;Осталось на месте ДТП;С передним приводом;D-класс (средний) до 4,6 м;2013.0;TOYOTA Corolla;Физические лица;Белый;;Технические неисправности отсутствуют
930001316.0;1.0;Осталось на месте ДТП;Полноприводные;Минивэны и универсалы повышенной вместимости;2012.0;УАЗ УАЗ 3151, 31512, 31514, 31519 и модификации;Физические лица;Белый;;Технические неисправности отсутствуют
930001303.0;1.0;Осталось на месте ДТП;С передним приводом;С-класс (малый средний, компактный) до 4,3 м;2002.0;ВАЗ  Жигули  ВАЗ-2108, 09 и модификации                       ;Физические лица;Зеленый;;Технические неисправности отсутствуют
930001303.0;2.0;Осталось на месте ДТП;С передним приводом;D-класс (средний) до 4,6 м;2008.0;HONDA Civic;Физические лица;Красный;;Технические неисправности отсутствуют
930001298.0;2.0;Осталось на месте ДТП;С передним приводом;С-класс (малый средний, компактный) до 4,3 м;2001.0;ВАЗ ВАЗ 2110, 21101, 21102, 21103, 21108;Физические лица;Серый;;Технические неисправности отсутствуют
930001298.0;1.0;Осталось на месте ДТП;С задним приводом;С-класс (малый средний, компактный) до 4,3 м;2001.0;ВАЗ  Жигули  ВАЗ-2106 модификации;Физические лица;Зеленый;;Технические неисправности отсутствуют
930001300.0;1.0;Осталось на месте ДТП;С передним приводом;С-класс (малый средний, компактный) до 4,3 м;1983.0;МОСКВИЧ Москвич 400, 401, 402, 403, 407, 408, 412;Физические лица;Оранжевый;;Технические неисправности отсутствуют
930001301.0;1.0;Осталось на месте ДТП;С задним приводом;С-класс (малый средний, компактный) до 4,3 м;2009.0;ВАЗ  Жигули  ВАЗ-2107 модификации;Физические лица;Красный;;Технические неисправности отсутствуют
930001297.0;1.0;Осталось на месте ДТП;Иное расположение рулевого управления;Мотоциклы;2020.0;DAEWOO Racer;Физические лица;Белый;;Технические неисправности отсутствуют
930001286.0;1.0;Осталось на месте ДТП;С передним приводом;А-класс (особо малый) до 3,5 м;2002.0;ВАЗ  Ока  ВАЗ-1111 и модификации;Физические лица;Синий;;Технические неисправности отсутствуют
930001286.0;2.0;Осталось на месте ДТП;С передним приводом;D-класс (средний) до 4,6 м;2007.0;TOYOTA Avensis;Физические лица;Черный;;Технические неисправности отсутствуют
930001290.0;1.0;Осталось на месте ДТП;Полноприводные;Минивэны и универсалы повышенной вместимости;2010.0;УАЗ Прочие модели УАЗ;Физические лица;Синий;;Технические неисправности отсутствуют
930001294.0;1.0;Осталось на месте ДТП;С передним приводом;Бортовые грузовые автомобили;1993.0;ГАЗ Прочие модели ГАЗ;Физические лица;Серый;;Технические неисправности отсутствуют
930001294.0;2.0;Осталось на месте ДТП;С передним приводом;Минивэны и универсалы повышенной вместимости;2011.0;ВАЗ Kalina;Физические лица;Белый;;Технические неисправности отсутствуют
930001293.0;1.0;Осталось на месте ДТП;Полноприводные;Минивэны и универсалы повышенной вместимости;2002.0;MAZDA Tribute;Физические лица;Черный;;Технические неисправности отсутствуют
930001277.0;1.0;Скрылось и установлено в срок свыше 10 суток;Полноприводные;Минивэны и универсалы повышенной вместимости;1981.0;УАЗ УАЗ 469;Физические лица;Коричневый;;Технические неисправности отсутствуют
930001275.0;1.0;Осталось на месте ДТП;Иное расположение рулевого управления;Цистерны;2000.0;КАМАЗ 6605;Физические лица;Серый;;Технические неисправности отсутствуют
930001278.0;1.0;Осталось на месте ДТП;С передним приводом;С-класс (малый средний, компактный) до 4,3 м;2001.0;TOYOTA Corolla;Физические лица;Коричневый;;Технические неисправности отсутствуют
930001278.0;2.0;Осталось на месте ДТП;С задним приводом;Одноэтажные длиной от 5 до 8 м;2010.0;ГАЗ 3221  Газель , 32217, 32213, 32212, 322172, 322132, 322133 и модификации;Индивидуальные предприниматели без образования юридического лица;Белый;;Технические неисправности отсутствуют
930001263.0;2.0;Осталось на месте ДТП;С передним приводом;С-класс (малый средний, компактный) до 4,3 м;2007.0;ВАЗ  Жигули  ВАЗ-2107 модификации;Физические лица;Зеленый;;Технические неисправности отсутствуют
930001263.0;1.0;Осталось на месте ДТП;С передним приводом;С-класс (малый средний, компактный) до 4,3 м;2003.0;ВАЗ ВАЗ 2112 и модификации;Физические лица;Серый;;Технические неисправности отсутствуют
930001260.0;2.0;Осталось на месте ДТП;Полноприводные;Минивэны и универсалы повышенной вместимости;2020.0;УАЗ Прочие модели УАЗ;Юридические лица, являющиеся некоммерческими организациями;Белый;;Технические неисправности отсутствуют
930001260.0;1.0;Осталось на месте ДТП;Полноприводные;Минивэны и универсалы повышенной вместимости;2014.0;TOYOTA Highlander;Физические лица;Серый;;Технические неисправности отсутствуют
930001256.0;1.0;Осталось на месте ДТП;С передним приводом;С-класс (малый средний, компактный) до 4,3 м;1994.0;ВАЗ  Жигули  ВАЗ-2108, 09 и модификации                       ;Физические лица;Красный;;Технические неисправности отсутствуют
930001256.0;2.0;Осталось на месте ДТП;С передним приводом;Минивэны и универсалы повышенной вместимости;2003.0;KIA Sorento;Физические лица;Синий;;Технические неисправности отсутствуют
930001255.0;1.0;Осталось на месте ДТП;Полноприводные;Минивэны и универсалы повышенной вместимости;2005.0;УАЗ УАЗ 3151, 31512, 31514, 31519 и модификации;Физические лица;Коричневый;;Технические неисправности отсутствуют
930001254.0;2.0;Осталось на месте ДТП;С передним приводом;D-класс (средний) до 4,6 м;1998.0;TOYOTA Camry;Физические лица;Белый;;Технические неисправности отсутствуют
930001254.0;1.0;Осталось на месте ДТП;С передним приводом;D-класс (средний) до 4,6 м;1996.0;TOYOTA Corona;Физические лица;Желтый;;Технические неисправности отсутствуют
930001245.0;1.0;Осталось на месте ДТП;Иное расположение рулевого управления;Мотоциклы;2020.0;Прочие марки мотоциклов Прочие марки мотоциклов;Физические лица;Синий;;Технические неисправности отсутствуют
930001243.0;1.0;Осталось на месте ДТП;С передним приводом;D-класс (средний) до 4,6 м;2011.0;TOYOTA Corolla;Физические лица;Серый;;Технические неисправности отсутствуют
930001249.0;2.0;Осталось на месте ДТП;Иное расположение рулевого управления;Велосипеды;2018.0; ;Физические лица;Красный;;Технические неисправности отсутствуют
930001249.0;1.0;Осталось на месте ДТП;С передним приводом;D-класс (средний) до 4,6 м;2003.0;HONDA Accord;Физические лица;Серый;;Технические неисправности отсутствуют
930001239.0;1.0;Осталось на месте ДТП;С передним приводом;С-класс (малый средний, компактный) до 4,3 м;2013.0;ВАЗ Priora;Физические лица;Белый;;Технические неисправности отсутствуют
930001239.0;2.0;Осталось на месте ДТП;Иное расположение рулевого управления;Мотоциклы;2020.0;Прочие марки мотоциклов Прочие марки мотоциклов;Физические лица;Зеленый;;Технические неисправности отсутствуют
930001225.0;2.0;Осталось на месте ДТП;С передним приводом;С-класс (малый средний, компактный) до 4,3 м;2013.0;ВАЗ Priora;Физические лица;Белый;;Технические неисправности отсутствуют
930001225.0;1.0;Осталось на месте ДТП;С передним приводом;С-класс (малый средний, компактный) до 4,3 м;2013.0;ВАЗ ВАЗ 2110, 21101, 21102, 21103, 21108;Физические лица;Коричневый;;Технические неисправности отсутствуют
930001223.0;1.0;Осталось на месте ДТП;С задним приводом;Минивэны и универсалы повышенной вместимости;2009.0;HYUNDAI H-1 Starex;Физические лица;Серый;;Технические неисправности отсутствуют
930001219.0;2.0;Осталось на месте ДТП;С задним приводом;Седельные тягачи;2010.0;МАЗ 5440;Физические лица;Красный;;Неисправность внешних световых приборов
930001219.0;1.0;Осталось на месте ДТП;С передним приводом;D-класс (средний) до 4,6 м;2013.0;ВАЗ Priora;Физические лица;Белый;;Технические неисправности отсутствуют
930001213.0;2.0;Осталось на месте ДТП;С передним приводом;С-класс (малый средний, компактный) до 4,3 м;2012.0;ВАЗ ВАЗ 2110, 21101, 21102, 21103, 21108;Физические лица;Серый;;Технические неисправности отсутствуют
930001213.0;1.0;Осталось на месте ДТП;С задним приводом;D-класс (средний) до 4,6 м;2002.0;HONDA Torneo;Физические лица;Белый;;Технические неисправности отсутствуют
930001209.0;2.0;Осталось на месте ДТП;С передним приводом;С-класс (малый средний, компактный) до 4,3 м;2013.0;ВАЗ Priora;Физические лица;Черный;;Технические неисправности отсутствуют
930001209.0;1.0;Осталось на месте ДТП;С передним приводом;Бортовые грузовые автомобили;1989.0;MITSUBISHI Прочие модели Mitsubishi;Физические лица;Белый;;Технические неисправности отсутствуют
930001207.0;2.0;Осталось на месте ДТП;С передним приводом;С-класс (малый средний, компактный) до 4,3 м;2007.0;ВАЗ ВАЗ 2110, 21101, 21102, 21103, 21108;Физические лица;Черный;;Технические неисправности отсутствуют
930001207.0;1.0;Осталось на месте ДТП;С передним приводом;С-класс (малый средний, компактный) до 4,3 м;2009.0;MINI One;Физические лица;Красный;;Технические неисправности отсутствуют
930001196.0;2.0;Осталось на месте ДТП;С передним приводом;D-класс (средний) до 4,6 м;2007.0;ВАЗ ВАЗ 2112 и модификации;Физические лица;Коричневый;;Технические неисправности отсутствуют
930001196.0;1.0;Осталось на месте ДТП;С передним приводом;D-класс (средний) до 4,6 м;2001.0;TOYOTA Corolla;Физические лица;Белый;;Технические неисправности отсутствуют
930001198.0;1.0;Осталось на месте ДТП;С передним приводом;D-класс (средний) до 4,6 м;2008.0;MITSUBISHI Lancer;Физические лица;Серый;;Технические неисправности отсутствуют
930001199.0;1.0;Осталось на месте ДТП;С передним приводом;С-класс (малый средний, компактный) до 4,3 м;2006.0;ВАЗ ВАЗ 2110, 21101, 21102, 21103, 21108;Физические лица;Коричневый;;Технические неисправности отсутствуют
930001183.0;1.0;Скрылось и установлено в срок до 1 суток;С передним приводом;Е-класс (высший средний, бизнес-класс) до 4,9 м;2006.0;TOYOTA Camry;Физические лица;Серый;;Технические неисправности отсутствуют
930001188.0;1.0;Осталось на месте ДТП;С задним приводом;Медицинские комплексы на шасси транспортных средств;2017.0;УАЗ 3962;Юридические лица, являющиеся некоммерческими организациями;Серый;;Технические неисправности отсутствуют
930001188.0;2.0;Осталось на месте ДТП;С задним приводом;Минивэны и универсалы повышенной вместимости;2001.0;TOYOTA Noah;Физические лица;Серый;;Технические неисправности отсутствуют
930001186.0;1.0;Скрылось с места ДТП;;Одноэтажные длиной не более 5 м;; ;;;;Технические неисправности отсутствуют
930001177.0;1.0;Осталось на месте ДТП;С передним приводом;D-класс (средний) до 4,6 м;2003.0;HONDA Civic;Физические лица;Белый;;Технические неисправности отсутствуют
930001231.0;1.0;Осталось на месте ДТП;С задним приводом;Минивэны и универсалы повышенной вместимости;2005.0;УАЗ 22069;Физические лица;Зеленый;;Неисправность рабочей тормозной системы
930001172.0;1.0;Осталось на месте ДТП;С передним приводом;С-класс (малый средний, компактный) до 4,3 м;2011.0;ВАЗ Kalina;Физические лица;Серый;;Технические неисправности отсутствуют
930001173.0;1.0;Осталось на месте ДТП;Иное расположение рулевого управления;Мотоциклы;2020.0;DAEWOO Racer;Физические лица;Коричневый;;Технические неисправности отсутствуют
930001538.0;1.0;Осталось на месте ДТП;С передним приводом;D-класс (средний) до 4,6 м;1998.0;TOYOTA Corona;Физические лица;Серый;;Технические неисправности отсутствуют
930001528.0;2.0;Осталось на месте ДТП;С передним приводом;В-класс (малый) до 3,9 м;2008.0;TOYOTA Camry;Физические лица;Черный;;Технические неисправности отсутствуют
930001528.0;1.0;Осталось на месте ДТП;С передним приводом;D-класс (средний) до 4,6 м;1998.0;ГАЗ ГАЗ 3110, 3110-101, 3110-111, 3110-311, 3110-331, 3110-341, 3110-411, 3110-441, 3110-600;Физические лица;Серый;;Технические неисправности отсутствуют
930001534.0;1.0;Осталось на месте ДТП;С задним приводом;D-класс (средний) до 4,6 м;2002.0;TOYOTA Verossa;Физические лица;Серый;;Технические неисправности отсутствуют
930001532.0;2.0;Осталось на месте ДТП;С задним приводом;С-класс (малый средний, компактный) до 4,3 м;2006.0;ВАЗ ВАЗ 2112 и модификации;Физические лица;Серый;;Технические неисправности отсутствуют
930001532.0;1.0;Осталось на месте ДТП;С задним приводом;D-класс (средний) до 4,6 м;2001.0;BMW 5er;Физические лица;Черный;;Технические неисправности отсутствуют
930001525.0;1.0;Осталось на месте ДТП;С передним приводом;С-класс (малый средний, компактный) до 4,3 м;2005.0;ВАЗ  Жигули  ВАЗ-2108, 09 и модификации                       ;Физические лица;Серый;;Технические неисправности отсутствуют
930001520.0;1.0;Осталось на месте ДТП;С передним приводом;D-класс (средний) до 4,6 м;2001.0;TOYOTA Corolla;Физические лица;Черный;;Технические неисправности отсутствуют
930001516.0;1.0;Осталось на месте ДТП;С передним приводом;С-класс (малый средний, компактный) до 4,3 м;2005.0;ВАЗ ВАЗ 2114 и модификации;Физические лица;Серый;;Технические неисправности отсутствуют
930001516.0;2.0;Осталось на месте ДТП;С передним приводом;Е-класс (высший средний, бизнес-класс) до 4,9 м;2006.0;TOYOTA Camry;Физические лица;Черный;;Технические неисправности отсутствуют
930001513.0;1.0;Осталось на месте ДТП;С передним приводом;Минивэны и универсалы повышенной вместимости;2003.0;HONDA Odyssey;Физические лица;Фиолетовый;;Технические неисправности отсутствуют
930001514.0;1.0;Осталось на месте ДТП;С передним приводом;D-класс (средний) до 4,6 м;2004.0;TOYOTA Premio;Физические лица;Серый;;Технические неисправности отсутствуют
930001509.0;1.0;Осталось на месте ДТП;Полноприводные;Минивэны и универсалы повышенной вместимости;2015.0;УАЗ 22069;Физические лица;Белый;;Технические неисправности отсутствуют
930001496.0;1.0;Осталось на месте ДТП;С задним приводом;Самосвалы;1993.0;ГАЗ Прочие модели ГАЗ;Физические лица;Красный;;Технические неисправности отсутствуют
930001511.0;1.0;Осталось на месте ДТП;Полноприводные;Минивэны и универсалы повышенной вместимости;1986.0;УАЗ УАЗ 3151, 31512, 31514, 31519 и модификации;Физические лица;Зеленый;;Технические неисправности отсутствуют
930001480.0;1.0;Осталось на месте ДТП;С передним приводом;Минивэны и универсалы повышенной вместимости;2000.0;TOYOTA Ipsum;Физические лица;Белый;;Технические неисправности отсутствуют
930001488.0;1.0;Осталось на месте ДТП;Иное расположение рулевого управления;Тракторы;2003.0;Прочие марки ТС Прочие марки и модели ТС;Физические лица;Красный;;Технические неисправности отсутствуют
930001487.0;2.0;Осталось на месте ДТП;Иное расположение рулевого управления;Мотоциклы;2021.0;Прочие марки мотоциклов Прочие марки мотоциклов;Физические лица;Зеленый;;Технические неисправности отсутствуют
930001487.0;1.0;Осталось на месте ДТП;С передним приводом;Минивэны и универсалы повышенной вместимости;2003.0;ВАЗ ВАЗ 2111, 21110 (универсал), 21113, 21114;Физические лица;Серый;;Технические неисправности отсутствуют
930001476.0;1.0;Осталось на месте ДТП;С передним приводом;С-класс (малый средний, компактный) до 4,3 м;2014.0;ВАЗ Granta (Гранта);Физические лица;Коричневый;;Технические неисправности отсутствуют
930001476.0;2.0;Осталось на месте ДТП;Иное расположение рулевого управления;Велосипеды;2018.0; ;Физические лица;Синий;;Технические неисправности отсутствуют
930001460.0;1.0;Осталось на месте ДТП;С задним приводом;Минивэны и универсалы повышенной вместимости;1998.0;TOYOTA Town Ace;Физические лица;Серый;;Технические неисправности отсутствуют
930001456.0;1.0;Осталось на месте ДТП;С передним приводом;С-класс (малый средний, компактный) до 4,3 м;2009.0;ВАЗ ВАЗ 2114 и модификации;Физические лица;Серый;;Технические неисправности отсутствуют
930001447.0;2.0;Осталось на месте ДТП;С передним приводом;С-класс (малый средний, компактный) до 4,3 м;2012.0;ВАЗ Priora;Физические лица;Зеленый;;Технические неисправности отсутствуют
930001447.0;1.0;Скрылось с места ДТП;;Минивэны и универсалы повышенной вместимости;; ;;;;Технические неисправности отсутствуют
930001444.0;1.0;Осталось на месте ДТП;С передним приводом;D-класс (средний) до 4,6 м;1996.0;TOYOTA Corolla;Физические лица;Белый;;Технические неисправности отсутствуют
930001445.0;1.0;Осталось на месте ДТП;С передним приводом;Минивэны и универсалы повышенной вместимости;1998.0;УАЗ УАЗ 3151, 31512, 31514, 31519 и модификации;Физические лица;Зеленый;;Технические неисправности отсутствуют
930001446.0;1.0;Осталось на месте ДТП;С передним приводом;С-класс (малый средний, компактный) до 4,3 м;2012.0;ВАЗ Priora;Физические лица;Белый;;Технические неисправности отсутствуют
930001446.0;2.0;Осталось на месте ДТП;Полноприводные;Прочая спецтехника;2020.0;УАЗ 2206;Юридические лица, являющиеся некоммерческими организациями;Серый;;Технические неисправности отсутствуют
930001475.0;1.0;Скрылось с места ДТП;;В-класс (малый) до 3,9 м;; ;;;;Технические неисправности отсутствуют
930001434.0;1.0;Осталось на месте ДТП;С передним приводом;С-класс (малый средний, компактный) до 4,3 м;2002.0;ВАЗ  Жигули  ВАЗ-2108, 09 и модификации                       ;Физические лица;Серый;;Технические неисправности отсутствуют
930001434.0;2.0;Осталось на месте ДТП;Полноприводные;Минивэны и универсалы повышенной вместимости;2002.0;TOYOTA Estima;Физические лица;Синий;;Технические неисправности отсутствуют
930001428.0;1.0;Осталось на месте ДТП;С передним приводом;С-класс (малый средний, компактный) до 4,3 м;2004.0;ВАЗ ВАЗ 2111, 21110 (универсал), 21113, 21114;Физические лица;Серый;;Технические неисправности отсутствуют
930001427.0;1.0;Осталось на месте ДТП;С передним приводом;D-класс (средний) до 4,6 м;1992.0;TOYOTA Corona;Физические лица;Зеленый;;Технические неисправности отсутствуют
930001425.0;1.0;Осталось на месте ДТП;С передним приводом;Минивэны и универсалы повышенной вместимости;1989.0;TOYOTA Ipsum;Физические лица;Черный;;Технические неисправности отсутствуют
930001422.0;1.0;Осталось на месте ДТП;Иное расположение рулевого управления;Тракторы;1982.0;Прочие марки ТС Прочие марки и модели ТС;Физические лица;Красный;;Технические неисправности отсутствуют
930001424.0;2.0;Осталось на месте ДТП;С передним приводом;С-класс (малый средний, компактный) до 4,3 м;2004.0;ВАЗ ВАЗ 2110, 21101, 21102, 21103, 21108;Физические лица;Серый;;Технические неисправности отсутствуют
930001424.0;1.0;Осталось на месте ДТП;С передним приводом;С-класс (малый средний, компактный) до 4,3 м;2000.0;ВАЗ  Жигули  ВАЗ-2108, 09 и модификации                       ;Физические лица;Белый;;Технические неисправности отсутствуют
930001413.0;1.0;Осталось на месте ДТП;С передним приводом;Минивэны и универсалы повышенной вместимости;2000.0;MAZDA Premacy;Физические лица;Белый;;Технические неисправности отсутствуют
930001410.0;1.0;Осталось на месте ДТП;С задним приводом;С-класс (малый средний, компактный) до 4,3 м;1987.0;ВАЗ  Жигули  ВАЗ-2106 модификации;Физические лица;Зеленый;;Технические неисправности отсутствуют
930001423.0;2.0;Осталось на месте ДТП;С передним приводом;С-класс (малый средний, компактный) до 4,3 м;2004.0;MAZDA Axela;Физические лица;Синий;;Технические неисправности отсутствуют
930001423.0;3.0;Осталось на месте ДТП;С передним приводом;D-класс (средний) до 4,6 м;1995.0;TOYOTA Corona;Физические лица;Белый;;Технические неисправности отсутствуют
930001423.0;1.0;Осталось на месте ДТП;С передним приводом;Минивэны и универсалы повышенной вместимости;2012.0;TOYOTA Wish;Физические лица;Белый;;Технические неисправности отсутствуют
930001408.0;1.0;Осталось на месте ДТП;С передним приводом;В-класс (малый) до 3,9 м;2005.0;ВАЗ ВАЗ 2114 и модификации;Физические лица;Серый;;Технические неисправности отсутствуют
930001408.0;2.0;Осталось на месте ДТП;Полноприводные;Автомобили скорой медицинской помощи;2020.0;ГАЗ 32214 Скорая и модификации;Юридические лица, являющиеся некоммерческими организациями;Оранжевый;;Технические неисправности отсутствуют
930001411.0;1.0;Осталось на месте ДТП;С передним приводом;С-класс (малый средний, компактный) до 4,3 м;2005.0;ВАЗ  Жигули  ВАЗ-2107 модификации;Физические лица;Синий;;Технические неисправности отсутствуют
930001411.0;2.0;Осталось на месте ДТП;С передним приводом;Минивэны и универсалы повышенной вместимости;2012.0;NISSAN Serena;Физические лица;Черный;;Технические неисправности отсутствуют
930001414.0;1.0;Осталось на месте ДТП;С передним приводом;Минивэны и универсалы повышенной вместимости;2000.0;MAZDA Premacy;Физические лица;Белый;;Технические неисправности отсутствуют
930001409.0;1.0;Осталось на месте ДТП;С передним приводом;Минивэны и универсалы повышенной вместимости;2004.0;TOYOTA Wish;Физические лица;Серый;;Технические неисправности отсутствуют
930001405.0;1.0;Осталось на месте ДТП;С задним приводом;С-класс (малый средний, компактный) до 4,3 м;2005.0;TOYOTA Allion;Физические лица;Белый;;Технические неисправности отсутствуют
930001405.0;2.0;Осталось на месте ДТП;Иное расположение рулевого управления;Тракторы;1987.0;Прочие марки ТС Прочие марки и модели ТС;Физические лица;Красный;;Технические неисправности отсутствуют
930001402.0;1.0;Осталось на месте ДТП;С передним приводом;D-класс (средний) до 4,6 м;1999.0;TOYOTA Carina;Физические лица;Синий;;Технические неисправности отсутствуют
930001399.0;1.0;Осталось на месте ДТП;С передним приводом;С-класс (малый средний, компактный) до 4,3 м;2001.0;ВАЗ ВАЗ 2110, 21101, 21102, 21103, 21108;Физические лица;Синий;;Технические неисправности отсутствуют
930001395.0;1.0;Осталось на месте ДТП;С передним приводом;D-класс (средний) до 4,6 м;1998.0;TOYOTA Corolla;Физические лица;Белый;;Технические неисправности отсутствуют
930001389.0;2.0;Осталось на месте ДТП;С передним приводом;D-класс (средний) до 4,6 м;2010.0;TOYOTA Camry;Физические лица;Серый;;Технические неисправности отсутствуют
930001389.0;1.0;Осталось на месте ДТП;С передним приводом;D-класс (средний) до 4,6 м;1997.0;TOYOTA Corona;Физические лица;Серый;;Технические неисправности отсутствуют
930001383.0;2.0;Осталось на месте ДТП;Иное расположение рулевого управления;Тракторы;1982.0;Прочие марки строительной техники Прочие марки строительной техники;Физические лица;Синий;;Технические неисправности отсутствуют
930001383.0;1.0;Осталось на месте ДТП;Полноприводные;Минивэны и универсалы повышенной вместимости;2004.0;CHEVROLET Прочие модели Chevrolet;Физические лица;Серый;;Технические неисправности отсутствуют
930001380.0;1.0;Осталось на месте ДТП;С передним приводом;D-класс (средний) до 4,6 м;1998.0;TOYOTA Camry;Физические лица;Белый;;Технические неисправности отсутствуют
930001384.0;1.0;Осталось на месте ДТП;С передним приводом;С-класс (малый средний, компактный) до 4,3 м;2013.0;ВАЗ Granta (Гранта);Физические лица;Белый;;Технические неисправности отсутствуют
930001384.0;2.0;Осталось на месте ДТП;Иное расположение рулевого управления;Мотоциклы;2001.0;Прочие марки мотоциклов Прочие марки мотоциклов;Физические лица;Черный;;Технические неисправности отсутствуют
930001381.0;1.0;Осталось на месте ДТП;С передним приводом;С-класс (малый средний, компактный) до 4,3 м;2001.0;ВАЗ  Жигули  ВАЗ-2101, 02, 03 и модификации;Физические лица;Зеленый;;Технические неисправности отсутствуют
930001377.0;2.0;Осталось на месте ДТП;С передним приводом;С-класс (малый средний, компактный) до 4,3 м;2012.0;ВАЗ Priora;Физические лица;Черный;;Технические неисправности отсутствуют
930001377.0;4.0;Осталось на месте ДТП;Иное расположение рулевого управления;Велосипеды;2019.0; ;Физические лица;Черный;;Технические неисправности отсутствуют
930001377.0;3.0;Осталось на месте ДТП;Иное расположение рулевого управления;Велосипеды;2018.0; ;Физические лица;Красный;;Технические неисправности отсутствуют
930001377.0;1.0;Осталось на месте ДТП;С задним приводом;Е-класс (высший средний, бизнес-класс) до 4,9 м;2002.0;TOYOTA Mark II;Физические лица;Черный;;Технические неисправности отсутствуют
930001378.0;1.0;Скрылось и установлено в срок до 1 суток;С передним приводом;Минивэны и универсалы повышенной вместимости;2008.0;CHEVROLET Прочие модели Chevrolet;Физические лица;Черный;;Технические неисправности отсутствуют
930001374.0;1.0;Осталось на месте ДТП;С передним приводом;D-класс (средний) до 4,6 м;1995.0;TOYOTA Camry;Физические лица;Синий;;Технические неисправности отсутствуют
930001367.0;1.0;Осталось на месте ДТП;С передним приводом;Минивэны и универсалы повышенной вместимости;2000.0;LEXUS RX;Физические лица;Серый;;Технические неисправности отсутствуют
930001382.0;1.0;Скрылось и установлено в срок свыше 10 суток;Иное расположение рулевого управления;Мотоциклы;2001.0;DAEWOO Racer;Физические лица;Черный;;Технические неисправности отсутствуют
930001369.0;1.0;Осталось на месте ДТП;Полноприводные;Минивэны и универсалы повышенной вместимости;1999.0;ВАЗ  Нива  ВАЗ-2121 и модификации;Физические лица;Фиолетовый;;Технические неисправности отсутствуют
930001363.0;3.0;Осталось на месте ДТП;С передним приводом;С-класс (малый средний, компактный) до 4,3 м;2005.0;ВАЗ ВАЗ 2114 и модификации;Физические лица;Красный;;Технические неисправности отсутствуют
930001363.0;2.0;Осталось на месте ДТП;Иное расположение рулевого управления;Велосипеды;2018.0; ;Физические лица;Красный;;Технические неисправности отсутствуют
930001363.0;1.0;Осталось на месте ДТП;С передним приводом;D-класс (средний) до 4,6 м;2011.0;HYUNDAI Solaris;Физические лица;Фиолетовый;;Технические неисправности отсутствуют
930001370.0;1.0;Скрылось с места ДТП;;Одноэтажные длиной от 5 до 8 м;; ;;;;Технические неисправности отсутствуют
930001358.0;1.0;Осталось на месте ДТП;Полноприводные;Минивэны и универсалы повышенной вместимости;2010.0;УАЗ УАЗ 3151, 31512, 31514, 31519 и модификации;Физические лица;Зеленый;;Технические неисправности отсутствуют
930001707.0;1.0;Осталось на месте ДТП;С передним приводом;Минивэны и универсалы повышенной вместимости;2008.0;TOYOTA Wish;Физические лица;Белый;;Технические неисправности отсутствуют
930001692.0;2.0;Осталось на месте ДТП;С задним приводом;С-класс (малый средний, компактный) до 4,3 м;2004.0;ВАЗ  Жигули  ВАЗ-2107 модификации;Физические лица;Зеленый;;Технические неисправности отсутствуют
930001692.0;1.0;Осталось на месте ДТП;С передним приводом;D-класс (средний) до 4,6 м;1997.0;AUDI А6;Физические лица;Зеленый;;Технические неисправности отсутствуют
930001696.0;1.0;Осталось на месте ДТП;С передним приводом;D-класс (средний) до 4,6 м;2003.0;TOYOTA Corolla;Физические лица;Синий;;Технические неисправности отсутствуют
930001688.0;1.0;Осталось на месте ДТП;С передним приводом;С-класс (малый средний, компактный) до 4,3 м;2007.0;ВАЗ ВАЗ 2115 и модификации;Физические лица;Черный;;Технические неисправности отсутствуют
930001684.0;1.0;Осталось на месте ДТП;С передним приводом;С-класс (малый средний, компактный) до 4,3 м;2010.0;ВАЗ Нива 2329;Физические лица;Белый;;Технические неисправности отсутствуют
930001686.0;2.0;Осталось на месте ДТП;С задним приводом;Бортовые грузовые автомобили;2006.0;МАЗ 6303;Физические лица;Желтый;;Технические неисправности отсутствуют
930001686.0;1.0;Осталось на месте ДТП;С передним приводом;Е-класс (высший средний, бизнес-класс) до 4,9 м;2007.0;TOYOTA Camry;Физические лица;Серый;;Технические неисправности отсутствуют
930001685.0;1.0;Скрылось и установлено в срок до 1 суток;Полноприводные;Минивэны и универсалы повышенной вместимости;2011.0;УАЗ УАЗ 3151, 31512, 31514, 31519 и модификации;Физические лица;Желтый;;Технические неисправности отсутствуют
930001681.0;1.0;Осталось на месте ДТП;С передним приводом;С-класс (малый средний, компактный) до 4,3 м;2011.0;FORD Прочие модели Ford;Физические лица;Белый;;Технические неисправности отсутствуют
930001673.0;2.0;Осталось на месте ДТП;С задним приводом;Седельные тягачи;2008.0;КАМАЗ 6511;Физические лица;Желтый;;Технические неисправности отсутствуют
930001673.0;1.0;Осталось на месте ДТП;С передним приводом;D-класс (средний) до 4,6 м;1991.0;TOYOTA Camry;Физические лица;Белый;;Технические неисправности отсутствуют
930001673.0;3.0;Осталось на месте ДТП;;Полуприцепы с бортовой платформой;1982.0; ;Физические лица;Серый;;Технические неисправности отсутствуют
930001676.0;1.0;Осталось на месте ДТП;С передним приводом;D-класс (средний) до 4,6 м;1997.0;TOYOTA Carina;Физические лица;Серый;;Технические неисправности отсутствуют
930001664.0;1.0;Осталось на месте ДТП;С передним приводом;D-класс (средний) до 4,6 м;1997.0;MTT Прочие модели MTT;Физические лица;Зеленый;;Технические неисправности отсутствуют
930001665.0;1.0;Осталось на месте ДТП;С передним приводом;D-класс (средний) до 4,6 м;1994.0;TOYOTA Vista;Физические лица;Серый;;Технические неисправности отсутствуют
930001661.0;1.0;Осталось на месте ДТП;С передним приводом;D-класс (средний) до 4,6 м;2008.0;TOYOTA Corolla;Физические лица;Серый;;Технические неисправности отсутствуют
930001661.0;2.0;Осталось на месте ДТП;Полноприводные;Медицинские комплексы на шасси транспортных средств;2020.0;УАЗ 3962;Юридические лица, являющиеся некоммерческими организациями;Многоцветный;;Технические неисправности отсутствуют
930002059.0;1.0;Осталось на месте ДТП;С передним приводом;С-класс (малый средний, компактный) до 4,3 м;2006.0;ВАЗ Kalina;Физические лица;Серый;;Технические неисправности отсутствуют
930001654.0;1.0;Осталось на месте ДТП;С передним приводом;С-класс (малый средний, компактный) до 4,3 м;2009.0;ВАЗ ВАЗ 2114 и модификации;Физические лица;Черный;;Технические неисправности отсутствуют
930001651.0;1.0;Осталось на месте ДТП;Иное расположение рулевого управления;Мотоциклы;2010.0;Прочие марки мотоциклов Прочие марки мотоциклов;Физические лица;Зеленый;;Технические неисправности отсутствуют
930001647.0;1.0;Осталось на месте ДТП;Полноприводные;Прочие легковые автомобили;2001.0;УАЗ УАЗ 3151, 31512, 31514, 31519 и модификации;Физические лица;Коричневый;;Ремни безопасности неработоспособны или имеют видимые надрывы
930001647.0;2.0;Осталось на месте ДТП;С передним приводом;Минивэны и универсалы повышенной вместимости;1999.0;TOYOTA Ipsum;Физические лица;Белый;;Технические неисправности отсутствуют
930001643.0;1.0;Осталось на месте ДТП;С задним приводом;Бортовые грузовые автомобили;2006.0;МАЗ-МАН 630368;Физические лица;Белый;;Технические неисправности отсутствуют
930001643.0;2.0;Осталось на месте ДТП;С передним приводом;Минивэны и универсалы повышенной вместимости;2001.0;TOYOTA Funcargo;Физические лица;Серый;;Технические неисправности отсутствуют
930001637.0;1.0;Осталось на месте ДТП;С передним приводом;С-класс (малый средний, компактный) до 4,3 м;2009.0;ВАЗ Priora;Физические лица;Черный;;Технические неисправности отсутствуют
930001637.0;2.0;Осталось на месте ДТП;С передним приводом;D-класс (средний) до 4,6 м;2002.0;HYUNDAI Verna;Физические лица;Белый;;Технические неисправности отсутствуют
930001632.0;1.0;Скрылось с места ДТП;;С-класс (малый средний, компактный) до 4,3 м;; ;;;;Технические неисправности отсутствуют
930001631.0;1.0;Скрылось и установлено в срок от 1 до 3 суток;С задним приводом;Минивэны и универсалы повышенной вместимости;2001.0;TOYOTA RAV 4;Физические лица;Серый;;Технические неисправности отсутствуют
930001630.0;1.0;Осталось на месте ДТП;С задним приводом;С-класс (малый средний, компактный) до 4,3 м;2007.0;ВАЗ  Жигули  ВАЗ-2105 модификации;Физические лица;Белый;;Технические неисправности отсутствуют
930001630.0;2.0;Осталось на месте ДТП;С задним приводом;D-класс (средний) до 4,6 м;2012.0;AUDI А4;Физические лица;Красный;;Технические неисправности отсутствуют
930001629.0;1.0;Осталось на месте ДТП;Иное расположение рулевого управления;Мотоциклы;2020.0;DAEWOO Racer;Физические лица;Оранжевый;;Технические неисправности отсутствуют
930001625.0;2.0;Осталось на месте ДТП;Полноприводные;Минивэны и универсалы повышенной вместимости;2020.0;УАЗ Patriot (Патриот);Юридические лица, являющиеся некоммерческими организациями;Серый;;Технические неисправности отсутствуют
930001625.0;1.0;Осталось на месте ДТП;С передним приводом;Е-класс (высший средний, бизнес-класс) до 4,9 м;2016.0;TOYOTA Camry;Физические лица;Белый;;Технические неисправности отсутствуют
930001623.0;1.0;Осталось на месте ДТП;С передним приводом;D-класс (средний) до 4,6 м;1997.0;TOYOTA Corona;Физические лица;Коричневый;;Технические неисправности отсутствуют
930001623.0;2.0;Осталось на месте ДТП;С задним приводом;Минивэны и универсалы повышенной вместимости;2011.0;HYUNDAI H-1 Starex;Физические лица;Белый;;Технические неисправности отсутствуют
930001622.0;1.0;Скрылось и установлено в срок от 1 до 3 суток;С передним приводом;D-класс (средний) до 4,6 м;2012.0;TOYOTA Corolla;Физические лица;Белый;;Технические неисправности отсутствуют
930001618.0;1.0;Осталось на месте ДТП;С передним приводом;D-класс (средний) до 4,6 м;1994.0;TOYOTA Corolla;Физические лица;Черный;;Технические неисправности отсутствуют
930001613.0;1.0;Осталось на месте ДТП;С передним приводом;Минивэны и универсалы повышенной вместимости;1994.0;ВАЗ  Жигули  ВАЗ-2104 модификации;Физические лица;Белый;;Технические неисправности отсутствуют
930001614.0;1.0;Осталось на месте ДТП;С передним приводом;Е-класс (высший средний, бизнес-класс) до 4,9 м;2010.0;TOYOTA Camry;Физические лица;Серый;;Технические неисправности отсутствуют
930001604.0;3.0;Осталось на месте ДТП;Полноприводные;С-класс (малый средний, компактный) до 4,3 м;1997.0;ВАЗ  Нива  ВАЗ-2121 и модификации;Физические лица;Серый;;Технические неисправности отсутствуют
930001604.0;2.0;Осталось на месте ДТП;С передним приводом;С-класс (малый средний, компактный) до 4,3 м;2006.0;ВАЗ ВАЗ 2110, 21101, 21102, 21103, 21108;Физические лица;Серый;;Технические неисправности отсутствуют
930001604.0;1.0;Осталось на месте ДТП;С передним приводом;D-класс (средний) до 4,6 м;1995.0;TOYOTA Carina;Физические лица;Серый;;Технические неисправности отсутствуют
930001606.0;1.0;Осталось на месте ДТП;Полноприводные;Минивэны и универсалы повышенной вместимости;1999.0;LEXUS RX;Физические лица;Желтый;;Технические неисправности отсутствуют
930001601.0;1.0;Осталось на месте ДТП;С передним приводом;С-класс (малый средний, компактный) до 4,3 м;2011.0;ВАЗ Kalina;Физические лица;Серый;;Технические неисправности отсутствуют
930001603.0;1.0;Осталось на месте ДТП;С задним приводом;Прочие легковые автомобили;2012.0;ГАЗ Прочие модели ГАЗ;Физические лица;Белый;;Технические неисправности отсутствуют
930001591.0;1.0;Осталось на месте ДТП;Полноприводные;Минивэны и универсалы повышенной вместимости;1997.0;HONDA CR-V;Физические лица;Серый;;Технические неисправности отсутствуют
930001590.0;1.0;Осталось на месте ДТП;С задним приводом;С-класс (малый средний, компактный) до 4,3 м;1995.0;ВАЗ  Жигули  ВАЗ-2108, 09 и модификации                       ;Физические лица;Красный;;Технические неисправности отсутствуют
930001590.0;2.0;Осталось на месте ДТП;С передним приводом;Е-класс (высший средний, бизнес-класс) до 4,9 м;2007.0;TOYOTA Camry;Физические лица;Серый;;Технические неисправности отсутствуют
930001578.0;1.0;Осталось на месте ДТП;С передним приводом;D-класс (средний) до 4,6 м;2002.0;TOYOTA Allion;Физические лица;Белый;;Технические неисправности отсутствуют
930001563.0;1.0;Осталось на месте ДТП;Полноприводные;Минивэны и универсалы повышенной вместимости;2002.0;TOYOTA Estima;Физические лица;Серый;;Технические неисправности отсутствуют
930001572.0;1.0;Осталось на месте ДТП;С задним приводом;Одноэтажные длиной не более 5 м;2007.0;ГАЗ 3221  Газель , 32217, 32213, 32212, 322172, 322132, 322133 и модификации;Физические лица;Белый;;Технические неисправности отсутствуют
930001569.0;1.0;Осталось на месте ДТП;С передним приводом;С-класс (малый средний, компактный) до 4,3 м;2002.0;ВАЗ ВАЗ 2110, 21101, 21102, 21103, 21108;Физические лица;Серый;;Технические неисправности отсутствуют
930001569.0;2.0;Осталось на месте ДТП;Полноприводные;Минивэны и универсалы повышенной вместимости;2002.0;MITSUBISHI Montero;Физические лица;Черный;;Технические неисправности отсутствуют
930001565.0;1.0;Осталось на месте ДТП;С передним приводом;Минивэны и универсалы повышенной вместимости;1999.0;HONDA Partner;Физические лица;Белый;;Технические неисправности отсутствуют
930001559.0;1.0;Осталось на месте ДТП;С передним приводом;Минивэны и универсалы повышенной вместимости;2011.0;ВАЗ Priora;Физические лица;Белый;;Технические неисправности отсутствуют
930001549.0;1.0;Осталось на месте ДТП;С передним приводом;D-класс (средний) до 4,6 м;1998.0;MAZDA Capella;Физические лица;Белый;;Технические неисправности отсутствуют
930001541.0;1.0;Осталось на месте ДТП;С передним приводом;С-класс (малый средний, компактный) до 4,3 м;2009.0;ВАЗ Priora;Физические лица;Серый;;Технические неисправности отсутствуют
930001540.0;2.0;Осталось на месте ДТП;С передним приводом;С-класс (малый средний, компактный) до 4,3 м;2010.0;ВАЗ Priora;Физические лица;Серый;;Технические неисправности отсутствуют
930001540.0;1.0;Осталось на месте ДТП;С передним приводом;С-класс (малый средний, компактный) до 4,3 м;2005.0;ВАЗ  Жигули  ВАЗ-2107 модификации;Физические лица;Зеленый;;Технические неисправности отсутствуют
930001835.0;1.0;Скрылось с места ДТП;;С-класс (малый средний, компактный) до 4,3 м;; ;;;;Технические неисправности отсутствуют
930001835.0;2.0;Осталось на месте ДТП;С передним приводом;Минивэны и универсалы повышенной вместимости;1999.0;HONDA HR-V;Физические лица;Серый;;Технические неисправности отсутствуют
930001832.0;2.0;Осталось на месте ДТП;С передним приводом;С-класс (малый средний, компактный) до 4,3 м;1996.0;TOYOTA Cresta;Физические лица;Белый;;Технические неисправности отсутствуют
930001832.0;1.0;Осталось на месте ДТП;С передним приводом;D-класс (средний) до 4,6 м;2001.0;MITSUBISHI Lancer;Физические лица;Белый;;Технические неисправности отсутствуют
930001829.0;1.0;Осталось на месте ДТП;С передним приводом;В-класс (малый) до 3,9 м;2005.0;TOYOTA Corolla;Физические лица;Серый;;Технические неисправности отсутствуют
930001837.0;1.0;Осталось на месте ДТП;С передним приводом;D-класс (средний) до 4,6 м;2008.0;ВАЗ Priora;Физические лица;Серый;;Технические неисправности отсутствуют
930001823.0;1.0;Осталось на месте ДТП;Полноприводные;Е-класс (высший средний, бизнес-класс) до 4,9 м;1992.0;TOYOTA Land Cruiser;Физические лица;Серый;;Не устанавливались
930001821.0;1.0;Осталось на месте ДТП;С передним приводом;D-класс (средний) до 4,6 м;2014.0;RENAULT Logan;Индивидуальные предприниматели без образования юридического лица;Коричневый;;Технические неисправности отсутствуют
930001810.0;1.0;Осталось на месте ДТП;С задним приводом;Бортовые грузовые автомобили;1995.0;КАМАЗ Прочие модели КАМАЗ;Физические лица;Серый;;Не устанавливались
930001802.0;1.0;Осталось на месте ДТП;С передним приводом;D-класс (средний) до 4,6 м;2012.0;ВАЗ Granta (Гранта);Физические лица;Синий;;Технические неисправности отсутствуют
930001797.0;1.0;Осталось на месте ДТП;С передним приводом;D-класс (средний) до 4,6 м;2021.0;ВАЗ Granta (Гранта);Юридические лица, являющиеся коммерческими организациями;Белый;;Технические неисправности отсутствуют
930001791.0;1.0;Осталось на месте ДТП;С передним приводом;D-класс (средний) до 4,6 м;2006.0;TOYOTA Corolla;Физические лица;Синий;;Технические неисправности отсутствуют
930001781.0;1.0;Осталось на месте ДТП;С передним приводом;D-класс (средний) до 4,6 м;2002.0;TOYOTA Premio;Физические лица;Белый;;Технические неисправности отсутствуют
930001785.0;1.0;Осталось на месте ДТП;С передним приводом;D-класс (средний) до 4,6 м;1993.0;TOYOTA Corona;Физические лица;Коричневый;;Технические неисправности отсутствуют
930001784.0;1.0;Осталось на месте ДТП;С передним приводом;Минивэны и универсалы повышенной вместимости;1998.0;TOYOTA Ipsum;Физические лица;Белый;;Технические неисправности отсутствуют
930001774.0;1.0;Осталось на месте ДТП;С передним приводом;Минивэны и универсалы повышенной вместимости;1997.0;TOYOTA Ipsum;Физические лица;Белый;;Технические неисправности отсутствуют
930001774.0;2.0;Осталось на месте ДТП;С передним приводом;Е-класс (высший средний, бизнес-класс) до 4,9 м;1996.0;TOYOTA Camry;Физические лица;Белый;;Технические неисправности отсутствуют
930001773.0;1.0;Осталось на месте ДТП;С передним приводом;D-класс (средний) до 4,6 м;2011.0;ВАЗ ВАЗ 2115 и модификации;Физические лица;Многоцветный;;Технические неисправности отсутствуют
930001778.0;2.0;Осталось на месте ДТП;С задним приводом;D-класс (средний) до 4,6 м;2007.0;ВАЗ  Жигули  ВАЗ-2107 модификации;Физические лица;Красный;;На одну ось ТС установлены шины различных размеров, конструкций (радиальной, диагональной, камерной, бескамерной), моделей, с различными рисунками протектора. На ТС одновременно установлены ошипованные и неошипованные шины
930001778.0;1.0;Осталось на месте ДТП;С передним приводом;D-класс (средний) до 4,6 м;2011.0;ВАЗ Priora;Физические лица;Многоцветный;;Технические неисправности отсутствуют
930001780.0;2.0;Осталось на месте ДТП;С передним приводом;D-класс (средний) до 4,6 м;2010.0;ВАЗ ВАЗ 2115 и модификации;Физические лица;Многоцветный;;Технические неисправности отсутствуют
930001780.0;1.0;Скрылось и установлено в срок до 1 суток;С передним приводом;D-класс (средний) до 4,6 м;2003.0;ВАЗ ВАЗ 2112 и модификации;Физические лица;Многоцветный;;Технические неисправности отсутствуют
930001782.0;2.0;Осталось на месте ДТП;С передним приводом;D-класс (средний) до 4,6 м;2003.0;ВАЗ ВАЗ 2112 и модификации;Физические лица;Многоцветный;;Технические неисправности отсутствуют
930001782.0;1.0;Осталось на месте ДТП;С передним приводом;D-класс (средний) до 4,6 м;2006.0;TOYOTA Corolla;Физические лица;Серый;;Технические неисправности отсутствуют
930001763.0;1.0;Осталось на месте ДТП;С передним приводом;D-класс (средний) до 4,6 м;2002.0;TOYOTA Corolla;Физические лица;Серый;;Технические неисправности отсутствуют
930001761.0;1.0;Осталось на месте ДТП;С передним приводом;Минивэны и универсалы повышенной вместимости;2001.0;MAZDA MPV;Физические лица;Серый;;Технические неисправности отсутствуют
930001758.0;1.0;Осталось на месте ДТП;С передним приводом;В-класс (малый) до 3,9 м;1999.0;ВАЗ  Жигули  ВАЗ-2108, 09 и модификации                       ;Физические лица;Белый;;Технические неисправности отсутствуют
930001757.0;1.0;Осталось на месте ДТП;Полноприводные;В-класс (малый) до 3,9 м;2012.0;УАЗ УАЗ 3151, 31512, 31514, 31519 и модификации;Физические лица;Зеленый;;Технические неисправности отсутствуют
930001755.0;1.0;Осталось на месте ДТП;С передним приводом;С-класс (малый средний, компактный) до 4,3 м;2008.0;ВАЗ Priora;Физические лица;Черный;;Технические неисправности отсутствуют
930001746.0;1.0;Осталось на месте ДТП;С передним приводом;D-класс (средний) до 4,6 м;2015.0;HYUNDAI Solaris;Физические лица;Синий;;Технические неисправности отсутствуют
930001749.0;2.0;Осталось на месте ДТП;С передним приводом;D-класс (средний) до 4,6 м;2005.0;ВАЗ ВАЗ 2112 и модификации;Физические лица;Синий;;Технические неисправности отсутствуют
930001749.0;1.0;Осталось на месте ДТП;С передним приводом;D-класс (средний) до 4,6 м;2019.0;ВАЗ Vesta (Веста);Физические лица;Белый;;Технические неисправности отсутствуют
930001735.0;1.0;Скрылось с места ДТП;;Минивэны и универсалы повышенной вместимости;; ;;;;Технические неисправности отсутствуют
930001738.0;1.0;Осталось на месте ДТП;С передним приводом;С-класс (малый средний, компактный) до 4,3 м;2013.0;GEELY MK;Физические лица;Серый;;Технические неисправности отсутствуют
930001737.0;1.0;Скрылось и установлено в срок до 1 суток;С передним приводом;D-класс (средний) до 4,6 м;2000.0;TOYOTA Corolla;Физические лица;Серый;;Технические неисправности отсутствуют
930001733.0;1.0;Осталось на месте ДТП;С передним приводом;D-класс (средний) до 4,6 м;2011.0;ВАЗ ВАЗ 2114 и модификации;Физические лица;Белый;;Технические неисправности отсутствуют
930001729.0;1.0;Осталось на месте ДТП;С передним приводом;D-класс (средний) до 4,6 м;2013.0;HYUNDAI Прочие модели Hyundai;Физические лица;Белый;;Технические неисправности отсутствуют
930001729.0;2.0;Осталось на месте ДТП;С передним приводом;Минивэны и универсалы повышенной вместимости;2019.0;RENAULT Duster;Физические лица;Белый;;Технические неисправности отсутствуют
930001731.0;1.0;Осталось на месте ДТП;С передним приводом;D-класс (средний) до 4,6 м;2013.0;ВАЗ ВАЗ 2114 и модификации;Физические лица;Серый;;Технические неисправности отсутствуют
930001794.0;1.0;Осталось на месте ДТП;С передним приводом;В-класс (малый) до 3,9 м;2004.0;УАЗ УАЗ 469;Физические лица;Зеленый;;Технические неисправности отсутствуют
930001728.0;1.0;Осталось на месте ДТП;С передним приводом;D-класс (средний) до 4,6 м;2006.0;ВАЗ ВАЗ 2112 и модификации;Физические лица;Зеленый;;Технические неисправности отсутствуют
930001728.0;2.0;Осталось на месте ДТП;Иное расположение рулевого управления;Мотоциклы;2019.0;Прочие марки мотоциклов Прочие марки мотоциклов;Физические лица;Красный;;Технические неисправности отсутствуют
930001716.0;1.0;Осталось на месте ДТП;С задним приводом;Прочая спецтехника;2012.0;УРАЛ 4320;Физические лица;Серый;;Технические неисправности отсутствуют
930001715.0;2.0;Осталось на месте ДТП;С передним приводом;D-класс (средний) до 4,6 м;2012.0;ВАЗ Priora;Физические лица;Серый;;Технические неисправности отсутствуют
930001715.0;1.0;Осталось на месте ДТП;С передним приводом;D-класс (средний) до 4,6 м;2003.0;ВАЗ  Жигули  ВАЗ-2108, 09 и модификации                       ;Физические лица;Серый;;Технические неисправности отсутствуют
930001711.0;1.0;Осталось на месте ДТП;С передним приводом;Минивэны и универсалы повышенной вместимости;2001.0;HONDA Odyssey;Физические лица;Серый;;Износ рисунка протектора
930002053.0;1.0;Осталось на месте ДТП;С задним приводом;Бортовые грузовые автомобили;1990.0;NISSAN Прочие модели Nissan;Физические лица;Белый;;Технические неисправности отсутствуют
930002053.0;2.0;Осталось на месте ДТП;С передним приводом;Минивэны и универсалы повышенной вместимости;2006.0;HONDA Stream;Физические лица;Серый;;Технические неисправности отсутствуют
930002042.0;1.0;Скрылось с места ДТП;;В-класс (малый) до 3,9 м;; ;;;;Технические неисправности отсутствуют
930002040.0;1.0;Осталось на месте ДТП;С передним приводом;С-класс (малый средний, компактный) до 4,3 м;2005.0;MAZDA Demio;Физические лица;Серый;;Технические неисправности отсутствуют
930002040.0;2.0;Осталось на месте ДТП;С передним приводом;D-класс (средний) до 4,6 м;2012.0;VOLKSWAGEN Polo;Физические лица;Желтый;;Технические неисправности отсутствуют
930002033.0;1.0;Осталось на месте ДТП;С передним приводом;Минивэны и универсалы повышенной вместимости;1996.0;TOYOTA Caldina;Юридические лица, являющиеся некоммерческими организациями;Серый;;Технические неисправности отсутствуют
930002014.0;1.0;Осталось на месте ДТП;С передним приводом;С-класс (малый средний, компактный) до 4,3 м;2006.0;ВАЗ ВАЗ 2115 и модификации;Физические лица;Зеленый;;Технические неисправности отсутствуют
930002020.0;1.0;Скрылось и установлено в срок от 1 до 3 суток;С задним приводом;Прочие легковые автомобили;2004.0;NISSAN Прочие модели Nissan;Физические лица;Белый;;Технические неисправности отсутствуют
930002004.0;1.0;Скрылось с места ДТП;;В-класс (малый) до 3,9 м;; ;;;;Технические неисправности отсутствуют
930001992.0;1.0;Осталось на месте ДТП;С передним приводом;В-класс (малый) до 3,9 м;2005.0;TOYOTA Vitz;Физические лица;Синий;;Технические неисправности отсутствуют
930002006.0;1.0;Осталось на месте ДТП;С задним приводом;Минивэны и универсалы повышенной вместимости;2000.0;BMW 5er;Физические лица;Серый;;Технические неисправности отсутствуют
930001986.0;1.0;Осталось на месте ДТП;С задним приводом;Одноэтажные длиной от 5 до 8 м;2010.0;ГАЗ 3221  Газель , 32217, 32213, 32212, 322172, 322132, 322133 и модификации;Физические лица;Белый;;Технические неисправности отсутствуют
930001976.0;1.0;Осталось на месте ДТП;С передним приводом;С-класс (малый средний, компактный) до 4,3 м;2005.0;ВАЗ ВАЗ 2110, 21101, 21102, 21103, 21108;Физические лица;Зеленый;;Технические неисправности отсутствуют
930001973.0;1.0;Осталось на месте ДТП;С передним приводом;С-класс (малый средний, компактный) до 4,3 м;1997.0;ВАЗ  Жигули  ВАЗ-2108, 09 и модификации                       ;Физические лица;Красный;;Технические неисправности отсутствуют
930001982.0;1.0;Осталось на месте ДТП;С передним приводом;Прочие легковые автомобили;2013.0;УАЗ 3909;Физические лица;Белый;;Технические неисправности отсутствуют
930001977.0;1.0;Осталось на месте ДТП;С передним приводом;С-класс (малый средний, компактный) до 4,3 м;2004.0;ВАЗ ВАЗ 2111, 21110 (универсал), 21113, 21114;Физические лица;Зеленый;;Технические неисправности отсутствуют
930001977.0;2.0;Осталось на месте ДТП;С передним приводом;С-класс (малый средний, компактный) до 4,3 м;1994.0;ВАЗ  Жигули  ВАЗ-2107 модификации;Физические лица;Белый;;Технические неисправности отсутствуют
930001971.0;2.0;Осталось на месте ДТП;С передним приводом;С-класс (малый средний, компактный) до 4,3 м;2008.0;ВАЗ Priora;Физические лица;Зеленый;;Технические неисправности отсутствуют
930001971.0;1.0;Осталось на месте ДТП;С передним приводом;С-класс (малый средний, компактный) до 4,3 м;2011.0;ВАЗ Priora;Физические лица;Зеленый;;Технические неисправности отсутствуют
930001951.0;1.0;Осталось на месте ДТП;С передним приводом;С-класс (малый средний, компактный) до 4,3 м;2011.0;ВАЗ ВАЗ 2114 и модификации;Физические лица;Белый;;Технические неисправности отсутствуют
930001958.0;3.0;Скрылось с места ДТП;;В-класс (малый) до 3,9 м;; ;;;;Технические неисправности отсутствуют
930001958.0;2.0;Осталось на месте ДТП;С передним приводом;С-класс (малый средний, компактный) до 4,3 м;2011.0;ВАЗ Priora;Физические лица;Черный;;Технические неисправности отсутствуют
930001958.0;1.0;Осталось на месте ДТП;С передним приводом;С-класс (малый средний, компактный) до 4,3 м;2013.0;SKODA Fabia;Прочие некоммерческие организации;Синий;;Технические неисправности отсутствуют
930001944.0;1.0;Осталось на месте ДТП;С передним приводом;С-класс (малый средний, компактный) до 4,3 м;2011.0;ВАЗ Priora;Физические лица;Белый;;Технические неисправности отсутствуют
930001944.0;2.0;Осталось на месте ДТП;С передним приводом;D-класс (средний) до 4,6 м;2000.0;HONDA Civic;Физические лица;Белый;;Технические неисправности отсутствуют
930001945.0;2.0;Осталось на месте ДТП;С передним приводом;С-класс (малый средний, компактный) до 4,3 м;1992.0;TOYOTA Corona;Физические лица;Синий;;Технические неисправности отсутствуют
930001945.0;1.0;Осталось на месте ДТП;С передним приводом;Одноэтажные длиной не более 5 м;2002.0;SSANGYONG Istana;Физические лица;Серый;;Технические неисправности отсутствуют
930001941.0;1.0;Осталось на месте ДТП;С задним приводом;Е-класс (высший средний, бизнес-класс) до 4,9 м;2011.0;MERCEDES E-класс;Физические лица;Белый;;Технические неисправности отсутствуют
930001936.0;1.0;Осталось на месте ДТП;С передним приводом;D-класс (средний) до 4,6 м;2003.0;TOYOTA Camry;Физические лица;Серый;;Технические неисправности отсутствуют
930001930.0;1.0;Осталось на месте ДТП;С передним приводом;С-класс (малый средний, компактный) до 4,3 м;2011.0;ВАЗ Priora;Физические лица;Белый;;Технические неисправности отсутствуют
930001926.0;1.0;Осталось на месте ДТП;С передним приводом;Минивэны и универсалы повышенной вместимости;2008.0;LEXUS LX;Физические лица;Серый;;Технические неисправности отсутствуют
930001921.0;1.0;Осталось на месте ДТП;С передним приводом;D-класс (средний) до 4,6 м;2009.0;ВАЗ Priora;Физические лица;Зеленый;;Технические неисправности отсутствуют
930001920.0;1.0;Осталось на месте ДТП;С передним приводом;D-класс (средний) до 4,6 м;2000.0;HONDA Civic;Физические лица;Белый;;Технические неисправности отсутствуют
930001911.0;1.0;Осталось на месте ДТП;С передним приводом;С-класс (малый средний, компактный) до 4,3 м;2013.0;ВАЗ Priora;Физические лица;Серый;;Технические неисправности отсутствуют
930001900.0;2.0;Осталось на месте ДТП;С передним приводом;Прочие легковые автомобили;2002.0;TOYOTA Allex;Физические лица;Белый;;Технические неисправности отсутствуют
930001900.0;1.0;Осталось на месте ДТП;С передним приводом;Минивэны и универсалы повышенной вместимости;2003.0;TOYOTA Прочие модели Toyota;Физические лица;Белый;;Технические неисправности отсутствуют
930001901.0;2.0;Осталось на месте ДТП;С задним приводом;Прочие легковые автомобили;2020.0;ГАЗ Next;Физические лица;Белый;;Технические неисправности отсутствуют
930001901.0;1.0;Осталось на месте ДТП;С задним приводом;Транспортные средства для перевозки нефтепродуктов;2011.0;КАМАЗ 6511;Юридические лица, являющиеся коммерческими организациями;Оранжевый;;Технические неисправности отсутствуют
930001906.0;1.0;Осталось на месте ДТП;С передним приводом;D-класс (средний) до 4,6 м;2002.0;TOYOTA Allion;Физические лица;Серый;;Технические неисправности отсутствуют
930001884.0;1.0;Осталось на месте ДТП;С передним приводом;С-класс (малый средний, компактный) до 4,3 м;1999.0;TOYOTA Platz;Физические лица;Красный;;Технические неисправности отсутствуют
930001884.0;2.0;Осталось на месте ДТП;С передним приводом;С-класс (малый средний, компактный) до 4,3 м;2011.0;TOYOTA Camry;Физические лица;Белый;;Технические неисправности отсутствуют
930001881.0;2.0;Осталось на месте ДТП;С задним приводом;С-класс (малый средний, компактный) до 4,3 м;2007.0;HONDA Civic;Физические лица;Синий;;Технические неисправности отсутствуют
930001881.0;1.0;Осталось на месте ДТП;С передним приводом;С-класс (малый средний, компактный) до 4,3 м;2012.0;RENAULT Logan;Физические лица;Серый;;Технические неисправности отсутствуют
930001873.0;2.0;Осталось на месте ДТП;С передним приводом;Прочие легковые автомобили;1999.0;TOYOTA Corolla;Физические лица;Серый;;Технические неисправности отсутствуют
930001873.0;1.0;Осталось на месте ДТП;С передним приводом;Минивэны и универсалы повышенной вместимости;2000.0;TOYOTA Estima;Физические лица;Белый;;Технические неисправности отсутствуют
930001872.0;2.0;Осталось на месте ДТП;С передним приводом;Прочие легковые автомобили;2019.0;SKODA Octavia;Юридические лица, являющиеся некоммерческими организациями;Белый;;Технические неисправности отсутствуют
930001872.0;1.0;Осталось на месте ДТП;С передним приводом;Минивэны и универсалы повышенной вместимости;1996.0;TOYOTA Ipsum;Физические лица;Синий;;Технические неисправности отсутствуют
930001869.0;2.0;Осталось на месте ДТП;С задним приводом;Самосвалы;2011.0;КАМАЗ 6520;Юридические лица, являющиеся коммерческими организациями;Оранжевый;;Не устанавливались
930001869.0;1.0;Осталось на месте ДТП;С задним приводом;D-класс (средний) до 4,6 м;2006.0;ВАЗ ВАЗ 2110, 21101, 21102, 21103, 21108;Физические лица;Иные цвета;;Не устанавливались
930001861.0;2.0;Осталось на месте ДТП;С передним приводом;С-класс (малый средний, компактный) до 4,3 м;1996.0;TOYOTA Corolla;Физические лица;Белый;;Технические неисправности отсутствуют
930001861.0;1.0;Осталось на месте ДТП;С задним приводом;Минивэны и универсалы повышенной вместимости;2001.0;TOYOTA Funcargo;Физические лица;Желтый;;Технические неисправности отсутствуют
930001862.0;1.0;Осталось на месте ДТП;С передним приводом;С-класс (малый средний, компактный) до 4,3 м;2001.0;HONDA Logo;Физические лица;Серый;;Технические неисправности отсутствуют
930001857.0;2.0;Осталось на месте ДТП;Полноприводные;Минивэны и универсалы повышенной вместимости;2007.0;SUZUKI Grand Vitara;Физические лица;Черный;;Технические неисправности отсутствуют
930001857.0;1.0;Осталось на месте ДТП;С передним приводом;Минивэны и универсалы повышенной вместимости;2003.0;TOYOTA Picnic;Физические лица;Зеленый;;Технические неисправности отсутствуют
930000130.0;1.0;Осталось на месте ДТП;С передним приводом;Минивэны и универсалы повышенной вместимости;2001.0;TOYOTA Caldina;Физические лица;Серый;;Технические неисправности отсутствуют
930000130.0;2.0;Осталось на месте ДТП;Полноприводные;Минивэны и универсалы повышенной вместимости;2003.0;TOYOTA Corolla;Физические лица;Белый;;Технические неисправности отсутствуют
930000127.0;1.0;Осталось на месте ДТП;С передним приводом;D-класс (средний) до 4,6 м;1997.0;HONDA Civic;Физические лица;Синий;;Технические неисправности отсутствуют
930000122.0;1.0;Осталось на месте ДТП;С передним приводом;D-класс (средний) до 4,6 м;1999.0;TOYOTA Corolla;Физические лица;Серый;;Технические неисправности отсутствуют
930000115.0;1.0;Осталось на месте ДТП;С задним приводом;С-класс (малый средний, компактный) до 4,3 м;2012.0;ВАЗ  Жигули  ВАЗ-2107 модификации;Юридические лица, являющиеся коммерческими организациями;Белый;;Технические неисправности отсутствуют
930000115.0;2.0;Осталось на месте ДТП;С задним приводом;Медицинские комплексы на шасси транспортных средств;2021.0;ГАЗ Next;Юридические лица, являющиеся некоммерческими организациями;Желтый;;Технические неисправности отсутствуют
930000114.0;1.0;Осталось на месте ДТП;С передним приводом;D-класс (средний) до 4,6 м;2001.0;TOYOTA Corolla;Физические лица;Серый;;Технические неисправности отсутствуют
930000114.0;2.0;Осталось на месте ДТП;С передним приводом;D-класс (средний) до 4,6 м;2006.0;TOYOTA Corolla;Физические лица;Серый;;Технические неисправности отсутствуют
930000103.0;1.0;Осталось на месте ДТП;С передним приводом;С-класс (малый средний, компактный) до 4,3 м;2002.0;TOYOTA Allex;Физические лица;Серый;;Технические неисправности отсутствуют
930000100.0;1.0;Осталось на месте ДТП;С передним приводом;Прочие легковые автомобили;2012.0;TOYOTA Vitz;Физические лица;Серый;;Технические неисправности отсутствуют
930000100.0;2.0;Осталось на месте ДТП;С передним приводом;В-класс (малый) до 3,9 м;2004.0;ВАЗ ВАЗ 2112 и модификации;Физические лица;Черный;;Технические неисправности отсутствуют
930000098.0;1.0;Осталось на месте ДТП;С передним приводом;В-класс (малый) до 3,9 м;1997.0;ВАЗ  Жигули  ВАЗ-2108, 09 и модификации                       ;Физические лица;Коричневый;;Технические неисправности отсутствуют
930000091.0;1.0;Осталось на месте ДТП;С передним приводом;D-класс (средний) до 4,6 м;1998.0;HONDA Civic;Физические лица;Серый;;Технические неисправности отсутствуют
930000120.0;1.0;Скрылось с места ДТП;;С-класс (малый средний, компактный) до 4,3 м;; ;;;;Технические неисправности отсутствуют
930000074.0;1.0;Осталось на месте ДТП;С передним приводом;D-класс (средний) до 4,6 м;2000.0;TOYOTA Corolla;Физические лица;Белый;;Технические неисправности отсутствуют
930000074.0;2.0;Осталось на месте ДТП;С задним приводом;D-класс (средний) до 4,6 м;2002.0;MERCEDES E-класс;Физические лица;Черный;;Технические неисправности отсутствуют
930000138.0;1.0;Скрылось и установлено в срок от 3 до 10 суток;С задним приводом;С-класс (малый средний, компактный) до 4,3 м;1985.0;ВАЗ  Жигули  ВАЗ-2106 модификации;Физические лица;Желтый;;Технические неисправности отсутствуют
930000062.0;1.0;Осталось на месте ДТП;С передним приводом;Минивэны и универсалы повышенной вместимости;1999.0;MITSUBISHI Space Wagon;Физические лица;Черный;;Технические неисправности отсутствуют
930000062.0;2.0;Осталось на месте ДТП;С передним приводом;С-класс (малый средний, компактный) до 4,3 м;2011.0;ВАЗ ВАЗ 2115 и модификации;Физические лица;Белый;;Технические неисправности отсутствуют
930000060.0;1.0;Осталось на месте ДТП;С задним приводом;Одноэтажные длиной от 5 до 8 м;2012.0;MERCEDES Прочие модели Mercedes;Индивидуальные предприниматели без образования юридического лица;Белый;;Технические неисправности отсутствуют
930000060.0;2.0;Осталось на месте ДТП;С передним приводом;D-класс (средний) до 4,6 м;2002.0;HONDA Fit Aria;Физические лица;Серый;;Технические неисправности отсутствуют
930000049.0;1.0;Осталось на месте ДТП;С передним приводом;С-класс (малый средний, компактный) до 4,3 м;2009.0;ВАЗ Priora;Физические лица;Черный;;Технические неисправности отсутствуют
930000049.0;2.0;Осталось на месте ДТП;С передним приводом;С-класс (малый средний, компактный) до 4,3 м;2020.0;RENAULT Logan;Юридические лица, являющиеся коммерческими организациями;Белый;;Технические неисправности отсутствуют
930000384.0;1.0;Скрылось и установлено в срок свыше 10 суток;С передним приводом;D-класс (средний) до 4,6 м;2013.0;RENAULT Logan;Физические лица;Белый;;Технические неисправности отсутствуют
930000384.0;2.0;Осталось на месте ДТП;С передним приводом;С-класс (малый средний, компактный) до 4,3 м;2009.0;ВАЗ ВАЗ 2114 и модификации;Физические лица;Черный;;Технические неисправности отсутствуют
930000036.0;1.0;Осталось на месте ДТП;С передним приводом;Минивэны и универсалы повышенной вместимости;2000.0;TOYOTA Previa;Физические лица;Черный;;Технические неисправности отсутствуют
930000036.0;2.0;Осталось на месте ДТП;С передним приводом;Минивэны и универсалы повышенной вместимости;2004.0;TOYOTA Wish;Физические лица;Черный;;Технические неисправности отсутствуют
930000030.0;1.0;Осталось на месте ДТП;С передним приводом;D-класс (средний) до 4,6 м;2006.0;TOYOTA Premio;Физические лица;Серый;;Технические неисправности отсутствуют
930000021.0;1.0;Осталось на месте ДТП;С передним приводом;D-класс (средний) до 4,6 м;1997.0;AUDI А6;Физические лица;Серый;;Технические неисправности отсутствуют
930000023.0;1.0;Скрылось и установлено в срок от 3 до 10 суток;Полноприводные;Прочие легковые автомобили;2019.0;УАЗ Прочие модели УАЗ;Физические лица;Серый;;Технические неисправности отсутствуют
930000015.0;1.0;Скрылось и установлено в срок до 1 суток;С передним приводом;D-класс (средний) до 4,6 м;2008.0;TOYOTA Avensis;Физические лица;Серый;;Технические неисправности отсутствуют
930000006.0;1.0;Осталось на месте ДТП;С передним приводом;D-класс (средний) до 4,6 м;1994.0;TOYOTA Carina;Физические лица;Серый;;Технические неисправности отсутствуют
930000006.0;2.0;Осталось на месте ДТП;С передним приводом;С-класс (малый средний, компактный) до 4,3 м;2011.0;ВАЗ Priora;Физические лица;Серый;;Технические неисправности отсутствуют
930000003.0;1.0;Осталось на месте ДТП;С передним приводом;D-класс (средний) до 4,6 м;1997.0;TOYOTA Camry;Физические лица;Серый;;Технические неисправности отсутствуют
930000003.0;2.0;Осталось на месте ДТП;С передним приводом;D-класс (средний) до 4,6 м;1998.0;NISSAN Pulsar;Физические лица;Белый;;Технические неисправности отсутствуют
930000002.0;1.0;Осталось на месте ДТП;С передним приводом;D-класс (средний) до 4,6 м;2005.0;TOYOTA Vista;Физические лица;Серый;;Технические неисправности отсутствуют
930000241.0;1.0;Осталось на месте ДТП;С передним приводом;D-класс (средний) до 4,6 м;2013.0;RENAULT Logan;Физические лица;Белый;;Технические неисправности отсутствуют
930000241.0;2.0;Осталось на месте ДТП;Полноприводные;Прочие легковые автомобили;2011.0;УАЗ 3909;Физические лица;Белый;;Технические неисправности отсутствуют
930000239.0;1.0;Осталось на месте ДТП;С передним приводом;С-класс (малый средний, компактный) до 4,3 м;2010.0;ВАЗ ВАЗ 2115 и модификации;Физические лица;Черный;;Технические неисправности отсутствуют
930000228.0;1.0;Осталось на месте ДТП;С передним приводом;С-класс (малый средний, компактный) до 4,3 м;2011.0;ВАЗ Priora;Физические лица;Белый;;Технические неисправности отсутствуют
930000227.0;1.0;Осталось на месте ДТП;С передним приводом;С-класс (малый средний, компактный) до 4,3 м;2006.0;ВАЗ ВАЗ 2110, 21101, 21102, 21103, 21108;Физические лица;Серый;;Технические неисправности отсутствуют
930000220.0;1.0;Осталось на месте ДТП;С передним приводом;В-класс (малый) до 3,9 м;2002.0;TOYOTA Vitz;Физические лица;Белый;;Технические неисправности отсутствуют
930000216.0;1.0;Скрылось с места ДТП;;В-класс (малый) до 3,9 м;; ;;;;Технические неисправности отсутствуют
930000200.0;1.0;Осталось на месте ДТП;С передним приводом;D-класс (средний) до 4,6 м;2013.0;FORD Focus;Юридические лица, являющиеся некоммерческими организациями;Черный;;Технические неисправности отсутствуют
930000200.0;2.0;Осталось на месте ДТП;С передним приводом;С-класс (малый средний, компактный) до 4,3 м;2012.0;ВАЗ Granta (Гранта);Физические лица;Серый;;Технические неисправности отсутствуют
930000210.0;1.0;Осталось на месте ДТП;С передним приводом;D-класс (средний) до 4,6 м;2002.0;HONDA Accord;Физические лица;Серый;;Технические неисправности отсутствуют
930000210.0;2.0;Осталось на месте ДТП;С передним приводом;D-класс (средний) до 4,6 м;2002.0;TOYOTA Allion;Физические лица;Синий;;Технические неисправности отсутствуют
930000191.0;1.0;Осталось на месте ДТП;С передним приводом;Минивэны и универсалы повышенной вместимости;2000.0;MAZDA Capella;Физические лица;Синий;;Технические неисправности отсутствуют
930000194.0;1.0;Осталось на месте ДТП;С передним приводом;С-класс (малый средний, компактный) до 4,3 м;1999.0;TOYOTA Vitz;Физические лица;Белый;;Технические неисправности отсутствуют
930000195.0;1.0;Осталось на месте ДТП;С передним приводом;С-класс (малый средний, компактный) до 4,3 м;2020.0;ВАЗ Granta (Гранта);Юридические лица, являющиеся некоммерческими организациями;Белый;;Технические неисправности отсутствуют
930000195.0;2.0;Осталось на месте ДТП;С передним приводом;Бортовые грузовые автомобили;1991.0;ГАЗ ГАЗ 3110, 3110-101, 3110-111, 3110-311, 3110-331, 3110-341, 3110-411, 3110-441, 3110-600;Физические лица;Синий;;Технические неисправности отсутствуют
930000187.0;1.0;Осталось на месте ДТП;Полноприводные;Минивэны и универсалы повышенной вместимости;2014.0;TOYOTA RAV 4;Физические лица;Желтый;;Технические неисправности отсутствуют
930000189.0;1.0;Скрылось и установлено в срок от 1 до 3 суток;С передним приводом;Минивэны и универсалы повышенной вместимости;2005.0;TOYOTA Прочие модели Toyota;Физические лица;Серый;;Технические неисправности отсутствуют
930000188.0;1.0;Осталось на месте ДТП;С передним приводом;D-класс (средний) до 4,6 м;2008.0;TOYOTA Corolla;Физические лица;Белый;;Технические неисправности отсутствуют
930000178.0;1.0;Осталось на месте ДТП;С передним приводом;С-класс (малый средний, компактный) до 4,3 м;2011.0;ВАЗ ВАЗ 2114 и модификации;Физические лица;Зеленый;;Технические неисправности отсутствуют
930000178.0;2.0;Осталось на месте ДТП;С передним приводом;Минивэны и универсалы повышенной вместимости;1997.0;TOYOTA Ipsum;Физические лица;Серый;;Технические неисправности отсутствуют
930000186.0;1.0;Осталось на месте ДТП;С передним приводом;А-класс (особо малый) до 3,5 м;2004.0;ВАЗ  Ока  ВАЗ-1111 и модификации;Физические лица;Фиолетовый;;Технические неисправности отсутствуют
930000186.0;2.0;Осталось на месте ДТП;С задним приводом;Минивэны и универсалы повышенной вместимости;1999.0;HONDA CR-V;Физические лица;Желтый;;Технические неисправности отсутствуют
930000177.0;1.0;Осталось на месте ДТП;С передним приводом;D-класс (средний) до 4,6 м;2004.0;TOYOTA Avensis;Физические лица;Синий;;Технические неисправности отсутствуют
930000177.0;2.0;Осталось на месте ДТП;Полноприводные;Минивэны и универсалы повышенной вместимости;2017.0;VOLKSWAGEN Tiguan;Физические лица;Черный;;Технические неисправности отсутствуют
930000175.0;1.0;Осталось на месте ДТП;С передним приводом;Е-класс (высший средний, бизнес-класс) до 4,9 м;2004.0;TOYOTA Camry;Физические лица;Желтый;;Технические неисправности отсутствуют
930000175.0;2.0;Осталось на месте ДТП;С передним приводом;С-класс (малый средний, компактный) до 4,3 м;2002.0;ВАЗ ВАЗ 2112 и модификации;Физические лица;Серый;;Технические неисправности отсутствуют
930000175.0;3.0;Осталось на месте ДТП;;Прицепы к легковым автомобилям;2021.0; ;Физические лица;Серый;;Технические неисправности отсутствуют
930000171.0;1.0;Осталось на месте ДТП;С передним приводом;D-класс (средний) до 4,6 м;1991.0;TOYOTA Corona;Физические лица;Серый;;Технические неисправности отсутствуют
930000171.0;2.0;Осталось на месте ДТП;С передним приводом;D-класс (средний) до 4,6 м;1999.0;NISSAN Sunny;Физические лица;Серый;;Технические неисправности отсутствуют
930000154.0;1.0;Осталось на месте ДТП;С передним приводом;D-класс (средний) до 4,6 м;1992.0;TOYOTA Vista;Физические лица;Зеленый;;Технические неисправности отсутствуют
930000140.0;1.0;Скрылось с места ДТП;;В-класс (малый) до 3,9 м;; ;;;;Технические неисправности отсутствуют
930000133.0;1.0;Осталось на месте ДТП;С передним приводом;С-класс (малый средний, компактный) до 4,3 м;2004.0;ВАЗ  Жигули  ВАЗ-2108, 09 и модификации                       ;Физические лица;Зеленый;;Технические неисправности отсутствуют
930000133.0;2.0;Осталось на месте ДТП;Полноприводные;С-класс (малый средний, компактный) до 4,3 м;1996.0;ВАЗ  Нива  ВАЗ-2121 и модификации;Физические лица;Белый;;Технические неисправности отсутствуют
930000137.0;1.0;Осталось на месте ДТП;С передним приводом;D-класс (средний) до 4,6 м;2001.0;TOYOTA Corolla;Физические лица;Серый;;Технические неисправности отсутствуют
930000137.0;2.0;Осталось на месте ДТП;С передним приводом;С-класс (малый средний, компактный) до 4,3 м;2001.0;ВАЗ  Жигули  ВАЗ-2108, 09 и модификации                       ;Физические лица;Белый;;Технические неисправности отсутствуют
930000394.0;1.0;Осталось на месте ДТП;Иное расположение рулевого управления;Прочие легковые автомобили;2014.0;УАЗ 3909;Физические лица;Зеленый;;Технические неисправности отсутствуют
930000389.0;1.0;Осталось на месте ДТП;Полноприводные;Минивэны и универсалы повышенной вместимости;2000.0;TOYOTA Town Ace;Физические лица;Серый;;Технические неисправности отсутствуют
930000389.0;2.0;Осталось на месте ДТП;С задним приводом;D-класс (средний) до 4,6 м;2004.0;MERCEDES E-класс;Физические лица;Серый;;Технические неисправности отсутствуют
930000381.0;1.0;Осталось на месте ДТП;С передним приводом;В-класс (малый) до 3,9 м;2008.0;PEUGEOT 308;Физические лица;Желтый;;Технические неисправности отсутствуют
930000377.0;1.0;Осталось на месте ДТП;С передним приводом;С-класс (малый средний, компактный) до 4,3 м;2010.0;ВАЗ ВАЗ 2114 и модификации;Физические лица;Зеленый;;Технические неисправности отсутствуют
930000382.0;1.0;Скрылось и установлено в срок до 1 суток;С передним приводом;С-класс (малый средний, компактный) до 4,3 м;1995.0;ВАЗ  Жигули  ВАЗ-2108, 09 и модификации                       ;Физические лица;Белый;;Технические неисправности отсутствуют
930000367.0;1.0;Осталось на месте ДТП;С передним приводом;С-класс (малый средний, компактный) до 4,3 м;1997.0;ВАЗ  Жигули  ВАЗ-2108, 09 и модификации                       ;Физические лица;Красный;;Технические неисправности отсутствуют
930000359.0;1.0;Осталось на месте ДТП;Полноприводные;Минивэны и универсалы повышенной вместимости;1997.0;HONDA CR-V;Физические лица;Серый;;Технические неисправности отсутствуют
930000356.0;1.0;Осталось на месте ДТП;С передним приводом;С-класс (малый средний, компактный) до 4,3 м;2013.0;RENAULT Logan;Физические лица;Синий;;Технические неисправности отсутствуют
930000354.0;1.0;Осталось на месте ДТП;С передним приводом;С-класс (малый средний, компактный) до 4,3 м;1999.0;ВАЗ  Жигули  ВАЗ-2108, 09 и модификации                       ;Физические лица;Серый;;Технические неисправности отсутствуют
930000354.0;2.0;Осталось на месте ДТП;С передним приводом;С-класс (малый средний, компактный) до 4,3 м;2007.0;MERCEDES Прочие модели Mercedes;Физические лица;Серый;;Технические неисправности отсутствуют
930000336.0;1.0;Осталось на месте ДТП;С передним приводом;С-класс (малый средний, компактный) до 4,3 м;2009.0;ВАЗ  Нива  ВАЗ-2121 и модификации;Физические лица;Зеленый;;Технические неисправности отсутствуют
930000336.0;2.0;Осталось на месте ДТП;С передним приводом;Минивэны и универсалы повышенной вместимости;2002.0;TOYOTA Ipsum;Физические лица;Белый;;Технические неисправности отсутствуют
930000331.0;1.0;Осталось на месте ДТП;С передним приводом;С-класс (малый средний, компактный) до 4,3 м;2001.0;NISSAN Cube;Физические лица;Серый;;Технические неисправности отсутствуют
930000331.0;2.0;Осталось на месте ДТП;С задним приводом;Минивэны и универсалы повышенной вместимости;2001.0;TOYOTA Harrier;Физические лица;Серый;;Технические неисправности отсутствуют
930000331.0;3.0;Осталось на месте ДТП;С передним приводом;Минивэны и универсалы повышенной вместимости;2014.0;ВАЗ Largus (Ларгус);Юридические лица, являющиеся некоммерческими организациями;Серый;;Технические неисправности отсутствуют
930000325.0;2.0;Осталось на месте ДТП;С задним приводом;Бортовые грузовые автомобили;1990.0;MITSUBISHI Прочие модели MITSUBISHI;Физические лица;Белый;;Технические неисправности отсутствуют
930000325.0;1.0;Осталось на месте ДТП;С задним приводом;Минивэны и универсалы повышенной вместимости;2002.0;ВАЗ  Жигули  ВАЗ-2104 модификации;Физические лица;Белый;;Технические неисправности отсутствуют
930000323.0;1.0;Осталось на месте ДТП;Полноприводные;Минивэны и универсалы повышенной вместимости;2003.0;SUBARU Impreza;Физические лица;Белый;;Технические неисправности отсутствуют
930000314.0;1.0;Осталось на месте ДТП;С передним приводом;С-класс (малый средний, компактный) до 4,3 м;1995.0;ВАЗ  Жигули  ВАЗ-2108, 09 и модификации                       ;Физические лица;Красный;;Технические неисправности отсутствуют
930000314.0;2.0;Осталось на месте ДТП;С передним приводом;В-класс (малый) до 3,9 м;2004.0;MAZDA Demio;Физические лица;Серый;;Технические неисправности отсутствуют
930000304.0;1.0;Осталось на месте ДТП;С передним приводом;D-класс (средний) до 4,6 м;2000.0;TOYOTA Corolla;Физические лица;Белый;;Технические неисправности отсутствуют
930000300.0;1.0;Осталось на месте ДТП;С передним приводом;С-класс (малый средний, компактный) до 4,3 м;2021.0;ВАЗ Granta (Гранта);Юридические лица, являющиеся коммерческими организациями;Серый;;Технические неисправности отсутствуют
930000300.0;2.0;Осталось на месте ДТП;С передним приводом;С-класс (малый средний, компактный) до 4,3 м;2002.0;ВАЗ ВАЗ 2110, 21101, 21102, 21103, 21108;Физические лица;Серый;;Технические неисправности отсутствуют
930000295.0;1.0;Осталось на месте ДТП;С передним приводом;В-класс (малый) до 3,9 м;2000.0;HONDA Logo;Физические лица;Белый;;Технические неисправности отсутствуют
930000281.0;1.0;Осталось на месте ДТП;Полноприводные;Прочие легковые автомобили;2020.0;ГАЗ 2705  Газель , 27057 и модификации;Юридические лица, являющиеся некоммерческими организациями;Белый;;Технические неисправности отсутствуют
930000281.0;2.0;Осталось на месте ДТП;С передним приводом;С-класс (малый средний, компактный) до 4,3 м;2006.0;ВАЗ ВАЗ 2110, 21101, 21102, 21103, 21108;Физические лица;Серый;;Технические неисправности отсутствуют
930000276.0;1.0;Осталось на месте ДТП;С передним приводом;D-класс (средний) до 4,6 м;2016.0;TOYOTA Corolla;Физические лица;Белый;;Технические неисправности отсутствуют
930000541.0;1.0;Осталось на месте ДТП;Иное расположение рулевого управления;Мотоциклы;2020.0;ИЖ Планета;Физические лица;Черный;;Технические неисправности отсутствуют
930000534.0;1.0;Осталось на месте ДТП;С передним приводом;Минивэны и универсалы повышенной вместимости;1999.0;HONDA Stepwgn;Физические лица;Белый;;Технические неисправности отсутствуют
930000530.0;1.0;Осталось на месте ДТП;Полноприводные;С-класс (малый средний, компактный) до 4,3 м;2008.0;MAZDA Premacy;Физические лица;Белый;;Технические неисправности отсутствуют
930000531.0;1.0;Осталось на месте ДТП;С задним приводом;Самосвалы;2013.0;SHACMAN Прочие модели SHACMAN;Индивидуальные предприниматели без образования юридического лица;Желтый;;Неисправность рабочей тормозной системы
930000528.0;1.0;Скрылось с места ДТП;;В-класс (малый) до 3,9 м;; ;;;;Технические неисправности отсутствуют
930000525.0;1.0;Осталось на месте ДТП;С передним приводом;В-класс (малый) до 3,9 м;2003.0;ВАЗ ВАЗ 2110, 21101, 21102, 21103, 21108;Физические лица;Желтый;;Технические неисправности отсутствуют
930000519.0;1.0;Осталось на месте ДТП;С передним приводом;D-класс (средний) до 4,6 м;2013.0;TOYOTA Corolla;Физические лица;Серый;;Технические неисправности отсутствуют
930000519.0;2.0;Осталось на месте ДТП;С передним приводом;D-класс (средний) до 4,6 м;2008.0;ВАЗ Priora;Физические лица;Серый;;Технические неисправности отсутствуют
930000514.0;1.0;Осталось на месте ДТП;С передним приводом;С-класс (малый средний, компактный) до 4,3 м;2020.0;ВАЗ Granta (Гранта);Юридические лица, являющиеся коммерческими организациями;Белый;;Технические неисправности отсутствуют
930000514.0;2.0;Осталось на месте ДТП;;Велосипеды;; ;Физические лица;;;Технические неисправности отсутствуют
930000509.0;1.0;Осталось на месте ДТП;Полноприводные;Минивэны и универсалы повышенной вместимости;2011.0;УАЗ 22069;Физические лица;Серый;;Технические неисправности отсутствуют
930000506.0;1.0;Осталось на месте ДТП;С передним приводом;D-класс (средний) до 4,6 м;2011.0;ВАЗ Priora;Физические лица;Черный;;Технические неисправности отсутствуют
930000501.0;1.0;Осталось на месте ДТП;С передним приводом;Е-класс (высший средний, бизнес-класс) до 4,9 м;1996.0;TOYOTA Camry;Физические лица;Зеленый;;Технические неисправности отсутствуют
930000501.0;2.0;Осталось на месте ДТП;С передним приводом;D-класс (средний) до 4,6 м;2005.0;ВАЗ ВАЗ 2112 и модификации;Физические лица;Серый;;Технические неисправности отсутствуют
930000504.0;1.0;Осталось на месте ДТП;С передним приводом;D-класс (средний) до 4,6 м;2007.0;ВАЗ ВАЗ 2112 и модификации;Физические лица;Серый;;Технические неисправности отсутствуют
930000505.0;1.0;Осталось на месте ДТП;С передним приводом;D-класс (средний) до 4,6 м;2011.0;ВАЗ ВАЗ 2114 и модификации;Физические лица;Синий;;Технические неисправности отсутствуют
930000505.0;2.0;Осталось на месте ДТП;С передним приводом;Минивэны и универсалы повышенной вместимости;2017.0;NISSAN Прочие марки Nissan;Физические лица;Черный;;Технические неисправности отсутствуют
930000503.0;1.0;Осталось на месте ДТП;С задним приводом;D-класс (средний) до 4,6 м;1993.0;TOYOTA Mark II;Физические лица;Белый;;Технические неисправности отсутствуют
930000489.0;1.0;Осталось на месте ДТП;С передним приводом;D-класс (средний) до 4,6 м;2009.0;ВАЗ ВАЗ 2114 и модификации;Физические лица;Черный;;Технические неисправности отсутствуют
930000486.0;1.0;Осталось на месте ДТП;С передним приводом;В-класс (малый) до 3,9 м;2000.0;TOYOTA Funcargo;Физические лица;Желтый;;Технические неисправности отсутствуют
930000475.0;1.0;Осталось на месте ДТП;Полноприводные;Минивэны и универсалы повышенной вместимости;1996.0;HONDA CR-V;Физические лица;Серый;;Технические неисправности отсутствуют
930000484.0;1.0;Осталось на месте ДТП;С передним приводом;В-класс (малый) до 3,9 м;2001.0;HONDA FIT;Физические лица;Синий;;Технические неисправности отсутствуют
930000469.0;1.0;Осталось на месте ДТП;С передним приводом;Минивэны и универсалы повышенной вместимости;1999.0;TOYOTA Caldina;Физические лица;Черный;;Технические неисправности отсутствуют
930000468.0;1.0;Осталось на месте ДТП;С задним приводом;D-класс (средний) до 4,6 м;1997.0;TOYOTA Chaser;Физические лица;Черный;;Технические неисправности отсутствуют
930000468.0;2.0;Осталось на месте ДТП;С задним приводом;Одноэтажные длиной от 5 до 8 м;2011.0;ГАЗ 3221  Газель , 32217, 32213, 32212, 322172, 322132, 322133 и модификации;Физические лица;Белый;;Технические неисправности отсутствуют
930000461.0;1.0;Осталось на месте ДТП;С передним приводом;Минивэны и универсалы повышенной вместимости;1996.0;TOYOTA Corolla;Физические лица;Белый;;Технические неисправности отсутствуют
930000461.0;2.0;Осталось на месте ДТП;С задним приводом;Бортовые грузовые автомобили;2002.0;ГАЗ 3302, 33027 и модификации;Юридические лица, являющиеся коммерческими организациями;Белый;;Технические неисправности отсутствуют
930000464.0;1.0;Осталось на месте ДТП;С задним приводом;Рефрижераторы;1997.0;ISUZU Прочие модели Isuzu;Физические лица;Белый;;Технические неисправности отсутствуют
930000488.0;1.0;Осталось на месте ДТП;Иное расположение рулевого управления;Мотоциклы;2018.0;MINSK Прочие модели Minsk;Физические лица;Зеленый;;Технические неисправности отсутствуют
930000459.0;1.0;Осталось на месте ДТП;С передним приводом;Е-класс (высший средний, бизнес-класс) до 4,9 м;2013.0;MITSUBISHI Outlander;Физические лица;Серый;;Технические неисправности отсутствуют
930000460.0;1.0;Скрылось с места ДТП;;С-класс (малый средний, компактный) до 4,3 м;; ;;;;Технические неисправности отсутствуют
930000454.0;1.0;Осталось на месте ДТП;С передним приводом;D-класс (средний) до 4,6 м;2005.0;TOYOTA Camry;Физические лица;Серый;;Технические неисправности отсутствуют
930000454.0;2.0;Осталось на месте ДТП;С передним приводом;С-класс (малый средний, компактный) до 4,3 м;2012.0;ВАЗ Priora;Физические лица;Красный;;Технические неисправности отсутствуют
930000453.0;1.0;Осталось на месте ДТП;С передним приводом;С-класс (малый средний, компактный) до 4,3 м;2001.0;TOYOTA Corolla;Физические лица;Серый;;Технические неисправности отсутствуют
930000444.0;1.0;Осталось на месте ДТП;С передним приводом;В-класс (малый) до 3,9 м;1998.0;VOLKSWAGEN Bora;Физические лица;Серый;;Иные неисправности
930000428.0;1.0;Осталось на месте ДТП;Иное расположение рулевого управления;Мотоциклы;2021.0;MOTOTRANS Прочие модели Mototrans;Физические лица;Синий;;Технические неисправности отсутствуют
930000425.0;1.0;Скрылось и установлено в срок до 1 суток;С передним приводом;С-класс (малый средний, компактный) до 4,3 м;2003.0;ВАЗ ВАЗ 2112 и модификации;Физические лица;Серый;;Технические неисправности отсутствуют
930000422.0;1.0;Осталось на месте ДТП;С передним приводом;С-класс (малый средний, компактный) до 4,3 м;2007.0;ВАЗ ВАЗ 2112 и модификации;Физические лица;Синий;;Технические неисправности отсутствуют
930000422.0;2.0;Осталось на месте ДТП;С передним приводом;С-класс (малый средний, компактный) до 4,3 м;2006.0;ВАЗ ВАЗ 2110, 21101, 21102, 21103, 21108;Физические лица;Серый;;Технические неисправности отсутствуют
930000416.0;1.0;Осталось на месте ДТП;С задним приводом;D-класс (средний) до 4,6 м;2002.0;TOYOTA Allion;Физические лица;Синий;;Технические неисправности отсутствуют
930000413.0;1.0;Осталось на месте ДТП;Полноприводные;С-класс (малый средний, компактный) до 4,3 м;2001.0;TOYOTA Land Cruiser;Физические лица;Серый;;Технические неисправности отсутствуют
930000413.0;2.0;Осталось на месте ДТП;С передним приводом;С-класс (малый средний, компактный) до 4,3 м;2016.0;HYUNDAI Solaris;Физические лица;Белый;;Технические неисправности отсутствуют
930000400.0;1.0;Осталось на месте ДТП;Полноприводные;Минивэны и универсалы повышенной вместимости;2016.0;УАЗ УАЗ 3151, 31512, 31514, 31519 и модификации;Физические лица;Серый;;Технические неисправности отсутствуют
930000399.0;1.0;Осталось на месте ДТП;С передним приводом;С-класс (малый средний, компактный) до 4,3 м;2008.0;ВАЗ ВАЗ 2110, 21101, 21102, 21103, 21108;Физические лица;Зеленый;;Технические неисправности отсутствуют
930000403.0;2.0;Осталось на месте ДТП;Иное расположение рулевого управления;Велосипеды;2020.0; ;Физические лица;Красный;;Технические неисправности отсутствуют
930000403.0;1.0;Скрылось с места ДТП;;В-класс (малый) до 3,9 м;; ;;;;Технические неисправности отсутствуют
930000700.0;1.0;Осталось на месте ДТП;С передним приводом;D-класс (средний) до 4,6 м;2014.0;TOYOTA Прочие модели Toyota;Физические лица;Синий;;Технические неисправности отсутствуют
930000700.0;2.0;Осталось на месте ДТП;Иное расположение рулевого управления;Мотоциклы;2021.0;Прочие марки мотоциклов Прочие марки мотоциклов;Физические лица;Белый;;Технические неисправности отсутствуют
930000697.0;1.0;Осталось на месте ДТП;С передним приводом;D-класс (средний) до 4,6 м;2012.0;ВАЗ Granta (Гранта);Физические лица;Черный;;Технические неисправности отсутствуют
930000697.0;2.0;Осталось на месте ДТП;Не заполнено;Велосипеды;; ;Физические лица;;;Технические неисправности отсутствуют
930000693.0;1.0;Осталось на месте ДТП;С передним приводом;Е-класс (высший средний, бизнес-класс) до 4,9 м;2008.0;TOYOTA Avensis;Физические лица;Зеленый;;Технические неисправности отсутствуют
930000695.0;1.0;Скрылось и установлено в срок до 1 суток;С передним приводом;D-класс (средний) до 4,6 м;1997.0;TOYOTA Corona;Физические лица;Зеленый;;Технические неисправности отсутствуют
930000690.0;1.0;Осталось на месте ДТП;Иное расположение рулевого управления;Мопеды с двигателем внутреннего сгорания менее 50 см. куб.;2020.0;DAEWOO Racer;Физические лица;Белый;;Технические неисправности отсутствуют
930000683.0;1.0;Осталось на месте ДТП;С передним приводом;Е-класс (высший средний, бизнес-класс) до 4,9 м;2004.0;TOYOTA Avensis;Физические лица;Серый;;На одну ось ТС установлены шины различных размеров, конструкций (радиальной, диагональной, камерной, бескамерной), моделей, с различными рисунками протектора. На ТС одновременно установлены ошипованные и неошипованные шины
930000683.0;2.0;Осталось на месте ДТП;С передним приводом;Е-класс (высший средний, бизнес-класс) до 4,9 м;2006.0;TOYOTA Camry;Физические лица;Синий;;Технические неисправности отсутствуют
930000683.0;3.0;Осталось на месте ДТП;С задним приводом;Седельные тягачи;2018.0;VOLVO Прочие модели Volvo;Физические лица;Красный;;Технические неисправности отсутствуют
930000683.0;4.0;Осталось на месте ДТП;;Полуприцепы-цистерны;2007.0; ;Физические лица;Белый;;Технические неисправности отсутствуют
930000683.0;5.0;Осталось на месте ДТП;С передним приводом;D-класс (средний) до 4,6 м;2020.0;ВАЗ Granta (Гранта);Физические лица;Белый;;Технические неисправности отсутствуют
930000686.0;1.0;Осталось на месте ДТП;С передним приводом;D-класс (средний) до 4,6 м;2000.0;TOYOTA Прочие модели Toyota;Физические лица;Серый;;Технические неисправности отсутствуют
930000686.0;2.0;Осталось на месте ДТП;С передним приводом;Минивэны и универсалы повышенной вместимости;1999.0;TOYOTA Caldina;Физические лица;Белый;;Технические неисправности отсутствуют
930000685.0;1.0;Осталось на месте ДТП;С передним приводом;D-класс (средний) до 4,6 м;2009.0;ВАЗ ВАЗ 2111, 21110 (универсал), 21113, 21114;Физические лица;Серый;;Технические неисправности отсутствуют
930000678.0;1.0;Скрылось с места ДТП;;В-класс (малый) до 3,9 м;; ;;;;Технические неисправности отсутствуют
930000654.0;1.0;Осталось на месте ДТП;С передним приводом;Прочие легковые автомобили;2012.0;TOYOTA Vitz;Физические лица;Белый;;Технические неисправности отсутствуют
930000652.0;1.0;Осталось на месте ДТП;С передним приводом;С-класс (малый средний, компактный) до 4,3 м;2011.0;FORD Focus;Физические лица;Серый;;Технические неисправности отсутствуют
930000652.0;2.0;Осталось на месте ДТП;Полноприводные;Прочие легковые автомобили;2005.0;MITSUBISHI Delica;Физические лица;Белый;;Технические неисправности отсутствуют
930000649.0;1.0;Осталось на месте ДТП;С передним приводом;D-класс (средний) до 4,6 м;2007.0;TOYOTA Corolla;Физические лица;Серый;;Технические неисправности отсутствуют
930000651.0;1.0;Осталось на месте ДТП;Полноприводные;D-класс (средний) до 4,6 м;2001.0;УАЗ УАЗ 3151, 31512, 31514, 31519 и модификации;Физические лица;Зеленый;;Технические неисправности отсутствуют
930000648.0;1.0;Осталось на месте ДТП;Полноприводные;D-класс (средний) до 4,6 м;1998.0;УАЗ 3909;Физические лица;Зеленый;;Технические неисправности отсутствуют
930000639.0;1.0;Осталось на месте ДТП;С передним приводом;D-класс (средний) до 4,6 м;2008.0;ВАЗ ВАЗ 2114 и модификации;Физические лица;Серый;;Технические неисправности отсутствуют
930000636.0;1.0;Осталось на месте ДТП;С передним приводом;D-класс (средний) до 4,6 м;2008.0;AUDI А3;Физические лица;Черный;;Технические неисправности отсутствуют
930000636.0;2.0;Осталось на месте ДТП;С передним приводом;Минивэны и универсалы повышенной вместимости;2013.0;ВАЗ Largus (Ларгус);Физические лица;Серый;;Технические неисправности отсутствуют
930000633.0;1.0;Осталось на месте ДТП;С передним приводом;Минивэны и универсалы повышенной вместимости;2009.0;TOYOTA Noah;Физические лица;Серый;;Технические неисправности отсутствуют
930000616.0;1.0;Осталось на месте ДТП;С передним приводом;В-класс (малый) до 3,9 м;2012.0;CHERY Прочие модели Chery;Физические лица;Синий;;Технические неисправности отсутствуют
930000619.0;1.0;Осталось на месте ДТП;Полноприводные;D-класс (средний) до 4,6 м;2019.0;УАЗ УАЗ 3151, 31512, 31514, 31519 и модификации;Физические лица;Белый;;Технические неисправности отсутствуют
930000615.0;1.0;Осталось на месте ДТП;Иное расположение рулевого управления;Мопеды с двигателем внутреннего сгорания менее 50 см. куб.;2021.0;Прочие марки мотоциклов Прочие марки мотоциклов;Физические лица;Желтый;;Технические неисправности отсутствуют
930000615.0;2.0;Осталось на месте ДТП;С передним приводом;D-класс (средний) до 4,6 м;2000.0;TOYOTA Corona;Физические лица;Серый;;Технические неисправности отсутствуют
930000617.0;1.0;Осталось на месте ДТП;С передним приводом;Минивэны и универсалы повышенной вместимости;1993.0;TOYOTA Carina;Физические лица;Зеленый;;Технические неисправности отсутствуют
930000609.0;1.0;Осталось на месте ДТП;С передним приводом;D-класс (средний) до 4,6 м;2001.0;TOYOTA Corolla;Физические лица;Серый;;Технические неисправности отсутствуют
930000609.0;2.0;Осталось на месте ДТП;;Велосипеды;; ;Физические лица;Зеленый;;Технические неисправности отсутствуют
930000610.0;1.0;Осталось на месте ДТП;Иное расположение рулевого управления;Мотоциклы;2018.0;DAEWOO Racer;Физические лица;Черный;;Технические неисправности отсутствуют
930000605.0;1.0;Осталось на месте ДТП;С передним приводом;D-класс (средний) до 4,6 м;2005.0;ВАЗ ВАЗ 2110, 21101, 21102, 21103, 21108;Физические лица;Серый;;Технические неисправности отсутствуют
930000604.0;1.0;Осталось на месте ДТП;С передним приводом;Минивэны и универсалы повышенной вместимости;2004.0;TOYOTA Wish;Физические лица;Серый;;Технические неисправности отсутствуют
930000600.0;1.0;Осталось на месте ДТП;С передним приводом;D-класс (средний) до 4,6 м;2011.0;ВАЗ Priora;Индивидуальные предприниматели без образования юридического лица;Зеленый;;Технические неисправности отсутствуют
930000600.0;2.0;Осталось на месте ДТП;С передним приводом;D-класс (средний) до 4,6 м;2011.0;ВАЗ Priora;Физические лица;Черный;;Технические неисправности отсутствуют
930000593.0;1.0;Осталось на месте ДТП;Иное расположение рулевого управления;Мотоциклы;2019.0;Прочие марки мотоциклов Прочие марки мотоциклов;Физические лица;Черный;;Технические неисправности отсутствуют
930000589.0;1.0;Осталось на месте ДТП;Иное расположение рулевого управления;Мотоциклы;2017.0;Прочие марки мотоциклов Прочие марки мотоциклов;Физические лица;Серый;;Технические неисправности отсутствуют
930000582.0;1.0;Осталось на месте ДТП;С передним приводом;В-класс (малый) до 3,9 м;2003.0;TOYOTA Vitz;Физические лица;Серый;;Технические неисправности отсутствуют
930000579.0;1.0;Осталось на месте ДТП;С передним приводом;D-класс (средний) до 4,6 м;2006.0;MAZDA Mazda 6;Физические лица;Серый;;Технические неисправности отсутствуют
930000575.0;1.0;Скрылось и установлено в срок до 1 суток;С передним приводом;С-класс (малый средний, компактный) до 4,3 м;2000.0;ВАЗ ВАЗ 2115 и модификации;Физические лица;Зеленый;;Технические неисправности отсутствуют
930000572.0;1.0;Осталось на месте ДТП;С передним приводом;D-класс (средний) до 4,6 м;2007.0;ВАЗ  Жигули  ВАЗ-2107 модификации;Юридические лица, являющиеся некоммерческими организациями;Синий;;Отсоединение колеса
930000571.0;1.0;Осталось на месте ДТП;С передним приводом;D-класс (средний) до 4,6 м;2011.0;ВАЗ ВАЗ 2114 и модификации;Физические лица;Серый;;Технические неисправности отсутствуют
930000566.0;1.0;Осталось на месте ДТП;С передним приводом;D-класс (средний) до 4,6 м;2000.0;HONDA Torneo;Физические лица;Синий;;Технические неисправности отсутствуют
930000550.0;1.0;Осталось на месте ДТП;Полноприводные;Минивэны и универсалы повышенной вместимости;2014.0;HYUNDAI ix35;Физические лица;Коричневый;;Технические неисправности отсутствуют
930000550.0;2.0;Осталось на месте ДТП;С задним приводом;Прочая спецтехника;2021.0;VOLVO FH;Юридические лица, являющиеся коммерческими организациями;Белый;;Технические неисправности отсутствуют
930000550.0;3.0;Осталось на месте ДТП;;Полуприцепы-самосвалы;2017.0; ;Юридические лица, являющиеся коммерческими организациями;Черный;;Технические неисправности отсутствуют
930000556.0;1.0;Скрылось и установлено в срок до 1 суток;С передним приводом;D-класс (средний) до 4,6 м;2007.0;ВАЗ ВАЗ 2112 и модификации;Физические лица;Серый;;Технические неисправности отсутствуют
930000555.0;1.0;Осталось на месте ДТП;С передним приводом;D-класс (средний) до 4,6 м;2007.0;ВАЗ ВАЗ 2112 и модификации;Физические лица;Синий;;Технические неисправности отсутствуют
930000554.0;1.0;Осталось на месте ДТП;С передним приводом;Минивэны и универсалы повышенной вместимости;1996.0;TOYOTA Caldina;Физические лица;Черный;;Технические неисправности отсутствуют
930000549.0;1.0;Осталось на месте ДТП;С передним приводом;D-класс (средний) до 4,6 м;1999.0;TOYOTA Carina;Физические лица;Серый;;Технические неисправности отсутствуют
930000567.0;1.0;Осталось на месте ДТП;С передним приводом;В-класс (малый) до 3,9 м;2005.0;ВАЗ ВАЗ 2110, 21101, 21102, 21103, 21108;Физические лица;Иные цвета;;Технические неисправности отсутствуют
930000543.0;1.0;Осталось на месте ДТП;С передним приводом;D-класс (средний) до 4,6 м;1997.0;TOYOTA Carina;Физические лица;Серый;;Технические неисправности отсутствуют
930000542.0;1.0;Осталось на месте ДТП;С передним приводом;D-класс (средний) до 4,6 м;2011.0;ВАЗ Priora;Физические лица;Черный;;Технические неисправности отсутствуют
930000540.0;1.0;Осталось на месте ДТП;С передним приводом;D-класс (средний) до 4,6 м;2005.0;ВАЗ ВАЗ 2112 и модификации;Физические лица;Серый;;Технические неисправности отсутствуют
930000877.0;1.0;Осталось на месте ДТП;Полноприводные;Минивэны и универсалы повышенной вместимости;2021.0;ВАЗ ВАЗ 2131 и модификации;Физические лица;Белый;;Технические неисправности отсутствуют
930000871.0;1.0;Скрылось и установлено в срок до 1 суток;С передним приводом;С-класс (малый средний, компактный) до 4,3 м;2005.0;ВАЗ ВАЗ 2110, 21101, 21102, 21103, 21108;Физические лица;Серый;;Технические неисправности отсутствуют
930000863.0;1.0;Осталось на месте ДТП;С передним приводом;С-класс (малый средний, компактный) до 4,3 м;2011.0;ВАЗ ВАЗ 2114 и модификации;Физические лица;Черный;;Технические неисправности отсутствуют
930000862.0;1.0;Осталось на месте ДТП;С задним приводом;С-класс (малый средний, компактный) до 4,3 м;2012.0;ВАЗ  Жигули  ВАЗ-2107 модификации;Физические лица;Синий;;Технические неисправности отсутствуют
930000873.0;1.0;Осталось на месте ДТП;Иное расположение рулевого управления;Мотоциклы;2021.0;Прочие марки мотоциклов Прочие марки мотоциклов;Физические лица;Черный;;Технические неисправности отсутствуют
930000857.0;1.0;Осталось на месте ДТП;С задним приводом;С-класс (малый средний, компактный) до 4,3 м;1999.0;HONDA Logo;Физические лица;Серый;;Технические неисправности отсутствуют
930000857.0;2.0;Осталось на месте ДТП;С передним приводом;Минивэны и универсалы повышенной вместимости;2000.0;HONDA HR-V;Физические лица;Белый;;Технические неисправности отсутствуют
930000846.0;1.0;Осталось на месте ДТП;С передним приводом;Минивэны и универсалы повышенной вместимости;1997.0;SUBARU Forester;Физические лица;Черный;;Технические неисправности отсутствуют
930000846.0;2.0;Осталось на месте ДТП;Иное расположение рулевого управления;Велосипеды;2018.0; ;Физические лица;Синий;;Технические неисправности отсутствуют
930000849.0;1.0;Осталось на месте ДТП;С задним приводом;Минивэны и универсалы повышенной вместимости;2000.0;NISSAN Tino;Физические лица;Серый;;Технические неисправности отсутствуют
930000850.0;1.0;Осталось на месте ДТП;С передним приводом;Минивэны и универсалы повышенной вместимости;2018.0;ВАЗ Vesta (Веста);Физические лица;Синий;;Технические неисправности отсутствуют
930000840.0;1.0;Осталось на месте ДТП;С передним приводом;Прочие легковые автомобили;2001.0;TOYOTA Vitz;Физические лица;Синий;;Технические неисправности отсутствуют
930000843.0;1.0;Осталось на месте ДТП;Иное расположение рулевого управления;Мотоциклы;2020.0;MOTOLEVO Прочие модели Motolevo;Физические лица;Серый;;Технические неисправности отсутствуют
930000843.0;2.0;Осталось на месте ДТП;С передним приводом;С-класс (малый средний, компактный) до 4,3 м;2004.0;ВАЗ ВАЗ 2110, 21101, 21102, 21103, 21108;Физические лица;Серый;;Технические неисправности отсутствуют
930000843.0;3.0;Осталось на месте ДТП;Полноприводные;С-класс (малый средний, компактный) до 4,3 м;2016.0;ВАЗ  Нива  ВАЗ-2121 и модификации;Физические лица;Черный;;Технические неисправности отсутствуют
930000843.0;4.0;Осталось на месте ДТП;С задним приводом;D-класс (средний) до 4,6 м;1984.0;NISSAN Laurel;Физические лица;Серый;;Технические неисправности отсутствуют
930000835.0;1.0;Осталось на месте ДТП;С передним приводом;Минивэны и универсалы повышенной вместимости;2010.0;HONDA Прочие модели Honda;Физические лица;Черный;;Технические неисправности отсутствуют
930000835.0;2.0;Осталось на месте ДТП;Иное расположение рулевого управления;Мотоциклы;2013.0;Прочие марки мотоциклов Прочие марки мотоциклов;Физические лица;Белый;;Технические неисправности отсутствуют
930000824.0;1.0;Осталось на месте ДТП;Иное расположение рулевого управления;Мотоциклы;2014.0;BSA Прочие модели BSA;Физические лица;Белый;;Технические неисправности отсутствуют
930000823.0;1.0;Осталось на месте ДТП;Полноприводные;Прочие легковые автомобили;2017.0;УАЗ УАЗ 3151, 31512, 31514, 31519 и модификации;Физические лица;Серый;;Технические неисправности отсутствуют
930000812.0;1.0;Осталось на месте ДТП;С передним приводом;С-класс (малый средний, компактный) до 4,3 м;2011.0;ВАЗ Priora;Физические лица;Черный;;Технические неисправности отсутствуют
930000812.0;2.0;Осталось на месте ДТП;С передним приводом;D-класс (средний) до 4,6 м;2000.0;TOYOTA Corolla;Физические лица;Серый;;Технические неисправности отсутствуют
930000816.0;1.0;Скрылось с места ДТП;;Одноэтажные длиной не более 5 м;; ;;;;Технические неисправности отсутствуют
930000811.0;1.0;Осталось на месте ДТП;С передним приводом;D-класс (средний) до 4,6 м;2001.0;HONDA Civic;Физические лица;Белый;;Технические неисправности отсутствуют
930000872.0;1.0;Скрылось с места ДТП;;В-класс (малый) до 3,9 м;; ;;;;Технические неисправности отсутствуют
930000872.0;2.0;Осталось на месте ДТП;Иное расположение рулевого управления;Велосипеды;2019.0; ;Физические лица;Синий;;Технические неисправности отсутствуют
930000809.0;1.0;Осталось на месте ДТП;С передним приводом;Минивэны и универсалы повышенной вместимости;2016.0;HONDA Прочие модели Honda;Физические лица;Серый;;Технические неисправности отсутствуют
930000809.0;2.0;Осталось на месте ДТП;С передним приводом;D-класс (средний) до 4,6 м;1994.0;TOYOTA Corolla;Физические лица;Белый;;Технические неисправности отсутствуют
930000804.0;1.0;Осталось на месте ДТП;Полноприводные;Минивэны и универсалы повышенной вместимости;1989.0;УАЗ УАЗ 3159;Физические лица;Коричневый;;Технические неисправности отсутствуют
930000804.0;2.0;Осталось на месте ДТП;С передним приводом;С-класс (малый средний, компактный) до 4,3 м;2001.0;ВАЗ  Жигули  ВАЗ-2108, 09 и модификации                       ;Физические лица;Серый;;Технические неисправности отсутствуют
930000804.0;3.0;Осталось на месте ДТП;С передним приводом;С-класс (малый средний, компактный) до 4,3 м;2010.0;ВАЗ Priora;Физические лица;Зеленый;;Технические неисправности отсутствуют
930000802.0;1.0;Скрылось и установлено в срок до 1 суток;С передним приводом;С-класс (малый средний, компактный) до 4,3 м;2018.0;ВАЗ Granta (Гранта);Физические лица;Коричневый;;Технические неисправности отсутствуют
930000779.0;1.0;Скрылось и установлено в срок до 1 суток;С передним приводом;С-класс (малый средний, компактный) до 4,3 м;2006.0;ВАЗ ВАЗ 2114 и модификации;Физические лица;Черный;;Технические неисправности отсутствуют
930000779.0;2.0;Осталось на месте ДТП;С передним приводом;D-класс (средний) до 4,6 м;2002.0;TOYOTA Corolla;Физические лица;Белый;;Технические неисправности отсутствуют
930000762.0;1.0;Осталось на месте ДТП;Полноприводные;Минивэны и универсалы повышенной вместимости;2019.0;TOYOTA Land Cruiser;Физические лица;Белый;;Технические неисправности отсутствуют
930000763.0;1.0;Осталось на месте ДТП;Полноприводные;Минивэны и универсалы повышенной вместимости;2021.0;MITSUBISHI ASX;Физические лица;Черный;;Технические неисправности отсутствуют
930000763.0;2.0;Осталось на месте ДТП;С передним приводом;D-класс (средний) до 4,6 м;2014.0;RENAULT Logan;Физические лица;Белый;;Технические неисправности отсутствуют
930000754.0;1.0;Осталось на месте ДТП;С задним приводом;Одноэтажные длиной от 5 до 8 м;2008.0;ГАЗ 3221  Газель , 32217, 32213, 32212, 322172, 322132, 322133 и модификации;Физические лица;Желтый;;Технические неисправности отсутствуют
930000747.0;1.0;Осталось на месте ДТП;С передним приводом;С-класс (малый средний, компактный) до 4,3 м;2021.0;ВАЗ Granta (Гранта);Физические лица;Серый;;Технические неисправности отсутствуют
930000738.0;1.0;Осталось на месте ДТП;С передним приводом;D-класс (средний) до 4,6 м;2021.0;ВАЗ Vesta (Веста);Юридические лица, являющиеся некоммерческими организациями;Белый;;Неисправность внешних световых приборов
930000731.0;1.0;Осталось на месте ДТП;Полноприводные;Минивэны и универсалы повышенной вместимости;2012.0;УАЗ Patriot (Патриот);Физические лица;Белый;;Технические неисправности отсутствуют
930000722.0;1.0;Осталось на месте ДТП;С передним приводом;Минивэны и универсалы повышенной вместимости;2004.0;TOYOTA Ipsum;Физические лица;Серый;;Технические неисправности отсутствуют
930000722.0;2.0;Осталось на месте ДТП;С передним приводом;D-класс (средний) до 4,6 м;1992.0;TOYOTA Vista;Физические лица;Серый;;Технические неисправности отсутствуют
930000721.0;1.0;Скрылось с места ДТП;;Минивэны и универсалы повышенной вместимости;; ;;;;Технические неисправности отсутствуют
930000720.0;1.0;Осталось на месте ДТП;С передним приводом;D-класс (средний) до 4,6 м;1996.0;TOYOTA Camry;Физические лица;Серый;;Технические неисправности отсутствуют
930000710.0;1.0;Осталось на месте ДТП;С передним приводом;С-класс (малый средний, компактный) до 4,3 м;1998.0;TOYOTA Carina;Физические лица;Синий;;Технические неисправности отсутствуют
930000710.0;2.0;Осталось на месте ДТП;С передним приводом;D-класс (средний) до 4,6 м;2012.0;MAZDA Mazda 6;Физические лица;Коричневый;;Технические неисправности отсутствуют
930000711.0;2.0;Осталось на месте ДТП;Иное расположение рулевого управления;Мотоциклы;2021.0;Прочие марки ТС Прочие марки и модели ТС;Физические лица;Желтый;;Технические неисправности отсутствуют
930000711.0;1.0;Скрылось и установлено в срок до 1 суток;С задним приводом;В-класс (малый) до 3,9 м;1998.0;ВАЗ  Жигули  ВАЗ-2106 модификации;Физические лица;Зеленый;;Технические неисправности отсутствуют
930001042.0;1.0;Осталось на месте ДТП;С передним приводом;С-класс (малый средний, компактный) до 4,3 м;2009.0;ВАЗ ВАЗ 2115 и модификации;Физические лица;Черный;;Технические неисправности отсутствуют
930001043.0;1.0;Осталось на месте ДТП;С задним приводом;С-класс (малый средний, компактный) до 4,3 м;1995.0;ВАЗ  Жигули  ВАЗ-2106 модификации;Физические лица;Белый;;Технические неисправности отсутствуют
930001045.0;1.0;Осталось на месте ДТП;С задним приводом;Минивэны и универсалы повышенной вместимости;2004.0;УАЗ УАЗ 3151, 31512, 31514, 31519 и модификации;Физические лица;Зеленый;;Технические неисправности отсутствуют
930001045.0;2.0;Осталось на месте ДТП;С передним приводом;Минивэны и универсалы повышенной вместимости;2007.0;TOYOTA Wish;Физические лица;Белый;;Технические неисправности отсутствуют
930001041.0;1.0;Скрылось и установлено в срок до 1 суток;С задним приводом;Прочие легковые автомобили;2012.0;ГАЗ Прочие модели ГАЗ;Физические лица;Белый;;Технические неисправности отсутствуют
930001036.0;1.0;Осталось на месте ДТП;Иное расположение рулевого управления;Мотоциклы;2012.0;Прочие марки ТС Прочие марки и модели ТС;Физические лица;Синий;;Не устанавливались
930001034.0;1.0;Осталось на месте ДТП;Полноприводные;Минивэны и универсалы повышенной вместимости;1997.0;УАЗ УАЗ 3151, 31512, 31514, 31519 и модификации;Физические лица;Коричневый;;Технические неисправности отсутствуют
930001033.0;1.0;Осталось на месте ДТП;С передним приводом;D-класс (средний) до 4,6 м;2009.0;TOYOTA Прочие модели Toyota;Физические лица;Серый;;Технические неисправности отсутствуют
930001033.0;2.0;Осталось на месте ДТП;С передним приводом;С-класс (малый средний, компактный) до 4,3 м;2003.0;TOYOTA Vitz;Физические лица;Серый;;Технические неисправности отсутствуют
930001018.0;1.0;Осталось на месте ДТП;С передним приводом;С-класс (малый средний, компактный) до 4,3 м;2003.0;ВАЗ  Жигули  ВАЗ-2108, 09 и модификации                       ;Физические лица;Серый;;Технические неисправности отсутствуют
930001026.0;1.0;Осталось на месте ДТП;С передним приводом;Е-класс (высший средний, бизнес-класс) до 4,9 м;2013.0;TOYOTA Camry;Физические лица;Черный;;Технические неисправности отсутствуют
930001027.0;1.0;Осталось на месте ДТП;С передним приводом;D-класс (средний) до 4,6 м;1992.0;TOYOTA Corolla;Физические лица;Зеленый;;Технические неисправности отсутствуют
930001012.0;1.0;Осталось на месте ДТП;С передним приводом;D-класс (средний) до 4,6 м;1997.0;HONDA Civic;Физические лица;Белый;;Не устанавливались
930001006.0;1.0;Осталось на месте ДТП;Иное расположение рулевого управления;Мотоциклы;2010.0;Прочие марки мотоциклов Прочие марки мотоциклов;Физические лица;Черный;;Технические неисправности отсутствуют
930001006.0;2.0;Осталось на месте ДТП;С передним приводом;Минивэны и универсалы повышенной вместимости;2008.0;ВАЗ ВАЗ 2123 и модификации;Физические лица;Серый;;Технические неисправности отсутствуют
930001007.0;1.0;Осталось на месте ДТП;С задним приводом;Прочие одноярусные;2017.0;ГАЗ Прочие модели ГАЗ;Индивидуальные предприниматели без образования юридического лица;Белый;;Технические неисправности отсутствуют
930001002.0;1.0;Осталось на месте ДТП;С передним приводом;С-класс (малый средний, компактный) до 4,3 м;2003.0;MAZDA Demio;Физические лица;Серый;;Технические неисправности отсутствуют
930000993.0;1.0;Осталось на месте ДТП;С передним приводом;Минивэны и универсалы повышенной вместимости;2013.0;ВАЗ Largus (Ларгус);Физические лица;Белый;;Технические неисправности отсутствуют
930000993.0;2.0;Осталось на месте ДТП;С передним приводом;Минивэны и универсалы повышенной вместимости;1997.0;HONDA Odyssey;Физические лица;Серый;;Технические неисправности отсутствуют
930000992.0;1.0;Осталось на месте ДТП;С передним приводом;С-класс (малый средний, компактный) до 4,3 м;2012.0;ВАЗ ВАЗ 2110, 21101, 21102, 21103, 21108;Физические лица;Белый;;Технические неисправности отсутствуют
930000992.0;2.0;Осталось на месте ДТП;С передним приводом;Минивэны и универсалы повышенной вместимости;2018.0;ВАЗ Largus (Ларгус);Физические лица;Белый;;Технические неисправности отсутствуют
930000983.0;1.0;Осталось на месте ДТП;С передним приводом;С-класс (малый средний, компактный) до 4,3 м;2005.0;ВАЗ ВАЗ 2110, 21101, 21102, 21103, 21108;Физические лица;Зеленый;;Технические неисправности отсутствуют
930000982.0;1.0;Осталось на месте ДТП;С задним приводом;D-класс (средний) до 4,6 м;1999.0;TOYOTA Carina;Физические лица;Серый;;Технические неисправности отсутствуют
930000976.0;1.0;Осталось на месте ДТП;С передним приводом;В-класс (малый) до 3,9 м;2011.0;ВАЗ ВАЗ 2114 и модификации;Физические лица;Серый;;Технические неисправности отсутствуют
930000980.0;1.0;Осталось на месте ДТП;С передним приводом;D-класс (средний) до 4,6 м;2006.0;TOYOTA Camry;Физические лица;Серый;;Технические неисправности отсутствуют
930000980.0;2.0;Осталось на месте ДТП;Полноприводные;Минивэны и универсалы повышенной вместимости;2017.0;ВАЗ  Нива  ВАЗ-2121 и модификации;Физические лица;Зеленый;;Технические неисправности отсутствуют
930000977.0;1.0;Осталось на месте ДТП;С передним приводом;С-класс (малый средний, компактный) до 4,3 м;2012.0;ВАЗ ВАЗ 2111, 21110 (универсал), 21113, 21114;Физические лица;Красный;;Технические неисправности отсутствуют
930000968.0;1.0;Осталось на месте ДТП;С передним приводом;D-класс (средний) до 4,6 м;2001.0;TOYOTA Corolla;Физические лица;Белый;;Технические неисправности отсутствуют
930000968.0;2.0;Осталось на месте ДТП;Полноприводные;Минивэны и универсалы повышенной вместимости;1996.0;SUBARU Legacy;Физические лица;Черный;;Технические неисправности отсутствуют
930000972.0;1.0;Осталось на месте ДТП;С задним приводом;Е-класс (высший средний, бизнес-класс) до 4,9 м;2019.0;TOYOTA Camry;Физические лица;Черный;;Технические неисправности отсутствуют
930000972.0;2.0;Осталось на месте ДТП;С передним приводом;Минивэны и универсалы повышенной вместимости;2014.0;ВАЗ Largus (Ларгус);Физические лица;Серый;;Технические неисправности отсутствуют
930000972.0;3.0;Осталось на месте ДТП;С передним приводом;D-класс (средний) до 4,6 м;2008.0;TOYOTA Allion;Физические лица;Белый;;Технические неисправности отсутствуют
930000967.0;1.0;Осталось на месте ДТП;Иное расположение рулевого управления;Мотоциклы;2015.0;Прочие марки мотоциклов Прочие марки мотоциклов;Физические лица;Черный;;Технические неисправности отсутствуют
930000966.0;1.0;Осталось на месте ДТП;С передним приводом;D-класс (средний) до 4,6 м;2004.0;TOYOTA Allion;Физические лица;Серый;;Технические неисправности отсутствуют
930000966.0;2.0;Осталось на месте ДТП;Иное расположение рулевого управления;Мотоциклы;2015.0;DAEWOO Racer;Физические лица;Черный;;Технические неисправности отсутствуют
930000954.0;1.0;Осталось на месте ДТП;С передним приводом;С-класс (малый средний, компактный) до 4,3 м;2007.0;ВАЗ ВАЗ 2112 и модификации;Физические лица;Серый;;Технические неисправности отсутствуют
930000953.0;1.0;Осталось на месте ДТП;С задним приводом;Седельные тягачи;2013.0;SCANIA Прочие модели Scania;Физические лица;Красный;;Технические неисправности отсутствуют
930000953.0;2.0;Осталось на месте ДТП;;Полуприцепы с бортовой платформой;1994.0; ;Физические лица;Желтый;;Технические неисправности отсутствуют
930000953.0;3.0;Осталось на месте ДТП;Иное расположение рулевого управления;Велосипеды;2019.0;Прочие марки мотоциклов Прочие марки мотоциклов;Физические лица;Серый;;Технические неисправности отсутствуют
930000938.0;1.0;Осталось на месте ДТП;С передним приводом;С-класс (малый средний, компактный) до 4,3 м;2000.0;MAZDA Demio;Физические лица;Серый;;Технические неисправности отсутствуют
930000938.0;2.0;Осталось на месте ДТП;С передним приводом;D-класс (средний) до 4,6 м;1996.0;NISSAN Bleubird;Физические лица;Серый;;Технические неисправности отсутствуют
930000944.0;1.0;Осталось на месте ДТП;С передним приводом;С-класс (малый средний, компактный) до 4,3 м;2004.0;ВАЗ ВАЗ 2110, 21101, 21102, 21103, 21108;Физические лица;Синий;;Технические неисправности отсутствуют
930000944.0;2.0;Осталось на месте ДТП;С передним приводом;С-класс (малый средний, компактный) до 4,3 м;2010.0;ВАЗ ВАЗ 2114 и модификации;Физические лица;Серый;;Технические неисправности отсутствуют
930000943.0;1.0;Осталось на месте ДТП;С передним приводом;С-класс (малый средний, компактный) до 4,3 м;2012.0;ВАЗ Priora;Физические лица;Черный;;Технические неисправности отсутствуют
930000943.0;2.0;Осталось на месте ДТП;С передним приводом;С-класс (малый средний, компактный) до 4,3 м;2017.0;ВАЗ Priora;Физические лица;Белый;;Технические неисправности отсутствуют
930000931.0;1.0;Осталось на месте ДТП;С передним приводом;С-класс (малый средний, компактный) до 4,3 м;2004.0;ВАЗ ВАЗ 2110, 21101, 21102, 21103, 21108;Физические лица;Черный;;Технические неисправности отсутствуют
930000924.0;1.0;Осталось на месте ДТП;С задним приводом;D-класс (средний) до 4,6 м;1992.0;TOYOTA Corona;Физические лица;Синий;;Технические неисправности отсутствуют
930000924.0;2.0;Осталось на месте ДТП;С передним приводом;Е-класс (высший средний, бизнес-класс) до 4,9 м;2002.0;TOYOTA Premio;Физические лица;Серый;;Технические неисправности отсутствуют
930000925.0;1.0;Осталось на месте ДТП;С передним приводом;В-класс (малый) до 3,9 м;1999.0;NISSAN Micra (March);Физические лица;Синий;;Технические неисправности отсутствуют
930000925.0;2.0;Осталось на месте ДТП;С передним приводом;Е-класс (высший средний, бизнес-класс) до 4,9 м;2013.0;HONDA Accord;Физические лица;Черный;;Технические неисправности отсутствуют
930000920.0;1.0;Осталось на месте ДТП;Полноприводные;Минивэны и универсалы повышенной вместимости;1996.0;УАЗ УАЗ 3151, 31512, 31514, 31519 и модификации;Физические лица;Желтый;;Технические неисправности отсутствуют
930000917.0;1.0;Осталось на месте ДТП;Полноприводные;Прочие легковые автомобили;2020.0;УАЗ 3909;Физические лица;Зеленый;;Технические неисправности отсутствуют
930000915.0;1.0;Осталось на месте ДТП;С передним приводом;Е-класс (высший средний, бизнес-класс) до 4,9 м;2014.0;TOYOTA Camry;Физические лица;Черный;;Технические неисправности отсутствуют
930000915.0;2.0;Осталось на месте ДТП;С передним приводом;D-класс (средний) до 4,6 м;2004.0;ACURA TSX;Физические лица;Красный;;Технические неисправности отсутствуют
930000935.0;1.0;Скрылось и установлено в срок от 3 до 10 суток;С передним приводом;В-класс (малый) до 3,9 м;2008.0;OPEL Astra;Физические лица;Иные цвета;;Технические неисправности отсутствуют
930000903.0;1.0;Осталось на месте ДТП;С передним приводом;С-класс (малый средний, компактный) до 4,3 м;2012.0;ВАЗ Granta (Гранта);Физические лица;Черный;;Технические неисправности отсутствуют
930000903.0;2.0;Осталось на месте ДТП;Полноприводные;Минивэны и универсалы повышенной вместимости;2002.0;TOYOTA Estima;Физические лица;Серый;;Технические неисправности отсутствуют
930000903.0;3.0;Осталось на месте ДТП;С передним приводом;Минивэны и универсалы повышенной вместимости;1998.0;TOYOTA Ipsum;Физические лица;Серый;;Технические неисправности отсутствуют
930000899.0;1.0;Осталось на месте ДТП;С передним приводом;Минивэны и универсалы повышенной вместимости;1998.0;TOYOTA Corolla;Физические лица;Серый;;Технические неисправности отсутствуют
930000899.0;2.0;Осталось на месте ДТП;С передним приводом;Минивэны и универсалы повышенной вместимости;2000.0;HONDA Orthia;Физические лица;Белый;;Технические неисправности отсутствуют
930000898.0;1.0;Скрылось и установлено в срок от 1 до 3 суток;С передним приводом;Бортовые грузовые автомобили;1986.0;ГАЗ Прочие модели ГАЗ;Физические лица;Синий;;Технические неисправности отсутствуют
930000887.0;1.0;Осталось на месте ДТП;С передним приводом;D-класс (средний) до 4,6 м;2011.0;HYUNDAI Solaris;Физические лица;Фиолетовый;;Технические неисправности отсутствуют
930000885.0;1.0;Осталось на месте ДТП;С передним приводом;D-класс (средний) до 4,6 м;1993.0;TOYOTA Corona;Физические лица;Синий;;Технические неисправности отсутствуют
930001257.0;1.0;Осталось на месте ДТП;С передним приводом;D-класс (средний) до 4,6 м;2008.0;TOYOTA Прочие модели грузовых Toyota;Физические лица;Серый;;Технические неисправности отсутствуют
930001255.0;1.0;Осталось на месте ДТП;С задним приводом;Прочие легковые автомобили;2012.0;ВАЗ Kalina;Физические лица;Серый;;Технические неисправности отсутствуют
930001250.0;1.0;Осталось на месте ДТП;С задним приводом;С-класс (малый средний, компактный) до 4,3 м;2011.0;ВАЗ  Жигули  ВАЗ-2107 модификации;Физические лица;Зеленый;;Технические неисправности отсутствуют
930001251.0;1.0;Осталось на месте ДТП;С передним приводом;Е-класс (высший средний, бизнес-класс) до 4,9 м;2020.0;TOYOTA Camry;Физические лица;Белый;;Технические неисправности отсутствуют
930002046.0;1.0;Осталось на месте ДТП;С передним приводом;А-класс (особо малый) до 3,5 м;2003.0;ВАЗ  Ока  ВАЗ-1111 и модификации;Физические лица;Синий;;Технические неисправности отсутствуют
930001243.0;1.0;Скрылось с места ДТП;;Прочие легковые автомобили;; ;;;;Технические неисправности отсутствуют
930001245.0;1.0;Осталось на месте ДТП;С передним приводом;Прочие легковые автомобили;2006.0;OPEL Astra;Физические лица;Серый;;Технические неисправности отсутствуют
930001245.0;2.0;Осталось на месте ДТП;С передним приводом;Е-класс (высший средний, бизнес-класс) до 4,9 м;2006.0;TOYOTA Corolla;Физические лица;Черный;;Технические неисправности отсутствуют
930001240.0;1.0;Скрылось с места ДТП;;D-класс (средний) до 4,6 м;; ;;;;Технические неисправности отсутствуют
930001241.0;1.0;Осталось на месте ДТП;Полноприводные;Е-класс (высший средний, бизнес-класс) до 4,9 м;2000.0;MITSUBISHI Pajero;Физические лица;Зеленый;;Не устанавливались
930001231.0;1.0;Осталось на месте ДТП;С передним приводом;Минивэны и универсалы повышенной вместимости;2005.0;TOYOTA Wish;Физические лица;Белый;;Технические неисправности отсутствуют
930001231.0;2.0;Осталось на месте ДТП;С задним приводом;Седельные тягачи;1994.0;КАМАЗ 5410;Юридические лица, являющиеся некоммерческими организациями;Зеленый;;Технические неисправности отсутствуют
930001218.0;1.0;Осталось на месте ДТП;Полноприводные;С-класс (малый средний, компактный) до 4,3 м;2016.0;TOYOTA Corolla;Физические лица;Серый;;Технические неисправности отсутствуют
930001218.0;2.0;Осталось на месте ДТП;Иное расположение рулевого управления;Мотоциклы;2021.0;Прочие марки мотоциклов Прочие марки мотоциклов;Физические лица;Белый;;Технические неисправности отсутствуют
930001213.0;1.0;Осталось на месте ДТП;С передним приводом;С-класс (малый средний, компактный) до 4,3 м;2004.0;TOYOTA Avensis;Физические лица;Серый;;Технические неисправности отсутствуют
930001208.0;1.0;Осталось на месте ДТП;С передним приводом;С-класс (малый средний, компактный) до 4,3 м;2009.0;ВАЗ ВАЗ 2114 и модификации;Физические лица;Зеленый;;Технические неисправности отсутствуют
930001208.0;2.0;Осталось на месте ДТП;Иное расположение рулевого управления;Мотоциклы;2022.0;Прочие марки мотоциклов Прочие марки мотоциклов;Физические лица;Черный;;Технические неисправности отсутствуют
930001210.0;1.0;Скрылось с места ДТП;;В-класс (малый) до 3,9 м;; ;;;;Технические неисправности отсутствуют
930001210.0;2.0;Осталось на месте ДТП;С передним приводом;С-класс (малый средний, компактный) до 4,3 м;2012.0;ВАЗ Granta (Гранта);Физические лица;Белый;;Технические неисправности отсутствуют
930001204.0;1.0;Осталось на месте ДТП;С задним приводом;Одноэтажные длиной от 8 до 12 м;2012.0;ЛИАЗ Прочие модели ЛИАЗ;Юридические лица, являющиеся некоммерческими организациями;Синий;;Технические неисправности отсутствуют
930001204.0;2.0;Осталось на месте ДТП;;Велосипеды;; ;Физические лица;;;Технические неисправности отсутствуют
930001204.0;3.0;Осталось на месте ДТП;;Велосипеды;; ;Физические лица;;;Технические неисправности отсутствуют
930001198.0;1.0;Осталось на месте ДТП;С передним приводом;D-класс (средний) до 4,6 м;2005.0;FORD Focus;Физические лица;Серый;;Технические неисправности отсутствуют
930001199.0;1.0;Осталось на месте ДТП;С передним приводом;С-класс (малый средний, компактный) до 4,3 м;2021.0;KIA K5;Физические лица;Серый;;Технические неисправности отсутствуют
930001199.0;2.0;Осталось на месте ДТП;С передним приводом;Прочие легковые автомобили;2012.0;HYUNDAI i30;Физические лица;Белый;;Технические неисправности отсутствуют
930001190.0;1.0;Скрылось с места ДТП;;В-класс (малый) до 3,9 м;; ;;;;Технические неисправности отсутствуют
930001178.0;1.0;Осталось на месте ДТП;С передним приводом;Прочие легковые автомобили;1999.0;HONDA Stepwgn;Физические лица;Белый;;Технические неисправности отсутствуют
930001173.0;1.0;Осталось на месте ДТП;С передним приводом;В-класс (малый) до 3,9 м;2000.0;HONDA Accord;Физические лица;Серый;;Технические неисправности отсутствуют
930001173.0;2.0;Осталось на месте ДТП;С передним приводом;D-класс (средний) до 4,6 м;2006.0;HONDA Stepwgn;Физические лица;Белый;;Технические неисправности отсутствуют
930001174.0;1.0;Осталось на месте ДТП;С передним приводом;D-класс (средний) до 4,6 м;2007.0;TOYOTA Avensis;Физические лица;Черный;;Технические неисправности отсутствуют
930001168.0;1.0;Осталось на месте ДТП;С задним приводом;Одноэтажные длиной от 5 до 8 м;2011.0;ГАЗ 3221  Газель , 32217, 32213, 32212, 322172, 322132, 322133 и модификации;Физические лица;Белый;;Технические неисправности отсутствуют
930001168.0;2.0;Осталось на месте ДТП;Полноприводные;D-класс (средний) до 4,6 м;2013.0;SSANGYONG Actyon;Физические лица;Серый;;Технические неисправности отсутствуют
930001168.0;3.0;Осталось на месте ДТП;С передним приводом;D-класс (средний) до 4,6 м;1999.0;TOYOTA Carina;Физические лица;Белый;;Технические неисправности отсутствуют
930001169.0;1.0;Осталось на месте ДТП;С передним приводом;В-класс (малый) до 3,9 м;2008.0;NISSAN Прочие модели Nissan;Физические лица;Белый;;Технические неисправности отсутствуют
930001164.0;1.0;Осталось на месте ДТП;С задним приводом;Е-класс (высший средний, бизнес-класс) до 4,9 м;1993.0;TOYOTA Mark II;Физические лица;Белый;;Технические неисправности отсутствуют
930001152.0;1.0;Осталось на месте ДТП;Полноприводные;D-класс (средний) до 4,6 м;2004.0;TOYOTA Land Cruiser;Физические лица;Серый;;Технические неисправности отсутствуют
930001152.0;2.0;Осталось на месте ДТП;С передним приводом;С-класс (малый средний, компактный) до 4,3 м;1996.0;TOYOTA Camry;Физические лица;Серый;;Технические неисправности отсутствуют
930001160.0;1.0;Осталось на месте ДТП;С передним приводом;D-класс (средний) до 4,6 м;2001.0;HONDA Stream;Физические лица;Белый;;Технические неисправности отсутствуют
930001157.0;1.0;Осталось на месте ДТП;С передним приводом;В-класс (малый) до 3,9 м;2003.0;TOYOTA Corolla;Физические лица;Серый;;Технические неисправности отсутствуют
930001153.0;1.0;Осталось на месте ДТП;С передним приводом;С-класс (малый средний, компактный) до 4,3 м;2003.0;TOYOTA Camry;Физические лица;Серый;;Технические неисправности отсутствуют
930001153.0;2.0;Осталось на месте ДТП;С передним приводом;В-класс (малый) до 3,9 м;1984.0;TOYOTA Sprinter;Физические лица;Синий;;Технические неисправности отсутствуют
930001150.0;1.0;Осталось на месте ДТП;С передним приводом;D-класс (средний) до 4,6 м;2001.0;TOYOTA Corona;Физические лица;Серый;;Технические неисправности отсутствуют
930001150.0;2.0;Осталось на месте ДТП;Полноприводные;Самосвалы;2013.0;IVECO Прочие модели Iveco;Физические лица;Красный;;Технические неисправности отсутствуют
930001141.0;1.0;Осталось на месте ДТП;С передним приводом;Минивэны и универсалы повышенной вместимости;2020.0;HYUNDAI Creta;Физические лица;Серый;;Технические неисправности отсутствуют
930001124.0;1.0;Осталось на месте ДТП;С передним приводом;D-класс (средний) до 4,6 м;2006.0;HONDA Accord;Физические лица;Коричневый;;Технические неисправности отсутствуют
930001122.0;1.0;Осталось на месте ДТП;С передним приводом;Минивэны и универсалы повышенной вместимости;1998.0;TOYOTA Gaia;Физические лица;Серый;;Технические неисправности отсутствуют
930001130.0;1.0;Осталось на месте ДТП;Иное расположение рулевого управления;Велосипеды;2018.0; ;Физические лица;;;Технические неисправности отсутствуют
930001130.0;2.0;Осталось на месте ДТП;Полноприводные;Е-класс (высший средний, бизнес-класс) до 4,9 м;2012.0;MERCEDES E-класс;Физические лица;Белый;;Технические неисправности отсутствуют
930001121.0;1.0;Осталось на месте ДТП;С передним приводом;D-класс (средний) до 4,6 м;1983.0;TOYOTA Camry;Физические лица;Серый;;Технические неисправности отсутствуют
930001117.0;2.0;Осталось на месте ДТП;Иное расположение рулевого управления;Велосипеды;2020.0; ;Физические лица;Красный;;Технические неисправности отсутствуют
930001117.0;1.0;Осталось на месте ДТП;С передним приводом;С-класс (малый средний, компактный) до 4,3 м;2020.0;ВАЗ Granta (Гранта);Юридические лица, являющиеся некоммерческими организациями;Белый;;Технические неисправности отсутствуют
930001106.0;1.0;Осталось на месте ДТП;С передним приводом;С-класс (малый средний, компактный) до 4,3 м;2004.0;ВАЗ  Жигули  ВАЗ-2106 модификации;Физические лица;Синий;;Технические неисправности отсутствуют
930001106.0;2.0;Осталось на месте ДТП;Иное расположение рулевого управления;Велосипеды;2021.0; ;Физические лица;Зеленый;;Технические неисправности отсутствуют
930001108.0;1.0;Осталось на месте ДТП;С задним приводом;D-класс (средний) до 4,6 м;2003.0;HONDA Civic;Физические лица;Красный;;Не устанавливались
930001101.0;1.0;Осталось на месте ДТП;С задним приводом;Минивэны и универсалы повышенной вместимости;2004.0;TOYOTA Hiace;Физические лица;Синий;;Технические неисправности отсутствуют
930001101.0;2.0;Осталось на месте ДТП;Иное расположение рулевого управления;Велосипеды;2019.0; ;Физические лица;Синий;;Технические неисправности отсутствуют
930001102.0;2.0;Осталось на месте ДТП;С передним приводом;С-класс (малый средний, компактный) до 4,3 м;2009.0;ВАЗ Priora;Физические лица;Белый;;Технические неисправности отсутствуют
930001102.0;1.0;Осталось на месте ДТП;С передним приводом;С-класс (малый средний, компактный) до 4,3 м;2008.0;ВАЗ ВАЗ 2114 и модификации;Физические лица;Черный;;Технические неисправности отсутствуют
930001089.0;1.0;Осталось на месте ДТП;С передним приводом;Минивэны и универсалы повышенной вместимости;2012.0;RENAULT Duster;Физические лица;Коричневый;;Технические неисправности отсутствуют
930001089.0;2.0;Осталось на месте ДТП;С задним приводом;С-класс (малый средний, компактный) до 4,3 м;2007.0;ВАЗ  Жигули  ВАЗ-2107 модификации;Физические лица;Синий;;Технические неисправности отсутствуют
930001096.0;1.0;Скрылось с места ДТП;;В-класс (малый) до 3,9 м;; ;;;;Технические неисправности отсутствуют
930001096.0;2.0;Осталось на месте ДТП;Иное расположение рулевого управления;Велосипеды;2020.0; ;Физические лица;Синий;;Технические неисправности отсутствуют
930001085.0;1.0;Осталось на месте ДТП;С передним приводом;D-класс (средний) до 4,6 м;2007.0;MAZDA Mazda 6;Физические лица;Черный;;Технические неисправности отсутствуют
930001085.0;2.0;Осталось на месте ДТП;С передним приводом;С-класс (малый средний, компактный) до 4,3 м;2007.0;ВАЗ ВАЗ 2110, 21101, 21102, 21103, 21108;Физические лица;Серый;;Технические неисправности отсутствуют
930001084.0;1.0;Осталось на месте ДТП;С передним приводом;С-класс (малый средний, компактный) до 4,3 м;1998.0;ВАЗ  Жигули  ВАЗ-2108, 09 и модификации                       ;Физические лица;Серый;;Технические неисправности отсутствуют
930001084.0;2.0;Осталось на месте ДТП;С передним приводом;D-класс (средний) до 4,6 м;2001.0;TOYOTA Avensis;Физические лица;Черный;;Технические неисправности отсутствуют
930001079.0;1.0;Осталось на месте ДТП;С задним приводом;С-класс (малый средний, компактный) до 4,3 м;1993.0;ВАЗ  Жигули  ВАЗ-2106 модификации;Физические лица;Белый;;Технические неисправности отсутствуют
930001072.0;1.0;Осталось на месте ДТП;Иное расположение рулевого управления;Мотоциклы;2013.0;Прочие марки мотоциклов Прочие марки мотоциклов;Физические лица;Белый;;Технические неисправности отсутствуют
930001077.0;1.0;Осталось на месте ДТП;Иное расположение рулевого управления;Мотоциклы;1990.0;ИЖ Планета;Физические лица;Красный;;Технические неисправности отсутствуют
930001059.0;1.0;Осталось на месте ДТП;С передним приводом;Минивэны и универсалы повышенной вместимости;1977.0;УАЗ УАЗ 469;Физические лица;Зеленый;;Технические неисправности отсутствуют
930001063.0;1.0;Осталось на месте ДТП;С передним приводом;Минивэны и универсалы повышенной вместимости;2012.0;SSANGYONG Actyon;Физические лица;Серый;;Технические неисправности отсутствуют
930001056.0;1.0;Осталось на месте ДТП;Иное расположение рулевого управления;Мотоциклы;2021.0;Прочие марки мотоциклов Прочие марки мотоциклов;Физические лица;Черный;;Технические неисправности отсутствуют
930001466.0;1.0;Скрылось с места ДТП;;С-класс (малый средний, компактный) до 4,3 м;; ;;;;Технические неисправности отсутствуют
930001465.0;1.0;Скрылось и установлено в срок свыше 10 суток;Полноприводные;С-класс (малый средний, компактный) до 4,3 м;1983.0;ВАЗ  Нива  ВАЗ-2121 и модификации;Физические лица;Желтый;;Технические неисправности отсутствуют
930001457.0;1.0;Осталось на месте ДТП;С передним приводом;Минивэны и универсалы повышенной вместимости;2021.0;HYUNDAI Creta;Физические лица;Белый;;Технические неисправности отсутствуют
930001457.0;2.0;Осталось на месте ДТП;Иное расположение рулевого управления;Велосипеды;2018.0; ;Физические лица;Синий;;Технические неисправности отсутствуют
930001443.0;1.0;Осталось на месте ДТП;С передним приводом;D-класс (средний) до 4,6 м;2008.0;FORD Focus;Физические лица;Серый;;Технические неисправности отсутствуют
930001557.0;1.0;Скрылось с места ДТП;;С-класс (малый средний, компактный) до 4,3 м;; ;;;;Технические неисправности отсутствуют
930001430.0;1.0;Осталось на месте ДТП;Полноприводные;Минивэны и универсалы повышенной вместимости;2007.0;BMW X5;Физические лица;Серый;;Технические неисправности отсутствуют
930001428.0;1.0;Осталось на месте ДТП;С задним приводом;С-класс (малый средний, компактный) до 4,3 м;2011.0;ВАЗ  Жигули  ВАЗ-2107 модификации;Физические лица;Серый;;Технические неисправности отсутствуют
930001410.0;1.0;Осталось на месте ДТП;С передним приводом;С-класс (малый средний, компактный) до 4,3 м;2003.0;ВАЗ ВАЗ 2112 и модификации;Физические лица;Серый;;Технические неисправности отсутствуют
930001404.0;1.0;Осталось на месте ДТП;С передним приводом;С-класс (малый средний, компактный) до 4,3 м;2012.0;HYUNDAI Solaris;Физические лица;Белый;;Технические неисправности отсутствуют
930001404.0;2.0;Осталось на месте ДТП;С передним приводом;С-класс (малый средний, компактный) до 4,3 м;2012.0;ВАЗ ВАЗ 2110, 21101, 21102, 21103, 21108;Физические лица;Черный;;Технические неисправности отсутствуют
930001393.0;1.0;Осталось на месте ДТП;Полноприводные;Минивэны и универсалы повышенной вместимости;2016.0;TOYOTA Noah;Физические лица;Серый;;Технические неисправности отсутствуют
930001380.0;1.0;Осталось на месте ДТП;С задним приводом;Прочие легковые автомобили;2006.0;ГАЗ 33023, 330232, 330273 и модификации;Юридические лица, являющиеся коммерческими организациями;Белый;;Технические неисправности отсутствуют
930001380.0;2.0;Осталось на месте ДТП;С задним приводом;С-класс (малый средний, компактный) до 4,3 м;2011.0;ВАЗ ВАЗ 2114 и модификации;Юридические лица, являющиеся коммерческими организациями;Серый;;Технические неисправности отсутствуют
930001374.0;1.0;Осталось на месте ДТП;С передним приводом;Минивэны и универсалы повышенной вместимости;2000.0;TOYOTA Ipsum;Физические лица;Синий;;Технические неисправности отсутствуют
930001377.0;1.0;Осталось на месте ДТП;С передним приводом;Минивэны и универсалы повышенной вместимости;2012.0;HONDA Прочие модели Honda;Физические лица;Серый;;Технические неисправности отсутствуют
930001368.0;1.0;Осталось на месте ДТП;С передним приводом;Минивэны и универсалы повышенной вместимости;2002.0;TOYOTA Ipsum;Физические лица;Серый;;Технические неисправности отсутствуют
930001351.0;1.0;Осталось на месте ДТП;Полноприводные;D-класс (средний) до 4,6 м;1995.0;УАЗ УАЗ 3151, 31512, 31514, 31519 и модификации;Физические лица;Желтый;;Наличие конструктивных изменений по сравнению с серийным ТС, сведения о которых отсутствуют в регистрационных документах
930001351.0;2.0;Осталось на месте ДТП;С передним приводом;D-класс (средний) до 4,6 м;2006.0;ВАЗ ВАЗ 2114 и модификации;Физические лица;Зеленый;;Технические неисправности отсутствуют
930001349.0;1.0;Осталось на месте ДТП;С задним приводом;D-класс (средний) до 4,6 м;2007.0;ВАЗ ВАЗ 2115 и модификации;Физические лица;Серый;;Технические неисправности отсутствуют
930001349.0;2.0;Осталось на месте ДТП;С передним приводом;D-класс (средний) до 4,6 м;2010.0;MAZDA Mazda 6;Физические лица;Серый;;Технические неисправности отсутствуют
930001346.0;1.0;Осталось на месте ДТП;Полноприводные;D-класс (средний) до 4,6 м;2010.0;TOYOTA RAV 4;Физические лица;Черный;;Технические неисправности отсутствуют
930001350.0;1.0;Скрылось и установлено в срок до 1 суток;С передним приводом;Прочие легковые автомобили;2006.0;ВАЗ ВАЗ 2114 и модификации;Физические лица;Зеленый;;Технические неисправности отсутствуют
930001342.0;1.0;Осталось на месте ДТП;С задним приводом;Самосвалы;2019.0;SHACMAN Прочие модели SHACMAN;Юридические лица, являющиеся коммерческими организациями;Оранжевый;;Технические неисправности отсутствуют
930001334.0;1.0;Осталось на месте ДТП;С передним приводом;D-класс (средний) до 4,6 м;2006.0;TOYOTA Corolla;Физические лица;Черный;;Технические неисправности отсутствуют
930001329.0;1.0;Осталось на месте ДТП;С передним приводом;Минивэны и универсалы повышенной вместимости;2002.0;HONDA Odyssey;Физические лица;Белый;;Технические неисправности отсутствуют
930001323.0;1.0;Осталось на месте ДТП;Полноприводные;D-класс (средний) до 4,6 м;2004.0;MERCEDES Прочие модели Mercedes;Физические лица;Белый;;Технические неисправности отсутствуют
930001323.0;2.0;Осталось на месте ДТП;С передним приводом;D-класс (средний) до 4,6 м;1995.0;TOYOTA Corolla;Физические лица;Серый;;Технические неисправности отсутствуют
930001325.0;1.0;Скрылось и установлено в срок до 1 суток;Иное расположение рулевого управления;Мотоциклы;1992.0;Прочие марки мотоциклов Прочие марки мотоциклов;Физические лица;Красный;;Технические неисправности отсутствуют
930001313.0;1.0;Осталось на месте ДТП;С передним приводом;D-класс (средний) до 4,6 м;2008.0;SUZUKI Прочие модели Suzuki;Физические лица;Черный;;Технические неисправности отсутствуют
930001313.0;2.0;Осталось на месте ДТП;С передним приводом;Минивэны и универсалы повышенной вместимости;2002.0;ВАЗ ВАЗ 2111, 21110 (универсал), 21113, 21114;Физические лица;Серый;;Технические неисправности отсутствуют
930001400.0;1.0;Скрылось с места ДТП;;Одноэтажные длиной от 5 до 8 м;; ;;;;Технические неисправности отсутствуют
930001308.0;1.0;Осталось на месте ДТП;С передним приводом;В-класс (малый) до 3,9 м;2005.0;ВАЗ ВАЗ 2114 и модификации;Физические лица;Синий;;Технические неисправности отсутствуют
930001300.0;1.0;Осталось на месте ДТП;Полноприводные;Седельные тягачи;1995.0;УРАЛ Прочие модели Урал;Физические лица;Желтый;;Технические неисправности отсутствуют
930001294.0;1.0;Скрылось и установлено в срок свыше 10 суток;Полноприводные;D-класс (средний) до 4,6 м;2003.0;BEDFORD Прочие модели Bedford;Физические лица;Красный;;Технические неисправности отсутствуют
930001291.0;1.0;Скрылось с места ДТП;;А-класс (особо малый) до 3,5 м;; ;;;;Технические неисправности отсутствуют
930001289.0;1.0;Осталось на месте ДТП;С передним приводом;D-класс (средний) до 4,6 м;2000.0;TOYOTA Sprinter;Физические лица;Красный;;Технические неисправности отсутствуют
930001279.0;1.0;Осталось на месте ДТП;Полноприводные;С-класс (малый средний, компактный) до 4,3 м;2019.0;ВАЗ  Нива  ВАЗ-2121 и модификации;Физические лица;Белый;;Технические неисправности отсутствуют
930001276.0;1.0;Осталось на месте ДТП;С передним приводом;Е-класс (высший средний, бизнес-класс) до 4,9 м;2012.0;TOYOTA RAV 4;Физические лица;Серый;;Технические неисправности отсутствуют
930001280.0;1.0;Осталось на месте ДТП;С передним приводом;Минивэны и универсалы повышенной вместимости;2002.0;TOYOTA Caldina;Физические лица;Синий;;Технические неисправности отсутствуют
930001280.0;2.0;Осталось на месте ДТП;С передним приводом;D-класс (средний) до 4,6 м;1998.0;HONDA Accord;Физические лица;Серый;;Технические неисправности отсутствуют
930001282.0;1.0;Осталось на месте ДТП;С передним приводом;D-класс (средний) до 4,6 м;2018.0;ВАЗ Granta (Гранта);Физические лица;Синий;;Технические неисправности отсутствуют
930001282.0;2.0;Осталось на месте ДТП;;Велосипеды;; ;Физические лица;;;Технические неисправности отсутствуют
930001275.0;1.0;Осталось на месте ДТП;С передним приводом;D-класс (средний) до 4,6 м;2016.0;TOYOTA Corolla;Физические лица;Белый;;Технические неисправности отсутствуют
930001274.0;1.0;Осталось на месте ДТП;С передним приводом;В-класс (малый) до 3,9 м;2003.0;TOYOTA Прочие модели Toyota;Физические лица;Серый;;Технические неисправности отсутствуют
930001271.0;1.0;Осталось на месте ДТП;С передним приводом;В-класс (малый) до 3,9 м;2001.0;MAZDA Demio;Физические лица;Серый;;Технические неисправности отсутствуют
930001709.0;1.0;Осталось на месте ДТП;С задним приводом;Одноэтажные длиной от 5 до 8 м;2005.0;ГАЗ 3221  Газель , 32217, 32213, 32212, 322172, 322132, 322133 и модификации;Физические лица;Желтый;;Технические неисправности отсутствуют
930001709.0;2.0;Осталось на месте ДТП;С передним приводом;С-класс (малый средний, компактный) до 4,3 м;2000.0;ВАЗ  Жигули  ВАЗ-2108, 09 и модификации                       ;Физические лица;Зеленый;;Технические неисправности отсутствуют
930001707.0;1.0;Осталось на месте ДТП;С передним приводом;D-класс (средний) до 4,6 м;2011.0;KIA Rio;Физические лица;Черный;;Технические неисправности отсутствуют
930001696.0;1.0;Осталось на месте ДТП;Полноприводные;Минивэны и универсалы повышенной вместимости;2012.0;УАЗ УАЗ 3151, 31512, 31514, 31519 и модификации;Физические лица;Серый;;Технические неисправности отсутствуют
930001687.0;1.0;Осталось на месте ДТП;С передним приводом;D-класс (средний) до 4,6 м;2002.0;TOYOTA Corolla;Физические лица;Серый;;Технические неисправности отсутствуют
930001687.0;2.0;Осталось на месте ДТП;С передним приводом;D-класс (средний) до 4,6 м;2021.0;ВАЗ Vesta (Веста);Физические лица;Черный;;Технические неисправности отсутствуют
930001687.0;3.0;Осталось на месте ДТП;С передним приводом;С-класс (малый средний, компактный) до 4,3 м;2020.0;ВАЗ Granta (Гранта);Физические лица;Белый;;Технические неисправности отсутствуют
930001693.0;1.0;Осталось на месте ДТП;С передним приводом;D-класс (средний) до 4,6 м;2018.0;SKODA Rapid;Физические лица;Белый;;Технические неисправности отсутствуют
930001678.0;1.0;Осталось на месте ДТП;С передним приводом;D-класс (средний) до 4,6 м;2001.0;HONDA Accord;Физические лица;Серый;;Технические неисправности отсутствуют
930001678.0;2.0;Осталось на месте ДТП;Иное расположение рулевого управления;Велосипеды;2018.0; ;Физические лица;Черный;;Технические неисправности отсутствуют
930001675.0;1.0;Осталось на месте ДТП;С передним приводом;D-класс (средний) до 4,6 м;2003.0;HONDA Accord;Физические лица;Серый;;Технические неисправности отсутствуют
930001673.0;1.0;Осталось на месте ДТП;С передним приводом;D-класс (средний) до 4,6 м;2000.0;TOYOTA Corona;Физические лица;Серый;;Технические неисправности отсутствуют
930001673.0;2.0;Осталось на месте ДТП;С передним приводом;Е-класс (высший средний, бизнес-класс) до 4,9 м;2019.0;TOYOTA Camry;Физические лица;Белый;;Технические неисправности отсутствуют
930001664.0;1.0;Осталось на месте ДТП;С передним приводом;D-класс (средний) до 4,6 м;2001.0;TOYOTA Allion;Физические лица;Синий;;Технические неисправности отсутствуют
930001666.0;1.0;Осталось на месте ДТП;С передним приводом;D-класс (средний) до 4,6 м;2017.0;RENAULT Logan;Юридические лица, являющиеся коммерческими организациями;Серый;;Технические неисправности отсутствуют
930001648.0;1.0;Скрылось и установлено в срок от 1 до 3 суток;С передним приводом;Прочие грузовые автомобили;1983.0;ГАЗ Прочие модели ГАЗ;Физические лица;Зеленый;;Технические неисправности отсутствуют
930001636.0;1.0;Осталось на месте ДТП;С передним приводом;С-класс (малый средний, компактный) до 4,3 м;2008.0;MAZDA Mazda 3;Физические лица;Синий;;Технические неисправности отсутствуют
930001636.0;2.0;Осталось на месте ДТП;С передним приводом;С-класс (малый средний, компактный) до 4,3 м;2004.0;ВАЗ ВАЗ 2110, 21101, 21102, 21103, 21108;Физические лица;Серый;;Технические неисправности отсутствуют
930001637.0;1.0;Осталось на месте ДТП;С передним приводом;Минивэны и универсалы повышенной вместимости;2007.0;ВАЗ  Жигули  ВАЗ-2104 модификации;Физические лица;Черный;;Технические неисправности отсутствуют
930001637.0;2.0;Осталось на месте ДТП;С задним приводом;Самосвалы;1992.0;ГАЗ 3302, 33027 и модификации;Физические лица;Синий;;Технические неисправности отсутствуют
930001640.0;1.0;Осталось на месте ДТП;С передним приводом;С-класс (малый средний, компактный) до 4,3 м;2011.0;ВАЗ ВАЗ 2111, 21110 (универсал), 21113, 21114;Физические лица;Зеленый;;Технические неисправности отсутствуют
930001619.0;1.0;Осталось на месте ДТП;С задним приводом;Минивэны и универсалы повышенной вместимости;2001.0;TOYOTA Ipsum;Физические лица;Белый;;Технические неисправности отсутствуют
930001625.0;1.0;Осталось на месте ДТП;Иное расположение рулевого управления;Мопеды с двигателем внутреннего сгорания менее 50 см. куб.;1999.0;HONDA Прочие модели Honda;Физические лица;Серый;;Технические неисправности отсутствуют
930001625.0;2.0;Осталось на месте ДТП;С задним приводом;Одноэтажные длиной от 5 до 8 м;2007.0;ГАЗ 3221  Газель , 32217, 32213, 32212, 322172, 322132, 322133 и модификации;Индивидуальные предприниматели без образования юридического лица;Желтый;;Технические неисправности отсутствуют
930001618.0;1.0;Осталось на месте ДТП;С передним приводом;С-класс (малый средний, компактный) до 4,3 м;2012.0;ВАЗ Granta (Гранта);Физические лица;Синий;;Технические неисправности отсутствуют
930001617.0;1.0;Осталось на месте ДТП;С передним приводом;В-класс (малый) до 3,9 м;2002.0;HONDA FIT;Физические лица;Серый;;Технические неисправности отсутствуют
930001605.0;1.0;Осталось на месте ДТП;С передним приводом;С-класс (малый средний, компактный) до 4,3 м;2009.0;ВАЗ Priora;Физические лица;Черный;;Технические неисправности отсутствуют
930001621.0;1.0;Скрылось с места ДТП;;В-класс (малый) до 3,9 м;; ;;;;Технические неисправности отсутствуют
930001593.0;1.0;Осталось на месте ДТП;С передним приводом;С-класс (малый средний, компактный) до 4,3 м;2013.0;RENAULT Logan;Физические лица;Черный;;Технические неисправности отсутствуют
930001572.0;1.0;Осталось на месте ДТП;С передним приводом;С-класс (малый средний, компактный) до 4,3 м;2011.0;ВАЗ ВАЗ 2110, 21101, 21102, 21103, 21108;Физические лица;Черный;;Технические неисправности отсутствуют
930001565.0;1.0;Осталось на месте ДТП;С передним приводом;D-класс (средний) до 4,6 м;1996.0;TOYOTA Camry;Физические лица;Серый;;Технические неисправности отсутствуют
930001569.0;1.0;Осталось на месте ДТП;С задним приводом;Прочие легковые автомобили;1999.0;ГАЗ 3302, 33027 и модификации;Физические лица;Белый;;Технические неисправности отсутствуют
930001556.0;1.0;Скрылось с места ДТП;;D-класс (средний) до 4,6 м;; ;;;;Технические неисправности отсутствуют
930001559.0;1.0;Осталось на месте ДТП;С передним приводом;Минивэны и универсалы повышенной вместимости;2004.0;TOYOTA Caldina;Физические лица;Серый;;Технические неисправности отсутствуют
930001559.0;2.0;Осталось на месте ДТП;Полноприводные;Минивэны и универсалы повышенной вместимости;1995.0;УАЗ УАЗ 3151, 31512, 31514, 31519 и модификации;Физические лица;Зеленый;;Технические неисправности отсутствуют
930001537.0;1.0;Осталось на месте ДТП;С передним приводом;Минивэны и универсалы повышенной вместимости;2001.0;TOYOTA Caldina;Физические лица;Белый;;Технические неисправности отсутствуют
930001538.0;1.0;Осталось на месте ДТП;С передним приводом;В-класс (малый) до 3,9 м;2005.0;HONDA FIT;Физические лица;Серый;;Технические неисправности отсутствуют
930001538.0;2.0;Осталось на месте ДТП;Полноприводные;В-класс (малый) до 3,9 м;2002.0;MITSUBISHI Airtek;Физические лица;Серый;;Технические неисправности отсутствуют
930001535.0;1.0;Осталось на месте ДТП;С передним приводом;D-класс (средний) до 4,6 м;2015.0;VOLKSWAGEN Polo;Физические лица;Серый;;Технические неисправности отсутствуют
930001536.0;1.0;Осталось на месте ДТП;С передним приводом;В-класс (малый) до 3,9 м;2002.0;TOYOTA Прочие модели Toyota;Физические лица;Серый;;Технические неисправности отсутствуют
930001528.0;1.0;Осталось на месте ДТП;С передним приводом;С-класс (малый средний, компактный) до 4,3 м;2014.0;ВАЗ Granta (Гранта);Физические лица;Белый;;Технические неисправности отсутствуют
930001531.0;1.0;Осталось на месте ДТП;С передним приводом;D-класс (средний) до 4,6 м;1990.0;TOYOTA Premio;Физические лица;Серый;;Технические неисправности отсутствуют
930001530.0;1.0;Осталось на месте ДТП;С передним приводом;С-класс (малый средний, компактный) до 4,3 м;2007.0;ВАЗ Priora;Физические лица;Черный;;Технические неисправности отсутствуют
930001522.0;1.0;Осталось на месте ДТП;С передним приводом;В-класс (малый) до 3,9 м;1999.0;MAZDA Demio;Физические лица;Зеленый;;Технические неисправности отсутствуют
930001529.0;1.0;Осталось на месте ДТП;С передним приводом;D-класс (средний) до 4,6 м;1998.0;TOYOTA Camry;Физические лица;Белый;;Технические неисправности отсутствуют
930001516.0;1.0;Осталось на месте ДТП;С передним приводом;D-класс (средний) до 4,6 м;2011.0;TOYOTA Corolla;Физические лица;Серый;;Технические неисправности отсутствуют
930001511.0;1.0;Осталось на месте ДТП;С передним приводом;Минивэны и универсалы повышенной вместимости;2000.0;TOYOTA Funcargo;Физические лица;Серый;;Технические неисправности отсутствуют
930001515.0;1.0;Осталось на месте ДТП;Полноприводные;Минивэны и универсалы повышенной вместимости;2005.0;УАЗ УАЗ 3151, 31512, 31514, 31519 и модификации;Физические лица;Белый;;Технические неисправности отсутствуют
930001505.0;1.0;Осталось на месте ДТП;Полноприводные;С-класс (малый средний, компактный) до 4,3 м;2016.0;ВАЗ  Нива  ВАЗ-2121 и модификации;Физические лица;Зеленый;;Технические неисправности отсутствуют
930001498.0;1.0;Осталось на месте ДТП;С передним приводом;Минивэны и универсалы повышенной вместимости;1997.0;TOYOTA Ipsum;Физические лица;Белый;;Технические неисправности отсутствуют
930001498.0;2.0;Осталось на месте ДТП;С передним приводом;С-класс (малый средний, компактный) до 4,3 м;2007.0;ВАЗ ВАЗ 2110, 21101, 21102, 21103, 21108;Физические лица;Зеленый;;Технические неисправности отсутствуют
930001492.0;1.0;Осталось на месте ДТП;С передним приводом;С-класс (малый средний, компактный) до 4,3 м;2006.0;ВАЗ ВАЗ 2112 и модификации;Физические лица;Серый;;Технические неисправности отсутствуют
930001492.0;2.0;Осталось на месте ДТП;С передним приводом;Минивэны и универсалы повышенной вместимости;2005.0;ВАЗ ВАЗ 2111, 21110 (универсал), 21113, 21114;Физические лица;Серый;;Технические неисправности отсутствуют
930001488.0;1.0;Осталось на месте ДТП;С передним приводом;D-класс (средний) до 4,6 м;2001.0;NISSAN Bleubird;Физические лица;Серый;;Технические неисправности отсутствуют
930001488.0;2.0;Осталось на месте ДТП;С передним приводом;С-класс (малый средний, компактный) до 4,3 м;2006.0;ВАЗ ВАЗ 2114 и модификации;Физические лица;Серый;;Технические неисправности отсутствуют
930001487.0;1.0;Осталось на месте ДТП;С передним приводом;Минивэны и универсалы повышенной вместимости;2013.0;TOYOTA RAV 4;Физические лица;Белый;;Технические неисправности отсутствуют
930001484.0;1.0;Осталось на месте ДТП;С передним приводом;D-класс (средний) до 4,6 м;1999.0;PLYMOUTH Neon;Физические лица;Черный;;Технические неисправности отсутствуют
930001484.0;2.0;Осталось на месте ДТП;С передним приводом;С-класс (малый средний, компактный) до 4,3 м;2011.0;ВАЗ ВАЗ 2114 и модификации;Физические лица;Серый;;Технические неисправности отсутствуют
930001477.0;1.0;Осталось на месте ДТП;С передним приводом;D-класс (средний) до 4,6 м;2010.0;TOYOTA Corolla;Физические лица;Серый;;Технические неисправности отсутствуют
930001480.0;1.0;Осталось на месте ДТП;С передним приводом;Минивэны и универсалы повышенной вместимости;2000.0;HONDA Прочие модели Honda;Физические лица;Серый;;Технические неисправности отсутствуют
930001913.0;1.0;Осталось на месте ДТП;С передним приводом;D-класс (средний) до 4,6 м;1997.0;TOYOTA Corolla;Физические лица;Белый;;Технические неисправности отсутствуют
930001913.0;2.0;Осталось на месте ДТП;С передним приводом;D-класс (средний) до 4,6 м;1997.0;TOYOTA Corolla;Физические лица;Синий;;Технические неисправности отсутствуют
930001888.0;1.0;Осталось на месте ДТП;С передним приводом;С-класс (малый средний, компактный) до 4,3 м;2003.0;ВАЗ ВАЗ 2112 и модификации;Физические лица;Серый;;Технические неисправности отсутствуют
930001888.0;2.0;Осталось на месте ДТП;;Полуприцепы с бортовой платформой;2008.0; ;Физические лица;Зеленый;;Технические неисправности отсутствуют
930001883.0;1.0;Осталось на месте ДТП;С передним приводом;Минивэны и универсалы повышенной вместимости;2001.0;TOYOTA Corolla;Физические лица;Синий;;Технические неисправности отсутствуют
930001887.0;1.0;Осталось на месте ДТП;С передним приводом;D-класс (средний) до 4,6 м;1994.0;TOYOTA Sprinter;Физические лица;Серый;;Технические неисправности отсутствуют
930001878.0;1.0;Осталось на месте ДТП;С задним приводом;Е-класс (высший средний, бизнес-класс) до 4,9 м;2008.0;HONDA Accord;Физические лица;Черный;;Технические неисправности отсутствуют
930001880.0;1.0;Скрылось с места ДТП;;С-класс (малый средний, компактный) до 4,3 м;; ;;;;Технические неисправности отсутствуют
930001870.0;1.0;Скрылось и установлено в срок от 1 до 3 суток;С передним приводом;Минивэны и универсалы повышенной вместимости;1998.0;MITSUBISHI RVR;Физические лица;Красный;;Технические неисправности отсутствуют
930001867.0;1.0;Осталось на месте ДТП;С передним приводом;D-класс (средний) до 4,6 м;2004.0;TOYOTA Corolla;Физические лица;Серый;;Технические неисправности отсутствуют
930001867.0;2.0;Осталось на месте ДТП;Полноприводные;Минивэны и универсалы повышенной вместимости;2020.0;УАЗ УАЗ 3163;Юридические лица, являющиеся некоммерческими организациями;Белый;;Технические неисправности отсутствуют
930002174.0;1.0;Осталось на месте ДТП;С задним приводом;С-класс (малый средний, компактный) до 4,3 м;1999.0;ВАЗ  Жигули  ВАЗ-2107 модификации;Физические лица;Белый;;Технические неисправности отсутствуют
930001865.0;1.0;Осталось на месте ДТП;С передним приводом;D-класс (средний) до 4,6 м;2006.0;TOYOTA Corolla;Физические лица;Серый;;Технические неисправности отсутствуют
930001864.0;1.0;Осталось на месте ДТП;Полноприводные;Прочие легковые автомобили;2011.0;УАЗ 22069;Физические лица;Зеленый;;Технические неисправности отсутствуют
930001866.0;2.0;Осталось на месте ДТП;С передним приводом;D-класс (средний) до 4,6 м;2000.0;NISSAN Primera;Физические лица;Белый;;Технические неисправности отсутствуют
930001866.0;1.0;Осталось на месте ДТП;С передним приводом;С-класс (малый средний, компактный) до 4,3 м;2001.0;HONDA FIT;Физические лица;Белый;;Технические неисправности отсутствуют
930001861.0;1.0;Осталось на месте ДТП;С передним приводом;С-класс (малый средний, компактный) до 4,3 м;2009.0;ВАЗ Priora;Физические лица;Серый;;Технические неисправности отсутствуют
930001861.0;2.0;Осталось на месте ДТП;С задним приводом;Одноэтажные длиной не более 5 м;2013.0;TOYOTA Hiace;Физические лица;Серый;;Технические неисправности отсутствуют
930001851.0;1.0;Осталось на месте ДТП;С задним приводом;Седельные тягачи;1994.0;КАМАЗ 5410;Юридические лица, являющиеся коммерческими организациями;Коричневый;;Технические неисправности отсутствуют
930001851.0;2.0;Осталось на месте ДТП;;Полуприцепы-самосвалы;1995.0; ;Юридические лица, являющиеся коммерческими организациями;Серый;;Технические неисправности отсутствуют
930001850.0;1.0;Осталось на месте ДТП;С передним приводом;С-класс (малый средний, компактный) до 4,3 м;2006.0;ВАЗ ВАЗ 2110, 21101, 21102, 21103, 21108;Физические лица;Черный;;Технические неисправности отсутствуют
930001850.0;2.0;Осталось на месте ДТП;Полноприводные;D-класс (средний) до 4,6 м;2011.0;SUBARU Legacy;Физические лица;Серый;;Технические неисправности отсутствуют
930001840.0;1.0;Осталось на месте ДТП;С задним приводом;Прочая спецтехника;2022.0;SHACMAN Прочие модели SHACMAN;Юридические лица, являющиеся коммерческими организациями;Зеленый;;Технические неисправности отсутствуют
930001840.0;2.0;Осталось на месте ДТП;Полноприводные;Минивэны и универсалы повышенной вместимости;1999.0;LEXUS LX;Физические лица;Черный;;Технические неисправности отсутствуют
930001829.0;1.0;Осталось на месте ДТП;С передним приводом;Минивэны и универсалы повышенной вместимости;2014.0;MITSUBISHI Outlander;Физические лица;Серый;;Технические неисправности отсутствуют
930001829.0;2.0;Осталось на месте ДТП;С передним приводом;С-класс (малый средний, компактный) до 4,3 м;2005.0;TOYOTA Прочие модели Toyota;Физические лица;Белый;;Технические неисправности отсутствуют
930001823.0;1.0;Осталось на месте ДТП;С передним приводом;Минивэны и универсалы повышенной вместимости;2000.0;HONDA HR-V;Физические лица;Серый;;Технические неисправности отсутствуют
930001816.0;1.0;Осталось на месте ДТП;С передним приводом;С-класс (малый средний, компактный) до 4,3 м;2013.0;ВАЗ Granta (Гранта);Физические лица;Синий;;Технические неисправности отсутствуют
930001826.0;1.0;Осталось на месте ДТП;С передним приводом;D-класс (средний) до 4,6 м;2001.0;TOYOTA Corolla;Физические лица;Белый;;Технические неисправности отсутствуют
930001800.0;1.0;Осталось на месте ДТП;С передним приводом;С-класс (малый средний, компактный) до 4,3 м;1997.0;ВАЗ  Жигули  ВАЗ-2108, 09 и модификации                       ;Физические лица;Желтый;;Технические неисправности отсутствуют
930001792.0;1.0;Скрылось с места ДТП;;В-класс (малый) до 3,9 м;; ;;;;Технические неисправности отсутствуют
930001814.0;1.0;Осталось на месте ДТП;С передним приводом;Одноэтажные длиной от 5 до 8 м;2013.0;Прочие марки автобусов Прочие марки автобусов;Физические лица;Белый;;Технические неисправности отсутствуют
930001788.0;1.0;Осталось на месте ДТП;С задним приводом;Бортовые грузовые автомобили;1994.0;MITSUBISHI Прочие модели MITSUBISHI;Физические лица;Белый;;Технические неисправности отсутствуют
930001789.0;1.0;Осталось на месте ДТП;С передним приводом;Минивэны и универсалы повышенной вместимости;2010.0;ВАЗ  Жигули  ВАЗ-2104 модификации;Физические лица;Черный;;Технические неисправности отсутствуют
930001779.0;1.0;Осталось на месте ДТП;С передним приводом;С-класс (малый средний, компактный) до 4,3 м;2004.0;ВАЗ ВАЗ 2112 и модификации;Физические лица;Зеленый;;Технические неисправности отсутствуют
930001781.0;1.0;Осталось на месте ДТП;Полноприводные;Минивэны и универсалы повышенной вместимости;2015.0;NISSAN Patrol;Физические лица;Серый;;Технические неисправности отсутствуют
930001771.0;1.0;Осталось на месте ДТП;С передним приводом;С-класс (малый средний, компактный) до 4,3 м;2007.0;ВАЗ ВАЗ 2112 и модификации;Физические лица;Черный;;Технические неисправности отсутствуют
930001771.0;2.0;Осталось на месте ДТП;;Прицепы прочие;2022.0; ;Физические лица;Черный;;Технические неисправности отсутствуют
930001771.0;3.0;Осталось на месте ДТП;С задним приводом;Седельные тягачи;2018.0;КАМАЗ Прочие модели КАМАЗ;Физические лица;Белый;;Технические неисправности отсутствуют
930001771.0;4.0;Осталось на месте ДТП;Полноприводные;Прочие легковые автомобили;2011.0;УАЗ 2206;Юридические лица, являющиеся некоммерческими организациями;Зеленый;;Технические неисправности отсутствуют
930001765.0;1.0;Осталось на месте ДТП;С передним приводом;Минивэны и универсалы повышенной вместимости;1997.0;TOYOTA Ipsum;Физические лица;Серый;;Технические неисправности отсутствуют
930001756.0;1.0;Осталось на месте ДТП;С передним приводом;С-класс (малый средний, компактный) до 4,3 м;2001.0;TOYOTA Allex;Физические лица;Серый;;Технические неисправности отсутствуют
930001756.0;2.0;Осталось на месте ДТП;С задним приводом;Минивэны и универсалы повышенной вместимости;2013.0;TOYOTA Land Cruiser;Физические лица;Серый;;Технические неисправности отсутствуют
930001749.0;1.0;Скрылось с места ДТП;;Фургоны;; ;;;;Технические неисправности отсутствуют
930001748.0;1.0;Осталось на месте ДТП;С передним приводом;Минивэны и универсалы повышенной вместимости;2008.0;TOYOTA Wish;Физические лица;Серый;;Технические неисправности отсутствуют
930001741.0;1.0;Осталось на месте ДТП;С передним приводом;С-класс (малый средний, компактный) до 4,3 м;2017.0;MAZDA Axela;Физические лица;Серый;;Технические неисправности отсутствуют
930001741.0;2.0;Осталось на месте ДТП;Полноприводные;Седельные тягачи;2017.0;VOLVO FH;Юридические лица, являющиеся коммерческими организациями;Черный;;Технические неисправности отсутствуют
930001744.0;1.0;Осталось на месте ДТП;С передним приводом;D-класс (средний) до 4,6 м;2006.0;HONDA Accord;Физические лица;Серый;;Технические неисправности отсутствуют
930001744.0;2.0;Осталось на месте ДТП;С передним приводом;Прочая спецтехника;2021.0;HYUNDAI Solaris;Юридические лица, являющиеся некоммерческими организациями;Белый;;Технические неисправности отсутствуют
930001732.0;1.0;Осталось на месте ДТП;С передним приводом;Самосвалы;1991.0;КАМАЗ 5510;Физические лица;Зеленый;;Не устанавливались
930001731.0;1.0;Осталось на месте ДТП;С передним приводом;Минивэны и универсалы повышенной вместимости;2004.0;ВАЗ ВАЗ 2111, 21110 (универсал), 21113, 21114;Физические лица;Серый;;Технические неисправности отсутствуют
930001731.0;2.0;Осталось на месте ДТП;С передним приводом;С-класс (малый средний, компактный) до 4,3 м;2008.0;ВАЗ Прочие модели ВАЗ;Физические лица;Черный;;Технические неисправности отсутствуют
930001722.0;1.0;Скрылось и установлено в срок до 1 суток;Иное расположение рулевого управления;Мотоциклы;2021.0;DAEWOO Racer;Физические лица;Зеленый;;Технические неисправности отсутствуют
930002166.0;1.0;Осталось на месте ДТП;С передним приводом;С-класс (малый средний, компактный) до 4,3 м;2003.0;MAZDA Atenza;Физические лица;Серый;;Технические неисправности отсутствуют
930002166.0;2.0;Осталось на месте ДТП;С передним приводом;D-класс (средний) до 4,6 м;1991.0;ГАЗ ГАЗ 24, 24-01, 24-02, 24-03, 24-04, 24-07, 24-10, 24-11, 24-12, 24-13, 24-17, 24-25 и модификации;Физические лица;Коричневый;;Технические неисправности отсутствуют
930002170.0;1.0;Осталось на месте ДТП;С передним приводом;D-класс (средний) до 4,6 м;1996.0;TOYOTA Premio;Физические лица;Синий;;Технические неисправности отсутствуют
930002170.0;2.0;Осталось на месте ДТП;С передним приводом;Минивэны и универсалы повышенной вместимости;1999.0;MAZDA Premacy;Физические лица;Белый;;Технические неисправности отсутствуют
930002154.0;1.0;Осталось на месте ДТП;Полноприводные;Е-класс (высший средний, бизнес-класс) до 4,9 м;2019.0;MITSUBISHI Outlander;Физические лица;Белый;;Технические неисправности отсутствуют
930002109.0;1.0;Осталось на месте ДТП;Полноприводные;С-класс (малый средний, компактный) до 4,3 м;1996.0;HONDA CR-V;Физические лица;Серый;;Технические неисправности отсутствуют
930002091.0;1.0;Осталось на месте ДТП;С передним приводом;Е-класс (высший средний, бизнес-класс) до 4,9 м;2007.0;TOYOTA Camry;Физические лица;Серый;;Технические неисправности отсутствуют
930002091.0;2.0;Осталось на месте ДТП;С передним приводом;Минивэны и универсалы повышенной вместимости;2010.0;TOYOTA Wish;Физические лица;Серый;;Технические неисправности отсутствуют
930002091.0;3.0;Осталось на месте ДТП;С передним приводом;D-класс (средний) до 4,6 м;2006.0;TOYOTA Corolla;Физические лица;Серый;;Технические неисправности отсутствуют
930002094.0;1.0;Осталось на месте ДТП;С передним приводом;Одноэтажные длиной от 5 до 8 м;2019.0;ПАЗ 32054;Юридические лица, являющиеся некоммерческими организациями;Белый;;Технические неисправности отсутствуют
930002078.0;1.0;Осталось на месте ДТП;С передним приводом;D-класс (средний) до 4,6 м;2001.0;HONDA Stream;Физические лица;Серый;;Технические неисправности отсутствуют
930002059.0;1.0;Скрылось и установлено в срок свыше 10 суток;С передним приводом;D-класс (средний) до 4,6 м;1992.0;NISSAN Wingroad;Физические лица;Серый;;Технические неисправности отсутствуют
930002033.0;1.0;Осталось на месте ДТП;С передним приводом;С-класс (малый средний, компактный) до 4,3 м;2020.0;ВАЗ Vesta (Веста);Юридические лица, являющиеся некоммерческими организациями;Серый;;Технические неисправности отсутствуют
930002009.0;1.0;Осталось на месте ДТП;С передним приводом;В-класс (малый) до 3,9 м;2011.0;ВАЗ ВАЗ 2114 и модификации;Физические лица;Черный;;Технические неисправности отсутствуют
930002000.0;1.0;Осталось на месте ДТП;Полноприводные;D-класс (средний) до 4,6 м;2002.0;KIA Sorento;Физические лица;Черный;;Технические неисправности отсутствуют
930001968.0;1.0;Скрылось с места ДТП;С передним приводом;D-класс (средний) до 4,6 м;2001.0;HONDA Accord;Физические лица;Белый;;Технические неисправности отсутствуют
930001956.0;1.0;Осталось на месте ДТП;С передним приводом;С-класс (малый средний, компактный) до 4,3 м;2005.0;ВАЗ ВАЗ 2112 и модификации;Физические лица;Серый;;Технические неисправности отсутствуют
930001945.0;1.0;Осталось на месте ДТП;С передним приводом;С-класс (малый средний, компактный) до 4,3 м;2004.0;ВАЗ ВАЗ 2110, 21101, 21102, 21103, 21108;Физические лица;Желтый;;Технические неисправности отсутствуют
930001945.0;2.0;Осталось на месте ДТП;С передним приводом;Е-класс (высший средний, бизнес-класс) до 4,9 м;2021.0;TOYOTA Camry;Физические лица;Многоцветный;;Технические неисправности отсутствуют
930001944.0;1.0;Осталось на месте ДТП;С передним приводом;D-класс (средний) до 4,6 м;2005.0;TOYOTA Allion;Физические лица;Серый;;Технические неисправности отсутствуют
930001944.0;2.0;Осталось на месте ДТП;С задним приводом;Самосвалы;2019.0;SHAANXI Прочие модели Shaanxi;Физические лица;Желтый;;Технические неисправности отсутствуют
930001919.0;1.0;Осталось на месте ДТП;С задним приводом;С-класс (малый средний, компактный) до 4,3 м;2004.0;ВАЗ  Жигули  ВАЗ-2106 модификации;Физические лица;Коричневый;;Технические неисправности отсутствуют
930000179.0;1.0;Скрылось и установлено в срок до 1 суток;С передним приводом;Минивэны и универсалы повышенной вместимости;2000.0;TOYOTA Gaia;Физические лица;Серый;;Технические неисправности отсутствуют
930000180.0;1.0;Осталось на месте ДТП;С передним приводом;D-класс (средний) до 4,6 м;1997.0;TOYOTA Camry;Физические лица;Серый;;Технические неисправности отсутствуют
930000180.0;2.0;Осталось на месте ДТП;С передним приводом;С-класс (малый средний, компактный) до 4,3 м;2010.0;ВАЗ Priora;Физические лица;Черный;;Технические неисправности отсутствуют
930000173.0;1.0;Осталось на месте ДТП;С передним приводом;С-класс (малый средний, компактный) до 4,3 м;2013.0;ВАЗ Granta (Гранта);Физические лица;Синий;;Технические неисправности отсутствуют
930000129.0;1.0;Осталось на месте ДТП;Полноприводные;Минивэны и универсалы повышенной вместимости;2004.0;TOYOTA Land Cruiser;Физические лица;Черный;;Технические неисправности отсутствуют
930000129.0;2.0;Осталось на месте ДТП;С передним приводом;С-класс (малый средний, компактный) до 4,3 м;2009.0;ВАЗ ВАЗ 2114 и модификации;Физические лица;Серый;;Технические неисправности отсутствуют
930000109.0;1.0;Осталось на месте ДТП;С передним приводом;С-класс (малый средний, компактный) до 4,3 м;2005.0;ВАЗ ВАЗ 2112 и модификации;Физические лица;Серый;;Технические неисправности отсутствуют
930000109.0;2.0;Осталось на месте ДТП;С передним приводом;D-класс (средний) до 4,6 м;2007.0;TOYOTA Avensis;Физические лица;Черный;;Технические неисправности отсутствуют
930000119.0;1.0;Осталось на месте ДТП;Полноприводные;Прочие легковые автомобили;2022.0;УАЗ 22069;Физические лица;Серый;;Технические неисправности отсутствуют
930000086.0;1.0;Осталось на месте ДТП;С передним приводом;С-класс (малый средний, компактный) до 4,3 м;1996.0;ВАЗ  Жигули  ВАЗ-2108, 09 и модификации                       ;Физические лица;Красный;;Технические неисправности отсутствуют
930000091.0;1.0;Осталось на месте ДТП;С передним приводом;С-класс (малый средний, компактный) до 4,3 м;2007.0;ВАЗ ВАЗ 2112 и модификации;Физические лица;Серый;;Технические неисправности отсутствуют
930000091.0;2.0;Осталось на месте ДТП;С передним приводом;D-класс (средний) до 4,6 м;2000.0;TOYOTA Corolla;Физические лица;Белый;;Технические неисправности отсутствуют
930000093.0;1.0;Осталось на месте ДТП;С задним приводом;Прочие одноярусные;2007.0;ГАЗ 3221  Газель , 32217, 32213, 32212, 322172, 322132, 322133 и модификации;Индивидуальные предприниматели без образования юридического лица;Белый;;Технические неисправности отсутствуют
930000181.0;1.0;Скрылось и установлено в срок свыше 10 суток;С передним приводом;D-класс (средний) до 4,6 м;2003.0;AUDI А4;Физические лица;Серый;;Технические неисправности отсутствуют
930000083.0;1.0;Скрылось и установлено в срок до 1 суток;С передним приводом;Е-класс (высший средний, бизнес-класс) до 4,9 м;2006.0;TOYOTA Camry;Физические лица;Синий;;Технические неисправности отсутствуют
930000065.0;1.0;Осталось на месте ДТП;С передним приводом;D-класс (средний) до 4,6 м;1990.0;TOYOTA Carina;Физические лица;Зеленый;;Технические неисправности отсутствуют
930000058.0;1.0;Осталось на месте ДТП;С передним приводом;Минивэны и универсалы повышенной вместимости;1997.0;HONDA Odyssey;Физические лица;Черный;;Технические неисправности отсутствуют
930000058.0;2.0;Осталось на месте ДТП;Иное расположение рулевого управления;С-класс (малый средний, компактный) до 4,3 м;2013.0;ВАЗ ВАЗ 2114 и модификации;Физические лица;Черный;;Технические неисправности отсутствуют
930000051.0;1.0;Осталось на месте ДТП;С передним приводом;Минивэны и универсалы повышенной вместимости;2018.0;CHANGAN CS35;Физические лица;Белый;;Технические неисправности отсутствуют
930000051.0;2.0;Осталось на месте ДТП;С передним приводом;Минивэны и универсалы повышенной вместимости;2005.0;ВАЗ  Жигули  ВАЗ-2104 модификации;Физические лица;Белый;;Технические неисправности отсутствуют
930000045.0;1.0;Осталось на месте ДТП;С передним приводом;Минивэны и универсалы повышенной вместимости;2001.0;TOYOTA Gaia;Физические лица;Серый;;Технические неисправности отсутствуют
930000045.0;2.0;Осталось на месте ДТП;С передним приводом;D-класс (средний) до 4,6 м;2007.0;TOYOTA Avensis;Физические лица;Серый;;Технические неисправности отсутствуют
930000039.0;1.0;Осталось на месте ДТП;С передним приводом;Е-класс (высший средний, бизнес-класс) до 4,9 м;2012.0;TOYOTA Camry;Физические лица;Черный;;Технические неисправности отсутствуют
930000039.0;2.0;Осталось на месте ДТП;С передним приводом;D-класс (средний) до 4,6 м;2021.0;JAC Прочие модели Jac;Физические лица;Красный;;Технические неисправности отсутствуют
930000039.0;3.0;Осталось на месте ДТП;С передним приводом;Минивэны и универсалы повышенной вместимости;1983.0;TOYOTA Ipsum;Физические лица;Серый;;Технические неисправности отсутствуют
930002545.0;1.0;Скрылось с места ДТП;;В-класс (малый) до 3,9 м;; ;;;;Технические неисправности отсутствуют
930000033.0;1.0;Осталось на месте ДТП;Полноприводные;Минивэны и универсалы повышенной вместимости;2014.0;MITSUBISHI Pajero;Физические лица;Белый;;Технические неисправности отсутствуют
930000027.0;1.0;Осталось на месте ДТП;С передним приводом;С-класс (малый средний, компактный) до 4,3 м;1993.0;TOYOTA Corolla;Физические лица;Серый;;Не устанавливались
930000013.0;1.0;Скрылось и установлено в срок до 1 суток;С передним приводом;D-класс (средний) до 4,6 м;1984.0;TOYOTA Vista;Физические лица;Серый;;Технические неисправности отсутствуют
930000007.0;1.0;Скрылось и установлено в срок до 1 суток;С передним приводом;Минивэны и универсалы повышенной вместимости;2014.0;ВАЗ Largus (Ларгус);Физические лица;Серый;;Технические неисправности отсутствуют
930002173.0;1.0;Осталось на месте ДТП;С передним приводом;С-класс (малый средний, компактный) до 4,3 м;2014.0;Прочие марки ТС Прочие марки и модели ТС;Физические лица;Белый;;Технические неисправности отсутствуют
930000343.0;1.0;Осталось на месте ДТП;С передним приводом;D-класс (средний) до 4,6 м;2008.0;TOYOTA Corolla;Физические лица;Белый;;Технические неисправности отсутствуют
930000330.0;1.0;Осталось на месте ДТП;С передним приводом;С-класс (малый средний, компактный) до 4,3 м;2002.0;ВАЗ ВАЗ 2112 и модификации;Физические лица;Серый;;Технические неисправности отсутствуют
930000333.0;1.0;Осталось на месте ДТП;С передним приводом;Е-класс (высший средний, бизнес-класс) до 4,9 м;2008.0;NISSAN Teana;Физические лица;Серый;;Технические неисправности отсутствуют
930000333.0;2.0;Осталось на месте ДТП;С передним приводом;Минивэны и универсалы повышенной вместимости;2001.0;HONDA Stream;Физические лица;Белый;;Технические неисправности отсутствуют
930000319.0;1.0;Осталось на месте ДТП;С передним приводом;D-класс (средний) до 4,6 м;1999.0;TOYOTA Prius;Физические лица;Синий;;Технические неисправности отсутствуют
930000326.0;1.0;Скрылось с места ДТП;;D-класс (средний) до 4,6 м;; ;;;;Технические неисправности отсутствуют
930000320.0;1.0;Скрылось и установлено в срок до 1 суток;С передним приводом;С-класс (малый средний, компактный) до 4,3 м;2005.0;ВАЗ ВАЗ 2114 и модификации;Физические лица;Серый;;Технические неисправности отсутствуют
930000311.0;1.0;Осталось на месте ДТП;Иное расположение рулевого управления;Минивэны и универсалы повышенной вместимости;1994.0;УАЗ УАЗ 3151, 31512, 31514, 31519 и модификации;Физические лица;Красный;;Технические неисправности отсутствуют
930000314.0;1.0;Осталось на месте ДТП;С передним приводом;Прочие легковые автомобили;2013.0;УАЗ Patriot (Патриот);Физические лица;Серый;;Технические неисправности отсутствуют
930000314.0;2.0;Осталось на месте ДТП;С передним приводом;С-класс (малый средний, компактный) до 4,3 м;2014.0;RENAULT Logan;Физические лица;Черный;;Технические неисправности отсутствуют
930000305.0;1.0;Скрылось и установлено в срок до 1 суток;С задним приводом;Бортовые грузовые автомобили;1993.0;ГАЗ Прочие модели ГАЗ;Физические лица;Зеленый;;Технические неисправности отсутствуют
930000307.0;1.0;Осталось на месте ДТП;С передним приводом;Е-класс (высший средний, бизнес-класс) до 4,9 м;2008.0;TOYOTA Camry;Физические лица;Серый;;Технические неисправности отсутствуют
930000309.0;1.0;Осталось на месте ДТП;С передним приводом;Е-класс (высший средний, бизнес-класс) до 4,9 м;2003.0;TOYOTA Allion;Физические лица;Серый;;Технические неисправности отсутствуют
930000309.0;2.0;Скрылось с места ДТП;;С-класс (малый средний, компактный) до 4,3 м;; ;;;;Технические неисправности отсутствуют
930000291.0;1.0;Осталось на месте ДТП;С передним приводом;D-класс (средний) до 4,6 м;2007.0;ВАЗ Priora;Физические лица;Серый;;Технические неисправности отсутствуют
930000293.0;1.0;Осталось на месте ДТП;С передним приводом;D-класс (средний) до 4,6 м;1998.0;TOYOTA Nadia;Физические лица;Серый;;Технические неисправности отсутствуют
930000292.0;1.0;Осталось на месте ДТП;С передним приводом;Минивэны и универсалы повышенной вместимости;2000.0;TOYOTA Ipsum;Физические лица;Белый;;Технические неисправности отсутствуют
930000292.0;2.0;Осталось на месте ДТП;С передним приводом;Е-класс (высший средний, бизнес-класс) до 4,9 м;2008.0;TOYOTA Camry;Физические лица;Белый;;Технические неисправности отсутствуют
930000280.0;1.0;Осталось на месте ДТП;С передним приводом;С-класс (малый средний, компактный) до 4,3 м;2003.0;TOYOTA Corolla;Физические лица;Серый;;Технические неисправности отсутствуют
930000282.0;1.0;Осталось на месте ДТП;С передним приводом;Минивэны и универсалы повышенной вместимости;1984.0;TOYOTA Ipsum;Физические лица;Зеленый;;Технические неисправности отсутствуют
930000275.0;1.0;Осталось на месте ДТП;С передним приводом;С-класс (малый средний, компактный) до 4,3 м;1999.0;TOYOTA Carina;Физические лица;Белый;;Технические неисправности отсутствуют
930000275.0;2.0;Осталось на месте ДТП;С передним приводом;С-класс (малый средний, компактный) до 4,3 м;2011.0;ВАЗ Priora;Физические лица;Серый;;Технические неисправности отсутствуют
930000265.0;1.0;Осталось на месте ДТП;С передним приводом;Минивэны и универсалы повышенной вместимости;2000.0;HONDA Stream;Физические лица;Серый;;Технические неисправности отсутствуют
930000264.0;1.0;Осталось на месте ДТП;Полноприводные;Минивэны и универсалы повышенной вместимости;2000.0;TOYOTA Caldina;Физические лица;Белый;;Технические неисправности отсутствуют
930000264.0;2.0;Осталось на месте ДТП;С задним приводом;Фургоны;1997.0;ISUZU Прочие модели Isuzu;Физические лица;Белый;;Технические неисправности отсутствуют
930000263.0;1.0;Осталось на месте ДТП;Иное расположение рулевого управления;Снегоходы;2014.0;YAMAHA AS 3;Физические лица;Черный;;Технические неисправности отсутствуют
930000263.0;2.0;Скрылось и установлено в срок до 1 суток;Иное расположение рулевого управления;Тракторы;1983.0;Прочие марки ТС Прочие марки и модели ТС;Физические лица;Желтый;;Технические неисправности отсутствуют
930000268.0;1.0;Осталось на месте ДТП;Полноприводные;С-класс (малый средний, компактный) до 4,3 м;2008.0;TOYOTA Прочие модели Toyota;Физические лица;Черный;;Технические неисправности отсутствуют
930000251.0;1.0;Осталось на месте ДТП;С передним приводом;D-класс (средний) до 4,6 м;2015.0;TOYOTA RAV 4;Физические лица;Черный;;Технические неисправности отсутствуют
930000249.0;1.0;Осталось на месте ДТП;Полноприводные;D-класс (средний) до 4,6 м;2020.0;KIA Sportage;Физические лица;Белый;;Технические неисправности отсутствуют
930000250.0;1.0;Осталось на месте ДТП;С передним приводом;С-класс (малый средний, компактный) до 4,3 м;2001.0;MAZDA Demio;Физические лица;Серый;;Технические неисправности отсутствуют
930000387.0;1.0;Скрылось и установлено в срок свыше 10 суток;С задним приводом;С-класс (малый средний, компактный) до 4,3 м;1998.0;ВАЗ  Жигули  ВАЗ-2106 модификации;Физические лица;Зеленый;;Технические неисправности отсутствуют
930000217.0;1.0;Осталось на месте ДТП;С передним приводом;Минивэны и универсалы повышенной вместимости;2009.0;ВАЗ Priora;Физические лица;Черный;;Технические неисправности отсутствуют
930000217.0;2.0;Осталось на месте ДТП;С задним приводом;Бортовые грузовые автомобили;1988.0;КАМАЗ Прочие модели КАМАЗ;Физические лица;Красный;;Технические неисправности отсутствуют
930000204.0;1.0;Осталось на месте ДТП;С передним приводом;D-класс (средний) до 4,6 м;1998.0;TOYOTA Vista;Физические лица;Серый;;Технические неисправности отсутствуют
930000194.0;1.0;Осталось на месте ДТП;С передним приводом;D-класс (средний) до 4,6 м;2008.0;TOYOTA Corolla;Физические лица;Серый;;Технические неисправности отсутствуют
930000194.0;2.0;Осталось на месте ДТП;С передним приводом;В-класс (малый) до 3,9 м;2003.0;TOYOTA Vitz;Физические лица;Серый;;Технические неисправности отсутствуют
930000194.0;3.0;Осталось на месте ДТП;С передним приводом;D-класс (средний) до 4,6 м;1996.0;TOYOTA Sprinter;Физические лица;Синий;;Технические неисправности отсутствуют
930000194.0;4.0;Скрылось и установлено в срок до 1 суток;С передним приводом;Минивэны и универсалы повышенной вместимости;1998.0;TOYOTA Caldina;Физические лица;Серый;;Не устанавливались
930000189.0;1.0;Осталось на месте ДТП;С передним приводом;D-класс (средний) до 4,6 м;2007.0;MAZDA Mazda 6;Физические лица;Красный;;Технические неисправности отсутствуют
930000516.0;1.0;Осталось на месте ДТП;С передним приводом;D-класс (средний) до 4,6 м;2002.0;TOYOTA Corolla;Физические лица;Белый;;Технические неисправности отсутствуют
930000516.0;2.0;Осталось на месте ДТП;С передним приводом;Минивэны и универсалы повышенной вместимости;2002.0;TOYOTA Ipsum;Физические лица;Серый;;Технические неисправности отсутствуют
930000516.0;3.0;Осталось на месте ДТП;С передним приводом;Минивэны и универсалы повышенной вместимости;2014.0;HYUNDAI ix35;Физические лица;Серый;;Технические неисправности отсутствуют
930000516.0;4.0;Осталось на месте ДТП;С передним приводом;D-класс (средний) до 4,6 м;2011.0;TOYOTA Corolla;Физические лица;Белый;;Технические неисправности отсутствуют
930000512.0;1.0;Осталось на месте ДТП;С передним приводом;D-класс (средний) до 4,6 м;2000.0;TOYOTA Corona;Физические лица;Серый;;Технические неисправности отсутствуют
930000498.0;1.0;Осталось на месте ДТП;С передним приводом;С-класс (малый средний, компактный) до 4,3 м;2011.0;ВАЗ ВАЗ 2114 и модификации;Физические лица;Серый;;Технические неисправности отсутствуют
930000498.0;2.0;Осталось на месте ДТП;С передним приводом;D-класс (средний) до 4,6 м;2011.0;HYUNDAI Solaris;Физические лица;Синий;;Технические неисправности отсутствуют
930000502.0;1.0;Осталось на месте ДТП;С передним приводом;С-класс (малый средний, компактный) до 4,3 м;2010.0;MAZDA Demio;Физические лица;Серый;;Технические неисправности отсутствуют
930000492.0;1.0;Осталось на месте ДТП;С передним приводом;D-класс (средний) до 4,6 м;1998.0;TOYOTA Corolla;Физические лица;Серый;;Технические неисправности отсутствуют
930000492.0;2.0;Осталось на месте ДТП;С передним приводом;С-класс (малый средний, компактный) до 4,3 м;2018.0;ВАЗ Kalina;Физические лица;Белый;;Технические неисправности отсутствуют
930000492.0;3.0;Осталось на месте ДТП;С передним приводом;D-класс (средний) до 4,6 м;2002.0;TOYOTA Прочие модели Toyota;Физические лица;Серый;;Технические неисправности отсутствуют
930000492.0;4.0;Осталось на месте ДТП;Полноприводные;Минивэны и универсалы повышенной вместимости;2018.0;BMW X5;Физические лица;Синий;;Технические неисправности отсутствуют
930000488.0;1.0;Осталось на месте ДТП;С передним приводом;Минивэны и универсалы повышенной вместимости;2007.0;TOYOTA Corolla;Физические лица;Белый;;Технические неисправности отсутствуют
930000486.0;1.0;Осталось на месте ДТП;С передним приводом;D-класс (средний) до 4,6 м;2017.0;VOLKSWAGEN Polo;Физические лица;Белый;;Технические неисправности отсутствуют
930000482.0;1.0;Скрылось с места ДТП;;С-класс (малый средний, компактный) до 4,3 м;; ;;;;Технические неисправности отсутствуют
930000481.0;1.0;Осталось на месте ДТП;С передним приводом;Минивэны и универсалы повышенной вместимости;1999.0;TOYOTA Ipsum;Физические лица;Синий;;Технические неисправности отсутствуют
930000481.0;2.0;Осталось на месте ДТП;С передним приводом;С-класс (малый средний, компактный) до 4,3 м;2006.0;ВАЗ ВАЗ 2112 и модификации;Физические лица;Серый;;Технические неисправности отсутствуют
930000478.0;1.0;Осталось на месте ДТП;С задним приводом;Минивэны и универсалы повышенной вместимости;2005.0;SUBARU Forester;Физические лица;Серый;;Технические неисправности отсутствуют
930000478.0;2.0;Осталось на месте ДТП;С передним приводом;Минивэны и универсалы повышенной вместимости;2017.0;MAZDA CX-5;Физические лица;Белый;;Технические неисправности отсутствуют
930000478.0;3.0;Осталось на месте ДТП;С передним приводом;Оснащённые специализированным оборудованием автотранспортные средства аварийно-спасательных служб и полиции;2019.0;SKODA Octavia;Юридические лица, являющиеся некоммерческими организациями;Белый;;Технические неисправности отсутствуют
930000476.0;1.0;Осталось на месте ДТП;С задним приводом;Минивэны и универсалы повышенной вместимости;2000.0;MITSUBISHI Legnum;Физические лица;Белый;;Технические неисправности отсутствуют
930000476.0;2.0;Осталось на месте ДТП;С передним приводом;D-класс (средний) до 4,6 м;1993.0;TOYOTA Corona;Физические лица;Желтый;;Технические неисправности отсутствуют
930000472.0;1.0;Осталось на месте ДТП;С передним приводом;D-класс (средний) до 4,6 м;2011.0;TOYOTA Corolla;Физические лица;Черный;;Технические неисправности отсутствуют
930000474.0;1.0;Осталось на месте ДТП;С передним приводом;Прочие легковые автомобили;2009.0;TOYOTA Прочие модели Toyota;Физические лица;Фиолетовый;;Технические неисправности отсутствуют
930000470.0;1.0;Осталось на месте ДТП;С передним приводом;D-класс (средний) до 4,6 м;2001.0;HONDA Civic;Физические лица;Серый;;Технические неисправности отсутствуют
930000470.0;2.0;Осталось на месте ДТП;С передним приводом;D-класс (средний) до 4,6 м;1997.0;VOLKSWAGEN Passat;Физические лица;Серый;;Технические неисправности отсутствуют
930000471.0;1.0;Осталось на месте ДТП;С передним приводом;Минивэны и универсалы повышенной вместимости;2008.0;TOYOTA Wish;Физические лица;Черный;;Технические неисправности отсутствуют
930000463.0;1.0;Осталось на месте ДТП;С передним приводом;D-класс (средний) до 4,6 м;2008.0;HONDA Прочие модели Honda;Физические лица;Синий;;Технические неисправности отсутствуют
930000464.0;1.0;Осталось на месте ДТП;С передним приводом;Минивэны и универсалы повышенной вместимости;2014.0;TOYOTA Прочие модели Toyota;Физические лица;Серый;;Технические неисправности отсутствуют
930000479.0;1.0;Осталось на месте ДТП;Полноприводные;Минивэны и универсалы повышенной вместимости;2003.0;УАЗ УАЗ 3151, 31512, 31514, 31519 и модификации;Физические лица;Белый;;Технические неисправности отсутствуют
930000455.0;1.0;Осталось на месте ДТП;С передним приводом;С-класс (малый средний, компактный) до 4,3 м;2012.0;ВАЗ Priora;Физические лица;Черный;;Технические неисправности отсутствуют
930000450.0;1.0;Осталось на месте ДТП;С передним приводом;Минивэны и универсалы повышенной вместимости;2000.0;HONDA Odyssey;Физические лица;Белый;;Технические неисправности отсутствуют
930000458.0;1.0;Осталось на месте ДТП;С передним приводом;D-класс (средний) до 4,6 м;2006.0;HONDA Accord;Физические лица;Черный;;Технические неисправности отсутствуют
930000445.0;1.0;Осталось на месте ДТП;Полноприводные;D-класс (средний) до 4,6 м;2015.0;HONDA Прочие модели Honda;Физические лица;Серый;;Технические неисправности отсутствуют
930000445.0;2.0;Осталось на месте ДТП;С передним приводом;D-класс (средний) до 4,6 м;2000.0;TOYOTA Platz;Физические лица;Серый;;Технические неисправности отсутствуют
930000445.0;3.0;Осталось на месте ДТП;Полноприводные;D-класс (средний) до 4,6 м;2008.0;PEUGEOT Прочие модели Peugeot;Физические лица;Черный;;Технические неисправности отсутствуют
930000443.0;1.0;Осталось на месте ДТП;С задним приводом;Бортовые грузовые автомобили;2007.0;УРАЛ 4320;Физические лица;Зеленый;;Технические неисправности отсутствуют
930000443.0;2.0;Осталось на месте ДТП;Полноприводные;Прочая спецтехника;2020.0;КАМАЗ Прочие модели КАМАЗ;Юридические лица, являющиеся коммерческими организациями;Оранжевый;;Технические неисправности отсутствуют
930000448.0;1.0;Осталось на месте ДТП;С задним приводом;С-класс (малый средний, компактный) до 4,3 м;2005.0;ВАЗ ВАЗ 2110, 21101, 21102, 21103, 21108;Физические лица;Белый;;Технические неисправности отсутствуют
930000446.0;1.0;Осталось на месте ДТП;С задним приводом;D-класс (средний) до 4,6 м;2004.0;TOYOTA Corolla;Физические лица;Серый;;Технические неисправности отсутствуют
930000444.0;1.0;Осталось на месте ДТП;С передним приводом;Минивэны и универсалы повышенной вместимости;2006.0;TOYOTA Wish;Физические лица;Белый;;Технические неисправности отсутствуют
930000442.0;2.0;Осталось на месте ДТП;С передним приводом;D-класс (средний) до 4,6 м;2001.0;NISSAN Прочие марки Nissan;Физические лица;Белый;;Технические неисправности отсутствуют
930000442.0;1.0;Осталось на месте ДТП;С передним приводом;D-класс (средний) до 4,6 м;2001.0;HONDA Accord;Физические лица;Серый;;Технические неисправности отсутствуют
930000440.0;1.0;Осталось на месте ДТП;С передним приводом;D-класс (средний) до 4,6 м;2000.0;TOYOTA Premio;Физические лица;Белый;;Технические неисправности отсутствуют
930000441.0;1.0;Осталось на месте ДТП;С задним приводом;Минивэны и универсалы повышенной вместимости;1988.0;NISSAN Terrano;Физические лица;Белый;;Технические неисправности отсутствуют
930000432.0;1.0;Осталось на месте ДТП;С передним приводом;D-класс (средний) до 4,6 м;2020.0;MAZDA Mazda 6;Физические лица;Черный;;Технические неисправности отсутствуют
930000432.0;2.0;Осталось на месте ДТП;С передним приводом;С-класс (малый средний, компактный) до 4,3 м;2002.0;TOYOTA Allex;Физические лица;Белый;;Технические неисправности отсутствуют
930000435.0;1.0;Осталось на месте ДТП;Полноприводные;Прочие легковые автомобили;1999.0;УАЗ УАЗ 3151, 31512, 31514, 31519 и модификации;Физические лица;Зеленый;;Технические неисправности отсутствуют
930000431.0;1.0;Осталось на месте ДТП;Полноприводные;Прочие легковые автомобили;2003.0;УАЗ 3909;Физические лица;Белый;;Технические неисправности отсутствуют
930000426.0;1.0;Осталось на месте ДТП;Полноприводные;Прочие легковые автомобили;2011.0;TOYOTA Hilux;Физические лица;Черный;;Технические неисправности отсутствуют
930000425.0;1.0;Осталось на месте ДТП;С передним приводом;D-класс (средний) до 4,6 м;2014.0;TOYOTA Corolla;Физические лица;Черный;;Технические неисправности отсутствуют
930000418.0;1.0;Осталось на месте ДТП;С передним приводом;D-класс (средний) до 4,6 м;2001.0;TOYOTA Corolla;Физические лица;Белый;;Технические неисправности отсутствуют
930000418.0;2.0;Осталось на месте ДТП;С передним приводом;D-класс (средний) до 4,6 м;2012.0;HONDA Insight;Физические лица;Серый;;Технические неисправности отсутствуют
930000422.0;1.0;Осталось на месте ДТП;С передним приводом;D-класс (средний) до 4,6 м;2008.0;KIA Spectra;Физические лица;Черный;;Технические неисправности отсутствуют
930000422.0;2.0;Осталось на месте ДТП;С передним приводом;С-класс (малый средний, компактный) до 4,3 м;2012.0;ВАЗ Priora;Физические лица;Синий;;Технические неисправности отсутствуют
930000415.0;1.0;Осталось на месте ДТП;С передним приводом;D-класс (средний) до 4,6 м;2013.0;KIA Rio;Физические лица;Серый;;Технические неисправности отсутствуют
930000412.0;1.0;Скрылось и установлено в срок до 1 суток;С передним приводом;D-класс (средний) до 4,6 м;1998.0;TOYOTA Premio;Физические лица;Серый;;Технические неисправности отсутствуют
930000403.0;1.0;Осталось на месте ДТП;Полноприводные;Прочие легковые автомобили;2000.0;УАЗ 3962;Физические лица;Синий;;Технические неисправности отсутствуют
930000404.0;1.0;Осталось на месте ДТП;С задним приводом;D-класс (средний) до 4,6 м;1995.0;TOYOTA Mark II;Физические лица;Белый;;Технические неисправности отсутствуют
930000402.0;1.0;Осталось на месте ДТП;С передним приводом;D-класс (средний) до 4,6 м;1992.0;TOYOTA Sprinter;Физические лица;Серый;;Технические неисправности отсутствуют
930000392.0;1.0;Осталось на месте ДТП;С передним приводом;Минивэны и универсалы повышенной вместимости;2019.0;ВАЗ XRay;Юридические лица, являющиеся некоммерческими организациями;Черный;;Технические неисправности отсутствуют
930000392.0;2.0;Осталось на месте ДТП;С передним приводом;Минивэны и универсалы повышенной вместимости;1999.0;TOYOTA Ipsum;Физические лица;Белый;;Технические неисправности отсутствуют
930000385.0;1.0;Скрылось с места ДТП;;В-класс (малый) до 3,9 м;; ;;;;Технические неисправности отсутствуют
930000378.0;1.0;Скрылось с места ДТП;;D-класс (средний) до 4,6 м;; ;;;;Технические неисправности отсутствуют
930000363.0;1.0;Скрылось с места ДТП;;С-класс (малый средний, компактный) до 4,3 м;; ;;;;Технические неисправности отсутствуют
930000364.0;1.0;Осталось на месте ДТП;С передним приводом;D-класс (средний) до 4,6 м;2003.0;TOYOTA Avensis;Физические лица;Серый;;Технические неисправности отсутствуют
930000362.0;1.0;Осталось на месте ДТП;С передним приводом;D-класс (средний) до 4,6 м;2006.0;TOYOTA Прочие модели Toyota;Физические лица;Серый;;Технические неисправности отсутствуют
930000362.0;2.0;Осталось на месте ДТП;С передним приводом;D-класс (средний) до 4,6 м;2006.0;VOLKSWAGEN Passat;Физические лица;Черный;;Технические неисправности отсутствуют
930000350.0;1.0;Осталось на месте ДТП;С передним приводом;Минивэны и универсалы повышенной вместимости;2018.0;ВАЗ Largus (Ларгус);Физические лица;Белый;;Технические неисправности отсутствуют
930000356.0;1.0;Осталось на месте ДТП;С передним приводом;С-класс (малый средний, компактный) до 4,3 м;2010.0;ВАЗ Priora;Физические лица;Белый;;Технические неисправности отсутствуют
930000700.0;1.0;Осталось на месте ДТП;С передним приводом;С-класс (малый средний, компактный) до 4,3 м;2006.0;ВАЗ ВАЗ 2112 и модификации;Физические лица;Серый;;Технические неисправности отсутствуют
930000704.0;1.0;Скрылось и установлено в срок до 1 суток;С передним приводом;С-класс (малый средний, компактный) до 4,3 м;2004.0;ВАЗ ВАЗ 2112 и модификации;Физические лица;Серый;;Технические неисправности отсутствуют
930000695.0;1.0;Осталось на месте ДТП;С передним приводом;D-класс (средний) до 4,6 м;1996.0;TOYOTA Camry;Физические лица;Серый;;Технические неисправности отсутствуют
930000694.0;1.0;Осталось на месте ДТП;С передним приводом;С-класс (малый средний, компактный) до 4,3 м;2009.0;ВАЗ ВАЗ 2111, 21110 (универсал), 21113, 21114;Физические лица;Серый;;Технические неисправности отсутствуют
930000698.0;1.0;Осталось на месте ДТП;С передним приводом;С-класс (малый средний, компактный) до 4,3 м;2006.0;ВАЗ ВАЗ 2112 и модификации;Физические лица;Серый;;Технические неисправности отсутствуют
930000690.0;1.0;Скрылось с места ДТП;;В-класс (малый) до 3,9 м;; ;;;;Технические неисправности отсутствуют
930000686.0;1.0;Осталось на месте ДТП;Иное расположение рулевого управления;Мотоциклы;2022.0;MOTOTRANS Прочие модели Mototrans;Физические лица;Черный;;Технические неисправности отсутствуют
930000686.0;2.0;Осталось на месте ДТП;С задним приводом;Оснащённые специализированным оборудованием автотранспортные средства аварийно-спасательных служб и полиции;2021.0;ГАЗ Next;Юридические лица, являющиеся некоммерческими организациями;Белый;;Технические неисправности отсутствуют
930000677.0;1.0;Осталось на месте ДТП;С передним приводом;D-класс (средний) до 4,6 м;2016.0;HONDA Прочие модели Honda;Физические лица;Серый;;Технические неисправности отсутствуют
930000680.0;1.0;Осталось на месте ДТП;Полноприводные;С-класс (малый средний, компактный) до 4,3 м;1999.0;ВАЗ  Нива  ВАЗ-2121 и модификации;Физические лица;Белый;;Технические неисправности отсутствуют
930000676.0;1.0;Осталось на месте ДТП;С передним приводом;D-класс (средний) до 4,6 м;2002.0;TOYOTA Premio;Физические лица;Серый;;Технические неисправности отсутствуют
930000668.0;1.0;Осталось на месте ДТП;С задним приводом;D-класс (средний) до 4,6 м;1997.0;NISSAN Presea;Физические лица;Синий;;Технические неисправности отсутствуют
930000659.0;1.0;Осталось на месте ДТП;С передним приводом;В-класс (малый) до 3,9 м;2002.0;NISSAN Micra (March);Физические лица;Серый;;Технические неисправности отсутствуют
930000659.0;2.0;Осталось на месте ДТП;С передним приводом;В-класс (малый) до 3,9 м;2010.0;TOYOTA Vitz;Физические лица;Серый;;Технические неисправности отсутствуют
930000662.0;1.0;Скрылось и установлено в срок до 1 суток;С передним приводом;Минивэны и универсалы повышенной вместимости;2004.0;TOYOTA Wish;Физические лица;Белый;;Не устанавливались
930000657.0;1.0;Осталось на месте ДТП;С передним приводом;С-класс (малый средний, компактный) до 4,3 м;2011.0;ВАЗ ВАЗ 2114 и модификации;Физические лица;Черный;;Технические неисправности отсутствуют
930000657.0;2.0;Осталось на месте ДТП;Полноприводные;С-класс (малый средний, компактный) до 4,3 м;2004.0;ВАЗ  Нива  ВАЗ-2121 и модификации;Физические лица;Белый;;Технические неисправности отсутствуют
930000656.0;1.0;Осталось на месте ДТП;С передним приводом;D-класс (средний) до 4,6 м;2012.0;HYUNDAI Solaris;Физические лица;Белый;;Технические неисправности отсутствуют
930000641.0;1.0;Осталось на месте ДТП;Полноприводные;Минивэны и универсалы повышенной вместимости;2008.0;УАЗ 2206;Физические лица;Белый;;Технические неисправности отсутствуют
930000641.0;2.0;Осталось на месте ДТП;С передним приводом;D-класс (средний) до 4,6 м;1998.0;TOYOTA Corolla;Физические лица;Серый;;Технические неисправности отсутствуют
930000647.0;1.0;Осталось на месте ДТП;Иное расположение рулевого управления;Мотоциклы;2020.0;DAEWOO Racer;Физические лица;Черный;;Технические неисправности отсутствуют
930000639.0;1.0;Осталось на месте ДТП;Полноприводные;Минивэны и универсалы повышенной вместимости;1997.0;УАЗ УАЗ 3151, 31512, 31514, 31519 и модификации;Физические лица;Коричневый;;Технические неисправности отсутствуют
930000634.0;1.0;Осталось на месте ДТП;С передним приводом;D-класс (средний) до 4,6 м;2002.0;TOYOTA Premio;Физические лица;Белый;;Технические неисправности отсутствуют
930000635.0;1.0;Осталось на месте ДТП;С передним приводом;С-класс (малый средний, компактный) до 4,3 м;2002.0;ВАЗ ВАЗ 2110, 21101, 21102, 21103, 21108;Физические лица;Серый;;Технические неисправности отсутствуют
930000630.0;1.0;Осталось на месте ДТП;Полноприводные;Прочие легковые автомобили;2017.0;УАЗ 3741;Физические лица;Серый;;Не устанавливались
930000630.0;2.0;Осталось на месте ДТП;С передним приводом;С-класс (малый средний, компактный) до 4,3 м;2004.0;ВАЗ ВАЗ 2114 и модификации;Физические лица;Красный;;Технические неисправности отсутствуют
930000625.0;1.0;Осталось на месте ДТП;С передним приводом;С-класс (малый средний, компактный) до 4,3 м;2007.0;ВАЗ ВАЗ 2114 и модификации;Физические лица;Черный;;Технические неисправности отсутствуют
930000625.0;2.0;Осталось на месте ДТП;С задним приводом;С-класс (малый средний, компактный) до 4,3 м;2007.0;ВАЗ ВАЗ 2115 и модификации;Физические лица;Белый;;Технические неисправности отсутствуют
930000623.0;1.0;Осталось на месте ДТП;С передним приводом;С-класс (малый средний, компактный) до 4,3 м;2007.0;ВАЗ ВАЗ 2110, 21101, 21102, 21103, 21108;Физические лица;Черный;;Технические неисправности отсутствуют
930000623.0;2.0;Осталось на месте ДТП;Иное расположение рулевого управления;Велосипеды;2020.0; ;Физические лица;;;Технические неисправности отсутствуют
930000619.0;1.0;Осталось на месте ДТП;С передним приводом;Минивэны и универсалы повышенной вместимости;2016.0;TOYOTA Прочие модели Toyota;Физические лица;Белый;;Технические неисправности отсутствуют
930000619.0;2.0;Осталось на месте ДТП;С передним приводом;С-класс (малый средний, компактный) до 4,3 м;2007.0;ВАЗ Priora;Физические лица;Серый;;Технические неисправности отсутствуют
930000611.0;1.0;Осталось на месте ДТП;С передним приводом;Е-класс (высший средний, бизнес-класс) до 4,9 м;2010.0;TOYOTA Camry;Физические лица;Серый;;Технические неисправности отсутствуют
930000602.0;1.0;Осталось на месте ДТП;Иное расположение рулевого управления;Мотоциклы;2021.0;Прочие марки ТС Прочие марки и модели ТС;Физические лица;Зеленый;;Технические неисправности отсутствуют
930000597.0;1.0;Осталось на месте ДТП;С передним приводом;Е-класс (высший средний, бизнес-класс) до 4,9 м;2013.0;TOYOTA Camry;Физические лица;Черный;;Технические неисправности отсутствуют
930000597.0;2.0;Осталось на месте ДТП;С задним приводом;Школьные автобусы;2020.0;ГАЗ Next;Юридические лица, являющиеся некоммерческими организациями;Желтый;;Технические неисправности отсутствуют
930000598.0;1.0;Осталось на месте ДТП;Иное расположение рулевого управления;Мотоциклы;2012.0;MOTOTRANS Прочие модели Mototrans;Физические лица;Красный;;Технические неисправности отсутствуют
930000598.0;2.0;Осталось на месте ДТП;Полноприводные;Оснащённые специализированным оборудованием автотранспортные средства аварийно-спасательных служб и полиции;2015.0;УАЗ Patriot (Патриот);Юридические лица, являющиеся некоммерческими организациями;Серый;;Технические неисправности отсутствуют
930000585.0;1.0;Осталось на месте ДТП;С передним приводом;D-класс (средний) до 4,6 м;2001.0;TOYOTA Vista;Физические лица;Белый;;Технические неисправности отсутствуют
930000584.0;1.0;Осталось на месте ДТП;С задним приводом;Одноэтажные длиной от 5 до 8 м;2005.0;ГАЗ ГАЗ 3102, 3102-101, 3102-311;Физические лица;Желтый;;Технические неисправности отсутствуют
930000577.0;1.0;Осталось на месте ДТП;С задним приводом;D-класс (средний) до 4,6 м;2007.0;LEXUS GS;Физические лица;Черный;;Технические неисправности отсутствуют
930000578.0;1.0;Осталось на месте ДТП;С передним приводом;С-класс (малый средний, компактный) до 4,3 м;2012.0;ВАЗ ВАЗ 2110, 21101, 21102, 21103, 21108;Физические лица;Белый;;Технические неисправности отсутствуют
930000581.0;1.0;Осталось на месте ДТП;С передним приводом;С-класс (малый средний, компактный) до 4,3 м;1999.0;ВАЗ  Жигули  ВАЗ-2108, 09 и модификации                       ;Физические лица;Серый;;Технические неисправности отсутствуют
930000583.0;1.0;Осталось на месте ДТП;Полноприводные;Минивэны и универсалы повышенной вместимости;2011.0;УАЗ 2206;Физические лица;Серый;;Технические неисправности отсутствуют
930000564.0;1.0;Осталось на месте ДТП;С передним приводом;Прочие легковые автомобили;2001.0;TOYOTA Vitz;Физические лица;Серый;;Технические неисправности отсутствуют
930000562.0;1.0;Осталось на месте ДТП;Полноприводные;Прочие легковые автомобили;2019.0;УАЗ УАЗ 3151, 31512, 31514, 31519 и модификации;Физические лица;Зеленый;;Технические неисправности отсутствуют
930000558.0;1.0;Осталось на месте ДТП;С передним приводом;Минивэны и универсалы повышенной вместимости;2000.0;ВАЗ ВАЗ 2111, 21110 (универсал), 21113, 21114;Физические лица;Белый;;Технические неисправности отсутствуют
930000556.0;1.0;Осталось на месте ДТП;С передним приводом;D-класс (средний) до 4,6 м;1994.0;TOYOTA Camry;Физические лица;Синий;;Технические неисправности отсутствуют
930000540.0;1.0;Осталось на месте ДТП;С передним приводом;С-класс (малый средний, компактный) до 4,3 м;2009.0;ВАЗ ВАЗ 2114 и модификации;Физические лица;Белый;;Технические неисправности отсутствуют
930000540.0;2.0;Осталось на месте ДТП;С передним приводом;D-класс (средний) до 4,6 м;1999.0;NISSAN Sunny;Физические лица;Серый;;Технические неисправности отсутствуют
930000538.0;1.0;Осталось на месте ДТП;С передним приводом;D-класс (средний) до 4,6 м;2000.0;TOYOTA Corona;Физические лица;Белый;;Технические неисправности отсутствуют
930000536.0;1.0;Осталось на месте ДТП;С передним приводом;Минивэны и универсалы повышенной вместимости;2003.0;NISSAN X-Trail;Физические лица;Серый;;Технические неисправности отсутствуют
930000532.0;1.0;Осталось на месте ДТП;С передним приводом;D-класс (средний) до 4,6 м;1995.0;TOYOTA Corsa;Физические лица;Серый;;Технические неисправности отсутствуют
930000528.0;1.0;Осталось на месте ДТП;С передним приводом;С-класс (малый средний, компактный) до 4,3 м;2011.0;TOYOTA Vitz;Физические лица;Красный;;Технические неисправности отсутствуют
930000528.0;2.0;Осталось на месте ДТП;С передним приводом;С-класс (малый средний, компактный) до 4,3 м;2006.0;TOYOTA Paseo;Физические лица;Серый;;Технические неисправности отсутствуют
930000524.0;1.0;Осталось на месте ДТП;С передним приводом;D-класс (средний) до 4,6 м;2000.0;TOYOTA Corolla;Физические лица;Белый;;Технические неисправности отсутствуют
930000525.0;1.0;Осталось на месте ДТП;С передним приводом;Минивэны и универсалы повышенной вместимости;2003.0;TOYOTA Wish;Физические лица;Серый;;Технические неисправности отсутствуют
930000521.0;1.0;Осталось на месте ДТП;С задним приводом;D-класс (средний) до 4,6 м;2001.0;ГАЗ ГАЗ 3110, 3110-101, 3110-111, 3110-311, 3110-331, 3110-341, 3110-411, 3110-441, 3110-600;Физические лица;Белый;;Технические неисправности отсутствуют
930000521.0;2.0;Осталось на месте ДТП;С задним приводом;Минивэны и универсалы повышенной вместимости;2001.0;HONDA Stream;Физические лица;Желтый;;Технические неисправности отсутствуют
930000882.0;1.0;Осталось на месте ДТП;Иное расположение рулевого управления;Мотоциклы;1989.0;ВОСХОД Прочие модели Восход;Физические лица;Красный;;Технические неисправности отсутствуют
930000882.0;2.0;Осталось на месте ДТП;С передним приводом;Минивэны и универсалы повышенной вместимости;2000.0;TOYOTA Caldina;Физические лица;Синий;;Технические неисправности отсутствуют
930000885.0;1.0;Осталось на месте ДТП;Иное расположение рулевого управления;Мотоциклы;2020.0;Прочие марки ТС Прочие марки и модели ТС;Физические лица;Зеленый;;Технические неисправности отсутствуют
930000870.0;1.0;Скрылось и установлено в срок до 1 суток;Полноприводные;S-класс (высший, представительский класс) более 4,9 м;1996.0;TOYOTA Land Cruiser;Физические лица;Зеленый;;Технические неисправности отсутствуют
930000866.0;1.0;Осталось на месте ДТП;С передним приводом;Минивэны и универсалы повышенной вместимости;2004.0;TOYOTA Caldina;Физические лица;Серый;;Технические неисправности отсутствуют
930000866.0;2.0;Осталось на месте ДТП;С задним приводом;Е-класс (высший средний, бизнес-класс) до 4,9 м;2011.0;MERCEDES Прочие модели Mercedes;Физические лица;Черный;;Технические неисправности отсутствуют
930000857.0;1.0;Осталось на месте ДТП;С задним приводом;С-класс (малый средний, компактный) до 4,3 м;1993.0;TOYOTA Mark II;Физические лица;Серый;;Технические неисправности отсутствуют
930000861.0;1.0;Осталось на месте ДТП;Полноприводные;D-класс (средний) до 4,6 м;2013.0;Прочие марки ТС Прочие марки и модели ТС;Физические лица;Белый;;Технические неисправности отсутствуют
930000858.0;1.0;Осталось на месте ДТП;С задним приводом;В-класс (малый) до 3,9 м;2001.0;TOYOTA Vitz;Физические лица;Белый;;Технические неисправности отсутствуют
930000856.0;1.0;Осталось на месте ДТП;С передним приводом;Е-класс (высший средний, бизнес-класс) до 4,9 м;2005.0;TOYOTA RAV 4;Физические лица;Серый;;Технические неисправности отсутствуют
930000856.0;2.0;Осталось на месте ДТП;С задним приводом;Седельные тягачи;2021.0;VOLVO FH;Юридические лица, являющиеся коммерческими организациями;Белый;;Технические неисправности отсутствуют
930000851.0;1.0;Скрылось и установлено в срок от 1 до 3 суток;Полноприводные;D-класс (средний) до 4,6 м;1997.0;УАЗ УАЗ 3151, 31512, 31514, 31519 и модификации;Физические лица;Белый;;Технические неисправности отсутствуют
930000845.0;1.0;Осталось на месте ДТП;С передним приводом;С-класс (малый средний, компактный) до 4,3 м;2001.0;ВАЗ  Жигули  ВАЗ-2108, 09 и модификации                       ;Физические лица;Белый;;Технические неисправности отсутствуют
930000837.0;1.0;Осталось на месте ДТП;С передним приводом;D-класс (средний) до 4,6 м;2003.0;ВАЗ ВАЗ 2110, 21101, 21102, 21103, 21108;Физические лица;Серый;;Технические неисправности отсутствуют
930000837.0;2.0;Осталось на месте ДТП;С задним приводом;Бортовые грузовые автомобили;2007.0;ГАЗ Прочие модели ГАЗ;Физические лица;Белый;;Технические неисправности отсутствуют
930000836.0;1.0;Осталось на месте ДТП;С передним приводом;D-класс (средний) до 4,6 м;1987.0;TOYOTA Carina;Физические лица;Серый;;Технические неисправности отсутствуют
930000836.0;2.0;Осталось на месте ДТП;С передним приводом;Е-класс (высший средний, бизнес-класс) до 4,9 м;1996.0;TOYOTA Camry;Физические лица;Зеленый;;Технические неисправности отсутствуют
930000836.0;3.0;Осталось на месте ДТП;С передним приводом;D-класс (средний) до 4,6 м;2009.0;TOYOTA Premio;Физические лица;Серый;;Технические неисправности отсутствуют
930000824.0;1.0;Осталось на месте ДТП;Полноприводные;Прочие легковые автомобили;1999.0;УАЗ УАЗ 3151, 31512, 31514, 31519 и модификации;Физические лица;Белый;;Технические неисправности отсутствуют
930000820.0;1.0;Осталось на месте ДТП;С задним приводом;D-класс (средний) до 4,6 м;1997.0;Прочие марки ТС Прочие марки и модели ТС;Физические лица;Зеленый;;Технические неисправности отсутствуют
930000820.0;2.0;Осталось на месте ДТП;;Прицепы к легковым автомобилям;2019.0; ;Физические лица;Серый;;Технические неисправности отсутствуют
930000819.0;1.0;Осталось на месте ДТП;С передним приводом;D-класс (средний) до 4,6 м;1999.0;ВАЗ  Жигули  ВАЗ-2108, 09 и модификации                       ;Физические лица;Белый;;Технические неисправности отсутствуют
930000813.0;1.0;Осталось на месте ДТП;С передним приводом;В-класс (малый) до 3,9 м;2003.0;TOYOTA Wish;Физические лица;Серый;;Технические неисправности отсутствуют
930000808.0;1.0;Осталось на месте ДТП;С передним приводом;С-класс (малый средний, компактный) до 4,3 м;2004.0;TOYOTA Avensis;Физические лица;Серый;;Технические неисправности отсутствуют
930000815.0;1.0;Осталось на месте ДТП;С передним приводом;D-класс (средний) до 4,6 м;2004.0;TOYOTA Corolla;Физические лица;Белый;;Технические неисправности отсутствуют
930000817.0;1.0;Осталось на месте ДТП;С передним приводом;В-класс (малый) до 3,9 м;2001.0;TOYOTA Ipsum;Физические лица;Белый;;Технические неисправности отсутствуют
930000817.0;2.0;Осталось на месте ДТП;С передним приводом;В-класс (малый) до 3,9 м;2003.0;HONDA Odyssey;Физические лица;Белый;;Технические неисправности отсутствуют
930000810.0;1.0;Осталось на месте ДТП;С передним приводом;С-класс (малый средний, компактный) до 4,3 м;2020.0;ВАЗ Granta (Гранта);Физические лица;Серый;;Технические неисправности отсутствуют
930000804.0;1.0;Осталось на месте ДТП;С передним приводом;В-класс (малый) до 3,9 м;1992.0;NISSAN Pulsar;Физические лица;Белый;;Технические неисправности отсутствуют
930000804.0;2.0;Осталось на месте ДТП;С передним приводом;Прочие легковые автомобили;2003.0;ВАЗ ВАЗ 2112 и модификации;Физические лица;Серый;;Технические неисправности отсутствуют
930000799.0;1.0;Осталось на месте ДТП;С передним приводом;D-класс (средний) до 4,6 м;2020.0;ВАЗ Granta (Гранта);Физические лица;Серый;;Технические неисправности отсутствуют
930000798.0;1.0;Осталось на месте ДТП;С передним приводом;В-класс (малый) до 3,9 м;2006.0;ВАЗ ВАЗ 2111, 21110 (универсал), 21113, 21114;Физические лица;Серый;;Технические неисправности отсутствуют
930000792.0;1.0;Осталось на месте ДТП;С передним приводом;С-класс (малый средний, компактный) до 4,3 м;2004.0;ВАЗ Прочие модели ВАЗ;Физические лица;Иные цвета;;Технические неисправности отсутствуют
930000790.0;1.0;Осталось на месте ДТП;Полноприводные;D-класс (средний) до 4,6 м;1982.0;ВАЗ  Нива  ВАЗ-2121 и модификации;Физические лица;Иные цвета;;Технические неисправности отсутствуют
930000790.0;2.0;Осталось на месте ДТП;Иное расположение рулевого управления;Мотоциклы;2022.0;MOTOLEVO Прочие модели Motolevo;Физические лица;Синий;;Технические неисправности отсутствуют
930000780.0;1.0;Осталось на месте ДТП;С передним приводом;В-класс (малый) до 3,9 м;2007.0;TOYOTA Auris;Физические лица;Серый;;Технические неисправности отсутствуют
930000780.0;2.0;Осталось на месте ДТП;С передним приводом;В-класс (малый) до 3,9 м;2010.0;Прочие марки ТС Прочие марки и модели ТС;Физические лица;Иные цвета;;Технические неисправности отсутствуют
930000772.0;1.0;Осталось на месте ДТП;С передним приводом;D-класс (средний) до 4,6 м;2007.0;TOYOTA Прочие модели грузовых Toyota;Физические лица;Не заполнено;;Технические неисправности отсутствуют
930000772.0;2.0;Осталось на месте ДТП;С передним приводом;D-класс (средний) до 4,6 м;2007.0;TOYOTA Corolla;Физические лица;Белый;;Технические неисправности отсутствуют
930000987.0;1.0;Осталось на месте ДТП;Полноприводные;D-класс (средний) до 4,6 м;2015.0;УАЗ 2206;Физические лица;Белый;;Технические неисправности отсутствуют
930000773.0;1.0;Осталось на месте ДТП;С задним приводом;D-класс (средний) до 4,6 м;1991.0;TOYOTA Mark II;Физические лица;Белый;;Технические неисправности отсутствуют
930000773.0;2.0;Осталось на месте ДТП;С передним приводом;D-класс (средний) до 4,6 м;1998.0;Прочие марки ТС Прочие марки и модели ТС;Физические лица;Серый;;Технические неисправности отсутствуют
930000773.0;3.0;Осталось на месте ДТП;С передним приводом;D-класс (средний) до 4,6 м;2002.0;TOYOTA Corolla;Физические лица;Белый;;Технические неисправности отсутствуют
930000767.0;1.0;Скрылось с места ДТП;Иное расположение рулевого управления;Мотоциклы;; ;;;;Технические неисправности отсутствуют
930000768.0;1.0;Осталось на месте ДТП;Иное расположение рулевого управления;Мотоциклы;2019.0;Прочие марки ТС Прочие марки и модели ТС;Физические лица;Белый;;Технические неисправности отсутствуют
930000756.0;1.0;Осталось на месте ДТП;Полноприводные;D-класс (средний) до 4,6 м;2008.0;NISSAN Qashgai;Физические лица;Черный;;Технические неисправности отсутствуют
930000751.0;1.0;Осталось на месте ДТП;Полноприводные;В-класс (малый) до 3,9 м;1989.0;УАЗ УАЗ 3151, 31512, 31514, 31519 и модификации;Физические лица;Зеленый;;Технические неисправности отсутствуют
930000745.0;1.0;Осталось на месте ДТП;С передним приводом;Е-класс (высший средний, бизнес-класс) до 4,9 м;2006.0;TOYOTA Allion;Физические лица;Серый;;Технические неисправности отсутствуют
930000745.0;2.0;Осталось на месте ДТП;;Велосипеды;; ;Физические лица;Иные цвета;;Технические неисправности отсутствуют
930000734.0;1.0;Осталось на месте ДТП;Иное расположение рулевого управления;Мотоциклы;2020.0;DAEWOO Racer;Физические лица;Зеленый;;Технические неисправности отсутствуют
930000737.0;1.0;Осталось на месте ДТП;С передним приводом;D-класс (средний) до 4,6 м;2005.0;ВАЗ ВАЗ 2110, 21101, 21102, 21103, 21108;Физические лица;Зеленый;;Технические неисправности отсутствуют
930000737.0;2.0;Осталось на месте ДТП;С передним приводом;D-класс (средний) до 4,6 м;2005.0;TOYOTA Corolla;Физические лица;Синий;;Технические неисправности отсутствуют
930000733.0;1.0;Осталось на месте ДТП;Иное расположение рулевого управления;Мотоциклы;2020.0;HONDA Прочие модели Honda;Физические лица;Черный;;Технические неисправности отсутствуют
930000720.0;1.0;Осталось на месте ДТП;Полноприводные;D-класс (средний) до 4,6 м;2015.0;VOLKSWAGEN Amarok;Физические лица;Белый;;Технические неисправности отсутствуют
930000720.0;2.0;Осталось на месте ДТП;Полноприводные;Минивэны и универсалы повышенной вместимости;2019.0;TOYOTA Land Cruiser;Физические лица;Белый;;Технические неисправности отсутствуют
930000720.0;3.0;Осталось на месте ДТП;Полноприводные;Прочие легковые автомобили;2003.0;TOYOTA Прочие модели Toyota;Физические лица;Серый;;Технические неисправности отсутствуют
930000718.0;1.0;Осталось на месте ДТП;С передним приводом;D-класс (средний) до 4,6 м;2003.0;TOYOTA Premio;Физические лица;Белый;;Технические неисправности отсутствуют
930000717.0;1.0;Осталось на месте ДТП;С передним приводом;D-класс (средний) до 4,6 м;2008.0;FORD Mondeo;Физические лица;Черный;;Технические неисправности отсутствуют
930000717.0;2.0;Осталось на месте ДТП;С передним приводом;D-класс (средний) до 4,6 м;2014.0;RENAULT Logan;Физические лица;Серый;;Технические неисправности отсутствуют
930000712.0;1.0;Осталось на месте ДТП;С задним приводом;Прочие легковые автомобили;1998.0;TOYOTA Town Ace;Физические лица;Серый;;Технические неисправности отсутствуют
930000712.0;2.0;Осталось на месте ДТП;С передним приводом;D-класс (средний) до 4,6 м;2001.0;TOYOTA Corolla;Физические лица;Серый;;Технические неисправности отсутствуют
930000714.0;1.0;Осталось на месте ДТП;С передним приводом;Прочие легковые автомобили;2010.0;TOYOTA Wish;Физические лица;Серый;;Технические неисправности отсутствуют
930000714.0;2.0;Осталось на месте ДТП;Иное расположение рулевого управления;Мотоциклы;2020.0;Прочие марки ТС Прочие марки и модели ТС;Физические лица;Серый;;Технические неисправности отсутствуют
930000716.0;1.0;Осталось на месте ДТП;Иное расположение рулевого управления;Мотоциклы;2018.0;BMW Прочие модели BMW;Юридические лица, являющиеся некоммерческими организациями;Белый;;Технические неисправности отсутствуют
930001738.0;1.0;Осталось на месте ДТП;Полноприводные;Е-класс (высший средний, бизнес-класс) до 4,9 м;2021.0;TOYOTA RAV 4;Физические лица;Многоцветный;;Технические неисправности отсутствуют
930001738.0;2.0;Осталось на месте ДТП;Иное расположение рулевого управления;Мотоциклы;2020.0;Прочие марки мотоциклов Прочие марки мотоциклов;Физические лица;Черный;;Технические неисправности отсутствуют
930000707.0;1.0;Осталось на месте ДТП;С передним приводом;С-класс (малый средний, компактный) до 4,3 м;2000.0;ВАЗ  Жигули  ВАЗ-2108, 09 и модификации                       ;Физические лица;Белый;;Технические неисправности отсутствуют
930000709.0;1.0;Осталось на месте ДТП;С передним приводом;С-класс (малый средний, компактный) до 4,3 м;2008.0;ВАЗ ВАЗ 2111, 21110 (универсал), 21113, 21114;Физические лица;Зеленый;;Технические неисправности отсутствуют
930000709.0;2.0;Осталось на месте ДТП;С передним приводом;С-класс (малый средний, компактный) до 4,3 м;2002.0;HONDA FIT;Физические лица;Красный;;Технические неисправности отсутствуют
930000710.0;1.0;Осталось на месте ДТП;С передним приводом;D-класс (средний) до 4,6 м;2013.0;RENAULT Logan;Физические лица;Белый;;Технические неисправности отсутствуют
930000710.0;2.0;Осталось на месте ДТП;Иное расположение рулевого управления;Велосипеды;2020.0; ;Физические лица;Синий;;Технические неисправности отсутствуют
930000703.0;1.0;Осталось на месте ДТП;С передним приводом;Минивэны и универсалы повышенной вместимости;2002.0;HONDA Stream;Физические лица;Белый;;Технические неисправности отсутствуют
930001078.0;1.0;Осталось на месте ДТП;С передним приводом;С-класс (малый средний, компактный) до 4,3 м;1995.0;TOYOTA Carina;Физические лица;Белый;;Технические неисправности отсутствуют
930001078.0;2.0;Осталось на месте ДТП;С передним приводом;D-класс (средний) до 4,6 м;2010.0;TOYOTA Wish;Физические лица;Белый;;Технические неисправности отсутствуют
930001058.0;1.0;Осталось на месте ДТП;С передним приводом;D-класс (средний) до 4,6 м;2006.0;Прочие марки ТС Прочие марки и модели ТС;Физические лица;Черный;;Технические неисправности отсутствуют
930001058.0;2.0;Осталось на месте ДТП;С передним приводом;С-класс (малый средний, компактный) до 4,3 м;2012.0;ВАЗ Priora;Физические лица;Иные цвета;;Технические неисправности отсутствуют
930001049.0;2.0;Осталось на месте ДТП;Иное расположение рулевого управления;Велосипеды;2021.0;Прочие марки ТС Прочие марки и модели ТС;Физические лица;Не заполнено;;Технические неисправности отсутствуют
930001049.0;1.0;Осталось на месте ДТП;С передним приводом;С-класс (малый средний, компактный) до 4,3 м;2002.0;TOYOTA Прочие модели Toyota;Физические лица;Иные цвета;;Технические неисправности отсутствуют
930001047.0;1.0;Осталось на месте ДТП;С передним приводом;D-класс (средний) до 4,6 м;2000.0;TOYOTA Прочие модели грузовых Toyota;Физические лица;Черный;;Технические неисправности отсутствуют
930001041.0;1.0;Осталось на месте ДТП;С передним приводом;D-класс (средний) до 4,6 м;2002.0;TOYOTA Camry;Физические лица;Белый;;Технические неисправности отсутствуют
930001041.0;2.0;Осталось на месте ДТП;С задним приводом;D-класс (средний) до 4,6 м;1997.0;TOYOTA Noah;Физические лица;Коричневый;;Технические неисправности отсутствуют
930001039.0;1.0;Осталось на месте ДТП;С передним приводом;D-класс (средний) до 4,6 м;2011.0;ВАЗ ВАЗ 2111, 21110 (универсал), 21113, 21114;Физические лица;Зеленый;;Технические неисправности отсутствуют
930001038.0;1.0;Осталось на месте ДТП;С передним приводом;D-класс (средний) до 4,6 м;2000.0;TOYOTA Caldina;Физические лица;Белый;;Технические неисправности отсутствуют
930001038.0;2.0;Осталось на месте ДТП;С передним приводом;D-класс (средний) до 4,6 м;2001.0;TOYOTA Opa;Физические лица;Серый;;Технические неисправности отсутствуют
930001036.0;1.0;Осталось на месте ДТП;С передним приводом;В-класс (малый) до 3,9 м;2014.0;ВАЗ Granta (Гранта);Физические лица;Серый;;Технические неисправности отсутствуют
930001032.0;1.0;Осталось на месте ДТП;С передним приводом;С-класс (малый средний, компактный) до 4,3 м;1996.0;TOYOTA Corona;Физические лица;Серый;;Технические неисправности отсутствуют
930001022.0;1.0;Осталось на месте ДТП;С передним приводом;D-класс (средний) до 4,6 м;1998.0;TOYOTA Corolla;Физические лица;Белый;;Технические неисправности отсутствуют
930001012.0;1.0;Осталось на месте ДТП;С передним приводом;С-класс (малый средний, компактный) до 4,3 м;2013.0;Прочие марки ТС Прочие марки и модели ТС;Физические лица;Не заполнено;;Технические неисправности отсутствуют
930001002.0;1.0;Осталось на месте ДТП;С передним приводом;D-класс (средний) до 4,6 м;2011.0;ВАЗ ВАЗ 2114 и модификации;Физические лица;Черный;;Технические неисправности отсутствуют
930000998.0;1.0;Осталось на месте ДТП;Полноприводные;D-класс (средний) до 4,6 м;2000.0;TOYOTA Corolla;Физические лица;Серый;;Технические неисправности отсутствуют
930000998.0;2.0;Осталось на месте ДТП;С передним приводом;D-класс (средний) до 4,6 м;1997.0;TOYOTA Corolla;Физические лица;Красный;;Технические неисправности отсутствуют
930000992.0;1.0;Осталось на месте ДТП;С передним приводом;В-класс (малый) до 3,9 м;2014.0;ВАЗ Priora;Физические лица;Коричневый;;Технические неисправности отсутствуют
930000988.0;1.0;Скрылось с места ДТП;;В-класс (малый) до 3,9 м;; ;;;;Технические неисправности отсутствуют
930000990.0;1.0;Скрылось и установлено в срок до 1 суток;С передним приводом;С-класс (малый средний, компактный) до 4,3 м;2004.0;TOYOTA Premio;Физические лица;Белый;;Технические неисправности отсутствуют
930000989.0;1.0;Осталось на месте ДТП;С передним приводом;С-класс (малый средний, компактный) до 4,3 м;2014.0;TOYOTA Прочие модели Toyota;Физические лица;Белый;;Технические неисправности отсутствуют
930000985.0;1.0;Осталось на месте ДТП;Полноприводные;D-класс (средний) до 4,6 м;2016.0;TOYOTA Tundra Pick-Up;Физические лица;Черный;;Технические неисправности отсутствуют
930000975.0;1.0;Осталось на месте ДТП;С передним приводом;В-класс (малый) до 3,9 м;2017.0;VOLKSWAGEN Polo;Физические лица;Белый;;Не устанавливались
930000979.0;1.0;Осталось на месте ДТП;С передним приводом;В-класс (малый) до 3,9 м;2002.0;TOYOTA Premio;Физические лица;Белый;;Технические неисправности отсутствуют
930001121.0;1.0;Осталось на месте ДТП;Иное расположение рулевого управления;Мотоциклы;1990.0;Прочие марки ТС Прочие марки и модели ТС;Физические лица;Черный;;Технические неисправности отсутствуют
930000967.0;1.0;Осталось на месте ДТП;Иное расположение рулевого управления;Мотоциклы;2018.0;MOTOLEVO Прочие модели Motolevo;Физические лица;Черный;;Технические неисправности отсутствуют
930000967.0;2.0;Осталось на месте ДТП;С передним приводом;D-класс (средний) до 4,6 м;2019.0;ВАЗ Granta (Гранта);Физические лица;Белый;;Технические неисправности отсутствуют
930000965.0;1.0;Осталось на месте ДТП;С передним приводом;D-класс (средний) до 4,6 м;2004.0;ВАЗ ВАЗ 2110, 21101, 21102, 21103, 21108;Физические лица;Серый;;Технические неисправности отсутствуют
930000965.0;2.0;Осталось на месте ДТП;С передним приводом;Минивэны и универсалы повышенной вместимости;2001.0;TOYOTA Caldina;Физические лица;Черный;;Технические неисправности отсутствуют
930000954.0;1.0;Скрылось и установлено в срок свыше 10 суток;С передним приводом;D-класс (средний) до 4,6 м;2014.0;LIFAN Прочие модели Lifan;Физические лица;Серый;;Технические неисправности отсутствуют
930000941.0;1.0;Осталось на месте ДТП;Иное расположение рулевого управления;Мотоциклы;2022.0;Прочие марки ТС Прочие марки и модели ТС;Физические лица;Синий;;Технические неисправности отсутствуют
930000943.0;1.0;Осталось на месте ДТП;Полноприводные;Е-класс (высший средний, бизнес-класс) до 4,9 м;2014.0;TOYOTA Highlander;Физические лица;Белый;;Технические неисправности отсутствуют
930000947.0;1.0;Скрылось с места ДТП;Иное расположение рулевого управления;Мопеды с двигателем внутреннего сгорания более 50 см. куб.;; ;;;;Технические неисправности отсутствуют
930000937.0;1.0;Осталось на месте ДТП;С передним приводом;Минивэны и универсалы повышенной вместимости;2012.0;HONDA Stepwgn;Физические лица;Белый;;Технические неисправности отсутствуют
930000937.0;2.0;Осталось на месте ДТП;С задним приводом;Седельные тягачи;2008.0;VOLVO FM;Физические лица;Белый;;Технические неисправности отсутствуют
930000935.0;1.0;Осталось на месте ДТП;С задним приводом;Прочие легковые автомобили;2001.0;TOYOTA Noah;Физические лица;Серый;;Технические неисправности отсутствуют
930000923.0;1.0;Осталось на месте ДТП;С передним приводом;В-класс (малый) до 3,9 м;2001.0;TOYOTA Camry;Физические лица;Белый;;Технические неисправности отсутствуют
930000923.0;2.0;Осталось на месте ДТП;С передним приводом;В-класс (малый) до 3,9 м;1999.0;TOYOTA Carina;Физические лица;Белый;;Технические неисправности отсутствуют
930000926.0;1.0;Осталось на месте ДТП;С передним приводом;D-класс (средний) до 4,6 м;2013.0;ВАЗ Granta (Гранта);Физические лица;Серый;;Технические неисправности отсутствуют
930000922.0;1.0;Осталось на месте ДТП;С передним приводом;D-класс (средний) до 4,6 м;2012.0;CHEVROLET Cruze;Физические лица;Черный;;Технические неисправности отсутствуют
930000916.0;1.0;Осталось на месте ДТП;С передним приводом;Е-класс (высший средний, бизнес-класс) до 4,9 м;1995.0;TOYOTA Camry;Физические лица;Белый;;Технические неисправности отсутствуют
930000916.0;2.0;Осталось на месте ДТП;С передним приводом;В-класс (малый) до 3,9 м;1993.0;ВАЗ  Жигули  ВАЗ-2108, 09 и модификации                       ;Физические лица;Синий;;Технические неисправности отсутствуют
930000910.0;1.0;Осталось на месте ДТП;С передним приводом;С-класс (малый средний, компактный) до 4,3 м;1993.0;TOYOTA Corolla;Физические лица;Белый;;Технические неисправности отсутствуют
930000910.0;2.0;Осталось на месте ДТП;С передним приводом;Одноэтажные длиной от 5 до 8 м;2013.0;Прочие марки ТС Прочие марки и модели ТС;Физические лица;Белый;;Технические неисправности отсутствуют
930000908.0;1.0;Скрылось с места ДТП;;D-класс (средний) до 4,6 м;; ;;;;Технические неисправности отсутствуют
930000914.0;1.0;Осталось на месте ДТП;Полноприводные;D-класс (средний) до 4,6 м;1998.0;УАЗ УАЗ 3151, 31512, 31514, 31519 и модификации;Физические лица;Белый;;Технические неисправности отсутствуют
930000907.0;1.0;Осталось на месте ДТП;С передним приводом;D-класс (средний) до 4,6 м;2011.0;ВАЗ Priora;Физические лица;Черный;;Технические неисправности отсутствуют
930000903.0;1.0;Осталось на месте ДТП;С задним приводом;Прочие легковые автомобили;2007.0;TOYOTA Auris;Физические лица;Черный;;Технические неисправности отсутствуют
930000903.0;2.0;Осталось на месте ДТП;С задним приводом;Самосвалы;2022.0;FAW Прочие модели Faw;Юридические лица, являющиеся коммерческими организациями;Белый;;Технические неисправности отсутствуют
930000900.0;1.0;Осталось на месте ДТП;С передним приводом;В-класс (малый) до 3,9 м;2000.0;SUBARU Impreza;Физические лица;Серый;;Технические неисправности отсутствуют
930000904.0;1.0;Осталось на месте ДТП;С задним приводом;С-класс (малый средний, компактный) до 4,3 м;1994.0;MAZDA Прочие модели грузовых Mazda;Физические лица;Синий;;Технические неисправности отсутствуют
930000894.0;1.0;Скрылось с места ДТП;;D-класс (средний) до 4,6 м;; ;;;;Технические неисправности отсутствуют
930000895.0;1.0;Осталось на месте ДТП;С передним приводом;D-класс (средний) до 4,6 м;1987.0;TOYOTA Ipsum;Физические лица;Белый;;Технические неисправности отсутствуют
930000891.0;1.0;Осталось на месте ДТП;Иное расположение рулевого управления;Мопеды с двигателем внутреннего сгорания менее 50 см. куб.;2020.0;Прочие марки ТС Прочие марки и модели ТС;Физические лица;Красный;;Технические неисправности отсутствуют
930000892.0;1.0;Осталось на месте ДТП;С передним приводом;С-класс (малый средний, компактный) до 4,3 м;1993.0;Прочие марки ТС Прочие марки и модели ТС;Физические лица;Красный;;Технические неисправности отсутствуют
930001302.0;1.0;Осталось на месте ДТП;С передним приводом;D-класс (средний) до 4,6 м;2008.0;NISSAN Прочие модели Nissan;Физические лица;Белый;;Технические неисправности отсутствуют
930001302.0;2.0;Осталось на месте ДТП;С передним приводом;С-класс (малый средний, компактный) до 4,3 м;2012.0;ВАЗ Прочие модели ВАЗ;Физические лица;Серый;;Технические неисправности отсутствуют
930001292.0;1.0;Осталось на месте ДТП;С передним приводом;С-класс (малый средний, компактный) до 4,3 м;2021.0;ВАЗ Granta (Гранта);Юридические лица, являющиеся коммерческими организациями;Серый;;Технические неисправности отсутствуют
930001291.0;1.0;Осталось на месте ДТП;С передним приводом;Минивэны и универсалы повышенной вместимости;1999.0;SUBARU Forester;Физические лица;Черный;;Технические неисправности отсутствуют
930001286.0;1.0;Осталось на месте ДТП;С передним приводом;С-класс (малый средний, компактный) до 4,3 м;2012.0;ВАЗ Priora;Физические лица;Белый;;Технические неисправности отсутствуют
930001274.0;2.0;Осталось на месте ДТП;Иное расположение рулевого управления;Мотоциклы;2014.0;Прочие марки ТС Прочие марки и модели ТС;Физические лица;Черный;;Технические неисправности отсутствуют
930001274.0;1.0;Осталось на месте ДТП;С задним приводом;Прочие грузовые автомобили;2022.0;CZ Прочие модели CZ;Юридические лица, являющиеся коммерческими организациями;Серый;;Технические неисправности отсутствуют
930001275.0;1.0;Осталось на месте ДТП;Иное расположение рулевого управления;Мотоциклы;2018.0;DAEWOO Racer;Физические лица;Черный;;Технические неисправности отсутствуют
930001269.0;1.0;Осталось на месте ДТП;С передним приводом;D-класс (средний) до 4,6 м;2012.0;DAEWOO Nexia;Физические лица;Серый;;Технические неисправности отсутствуют
930001270.0;1.0;Осталось на месте ДТП;С передним приводом;С-класс (малый средний, компактный) до 4,3 м;2001.0;ВАЗ  Жигули  ВАЗ-2108, 09 и модификации                       ;Физические лица;Серый;;Технические неисправности отсутствуют
930001270.0;2.0;Осталось на месте ДТП;С передним приводом;Минивэны и универсалы повышенной вместимости;2005.0;TOYOTA Wish;Физические лица;Серый;;Технические неисправности отсутствуют
930001265.0;1.0;Осталось на месте ДТП;С передним приводом;С-класс (малый средний, компактный) до 4,3 м;2005.0;ВАЗ ВАЗ 2110, 21101, 21102, 21103, 21108;Физические лица;Серый;;Технические неисправности отсутствуют
930001265.0;2.0;Осталось на месте ДТП;Иное расположение рулевого управления;Мотоциклы;2022.0;Прочие марки мотоциклов Прочие марки мотоциклов;Физические лица;Синий;;Технические неисправности отсутствуют
930001257.0;1.0;Осталось на месте ДТП;Полноприводные;Оснащённые специализированным оборудованием автотранспортные средства аварийно-спасательных служб и полиции;2019.0;УАЗ УАЗ 3151, 31512, 31514, 31519 и модификации;Юридические лица, являющиеся некоммерческими организациями;Белый;;Технические неисправности отсутствуют
930001257.0;2.0;Осталось на месте ДТП;Иное расположение рулевого управления;Мотоциклы;2019.0;Прочие марки мотоциклов Прочие марки мотоциклов;Физические лица;Черный;;Технические неисправности отсутствуют
930001253.0;1.0;Осталось на месте ДТП;С передним приводом;В-класс (малый) до 3,9 м;2006.0;TOYOTA Прочие модели Toyota;Физические лица;Черный;;Технические неисправности отсутствуют
930001248.0;1.0;Осталось на месте ДТП;С передним приводом;С-класс (малый средний, компактный) до 4,3 м;2013.0;ВАЗ Priora;Физические лица;Синий;;Технические неисправности отсутствуют
930001245.0;1.0;Осталось на месте ДТП;Полноприводные;Прочие легковые автомобили;2022.0;ГАЗ 2217, 22171, 22177  Соболь  и модификации;Юридические лица, являющиеся коммерческими организациями;Белый;;Технические неисправности отсутствуют
930001244.0;1.0;Осталось на месте ДТП;С передним приводом;D-класс (средний) до 4,6 м;2001.0;TOYOTA Corolla;Физические лица;Серый;;Технические неисправности отсутствуют
930001233.0;1.0;Скрылось с места ДТП;;D-класс (средний) до 4,6 м;; ;;;;Технические неисправности отсутствуют
930001238.0;1.0;Осталось на месте ДТП;Иное расположение рулевого управления;Мотоциклы;2022.0;Прочие марки мотоциклов Прочие марки мотоциклов;Физические лица;Белый;;Технические неисправности отсутствуют
930001241.0;1.0;Осталось на месте ДТП;С передним приводом;D-класс (средний) до 4,6 м;1998.0;TOYOTA Carina;Физические лица;Серый;;Технические неисправности отсутствуют
930001241.0;2.0;Осталось на месте ДТП;С передним приводом;D-класс (средний) до 4,6 м;2003.0;TOYOTA Corolla;Физические лица;Белый;;Технические неисправности отсутствуют
930001236.0;1.0;Осталось на месте ДТП;С задним приводом;Бортовые грузовые автомобили;1989.0;ГАЗ Прочие модели ГАЗ;Физические лица;Синий;;Технические неисправности отсутствуют
930001221.0;1.0;Осталось на месте ДТП;С передним приводом;Минивэны и универсалы повышенной вместимости;2000.0;HONDA CR-V;Физические лица;Серый;;Технические неисправности отсутствуют
930001229.0;1.0;Осталось на месте ДТП;С задним приводом;Бортовые грузовые автомобили;2004.0;КАМАЗ 5321;Юридические лица, являющиеся некоммерческими организациями;Белый;;Технические неисправности отсутствуют
930001229.0;2.0;Осталось на месте ДТП;С передним приводом;D-класс (средний) до 4,6 м;2019.0;TOYOTA Прочие модели Toyota;Физические лица;Коричневый;;Технические неисправности отсутствуют
930001230.0;1.0;Осталось на месте ДТП;С передним приводом;С-класс (малый средний, компактный) до 4,3 м;2002.0;ВАЗ ВАЗ 2112 и модификации;Физические лица;Серый;;Технические неисправности отсутствуют
930001205.0;1.0;Осталось на месте ДТП;С передним приводом;D-класс (средний) до 4,6 м;2012.0;HYUNDAI Solaris;Физические лица;Черный;;Технические неисправности отсутствуют
930001205.0;2.0;Осталось на месте ДТП;С передним приводом;Е-класс (высший средний, бизнес-класс) до 4,9 м;2010.0;TOYOTA Camry;Физические лица;Серый;;Технические неисправности отсутствуют
930001202.0;1.0;Осталось на месте ДТП;С задним приводом;С-класс (малый средний, компактный) до 4,3 м;2003.0;MITSUBISHI Lancer;Физические лица;Белый;;Технические неисправности отсутствуют
930001198.0;1.0;Осталось на месте ДТП;Иное расположение рулевого управления;Мотоциклы;2021.0;MOTOLEVO Прочие модели Motolevo;Физические лица;Зеленый;;Технические неисправности отсутствуют
930001191.0;1.0;Скрылось с места ДТП;;В-класс (малый) до 3,9 м;; ;;;;Технические неисправности отсутствуют
930001197.0;1.0;Скрылось с места ДТП;;В-класс (малый) до 3,9 м;; ;;;;Технические неисправности отсутствуют
930001183.0;1.0;Скрылось с места ДТП;;С-класс (малый средний, компактный) до 4,3 м;; ;;;;Технические неисправности отсутствуют
930001177.0;1.0;Осталось на месте ДТП;С передним приводом;С-класс (малый средний, компактный) до 4,3 м;2003.0;ВАЗ ВАЗ 2110, 21101, 21102, 21103, 21108;Физические лица;Зеленый;;Технические неисправности отсутствуют
930001177.0;2.0;Осталось на месте ДТП;С передним приводом;D-класс (средний) до 4,6 м;1992.0;TOYOTA Corona;Физические лица;Белый;;Технические неисправности отсутствуют
930001176.0;1.0;Осталось на месте ДТП;Полноприводные;Минивэны и универсалы повышенной вместимости;1997.0;УАЗ УАЗ 3151, 31512, 31514, 31519 и модификации;Физические лица;Белый;;Технические неисправности отсутствуют
930001176.0;2.0;Осталось на месте ДТП;С передним приводом;Е-класс (высший средний, бизнес-класс) до 4,9 м;2006.0;TOYOTA Camry;Физические лица;Синий;;Технические неисправности отсутствуют
930001172.0;1.0;Осталось на месте ДТП;С передним приводом;С-класс (малый средний, компактный) до 4,3 м;2005.0;ВАЗ ВАЗ 2110, 21101, 21102, 21103, 21108;Физические лица;Зеленый;;Технические неисправности отсутствуют
930001158.0;1.0;Скрылось и установлено в срок от 3 до 10 суток;С передним приводом;С-класс (малый средний, компактный) до 4,3 м;2006.0;ВАЗ ВАЗ 2110, 21101, 21102, 21103, 21108;Физические лица;Черный;;Технические неисправности отсутствуют
930001158.0;2.0;Осталось на месте ДТП;Иное расположение рулевого управления;Велосипеды;2020.0;Прочие марки ТС Прочие марки и модели ТС;Физические лица;Синий;;Технические неисправности отсутствуют
930001159.0;1.0;Осталось на месте ДТП;С задним приводом;С-класс (малый средний, компактный) до 4,3 м;2006.0;Прочие марки ТС Прочие марки и модели ТС;Физические лица;Белый;;Технические неисправности отсутствуют
930001159.0;2.0;Осталось на месте ДТП;С задним приводом;Прочая спецтехника;2013.0;КАМАЗ Прочие модели КАМАЗ;Юридические лица, являющиеся некоммерческими организациями;Оранжевый;;Технические неисправности отсутствуют
930001163.0;1.0;Осталось на месте ДТП;С передним приводом;Минивэны и универсалы повышенной вместимости;1998.0;TOYOTA Ipsum;Физические лица;Коричневый;;Технические неисправности отсутствуют
930001156.0;1.0;Осталось на месте ДТП;С передним приводом;D-класс (средний) до 4,6 м;2007.0;TOYOTA Прочие модели Toyota;Физические лица;Серый;;Технические неисправности отсутствуют
930001155.0;1.0;Осталось на месте ДТП;Иное расположение рулевого управления;Прочие грузовые автомобили;1997.0;Прочие марки ТС Прочие марки и модели ТС;Физические лица;Коричневый;;Технические неисправности отсутствуют
930001152.0;1.0;Осталось на месте ДТП;С задним приводом;Минивэны и универсалы повышенной вместимости;2011.0;TOYOTA Highlander;Физические лица;Красный;;Технические неисправности отсутствуют
930001152.0;2.0;Осталось на месте ДТП;С задним приводом;Минивэны и универсалы повышенной вместимости;2001.0;TOYOTA Funcargo;Физические лица;Зеленый;;Технические неисправности отсутствуют
930001141.0;1.0;Осталось на месте ДТП;С передним приводом;С-класс (малый средний, компактный) до 4,3 м;1981.0;ВАЗ  Нива  ВАЗ-2121 и модификации;Физические лица;Коричневый;;Технические неисправности отсутствуют
930001141.0;2.0;Осталось на месте ДТП;Иное расположение рулевого управления;Мопеды с двигателем внутреннего сгорания менее 50 см. куб.;2022.0;Прочие марки ТС Прочие марки и модели ТС;Физические лица;Зеленый;;Технические неисправности отсутствуют
930001141.0;3.0;Осталось на месте ДТП;С задним приводом;Прочие одноярусные;2022.0;ПАЗ Vector NEXT;Юридические лица, являющиеся коммерческими организациями;Белый;;Технические неисправности отсутствуют
930001122.0;1.0;Осталось на месте ДТП;С передним приводом;В-класс (малый) до 3,9 м;2011.0;ВАЗ ВАЗ 2114 и модификации;Физические лица;Серый;;Технические неисправности отсутствуют
930001124.0;1.0;Осталось на месте ДТП;С передним приводом;D-класс (средний) до 4,6 м;2006.0;FORD Focus;Физические лица;Синий;;Технические неисправности отсутствуют
930001120.0;1.0;Осталось на месте ДТП;С передним приводом;С-класс (малый средний, компактный) до 4,3 м;2006.0;ВАЗ ВАЗ 2112 и модификации;Физические лица;Серый;;Технические неисправности отсутствуют
930001118.0;1.0;Осталось на месте ДТП;Иное расположение рулевого управления;Мотоциклы;1985.0;Прочие марки ТС Прочие марки и модели ТС;Физические лица;Красный;;Технические неисправности отсутствуют
930001118.0;2.0;Осталось на месте ДТП;Полноприводные;Оснащённые специализированным оборудованием автотранспортные средства аварийно-спасательных служб и полиции;2020.0;УАЗ УАЗ 3163;Юридические лица, являющиеся некоммерческими организациями;Белый;;Технические неисправности отсутствуют
930001110.0;1.0;Осталось на месте ДТП;Полноприводные;D-класс (средний) до 4,6 м;2008.0;SUBARU Legacy;Физические лица;Черный;;Технические неисправности отсутствуют
930001224.0;1.0;Осталось на месте ДТП;Иное расположение рулевого управления;Мотоциклы;2020.0;Прочие марки ТС Прочие марки и модели ТС;Физические лица;Черный;;Технические неисправности отсутствуют
930001093.0;1.0;Осталось на месте ДТП;Полноприводные;Минивэны и универсалы повышенной вместимости;2000.0;УАЗ УАЗ 3151, 31512, 31514, 31519 и модификации;Физические лица;Белый;;Технические неисправности отсутствуют
930001090.0;1.0;Осталось на месте ДТП;С передним приводом;D-класс (средний) до 4,6 м;2000.0;TOYOTA Camry;Физические лица;Белый;;Технические неисправности отсутствуют
930001099.0;1.0;Осталось на месте ДТП;С передним приводом;С-класс (малый средний, компактный) до 4,3 м;2003.0;HONDA FIT;Физические лица;Серый;;Технические неисправности отсутствуют
930001102.0;1.0;Осталось на месте ДТП;С передним приводом;D-класс (средний) до 4,6 м;2007.0;TOYOTA Camry;Физические лица;Серый;;Технические неисправности отсутствуют
930001082.0;1.0;Осталось на месте ДТП;С передним приводом;С-класс (малый средний, компактный) до 4,3 м;1999.0;ВАЗ ВАЗ 2110, 21101, 21102, 21103, 21108;Физические лица;Коричневый;;Технические неисправности отсутствуют
930001085.0;1.0;Осталось на месте ДТП;С передним приводом;D-класс (средний) до 4,6 м;2007.0;HONDA Civic;Физические лица;Красный;;Технические неисправности отсутствуют
930001085.0;2.0;Осталось на месте ДТП;С передним приводом;С-класс (малый средний, компактный) до 4,3 м;2012.0;ВАЗ Priora;Физические лица;Черный;;Технические неисправности отсутствуют
930001089.0;1.0;Осталось на месте ДТП;С задним приводом;D-класс (средний) до 4,6 м;2007.0;HONDA Accord;Физические лица;Черный;;Технические неисправности отсутствуют
930001089.0;2.0;Осталось на месте ДТП;С передним приводом;С-класс (малый средний, компактный) до 4,3 м;2008.0;ВАЗ Прочие модели ВАЗ;Физические лица;Серый;;Технические неисправности отсутствуют
930001083.0;1.0;Осталось на месте ДТП;С передним приводом;Е-класс (высший средний, бизнес-класс) до 4,9 м;2006.0;TOYOTA Camry;Физические лица;Серый;;Технические неисправности отсутствуют
930001079.0;1.0;Осталось на месте ДТП;С передним приводом;D-класс (средний) до 4,6 м;1999.0;TOYOTA Caldina;Физические лица;Черный;;Технические неисправности отсутствуют
930001590.0;1.0;Осталось на месте ДТП;Иное расположение рулевого управления;Мотоциклы;2017.0;Прочие марки ТС Прочие марки и модели ТС;Физические лица;Серый;;Технические неисправности отсутствуют
930001571.0;1.0;Осталось на месте ДТП;С задним приводом;В-класс (малый) до 3,9 м;2001.0;TOYOTA Noah;Физические лица;Серый;;Технические неисправности отсутствуют
930001560.0;1.0;Осталось на месте ДТП;С передним приводом;С-класс (малый средний, компактный) до 4,3 м;1998.0;TOYOTA Avensis;Физические лица;Зеленый;;Технические неисправности отсутствуют
930001561.0;1.0;Осталось на месте ДТП;С передним приводом;D-класс (средний) до 4,6 м;2013.0;HYUNDAI Santa FE;Юридические лица, являющиеся коммерческими организациями;Серый;;Технические неисправности отсутствуют
930001552.0;1.0;Осталось на месте ДТП;С передним приводом;В-класс (малый) до 3,9 м;2006.0;MAZDA Mazda 3;Физические лица;Красный;;Технические неисправности отсутствуют
930001552.0;2.0;Осталось на месте ДТП;Иное расположение рулевого управления;Мотоциклы;2019.0;Прочие марки ТС Прочие марки и модели ТС;Физические лица;Красный;;Технические неисправности отсутствуют
930001550.0;1.0;Осталось на месте ДТП;Полноприводные;Минивэны и универсалы повышенной вместимости;1998.0;TOYOTA RAV 4;Физические лица;Серый;;Технические неисправности отсутствуют
930001546.0;1.0;Осталось на месте ДТП;С задним приводом;Минивэны и универсалы повышенной вместимости;2010.0;TOYOTA Wish;Физические лица;Белый;;Технические неисправности отсутствуют
930001547.0;1.0;Осталось на месте ДТП;С передним приводом;С-класс (малый средний, компактный) до 4,3 м;2008.0;ВАЗ Priora;Физические лица;Серый;;Технические неисправности отсутствуют
930001547.0;2.0;Осталось на месте ДТП;Полноприводные;Минивэны и универсалы повышенной вместимости;2015.0;TOYOTA Land Cruiser;Физические лица;Черный;;Технические неисправности отсутствуют
930001539.0;1.0;Осталось на месте ДТП;С передним приводом;D-класс (средний) до 4,6 м;2000.0;HONDA Accord;Физические лица;Белый;;Технические неисправности отсутствуют
930001541.0;1.0;Осталось на месте ДТП;С передним приводом;С-класс (малый средний, компактный) до 4,3 м;2010.0;Прочие марки ТС Прочие марки и модели ТС;Физические лица;Черный;;Технические неисправности отсутствуют
930001537.0;1.0;Скрылось и установлено в срок до 1 суток;С задним приводом;D-класс (средний) до 4,6 м;2013.0;TOYOTA Corolla;Физические лица;Белый;;Технические неисправности отсутствуют
930001537.0;2.0;Скрылось и установлено в срок до 1 суток;Иное расположение рулевого управления;Мотоциклы;2023.0;MOTOTRANS Прочие модели Mototrans;Физические лица;Черный;;Технические неисправности отсутствуют
930001527.0;1.0;Осталось на месте ДТП;Полноприводные;Минивэны и универсалы повышенной вместимости;1992.0;УАЗ УАЗ 469;Физические лица;Желтый;;Технические неисправности отсутствуют
930001529.0;1.0;Осталось на месте ДТП;С передним приводом;D-класс (средний) до 4,6 м;2002.0;HONDA Accord;Физические лица;Белый;;Технические неисправности отсутствуют
930001522.0;1.0;Осталось на месте ДТП;Иное расположение рулевого управления;Мотоциклы;2022.0;Прочие марки ТС Прочие марки и модели ТС;Физические лица;Белый;;Технические неисправности отсутствуют
930001508.0;1.0;Осталось на месте ДТП;С передним приводом;Минивэны и универсалы повышенной вместимости;2010.0;TOYOTA Isis;Физические лица;Черный;;Технические неисправности отсутствуют
930001509.0;1.0;Осталось на месте ДТП;Полноприводные;Автомобили скорой медицинской помощи;2004.0;УАЗ УАЗ 3151, 31512, 31514, 31519 и модификации;Юридические лица, являющиеся некоммерческими организациями;Коричневый;;Технические неисправности отсутствуют
930001509.0;2.0;Осталось на месте ДТП;С задним приводом;Минивэны и универсалы повышенной вместимости;2004.0;TOYOTA Ipsum;Физические лица;Белый;;Технические неисправности отсутствуют
930001497.0;1.0;Осталось на месте ДТП;С передним приводом;С-класс (малый средний, компактный) до 4,3 м;2006.0;Прочие марки ТС Прочие марки и модели ТС;Физические лица;Серый;;Технические неисправности отсутствуют
930001496.0;1.0;Осталось на месте ДТП;С передним приводом;С-класс (малый средний, компактный) до 4,3 м;2010.0;ВАЗ ВАЗ 2115 и модификации;Физические лица;Серый;;Технические неисправности отсутствуют
930001487.0;1.0;Осталось на месте ДТП;С задним приводом;Прочая спецтехника;1988.0;MITSUBISHI Прочие модели Mitsubishi;Физические лица;Зеленый;;Технические неисправности отсутствуют
930001473.0;1.0;Осталось на месте ДТП;С передним приводом;D-класс (средний) до 4,6 м;2007.0;HONDA Accord;Физические лица;Серый;;Технические неисправности отсутствуют
930001485.0;1.0;Скрылось с места ДТП;Иное расположение рулевого управления;Мотоциклы;; ;;;;Технические неисправности отсутствуют
930001463.0;1.0;Осталось на месте ДТП;С передним приводом;Минивэны и универсалы повышенной вместимости;2004.0;TOYOTA Wish;Физические лица;Серый;;Технические неисправности отсутствуют
930001440.0;1.0;Осталось на месте ДТП;С передним приводом;С-класс (малый средний, компактный) до 4,3 м;2002.0;TOYOTA Corolla;Физические лица;Белый;;Технические неисправности отсутствуют
930001441.0;1.0;Осталось на месте ДТП;С передним приводом;С-класс (малый средний, компактный) до 4,3 м;2012.0;VOLKSWAGEN Passat;Физические лица;Белый;;Технические неисправности отсутствуют
930001441.0;2.0;Осталось на месте ДТП;С задним приводом;С-класс (малый средний, компактный) до 4,3 м;1992.0;ВАЗ  Жигули  ВАЗ-2108, 09 и модификации                       ;Физические лица;Красный;;Технические неисправности отсутствуют
930001442.0;1.0;Осталось на месте ДТП;С задним приводом;D-класс (средний) до 4,6 м;2010.0;TOYOTA Wish;Физические лица;Белый;;Технические неисправности отсутствуют
930001445.0;1.0;Осталось на месте ДТП;Иное расположение рулевого управления;Мотоциклы;2022.0;Прочие марки ТС Прочие марки и модели ТС;Физические лица;Зеленый;;Технические неисправности отсутствуют
930001451.0;1.0;Осталось на месте ДТП;Полноприводные;D-класс (средний) до 4,6 м;2021.0;NISSAN Terrano;Физические лица;Белый;;Технические неисправности отсутствуют
930001434.0;2.0;Осталось на месте ДТП;Иное расположение рулевого управления;Мотоциклы;2020.0;Прочие марки ТС Прочие марки и модели ТС;Физические лица;Черный;;Технические неисправности отсутствуют
930001434.0;1.0;Осталось на месте ДТП;С передним приводом;D-класс (средний) до 4,6 м;2017.0;HYUNDAI i40;Физические лица;Белый;;Технические неисправности отсутствуют
930001430.0;1.0;Осталось на месте ДТП;Полноприводные;Седельные тягачи;2023.0;КАМАЗ 6522;Юридические лица, являющиеся коммерческими организациями;Оранжевый;;Технические неисправности отсутствуют
930001426.0;1.0;Осталось на месте ДТП;Иное расположение рулевого управления;Мотоциклы;2020.0;Прочие марки ТС Прочие марки и модели ТС;Физические лица;Белый;;Технические неисправности отсутствуют
930001431.0;1.0;Осталось на месте ДТП;С передним приводом;D-класс (средний) до 4,6 м;2002.0;TOYOTA Corolla;Физические лица;Серый;;Технические неисправности отсутствуют
930001418.0;1.0;Скрылось и установлено в срок до 1 суток;С передним приводом;С-класс (малый средний, компактный) до 4,3 м;2018.0;Datsun on-DO;Физические лица;Серый;;Технические неисправности отсутствуют
930001415.0;1.0;Осталось на месте ДТП;С передним приводом;В-класс (малый) до 3,9 м;2004.0;TOYOTA Premio;Физические лица;Серый;;Технические неисправности отсутствуют
930001406.0;1.0;Осталось на месте ДТП;Полноприводные;Прочие легковые автомобили;2003.0;TOYOTA Estima;Физические лица;Белый;;Технические неисправности отсутствуют
930001406.0;2.0;Осталось на месте ДТП;С передним приводом;С-класс (малый средний, компактный) до 4,3 м;1998.0;NISSAN Sunny;Физические лица;Белый;;Технические неисправности отсутствуют
930001400.0;1.0;Осталось на месте ДТП;С задним приводом;В-класс (малый) до 3,9 м;2007.0;ВАЗ ВАЗ 2110, 21101, 21102, 21103, 21108;Физические лица;Серый;;Технические неисправности отсутствуют
930001405.0;1.0;Осталось на месте ДТП;С передним приводом;В-класс (малый) до 3,9 м;2001.0;TOYOTA Corolla;Физические лица;Белый;;Технические неисправности отсутствуют
930001398.0;1.0;Осталось на месте ДТП;С передним приводом;В-класс (малый) до 3,9 м;1998.0;TOYOTA Caldina;Физические лица;Серый;;Технические неисправности отсутствуют
930001395.0;1.0;Осталось на месте ДТП;С передним приводом;D-класс (средний) до 4,6 м;2014.0;RENAULT Logan;Физические лица;Серый;;Технические неисправности отсутствуют
930001389.0;1.0;Осталось на месте ДТП;С передним приводом;В-класс (малый) до 3,9 м;2012.0;ВАЗ Priora;Физические лица;Иные цвета;;Технические неисправности отсутствуют
930001390.0;1.0;Осталось на месте ДТП;С передним приводом;D-класс (средний) до 4,6 м;2015.0;ВАЗ Priora;Физические лица;Черный;;Технические неисправности отсутствуют
930001388.0;1.0;Осталось на месте ДТП;С передним приводом;В-класс (малый) до 3,9 м;1998.0;HONDA Accord;Физические лица;Серый;;Технические неисправности отсутствуют
930001394.0;1.0;Осталось на месте ДТП;Полноприводные;D-класс (средний) до 4,6 м;2000.0;TOYOTA Estima;Физические лица;Черный;;Технические неисправности отсутствуют
930001443.0;1.0;Осталось на месте ДТП;Полноприводные;С-класс (малый средний, компактный) до 4,3 м;1997.0;Прочие марки ТС Прочие марки и модели ТС;Физические лица;Зеленый;;Технические неисправности отсутствуют
930001386.0;1.0;Осталось на месте ДТП;С передним приводом;С-класс (малый средний, компактный) до 4,3 м;2012.0;ВАЗ ВАЗ 2114 и модификации;Физические лица;Иные цвета;;Технические неисправности отсутствуют
930001386.0;2.0;Осталось на месте ДТП;Полноприводные;С-класс (малый средний, компактный) до 4,3 м;2001.0;TOYOTA Harrier;Физические лица;Белый;;Технические неисправности отсутствуют
930001380.0;1.0;Осталось на месте ДТП;С задним приводом;С-класс (малый средний, компактный) до 4,3 м;2008.0;ВАЗ  Жигули  ВАЗ-2107 модификации;Физические лица;Белый;;Технические неисправности отсутствуют
930001378.0;1.0;Осталось на месте ДТП;С передним приводом;D-класс (средний) до 4,6 м;2005.0;TOYOTA Corolla;Физические лица;Серый;;Технические неисправности отсутствуют
930001374.0;1.0;Осталось на месте ДТП;Иное расположение рулевого управления;Мотоциклы;2003.0;Прочие марки мотоциклов Прочие марки мотоциклов;Физические лица;Черный;;Технические неисправности отсутствуют
930001369.0;1.0;Осталось на месте ДТП;С передним приводом;D-класс (средний) до 4,6 м;2002.0;TOYOTA Allion;Физические лица;Серый;;Технические неисправности отсутствуют
930001368.0;1.0;Осталось на месте ДТП;С передним приводом;D-класс (средний) до 4,6 м;1998.0;TOYOTA Avensis;Физические лица;Серый;;Технические неисправности отсутствуют
930001366.0;1.0;Осталось на месте ДТП;С передним приводом;Минивэны и универсалы повышенной вместимости;2012.0;RENAULT Duster;Физические лица;Серый;;Технические неисправности отсутствуют
930001354.0;1.0;Осталось на месте ДТП;Полноприводные;Прочие легковые автомобили;2018.0;УАЗ УАЗ 3151, 31512, 31514, 31519 и модификации;Физические лица;Серый;;Технические неисправности отсутствуют
930001357.0;1.0;Осталось на месте ДТП;С передним приводом;D-класс (средний) до 4,6 м;2001.0;VOLKSWAGEN Passat;Физические лица;Зеленый;;Технические неисправности отсутствуют
930001345.0;1.0;Скрылось и установлено в срок до 1 суток;Полноприводные;Прочие легковые автомобили;2007.0;NISSAN Navara;Физические лица;Черный;;Технические неисправности отсутствуют
930001345.0;2.0;Осталось на месте ДТП;С передним приводом;С-класс (малый средний, компактный) до 4,3 м;2012.0;HONDA FIT;Физические лица;Белый;;Технические неисправности отсутствуют
930001334.0;1.0;Осталось на месте ДТП;С передним приводом;D-класс (средний) до 4,6 м;2016.0;NISSAN Almera;Физические лица;Белый;;Технические неисправности отсутствуют
930001329.0;1.0;Осталось на месте ДТП;Полноприводные;Прочие легковые автомобили;2013.0;УАЗ Прочие модели УАЗ;Физические лица;Белый;;Технические неисправности отсутствуют
930001329.0;2.0;Осталось на месте ДТП;Иное расположение рулевого управления;Прочие легковые автомобили;2014.0;УАЗ Прочие модели УАЗ;Физические лица;Зеленый;;Технические неисправности отсутствуют
930001327.0;1.0;Осталось на месте ДТП;С передним приводом;Прочие легковые автомобили;2017.0;УАЗ 3741;Физические лица;Серый;;Технические неисправности отсутствуют
930001359.0;1.0;Осталось на месте ДТП;Иное расположение рулевого управления;Мотоциклы;2021.0;Прочие марки мотоциклов Прочие марки мотоциклов;Физические лица;Синий;;Не устанавливались
930001325.0;1.0;Скрылось с места ДТП;Иное расположение рулевого управления;Мотоциклы;; ;;;;Технические неисправности отсутствуют
930001314.0;1.0;Осталось на месте ДТП;С передним приводом;Минивэны и универсалы повышенной вместимости;2009.0;TOYOTA Wish;Физические лица;Белый;;Технические неисправности отсутствуют
930001313.0;1.0;Осталось на месте ДТП;Полноприводные;С-класс (малый средний, компактный) до 4,3 м;2019.0;ВАЗ  Нива  ВАЗ-2121 и модификации;Физические лица;Белый;;Технические неисправности отсутствуют
930001313.0;2.0;Осталось на месте ДТП;С передним приводом;Минивэны и универсалы повышенной вместимости;2012.0;HONDA Stepwgn;Физические лица;Черный;;Технические неисправности отсутствуют
930001312.0;1.0;Осталось на месте ДТП;С передним приводом;D-класс (средний) до 4,6 м;1999.0;TOYOTA Corolla;Физические лица;Серый;;Технические неисправности отсутствуют
930001308.0;1.0;Осталось на месте ДТП;Полноприводные;С-класс (малый средний, компактный) до 4,3 м;2018.0;ВАЗ  Нива  ВАЗ-2121 и модификации;Физические лица;Серый;;Технические неисправности отсутствуют
930001307.0;1.0;Осталось на месте ДТП;С задним приводом;D-класс (средний) до 4,6 м;2003.0;TOYOTA Avensis;Физические лица;Желтый;;Технические неисправности отсутствуют
930001310.0;1.0;Осталось на месте ДТП;С передним приводом;С-класс (малый средний, компактный) до 4,3 м;2013.0;ВАЗ ВАЗ 2114 и модификации;Физические лица;Коричневый;;Технические неисправности отсутствуют
930001310.0;2.0;Осталось на месте ДТП;С передним приводом;Минивэны и универсалы повышенной вместимости;2009.0;TOYOTA Wish;Физические лица;Белый;;Технические неисправности отсутствуют
930001819.0;1.0;Осталось на месте ДТП;Полноприводные;Минивэны и универсалы повышенной вместимости;2000.0;УАЗ УАЗ 3151, 31512, 31514, 31519 и модификации;Физические лица;Белый;;Технические неисправности отсутствуют
930001800.0;1.0;Осталось на месте ДТП;С задним приводом;Бортовые грузовые автомобили;1994.0;HOLDEN Прочие модели HOLDEN;Физические лица;Многоцветный;;Технические неисправности отсутствуют
930001800.0;2.0;Осталось на месте ДТП;С передним приводом;С-класс (малый средний, компактный) до 4,3 м;2010.0;TOYOTA Corolla;Физические лица;Черный;;Технические неисправности отсутствуют
930001800.0;3.0;Осталось на месте ДТП;Полноприводные;Е-класс (высший средний, бизнес-класс) до 4,9 м;2011.0;TOYOTA Highlander;Физические лица;Серый;;Технические неисправности отсутствуют
930001795.0;1.0;Осталось на месте ДТП;С задним приводом;Самосвалы;1985.0;ГАЗ Прочие модели ГАЗ;Физические лица;Синий;;Технические неисправности отсутствуют
930001795.0;2.0;Осталось на месте ДТП;С передним приводом;D-класс (средний) до 4,6 м;2003.0;TOYOTA Premio;Физические лица;Белый;;Технические неисправности отсутствуют
930001784.0;1.0;Осталось на месте ДТП;Полноприводные;D-класс (средний) до 4,6 м;2014.0;NISSAN Qashgai;Физические лица;Серый;;Технические неисправности отсутствуют
930001788.0;1.0;Осталось на месте ДТП;С передним приводом;D-класс (средний) до 4,6 м;2000.0;TOYOTA Corolla;Физические лица;Белый;;Технические неисправности отсутствуют
930001788.0;2.0;Осталось на месте ДТП;С передним приводом;D-класс (средний) до 4,6 м;2004.0;MITSUBISHI Colt;Физические лица;Серый;;Технические неисправности отсутствуют
930001783.0;1.0;Осталось на месте ДТП;С задним приводом;Минивэны и универсалы повышенной вместимости;2005.0;TOYOTA Corolla;Физические лица;Белый;;Технические неисправности отсутствуют
930001783.0;2.0;Осталось на месте ДТП;С передним приводом;D-класс (средний) до 4,6 м;2008.0;RENAULT Megane;Физические лица;Серый;;Технические неисправности отсутствуют
930001777.0;1.0;Осталось на месте ДТП;С передним приводом;D-класс (средний) до 4,6 м;2002.0;Прочие марки ТС Прочие марки и модели ТС;Физические лица;Серый;;Технические неисправности отсутствуют
930001766.0;1.0;Осталось на месте ДТП;Полноприводные;D-класс (средний) до 4,6 м;2008.0;CHEVROLET Прочие модели Chevrolet;Физические лица;Серый;;Технические неисправности отсутствуют
930001766.0;2.0;Осталось на месте ДТП;С передним приводом;Минивэны и универсалы повышенной вместимости;1999.0;NISSAN Serena;Физические лица;Белый;;Технические неисправности отсутствуют
930001752.0;1.0;Осталось на месте ДТП;С передним приводом;С-класс (малый средний, компактный) до 4,3 м;2004.0;HONDA Accord;Физические лица;Серый;;Технические неисправности отсутствуют
930001752.0;2.0;Осталось на месте ДТП;С передним приводом;С-класс (малый средний, компактный) до 4,3 м;2011.0;HONDA Прочие модели Honda;Физические лица;Синий;;Технические неисправности отсутствуют
930001749.0;1.0;Осталось на месте ДТП;С передним приводом;С-класс (малый средний, компактный) до 4,3 м;1998.0;HONDA Orthia;Физические лица;Белый;;Технические неисправности отсутствуют
930001749.0;2.0;Осталось на месте ДТП;Иное расположение рулевого управления;Мотоциклы;2018.0;DAEWOO Racer;Физические лица;Черный;;Технические неисправности отсутствуют
930001771.0;1.0;Осталось на месте ДТП;Иное расположение рулевого управления;Мотоциклы;2019.0;Прочие марки ТС Прочие марки и модели ТС;Физические лица;Синий;;Технические неисправности отсутствуют
930001743.0;1.0;Осталось на месте ДТП;С передним приводом;Прочие легковые автомобили;2005.0;TOYOTA Corolla;Физические лица;Черный;;Технические неисправности отсутствуют
930001743.0;2.0;Осталось на месте ДТП;Иное расположение рулевого управления;Мопеды с двигателем внутреннего сгорания менее 50 см. куб.;2019.0;Прочие марки ТС Прочие марки и модели ТС;Физические лица;Черный;;Технические неисправности отсутствуют
930001739.0;1.0;Скрылось с места ДТП;;D-класс (средний) до 4,6 м;; ;;;;Технические неисправности отсутствуют
930001723.0;1.0;Осталось на месте ДТП;Полноприводные;D-класс (средний) до 4,6 м;1997.0;ВАЗ  Нива  ВАЗ-2121 и модификации;Физические лица;Белый;;Технические неисправности отсутствуют
930001732.0;1.0;Осталось на месте ДТП;Иное расположение рулевого управления;Мотороллеры;2015.0;Прочие марки ТС Прочие марки и модели ТС;Физические лица;Синий;;Технические неисправности отсутствуют
930001716.0;1.0;Осталось на месте ДТП;С передним приводом;D-класс (средний) до 4,6 м;2009.0;TOYOTA Corolla;Физические лица;Серый;;Технические неисправности отсутствуют
930001720.0;1.0;Скрылось с места ДТП;;В-класс (малый) до 3,9 м;; ;;;;Технические неисправности отсутствуют
930001719.0;1.0;Осталось на месте ДТП;С передним приводом;D-класс (средний) до 4,6 м;2005.0;ВАЗ ВАЗ 2110, 21101, 21102, 21103, 21108;Физические лица;Красный;;Технические неисправности отсутствуют
930001719.0;2.0;Осталось на месте ДТП;С передним приводом;Прочие легковые автомобили;2007.0;HYUNDAI Tucson;Физические лица;Черный;;Технические неисправности отсутствуют
930001700.0;1.0;Осталось на месте ДТП;С передним приводом;С-класс (малый средний, компактный) до 4,3 м;1998.0;HONDA Torneo;Физические лица;Серый;;Технические неисправности отсутствуют
930001700.0;2.0;Осталось на месте ДТП;С передним приводом;Минивэны и универсалы повышенной вместимости;1997.0;TOYOTA Ipsum;Физические лица;Серый;;Технические неисправности отсутствуют
930001707.0;2.0;Осталось на месте ДТП;С передним приводом;В-класс (малый) до 3,9 м;1999.0;TOYOTA Carina;Физические лица;Белый;;Технические неисправности отсутствуют
930001707.0;1.0;Осталось на месте ДТП;С передним приводом;В-класс (малый) до 3,9 м;2007.0;ВАЗ ВАЗ 2110, 21101, 21102, 21103, 21108;Физические лица;Серый;;Технические неисправности отсутствуют
930001704.0;1.0;Осталось на месте ДТП;С передним приводом;С-класс (малый средний, компактный) до 4,3 м;2012.0;ВАЗ Priora;Физические лица;Черный;;Технические неисправности отсутствуют
930001705.0;1.0;Скрылось с места ДТП;;Минивэны и универсалы повышенной вместимости;; ;;;;Технические неисправности отсутствуют
930001692.0;1.0;Скрылось с места ДТП;;D-класс (средний) до 4,6 м;; ;;;;Технические неисправности отсутствуют
930001688.0;1.0;Осталось на месте ДТП;С передним приводом;В-класс (малый) до 3,9 м;2001.0;NISSAN Cube;Физические лица;Серый;;Технические неисправности отсутствуют
930001679.0;1.0;Осталось на месте ДТП;С передним приводом;Бортовые грузовые автомобили;1990.0;Прочие марки ТС Прочие марки и модели ТС;Физические лица;Синий;;Неисправность двигателя
930001662.0;1.0;Осталось на месте ДТП;С передним приводом;Минивэны и универсалы повышенной вместимости;2011.0;TOYOTA Isis;Физические лица;Коричневый;;Технические неисправности отсутствуют
930001663.0;1.0;Осталось на месте ДТП;С передним приводом;Минивэны и универсалы повышенной вместимости;2010.0;TOYOTA Corolla;Физические лица;Серый;;Технические неисправности отсутствуют
930001663.0;2.0;Осталось на месте ДТП;С передним приводом;С-класс (малый средний, компактный) до 4,3 м;1992.0;TOYOTA Sprinter;Физические лица;Черный;;Технические неисправности отсутствуют
930001663.0;3.0;Осталось на месте ДТП;С передним приводом;Минивэны и универсалы повышенной вместимости;2011.0;TOYOTA Wish;Физические лица;Черный;;Технические неисправности отсутствуют
930001637.0;1.0;Осталось на месте ДТП;С передним приводом;D-класс (средний) до 4,6 м;2007.0;ВАЗ ВАЗ 2112 и модификации;Физические лица;Синий;;Технические неисправности отсутствуют
930001637.0;2.0;Осталось на месте ДТП;С передним приводом;D-класс (средний) до 4,6 м;2012.0;CHEVROLET Прочие модели Chevrolet;Физические лица;Черный;;Технические неисправности отсутствуют
930001628.0;1.0;Осталось на месте ДТП;Полноприводные;Фургоны;2022.0;ГАЗ Прочие модели ГАЗ;Юридические лица, являющиеся некоммерческими организациями;Зеленый;;Технические неисправности отсутствуют
930001628.0;2.0;Осталось на месте ДТП;Полноприводные;Минивэны и универсалы повышенной вместимости;2011.0;HONDA Stepwgn;Физические лица;Черный;;Технические неисправности отсутствуют
930001624.0;1.0;Осталось на месте ДТП;С передним приводом;С-класс (малый средний, компактный) до 4,3 м;2003.0;TOYOTA Vitz;Физические лица;Белый;;Технические неисправности отсутствуют
930001621.0;1.0;Осталось на месте ДТП;Иное расположение рулевого управления;Мотоциклы;2020.0;SUZUKI Прочие модели Suzuki;Физические лица;Белый;;Технические неисправности отсутствуют
930001627.0;1.0;Скрылось с места ДТП;;С-класс (малый средний, компактный) до 4,3 м;; ;;;;Технические неисправности отсутствуют
930001616.0;1.0;Осталось на месте ДТП;С передним приводом;D-класс (средний) до 4,6 м;1993.0;TOYOTA Carina;Физические лица;Серый;;Технические неисправности отсутствуют
930001607.0;1.0;Осталось на месте ДТП;С передним приводом;D-класс (средний) до 4,6 м;2012.0;TOYOTA Camry;Физические лица;Черный;;Технические неисправности отсутствуют
930001606.0;1.0;Осталось на месте ДТП;Полноприводные;Прочие легковые автомобили;2005.0;TOYOTA Estima;Физические лица;Серый;;Технические неисправности отсутствуют
930001606.0;2.0;Осталось на месте ДТП;Иное расположение рулевого управления;Велосипеды;2019.0; ;Физические лица;Черный;;Технические неисправности отсутствуют
930001609.0;1.0;Осталось на месте ДТП;С передним приводом;D-класс (средний) до 4,6 м;2004.0;TOYOTA Corolla;Физические лица;Белый;;Технические неисправности отсутствуют
930001599.0;1.0;Осталось на месте ДТП;С передним приводом;D-класс (средний) до 4,6 м;2006.0;TOYOTA Corolla;Физические лица;Синий;;Технические неисправности отсутствуют
930001598.0;1.0;Осталось на месте ДТП;Полноприводные;Минивэны и универсалы повышенной вместимости;2007.0;Прочие марки ТС Прочие марки и модели ТС;Физические лица;Черный;;Технические неисправности отсутствуют
930001588.0;1.0;Осталось на месте ДТП;С передним приводом;Минивэны и универсалы повышенной вместимости;1998.0;TOYOTA Corolla;Физические лица;Белый;;Технические неисправности отсутствуют
930001580.0;1.0;Осталось на месте ДТП;С задним приводом;С-класс (малый средний, компактный) до 4,3 м;2004.0;MERCEDES Прочие модели Mercedes;Физические лица;Черный;;Технические неисправности отсутствуют
930001580.0;2.0;Осталось на месте ДТП;С передним приводом;Минивэны и универсалы повышенной вместимости;2000.0;TOYOTA Ipsum;Физические лица;Белый;;Технические неисправности отсутствуют
930002075.0;1.0;Осталось на месте ДТП;Полноприводные;Минивэны и универсалы повышенной вместимости;2020.0;УАЗ Прочие модели УАЗ;Юридические лица, являющиеся некоммерческими организациями;Зеленый;;Технические неисправности отсутствуют
930002058.0;1.0;Скрылось с места ДТП;;В-класс (малый) до 3,9 м;; ;;;;Технические неисправности отсутствуют
930002064.0;1.0;Осталось на месте ДТП;С передним приводом;D-класс (средний) до 4,6 м;1994.0;TOYOTA Camry;Физические лица;Коричневый;;Технические неисправности отсутствуют
930002051.0;1.0;Скрылось с места ДТП;;D-класс (средний) до 4,6 м;; ;;;;Технические неисправности отсутствуют
930002054.0;1.0;Осталось на месте ДТП;С задним приводом;Седельные тягачи;2019.0;VOLVO FH;Физические лица;Синий;;Технические неисправности отсутствуют
930002054.0;2.0;Осталось на месте ДТП;;Полуприцепы-цистерны;2020.0; ;Физические лица;Оранжевый;;Технические неисправности отсутствуют
930002040.0;1.0;Осталось на месте ДТП;Полноприводные;Минивэны и универсалы повышенной вместимости;2007.0;TOYOTA RAV 4;Физические лица;Серый;;Технические неисправности отсутствуют
930002041.0;1.0;Осталось на месте ДТП;С передним приводом;D-класс (средний) до 4,6 м;2011.0;TOYOTA Prius;Физические лица;Серый;;Технические неисправности отсутствуют
930002041.0;2.0;Осталось на месте ДТП;С передним приводом;С-класс (малый средний, компактный) до 4,3 м;2012.0;ВАЗ Priora;Физические лица;Белый;;Технические неисправности отсутствуют
930002026.0;1.0;Осталось на месте ДТП;С передним приводом;D-класс (средний) до 4,6 м;2001.0;TOYOTA Carina;Физические лица;Белый;;Технические неисправности отсутствуют
930002026.0;2.0;Осталось на месте ДТП;С передним приводом;Е-класс (высший средний, бизнес-класс) до 4,9 м;2008.0;HONDA Accord;Физические лица;Серый;;Технические неисправности отсутствуют
930002032.0;1.0;Осталось на месте ДТП;С передним приводом;С-класс (малый средний, компактный) до 4,3 м;1987.0;ВАЗ  Жигули  ВАЗ-2106 модификации;Физические лица;Коричневый;;Технические неисправности отсутствуют
930002027.0;1.0;Осталось на месте ДТП;С передним приводом;D-класс (средний) до 4,6 м;2004.0;TOYOTA Avensis;Физические лица;Серый;;Технические неисправности отсутствуют
930002029.0;1.0;Осталось на месте ДТП;С задним приводом;Рефрижераторы;1997.0;MITSUBISHI Прочие модели MITSUBISHI;Физические лица;Белый;;Технические неисправности отсутствуют
930002033.0;1.0;Осталось на месте ДТП;С задним приводом;Прочие легковые автомобили;2010.0;MITSUBISHI Outlander;Физические лица;Белый;;Технические неисправности отсутствуют
930002033.0;2.0;Осталось на месте ДТП;С задним приводом;Минивэны и универсалы повышенной вместимости;1994.0;TOYOTA Ipsum;Физические лица;Белый;;Технические неисправности отсутствуют
930002019.0;1.0;Осталось на месте ДТП;С передним приводом;D-класс (средний) до 4,6 м;2003.0;FORD Focus;Физические лица;Серый;;Технические неисправности отсутствуют
930002019.0;2.0;Осталось на месте ДТП;С передним приводом;С-класс (малый средний, компактный) до 4,3 м;2004.0;ВАЗ ВАЗ 2110, 21101, 21102, 21103, 21108;Физические лица;Не заполнено;;Технические неисправности отсутствуют
930002018.0;1.0;Осталось на месте ДТП;С передним приводом;D-класс (средний) до 4,6 м;2009.0;TOYOTA Premio;Физические лица;Белый;;Технические неисправности отсутствуют
930002007.0;1.0;Осталось на месте ДТП;С передним приводом;D-класс (средний) до 4,6 м;2010.0;ВАЗ Priora;Физические лица;Черный;;Технические неисправности отсутствуют
930002015.0;1.0;Осталось на месте ДТП;С задним приводом;D-класс (средний) до 4,6 м;2004.0;MERCEDES CLK;Физические лица;Серый;;Технические неисправности отсутствуют
930002015.0;2.0;Осталось на месте ДТП;С задним приводом;Автоцементовозы;2022.0;КАМАЗ Прочие модели КАМАЗ;Юридические лица, являющиеся коммерческими организациями;Белый;;Технические неисправности отсутствуют
930001987.0;1.0;Осталось на месте ДТП;С передним приводом;D-класс (средний) до 4,6 м;2001.0;NISSAN Avenir;Физические лица;Серый;;Технические неисправности отсутствуют
930001983.0;1.0;Осталось на месте ДТП;С передним приводом;D-класс (средний) до 4,6 м;2003.0;TOYOTA Camry;Физические лица;Серый;;Технические неисправности отсутствуют
930001981.0;1.0;Осталось на месте ДТП;С передним приводом;D-класс (средний) до 4,6 м;2006.0;TOYOTA Corolla;Физические лица;Белый;;Технические неисправности отсутствуют
930001970.0;1.0;Осталось на месте ДТП;С передним приводом;D-класс (средний) до 4,6 м;2008.0;TOYOTA Corolla;Физические лица;Белый;;Технические неисправности отсутствуют
930001970.0;2.0;Осталось на месте ДТП;С передним приводом;Минивэны и универсалы повышенной вместимости;2008.0;TOYOTA RAV 4;Физические лица;Зеленый;;Технические неисправности отсутствуют
930001974.0;1.0;Осталось на месте ДТП;Полноприводные;Минивэны и универсалы повышенной вместимости;2008.0;MAZDA CX-7;Физические лица;Красный;;Технические неисправности отсутствуют
930001954.0;1.0;Осталось на месте ДТП;С передним приводом;D-класс (средний) до 4,6 м;2001.0;TOYOTA Kluger;Физические лица;Серый;;Технические неисправности отсутствуют
930001954.0;2.0;Осталось на месте ДТП;С задним приводом;С-класс (малый средний, компактный) до 4,3 м;2010.0;ВАЗ  Жигули  ВАЗ-2107 модификации;Физические лица;Зеленый;;Технические неисправности отсутствуют
930001961.0;1.0;Осталось на месте ДТП;С передним приводом;Минивэны и универсалы повышенной вместимости;2001.0;TOYOTA Corolla;Физические лица;Белый;;Технические неисправности отсутствуют
930001951.0;1.0;Осталось на месте ДТП;С передним приводом;Минивэны и универсалы повышенной вместимости;1988.0;TOYOTA Ipsum;Физические лица;Белый;;Технические неисправности отсутствуют
930001951.0;2.0;Осталось на месте ДТП;С задним приводом;Прочие легковые автомобили;2007.0;ГАЗ 3302, 33027 и модификации;Физические лица;Белый;;Технические неисправности отсутствуют
930001944.0;1.0;Осталось на месте ДТП;С передним приводом;С-класс (малый средний, компактный) до 4,3 м;2008.0;ВАЗ ВАЗ 2111, 21110 (универсал), 21113, 21114;Физические лица;Черный;;Технические неисправности отсутствуют
930001944.0;2.0;Осталось на месте ДТП;С передним приводом;D-класс (средний) до 4,6 м;2012.0;HYUNDAI Solaris;Физические лица;Серый;;Технические неисправности отсутствуют
930002251.0;1.0;Осталось на месте ДТП;С передним приводом;Прочие легковые автомобили;2002.0;SUZUKI Aerio;Физические лица;Черный;;Технические неисправности отсутствуют
930002251.0;2.0;Осталось на месте ДТП;С передним приводом;С-класс (малый средний, компактный) до 4,3 м;2000.0;ВАЗ  Жигули  ВАЗ-2108, 09 и модификации                       ;Физические лица;Красный;;Технические неисправности отсутствуют
930001926.0;1.0;Осталось на месте ДТП;С задним приводом;Прочие одноярусные;2020.0;ПАЗ 32053-20 (грузопассажирский);Юридические лица, являющиеся коммерческими организациями;Белый;;Технические неисправности отсутствуют
930001909.0;1.0;Осталось на месте ДТП;С передним приводом;D-класс (средний) до 4,6 м;2002.0;TOYOTA Avensis;Физические лица;Серый;;Технические неисправности отсутствуют
930001907.0;1.0;Осталось на месте ДТП;С передним приводом;Прочие легковые автомобили;2001.0;HONDA FIT;Физические лица;Серый;;Технические неисправности отсутствуют
930001910.0;1.0;Осталось на месте ДТП;Полноприводные;Минивэны и универсалы повышенной вместимости;2018.0;LEXUS LX;Юридические лица, являющиеся некоммерческими организациями;Серый;;Технические неисправности отсутствуют
930001904.0;1.0;Осталось на месте ДТП;С передним приводом;D-класс (средний) до 4,6 м;2003.0;TOYOTA Allion;Физические лица;Серый;;Технические неисправности отсутствуют
930001902.0;1.0;Осталось на месте ДТП;Полноприводные;Минивэны и универсалы повышенной вместимости;2010.0;TOYOTA Land Cruiser;Физические лица;Белый;;Технические неисправности отсутствуют
930001892.0;1.0;Осталось на месте ДТП;Полноприводные;Минивэны и универсалы повышенной вместимости;2012.0;NISSAN Qashgai;Физические лица;Серый;;Технические неисправности отсутствуют
930001892.0;2.0;Осталось на месте ДТП;Иное расположение рулевого управления;Велосипеды;2002.0; ;Физические лица;Черный;;Технические неисправности отсутствуют
930001896.0;1.0;Осталось на месте ДТП;С передним приводом;С-класс (малый средний, компактный) до 4,3 м;1990.0;TOYOTA Carina;Физические лица;Синий;;Технические неисправности отсутствуют
930001899.0;1.0;Осталось на месте ДТП;С передним приводом;С-класс (малый средний, компактный) до 4,3 м;2004.0;ВАЗ ВАЗ 2110, 21101, 21102, 21103, 21108;Физические лица;Серый;;Технические неисправности отсутствуют
930001898.0;1.0;Скрылось и установлено в срок до 1 суток;Иное расположение рулевого управления;Мотоциклы;2020.0;DAEWOO Racer;Физические лица;Черный;;Технические неисправности отсутствуют
930001882.0;1.0;Осталось на месте ДТП;Полноприводные;Минивэны и универсалы повышенной вместимости;2012.0;HYUNDAI ix35;Физические лица;Черный;;Технические неисправности отсутствуют
930001882.0;2.0;Осталось на месте ДТП;С передним приводом;С-класс (малый средний, компактный) до 4,3 м;2014.0;ВАЗ Priora;Физические лица;Красный;;Технические неисправности отсутствуют
930001885.0;1.0;Осталось на месте ДТП;С передним приводом;С-класс (малый средний, компактный) до 4,3 м;2022.0;ВАЗ Прочие модели ВАЗ;Физические лица;Черный;;Технические неисправности отсутствуют
930001881.0;1.0;Скрылось и установлено в срок до 1 суток;С передним приводом;D-класс (средний) до 4,6 м;1996.0;TOYOTA Carina;Физические лица;Зеленый;;Технические неисправности отсутствуют
930001866.0;1.0;Осталось на месте ДТП;С задним приводом;С-класс (малый средний, компактный) до 4,3 м;1983.0;Прочие марки ТС Прочие марки и модели ТС;Физические лица;Желтый;;Технические неисправности отсутствуют
930001870.0;1.0;Осталось на месте ДТП;С передним приводом;С-класс (малый средний, компактный) до 4,3 м;1998.0;ВАЗ  Жигули  ВАЗ-2108, 09 и модификации                       ;Физические лица;Серый;;Технические неисправности отсутствуют
930001854.0;1.0;Осталось на месте ДТП;С задним приводом;D-класс (средний) до 4,6 м;2005.0;ВАЗ  Жигули  ВАЗ-2107 модификации;Физические лица;Белый;;Технические неисправности отсутствуют
930001846.0;1.0;Осталось на месте ДТП;С передним приводом;С-класс (малый средний, компактный) до 4,3 м;2008.0;HONDA Accord;Физические лица;Белый;;Технические неисправности отсутствуют
930001850.0;1.0;Осталось на месте ДТП;С передним приводом;С-класс (малый средний, компактный) до 4,3 м;1989.0;Прочие марки ТС Прочие марки и модели ТС;Физические лица;Зеленый;;Технические неисправности отсутствуют
930001848.0;1.0;Осталось на месте ДТП;С передним приводом;С-класс (малый средний, компактный) до 4,3 м;2016.0;TOYOTA Прочие модели Toyota;Физические лица;Серый;;Технические неисправности отсутствуют
930001848.0;2.0;Осталось на месте ДТП;Полноприводные;D-класс (средний) до 4,6 м;2012.0;CHEVROLET Прочие модели Chevrolet;Физические лица;Серый;;Технические неисправности отсутствуют
930001848.0;3.0;Осталось на месте ДТП;С передним приводом;С-класс (малый средний, компактный) до 4,3 м;2013.0;ВАЗ Granta (Гранта);Физические лица;Черный;;Технические неисправности отсутствуют
930001844.0;1.0;Осталось на месте ДТП;С передним приводом;С-класс (малый средний, компактный) до 4,3 м;2007.0;ВАЗ ВАЗ 2115 и модификации;Физические лица;Черный;;Шины по размеру или допустимой нагрузке не соответствуют модели ТС
930001836.0;1.0;Осталось на месте ДТП;С задним приводом;D-класс (средний) до 4,6 м;2007.0;Прочие марки ТС Прочие марки и модели ТС;Физические лица;Черный;;Технические неисправности отсутствуют
930001836.0;2.0;Осталось на месте ДТП;С передним приводом;С-класс (малый средний, компактный) до 4,3 м;2020.0;ВАЗ Granta (Гранта);Юридические лица, являющиеся некоммерческими организациями;Белый;;Технические неисправности отсутствуют
930001843.0;1.0;Осталось на месте ДТП;С передним приводом;Е-класс (высший средний, бизнес-класс) до 4,9 м;2016.0;ВАЗ XRay;Физические лица;Красный;;Технические неисправности отсутствуют
930001843.0;2.0;Осталось на месте ДТП;С передним приводом;D-класс (средний) до 4,6 м;2009.0;ВАЗ Priora;Физические лица;Серый;;Технические неисправности отсутствуют
930001840.0;1.0;Осталось на месте ДТП;С передним приводом;Минивэны и универсалы повышенной вместимости;1998.0;TOYOTA Ipsum;Физические лица;Зеленый;;Технические неисправности отсутствуют
930001834.0;1.0;Скрылось с места ДТП;С задним приводом;D-класс (средний) до 4,6 м;2000.0;TOYOTA Camry;Физические лица;Белый;;Технические неисправности отсутствуют
930001834.0;2.0;Осталось на месте ДТП;С передним приводом;Минивэны и универсалы повышенной вместимости;2011.0;CITROEN Picasso;Физические лица;Серый;;Технические неисправности отсутствуют
930001834.0;3.0;Осталось на месте ДТП;С передним приводом;Минивэны и универсалы повышенной вместимости;1996.0;TOYOTA Picnic;Физические лица;Синий;;Технические неисправности отсутствуют
930001834.0;4.0;Осталось на месте ДТП;С передним приводом;D-класс (средний) до 4,6 м;2002.0;ВАЗ ВАЗ 2110, 21101, 21102, 21103, 21108;Физические лица;Белый;;Технические неисправности отсутствуют
930001824.0;1.0;Осталось на месте ДТП;Полноприводные;D-класс (средний) до 4,6 м;2009.0;TOYOTA Land Cruiser;Физические лица;Серый;;Технические неисправности отсутствуют
930001829.0;1.0;Осталось на месте ДТП;С передним приводом;В-класс (малый) до 3,9 м;2002.0;TOYOTA Прочие модели грузовых Toyota;Физические лица;Белый;;Технические неисправности отсутствуют
930001829.0;2.0;Осталось на месте ДТП;С передним приводом;В-класс (малый) до 3,9 м;1993.0;TOYOTA Camry;Физические лица;Серый;;Технические неисправности отсутствуют
930002293.0;1.0;Осталось на месте ДТП;С передним приводом;С-класс (малый средний, компактный) до 4,3 м;2010.0;ВАЗ Priora;Физические лица;Черный;;Технические неисправности отсутствуют
930002293.0;2.0;Осталось на месте ДТП;С передним приводом;D-класс (средний) до 4,6 м;2000.0;TOYOTA Corolla;Физические лица;Серый;;Технические неисправности отсутствуют
930002293.0;3.0;Осталось на месте ДТП;С передним приводом;С-класс (малый средний, компактный) до 4,3 м;2022.0;ВАЗ Granta (Гранта);Юридические лица, являющиеся некоммерческими организациями;Коричневый;;Технические неисправности отсутствуют
930002285.0;1.0;Осталось на месте ДТП;С задним приводом;Прочая спецтехника;2020.0;SHACMAN Прочие модели SHACMAN;Физические лица;Желтый;;Технические неисправности отсутствуют
930002281.0;1.0;Осталось на месте ДТП;С передним приводом;С-класс (малый средний, компактный) до 4,3 м;2013.0;ВАЗ Granta (Гранта);Физические лица;Серый;;Технические неисправности отсутствуют
930002271.0;1.0;Осталось на месте ДТП;С передним приводом;D-класс (средний) до 4,6 м;1987.0;TOYOTA Carina;Физические лица;Серый;;Технические неисправности отсутствуют
930002271.0;2.0;Осталось на месте ДТП;С передним приводом;D-класс (средний) до 4,6 м;1997.0;TOYOTA Premio;Физические лица;Белый;;Технические неисправности отсутствуют
930002276.0;1.0;Осталось на месте ДТП;С передним приводом;Прочие легковые автомобили;2008.0;ВАЗ Kalina;Физические лица;Серый;;Технические неисправности отсутствуют
930002276.0;2.0;Осталось на месте ДТП;С передним приводом;С-класс (малый средний, компактный) до 4,3 м;2006.0;ВАЗ ВАЗ 2110, 21101, 21102, 21103, 21108;Физические лица;Зеленый;;Технические неисправности отсутствуют
930002274.0;1.0;Осталось на месте ДТП;С передним приводом;D-класс (средний) до 4,6 м;2017.0;VOLKSWAGEN Polo;Физические лица;Белый;;Технические неисправности отсутствуют
930002257.0;1.0;Осталось на месте ДТП;С передним приводом;С-класс (малый средний, компактный) до 4,3 м;2011.0;ВАЗ Priora;Физические лица;Серый;;Шины по размеру или допустимой нагрузке не соответствуют модели ТС
930002259.0;1.0;Осталось на месте ДТП;С передним приводом;D-класс (средний) до 4,6 м;2013.0;AUDI А3;Физические лица;Черный;;Технические неисправности отсутствуют
930002260.0;1.0;Осталось на месте ДТП;С передним приводом;Минивэны и универсалы повышенной вместимости;2018.0;TOYOTA Noah;Физические лица;Серый;;Технические неисправности отсутствуют
930002244.0;1.0;Осталось на месте ДТП;С передним приводом;С-класс (малый средний, компактный) до 4,3 м;2011.0;ВАЗ Priora;Физические лица;Белый;;Технические неисправности отсутствуют
930002235.0;1.0;Осталось на месте ДТП;С задним приводом;Фургоны;2019.0;ISUZU Прочие модели Isuzu;Юридические лица, являющиеся коммерческими организациями;Белый;;Технические неисправности отсутствуют
930002235.0;2.0;Осталось на месте ДТП;С задним приводом;Е-класс (высший средний, бизнес-класс) до 4,9 м;1993.0;TOYOTA Mark II;Физические лица;Синий;;Технические неисправности отсутствуют
930002221.0;1.0;Осталось на месте ДТП;Полноприводные;Минивэны и универсалы повышенной вместимости;2002.0;TOYOTA Corolla;Физические лица;Белый;;Технические неисправности отсутствуют
930002226.0;1.0;Осталось на месте ДТП;С задним приводом;D-класс (средний) до 4,6 м;2007.0;ГАЗ ГАЗ 3102, 3102-101, 3102-311;Юридические лица, являющиеся некоммерческими организациями;Черный;;Технические неисправности отсутствуют
930002226.0;2.0;Осталось на месте ДТП;С передним приводом;С-класс (малый средний, компактный) до 4,3 м;2014.0;ВАЗ Priora;Физические лица;Белый;;Технические неисправности отсутствуют
930002207.0;1.0;Скрылось с места ДТП;;D-класс (средний) до 4,6 м;; ;;;;Технические неисправности отсутствуют
930002200.0;1.0;Осталось на месте ДТП;С передним приводом;С-класс (малый средний, компактный) до 4,3 м;2006.0;ВАЗ ВАЗ 2110, 21101, 21102, 21103, 21108;Физические лица;Серый;;Технические неисправности отсутствуют
930002199.0;1.0;Осталось на месте ДТП;С задним приводом;D-класс (средний) до 4,6 м;2000.0;VOLVO S80;Физические лица;Синий;;Технические неисправности отсутствуют
930002183.0;1.0;Осталось на месте ДТП;Полноприводные;Прочие легковые автомобили;1996.0;MITSUBISHI Delica;Физические лица;Белый;;Технические неисправности отсутствуют
930002183.0;2.0;Осталось на месте ДТП;С передним приводом;D-класс (средний) до 4,6 м;2000.0;TOYOTA Corolla;Физические лица;Белый;;Технические неисправности отсутствуют
930002183.0;3.0;Осталось на месте ДТП;С задним приводом;Прочие легковые автомобили;2015.0;TOYOTA Hiace;Физические лица;Серый;;Технические неисправности отсутствуют
930002183.0;4.0;Осталось на месте ДТП;С передним приводом;D-класс (средний) до 4,6 м;2012.0;DAEWOO Nexia;Физические лица;Черный;;Технические неисправности отсутствуют
930002181.0;1.0;Осталось на месте ДТП;С передним приводом;D-класс (средний) до 4,6 м;2017.0;LIFAN Solano;Физические лица;Белый;;Технические неисправности отсутствуют
930002174.0;1.0;Осталось на месте ДТП;С передним приводом;Минивэны и универсалы повышенной вместимости;2009.0;HONDA Прочие модели Honda;Физические лица;Серый;;Технические неисправности отсутствуют
930002174.0;2.0;Осталось на месте ДТП;С передним приводом;Минивэны и универсалы повышенной вместимости;1998.0;TOYOTA Caldina;Физические лица;Серый;;Технические неисправности отсутствуют
930002162.0;1.0;Осталось на месте ДТП;С передним приводом;D-класс (средний) до 4,6 м;2018.0;VOLKSWAGEN Polo;Физические лица;Белый;;Технические неисправности отсутствуют
930002162.0;2.0;Осталось на месте ДТП;С задним приводом;D-класс (средний) до 4,6 м;2002.0;TOYOTA Mark II;Физические лица;Синий;;Технические неисправности отсутствуют
930002159.0;1.0;Осталось на месте ДТП;С передним приводом;D-класс (средний) до 4,6 м;2008.0;TOYOTA Corolla;Физические лица;Серый;;Технические неисправности отсутствуют
930002159.0;2.0;Осталось на месте ДТП;Полноприводные;Прочие грузовые автомобили;2022.0;SHAANXI Прочие модели Shaanxi;Юридические лица, являющиеся коммерческими организациями;Белый;;Технические неисправности отсутствуют
930002159.0;3.0;Осталось на месте ДТП;;Полуприцепы-самосвалы;2019.0; ;Юридические лица, являющиеся коммерческими организациями;Серый;;Технические неисправности отсутствуют
930002158.0;1.0;Осталось на месте ДТП;С передним приводом;D-класс (средний) до 4,6 м;2013.0;RENAULT Logan;Физические лица;Черный;;Технические неисправности отсутствуют
930002144.0;1.0;Осталось на месте ДТП;С передним приводом;С-класс (малый средний, компактный) до 4,3 м;2000.0;ВАЗ  Жигули  ВАЗ-2108, 09 и модификации                       ;Физические лица;Черный;;Технические неисправности отсутствуют
930002139.0;1.0;Осталось на месте ДТП;С передним приводом;Минивэны и универсалы повышенной вместимости;2002.0;MAZDA Familia;Физические лица;Серый;;Технические неисправности отсутствуют
930002141.0;1.0;Осталось на месте ДТП;Полноприводные;С-класс (малый средний, компактный) до 4,3 м;2014.0;ВАЗ  Нива  ВАЗ-2121 и модификации;Физические лица;Серый;;Технические неисправности отсутствуют
930002141.0;2.0;Осталось на месте ДТП;С передним приводом;D-класс (средний) до 4,6 м;2003.0;TOYOTA Прочие модели Toyota;Физические лица;Белый;;Технические неисправности отсутствуют
930002142.0;1.0;Осталось на месте ДТП;С задним приводом;D-класс (средний) до 4,6 м;2005.0;FORD Focus;Физические лица;Черный;;Технические неисправности отсутствуют
930002140.0;1.0;Осталось на месте ДТП;С передним приводом;А-класс (особо малый) до 3,5 м;2004.0;ВАЗ  Ока  ВАЗ-1111 и модификации;Физические лица;Белый;;Технические неисправности отсутствуют
930002140.0;2.0;Осталось на месте ДТП;С задним приводом;D-класс (средний) до 4,6 м;2001.0;TOYOTA Altezza;Физические лица;Серый;;Технические неисправности отсутствуют
930002135.0;1.0;Осталось на месте ДТП;С передним приводом;Минивэны и универсалы повышенной вместимости;1990.0;TOYOTA Ipsum;Физические лица;Серый;;Технические неисправности отсутствуют
930002124.0;1.0;Осталось на месте ДТП;С передним приводом;D-класс (средний) до 4,6 м;2014.0;RENAULT Logan;Физические лица;Серый;;Технические неисправности отсутствуют
930002116.0;1.0;Осталось на месте ДТП;С передним приводом;D-класс (средний) до 4,6 м;1984.0;TOYOTA Vista;Физические лица;Серый;;Технические неисправности отсутствуют
930002106.0;1.0;Осталось на месте ДТП;С передним приводом;С-класс (малый средний, компактный) до 4,3 м;1994.0;TOYOTA Camry;Физические лица;Серый;;Технические неисправности отсутствуют
930002106.0;2.0;Осталось на месте ДТП;С передним приводом;С-класс (малый средний, компактный) до 4,3 м;2003.0;MAZDA Atenza;Физические лица;Белый;;Технические неисправности отсутствуют
930002101.0;1.0;Осталось на месте ДТП;С передним приводом;D-класс (средний) до 4,6 м;2004.0;FORD Focus;Физические лица;Черный;;Технические неисправности отсутствуют
930002097.0;1.0;Осталось на месте ДТП;Полноприводные;С-класс (малый средний, компактный) до 4,3 м;2014.0;ВАЗ  Нива  ВАЗ-2121 и модификации;Физические лица;Белый;;Технические неисправности отсутствуют
930002097.0;2.0;Осталось на месте ДТП;С задним приводом;Самосвалы;2022.0;SHAANXI Прочие модели Shaanxi;Физические лица;Белый;;Технические неисправности отсутствуют
930002093.0;1.0;Осталось на месте ДТП;С передним приводом;С-класс (малый средний, компактный) до 4,3 м;2004.0;ВАЗ ВАЗ 2115 и модификации;Физические лица;Черный;;Технические неисправности отсутствуют
930002093.0;2.0;Осталось на месте ДТП;С передним приводом;Минивэны и универсалы повышенной вместимости;2005.0;TOYOTA Wish;Физические лица;Белый;;Технические неисправности отсутствуют
930002559.0;1.0;Осталось на месте ДТП;С передним приводом;D-класс (средний) до 4,6 м;1998.0;HONDA Torneo;Физические лица;Серый;;Технические неисправности отсутствуют
930002550.0;1.0;Осталось на месте ДТП;С задним приводом;С-класс (малый средний, компактный) до 4,3 м;2011.0;ВАЗ  Жигули  ВАЗ-2107 модификации;Физические лица;Синий;;Технические неисправности отсутствуют
930002525.0;1.0;Осталось на месте ДТП;С передним приводом;Минивэны и универсалы повышенной вместимости;2003.0;TOYOTA Wish;Физические лица;Серый;;Технические неисправности отсутствуют
930002503.0;1.0;Осталось на месте ДТП;С передним приводом;С-класс (малый средний, компактный) до 4,3 м;2003.0;ВАЗ ВАЗ 2110, 21101, 21102, 21103, 21108;Физические лица;Серый;;Технические неисправности отсутствуют
930002497.0;3.0;Осталось на месте ДТП;;Прицепы общего назначения к грузовым автомобилям;1990.0; ;Физические лица;Красный;;Технические неисправности отсутствуют
930002497.0;1.0;Осталось на месте ДТП;С передним приводом;Минивэны и универсалы повышенной вместимости;2014.0;TOYOTA Прочие модели Toyota;Физические лица;Белый;;Технические неисправности отсутствуют
930002497.0;2.0;Осталось на месте ДТП;С задним приводом;Седельные тягачи;1997.0;КАМАЗ 5321;Физические лица;Зеленый;;Технические неисправности отсутствуют
930002488.0;1.0;Осталось на месте ДТП;С передним приводом;С-класс (малый средний, компактный) до 4,3 м;2006.0;RENAULT Logan;Физические лица;Серый;;Технические неисправности отсутствуют
930002478.0;1.0;Осталось на месте ДТП;С задним приводом;Школьные автобусы;2022.0;ГАЗ Next;Хозяйствующие субъекты без прав юридического лица;Желтый;;Технические неисправности отсутствуют
930002478.0;2.0;Осталось на месте ДТП;С передним приводом;С-класс (малый средний, компактный) до 4,3 м;2008.0;ВАЗ ВАЗ 2115 и модификации;Физические лица;Красный;;Технические неисправности отсутствуют
930002467.0;1.0;Осталось на месте ДТП;Полноприводные;Прочие легковые автомобили;2014.0;УАЗ УАЗ 33094;Физические лица;Серый;;Технические неисправности отсутствуют
930002436.0;1.0;Осталось на месте ДТП;С передним приводом;С-класс (малый средний, компактный) до 4,3 м;2020.0;ВАЗ Granta (Гранта);Физические лица;Красный;;Технические неисправности отсутствуют
930002416.0;1.0;Осталось на месте ДТП;С передним приводом;D-класс (средний) до 4,6 м;2003.0;TOYOTA Avensis;Физические лица;Синий;;Технические неисправности отсутствуют
930002416.0;2.0;Осталось на месте ДТП;С передним приводом;Минивэны и универсалы повышенной вместимости;2003.0;TOYOTA Wish;Физические лица;Синий;;Технические неисправности отсутствуют
930002414.0;1.0;Осталось на месте ДТП;Полноприводные;Прочие легковые автомобили;2021.0;ГАЗ 2217, 22171, 22177  Соболь  и модификации;Физические лица;Белый;;Технические неисправности отсутствуют
930002414.0;2.0;Осталось на месте ДТП;С задним приводом;Прочая спецтехника;2021.0;SCANIA Прочие модели Scania;Юридические лица, являющиеся коммерческими организациями;Белый;;Технические неисправности отсутствуют
930002414.0;3.0;Осталось на месте ДТП;С задним приводом;Прочая спецтехника;2021.0;SCANIA Прочие модели Scania;Юридические лица, являющиеся коммерческими организациями;Белый;;Технические неисправности отсутствуют
930002402.0;1.0;Осталось на месте ДТП;С передним приводом;Минивэны и универсалы повышенной вместимости;2000.0;TOYOTA Ipsum;Физические лица;Белый;;Технические неисправности отсутствуют
930002372.0;1.0;Осталось на месте ДТП;Полноприводные;Прочие легковые автомобили;2005.0;LEXUS Прочие модели Lexus;Физические лица;Синий;;Технические неисправности отсутствуют
930002372.0;2.0;Осталось на месте ДТП;С задним приводом;Минивэны и универсалы повышенной вместимости;2004.0;TOYOTA Hiace;Юридические лица, являющиеся некоммерческими организациями;Серый;;Технические неисправности отсутствуют
930002377.0;2.0;Осталось на месте ДТП;С передним приводом;С-класс (малый средний, компактный) до 4,3 м;2009.0;HONDA FIT;Физические лица;Белый;;Технические неисправности отсутствуют
930002377.0;1.0;Осталось на месте ДТП;С передним приводом;С-класс (малый средний, компактный) до 4,3 м;2013.0;ВАЗ Priora;Физические лица;Серый;;Технические неисправности отсутствуют
930002377.0;3.0;Осталось на месте ДТП;С передним приводом;D-класс (средний) до 4,6 м;2005.0;TOYOTA Avensis;Физические лица;Зеленый;;Технические неисправности отсутствуют
930002370.0;1.0;Осталось на месте ДТП;С передним приводом;Минивэны и универсалы повышенной вместимости;2016.0;ВАЗ Largus (Ларгус);Физические лица;Серый;;Технические неисправности отсутствуют
930002370.0;2.0;Осталось на месте ДТП;С передним приводом;Минивэны и универсалы повышенной вместимости;2011.0;TOYOTA Land Cruiser;Физические лица;Черный;;Технические неисправности отсутствуют
930002378.0;1.0;Осталось на месте ДТП;С передним приводом;С-класс (малый средний, компактный) до 4,3 м;2007.0;ВАЗ ВАЗ 2114 и модификации;Физические лица;Серый;;Технические неисправности отсутствуют
930002364.0;1.0;Осталось на месте ДТП;С передним приводом;D-класс (средний) до 4,6 м;1997.0;TOYOTA Carina;Физические лица;Серый;;Технические неисправности отсутствуют
930002364.0;2.0;Осталось на месте ДТП;С передним приводом;D-класс (средний) до 4,6 м;1987.0;TOYOTA Vista;Физические лица;Серый;;Технические неисправности отсутствуют
930002368.0;1.0;Осталось на месте ДТП;С передним приводом;D-класс (средний) до 4,6 м;2010.0;TOYOTA Allion;Физические лица;Белый;;Технические неисправности отсутствуют
930002356.0;1.0;Осталось на месте ДТП;С передним приводом;D-класс (средний) до 4,6 м;2005.0;TOYOTA Premio;Физические лица;Белый;;Технические неисправности отсутствуют
930002356.0;2.0;Осталось на месте ДТП;С передним приводом;D-класс (средний) до 4,6 м;2003.0;HONDA Inspire;Физические лица;Серый;;Технические неисправности отсутствуют
930002349.0;1.0;Осталось на месте ДТП;С передним приводом;С-класс (малый средний, компактный) до 4,3 м;2015.0;ВАЗ Priora;Физические лица;Белый;;Технические неисправности отсутствуют
930002349.0;2.0;Осталось на месте ДТП;С передним приводом;Минивэны и универсалы повышенной вместимости;2003.0;TOYOTA Corolla;Физические лица;Белый;;Технические неисправности отсутствуют
930002345.0;1.0;Осталось на месте ДТП;С передним приводом;С-класс (малый средний, компактный) до 4,3 м;2012.0;ВАЗ ВАЗ 2114 и модификации;Физические лица;Черный;;Технические неисправности отсутствуют
930002343.0;1.0;Осталось на месте ДТП;С передним приводом;С-класс (малый средний, компактный) до 4,3 м;2002.0;TOYOTA Corolla;Физические лица;Серый;;Технические неисправности отсутствуют
930002343.0;2.0;Осталось на месте ДТП;С передним приводом;D-класс (средний) до 4,6 м;2021.0;KIA Rio;Физические лица;Белый;;Технические неисправности отсутствуют
930002337.0;1.0;Скрылось и установлено в срок до 1 суток;С передним приводом;D-класс (средний) до 4,6 м;2002.0;TOYOTA Avensis;Физические лица;Серый;;Технические неисправности отсутствуют
930002315.0;1.0;Осталось на месте ДТП;С передним приводом;С-класс (малый средний, компактный) до 4,3 м;2003.0;TOYOTA Vitz;Физические лица;Серый;;Технические неисправности отсутствуют
930002320.0;1.0;Осталось на месте ДТП;С передним приводом;D-класс (средний) до 4,6 м;2002.0;TOYOTA Allion;Физические лица;Белый;;Технические неисправности отсутствуют
930002296.0;1.0;Осталось на месте ДТП;С передним приводом;Минивэны и универсалы повышенной вместимости;1999.0;TOYOTA Caldina;Физические лица;Серый;;Технические неисправности отсутствуют
930002296.0;2.0;Осталось на месте ДТП;С задним приводом;D-класс (средний) до 4,6 м;2000.0;HONDA Accord;Физические лица;Черный;;Технические неисправности отсутствуют
